security_id,symbol,name,exchange_segment,series,type
16921,20MICRONS,20 MICRONS LTD,NSE_EQ,EQ,ES
4,21STCENMGM,21ST CENTURY MGMT SERVICE,NSE_EQ,EQ,ES
13061,360ONE,360 ONE WAM LIMITED,NSE_EQ,EQ,ES
762518,3BBLACKBIO,3B BLACKBIO DX LTD.,NSE_EQ,EQ,ES
6240,3IINFOLTD,3I INFOTECH LIMITED,NSE_EQ,BE,ES
474,3MINDIA,3M INDIA LIMITED,NSE_EQ,EQ,ES
2595,3PLAND,3P LAND HOLDINGS LIMITED,NSE_EQ,EQ,ES
445,5PAISA,5PAISA CAPITAL LIMITED,NSE_EQ,EQ,ES
11868,63MOONS,63 MOONS TECHNOLOGIES LTD,NSE_EQ,EQ,ES
20906,A2ZINFRA,A2Z INFRA ENGINEERING LTD,NSE_EQ,EQ,ES
12533,AAATECH,AAA TECHNOLOGIES LIMITED,NSE_EQ,EQ,ES
23729,AADHARHFC,AADHAR HOUSING FINANCE L,NSE_EQ,EQ,ES
235,AAKASH,AAKASH EXPLORATION SER L,NSE_EQ,EQ,ES
5245,AAREYDRUGS,AAREY DRUGS & PHARM LTD,NSE_EQ,EQ,ES
761824,AARNAV,AARNAV FASHIONS LIMITED,NSE_EQ,BE,ES
1030,AARON,AARON INDUSTRIES LIMITED,NSE_EQ,EQ,ES
17164,AARTECH,AARTECH SOLONICS LIMITED,NSE_EQ,BE,ES
4481,AARTIDRUGS,AARTI DRUGS LTD.,NSE_EQ,EQ,ES
7,AARTIIND,AARTI INDUSTRIES LTD,NSE_EQ,EQ,ES
13868,AARTIPHARM,AARTI PHARMALABS LIMITED,NSE_EQ,EQ,ES
19263,AARTISURF,AARTI SURFACTANTS LIMITED,NSE_EQ,BE,ES
19073,AARVI,AARVI ENCON LIMITED,NSE_EQ,EQ,ES
763800,AASTHA,AASTHA SPINTEX LIMITED,NSE_EQ,EQ,ES
5385,AAVAS,AAVAS FINANCIERS LIMITED,NSE_EQ,EQ,ES
7759,ABAN,ABAN OFFSHORE LTD.,NSE_EQ,BE,ES
762523,ABANSENT,ABANS ENTERPRISES LTD.,NSE_EQ,EQ,ES
13,ABB,ABB INDIA LIMITED,NSE_EQ,EQ,ES
17903,ABBOTINDIA,ABBOTT INDIA LIMITED,NSE_EQ,EQ,ES
21614,ABCAPITAL,ADITYA BIRLA CAPITAL LTD.,NSE_EQ,EQ,ES
759130,ABCOTS,A B COTSPIN INDIA LIMITED,NSE_EQ,EQ,ES
24308,ABDL,ALLIED BLEND N DISTILS L,NSE_EQ,EQ,ES
30108,ABFRL,ADITYA BIRLA FASHION & RT,NSE_EQ,EQ,ES
27016,ABINFRA,A B INFRABUILD LIMITED,NSE_EQ,BE,ES
756843,ABLBL,ADITYA BIRLA LIFES BRAN L,NSE_EQ,EQ,ES
5551,ABMINTLLTD,ABM INTERNATIONAL LTD,NSE_EQ,BE,ES
762528,ABMKNO,A B M KNOWLEDGEWARE LTD.,NSE_EQ,EQ,ES
625,ABREL,ADITYA BIRLA REAL EST LTD,NSE_EQ,EQ,ES
6018,ABSLAMC,ADIT BIRL SUN LIF AMC LTD,NSE_EQ,EQ,ES
22,ACC,ACC LIMITED,NSE_EQ,EQ,ES
7053,ACCELYA,ACCELYA SOLN INDIA LTD,NSE_EQ,EQ,ES
1472,ACCURACY,ACCURACY SHIPPING LIMITED,NSE_EQ,BE,ES
13587,ACE,ACTION CONST EQUIP LTD,NSE_EQ,EQ,ES
11779,ACEINTEG,ACE INTEGRATED SOLU. LTD.,NSE_EQ,EQ,ES
764558,ACGL,AUTOMOBILE CORPN OF GOA L,NSE_EQ,EQ,ES
12024,ACI,ARCHEAN CHEMICAL IND LTD,NSE_EQ,EQ,ES
15420,ACL,ANDHRA CEMENTS LIMITED,NSE_EQ,EQ,ES
27061,ACMESOLAR,ACME SOLAR HOLDINGS LTD,NSE_EQ,EQ,ES
762533,ACSTECH,A C S TECHNOLOGIES LTD.,NSE_EQ,EQ,ES
5578,ACUTAAS,ACUTAAS CHEMICALS LIMITED,NSE_EQ,EQ,ES
10217,ADANIENSOL,ADANI ENERGY SOLUTION LTD,NSE_EQ,EQ,ES
25,ADANIENT,ADANI ENTERPRISES LIMITED,NSE_EQ,EQ,ES
3563,ADANIGREEN,ADANI GREEN ENERGY LTD,NSE_EQ,EQ,ES
15083,ADANIPORTS,ADANI PORT & SEZ LTD,NSE_EQ,EQ,ES
17388,ADANIPOWER,ADANI POWER LTD,NSE_EQ,EQ,ES
764563,ADDIND,ADDI INDUSTRIES LTD.,NSE_EQ,EQ,ES
19761,ADFFOODS,ADF FOODS LIMITED,NSE_EQ,EQ,ES
245,ADL,ARCHIDPLY DECOR LIMITED,NSE_EQ,EQ,ES
34,ADOR,ADOR WELDING LTD,NSE_EQ,EQ,ES
4953,ADROITINFO,ADROIT INFOTECH LIMITED,NSE_EQ,EQ,ES
14813,ADSL,ALLIED DIGITAL SERV. LTD,NSE_EQ,EQ,ES
760657,ADVAIT,ADVAIT ENRGY TRANSITION L,NSE_EQ,EQ,ES
759402,ADVANCE,ADVANCE AGROLIFE LIMITED,NSE_EQ,EQ,ES
14745,ADVANIHOTR,ADVANI HOT.& RES.(I) LTD,NSE_EQ,EQ,ES
759769,ADVENTHTL,ADVENT HOTELS INTERNATI L,NSE_EQ,EQ,ES
18039,ADVENZYMES,ADVANCED ENZYME TECH LTD,NSE_EQ,EQ,ES
765015,ADVIKCA,ADVIK CAPITAL LTD.,NSE_EQ,EQ,ES
40,AEGISLOG,AEGIS LOGISTICS LIMITED,NSE_EQ,EQ,ES
757336,AEGISVOPAK,AEGIS VOPAK TERMINALS LTD,NSE_EQ,EQ,ES
761330,AEPL,ARTEMIS ELECTRICALS & P L,NSE_EQ,EQ,ES
760234,AEQUS,AEQUS LIMITED,NSE_EQ,EQ,ES
12015,AEROENTER,AEROFLEX ENTERPRISES LTD,NSE_EQ,EQ,ES
18268,AEROFLEX,AEROFLEX INDUSTRIES LTD,NSE_EQ,EQ,ES
13689,AERONEU,AEROFLEX NEU LIMITED,NSE_EQ,EQ,ES
761670,AEROPLANE,AMIR CHAND JAG KUM (E) L,NSE_EQ,EQ,ES
9810,AETHER,AETHER INDUSTRIES LIMITED,NSE_EQ,EQ,ES
25977,AFCONS,AFCONS INFRASTRUCTURE LTD,NSE_EQ,EQ,ES
11343,AFFLE,AFFLE 3I LIMITED,NSE_EQ,EQ,ES
25857,AFFORDABLE,AFFORD ROBO & AUTO LTD,NSE_EQ,BE,ES
24159,AFIL,AKME FINTRADE (INDIA) LTD,NSE_EQ,EQ,ES
13288,AFSL,ABANS FINANCIAL SRVCS LTD,NSE_EQ,EQ,ES
3389,AGARIND,AGARWAL INDS CORP LTD.,NSE_EQ,EQ,ES
29452,AGARWALEYE,DR AGARWALS HEALTH CARE L,NSE_EQ,EQ,ES
1412,AGI,AGI GREENPAC LIMITED,NSE_EQ,EQ,ES
24445,AGIIL,AGI INFRA LIMITED,NSE_EQ,EQ,ES
763784,AGL,ALLCARGO GLOBAL LIMITED,NSE_EQ,EQ,ES
11072,AGRITECH,AGRI-TECH (INDIA) LIMITED,NSE_EQ,EQ,ES
9046,AGROPHOS,AGRO PHOS INDIA LIMITED,NSE_EQ,EQ,ES
758968,AHCL,ANLON HEALTHCARE LIMITED,NSE_EQ,EQ,ES
2004,AHLADA,AHLADA ENGINEERS LIMITED,NSE_EQ,EQ,ES
19438,AHLEAST,ASIAN HOTELS (EAST) LTD,NSE_EQ,EQ,ES
17833,AHLUCONT,AHLUWALIA CONT IND LTD,NSE_EQ,EQ,ES
19370,AHLWEST,ASIAN HOTELS (WEST) LTD,NSE_EQ,BE,ES
13086,AIAENG,AIA ENGINEERING LIMITED,NSE_EQ,EQ,ES
23553,AIIL,AUTHUM INVEST & INFRA LTD,NSE_EQ,EQ,ES
9897,AIRAN,AIRAN LIMITED,NSE_EQ,EQ,ES
6068,AIROLAM,AIRO LAM LIMITED,NSE_EQ,EQ,ES
8124,AJANTPHARM,AJANTA PHARMA LIMITED,NSE_EQ,EQ,ES
29624,AJAXENGG,AJAX ENGINEERING LIMITED,NSE_EQ,EQ,ES
17307,AJMERA,AJMERA REALTY & INF I LTD,NSE_EQ,EQ,ES
3403,AJOONI,AJOONI BIOTECH LIMITED,NSE_EQ,EQ,ES
13510,AKASH,AKASH INFRA-PROJECTS LTD,NSE_EQ,EQ,ES
762538,AKCAPIT,A K CAPITAL SERVICES LTD.,NSE_EQ,EQ,ES
2176,AKG,AKG EXIM LIMITED,NSE_EQ,EQ,ES
14890,AKI,AKI INDIA LIMITED,NSE_EQ,EQ,ES
9558,AKSHAR,AKSHAR SPINTEX LIMITED,NSE_EQ,EQ,ES
20194,AKSHARCHEM,AKSHARCHEM INDIA LIMITED,NSE_EQ,BE,ES
8595,AKSHOPTFBR,AKSH OPTIFIBRE  LTD,NSE_EQ,BE,ES
24715,AKUMS,AKUMS DRUGS AND PHARMA L,NSE_EQ,EQ,ES
9921,ALANKIT,ALANKIT LIMITED,NSE_EQ,EQ,ES
17256,ALBERTDAVD,ALBERT DAVID LIMITED,NSE_EQ,EQ,ES
79,ALEMBICLTD,ALEMBIC LIMITED,NSE_EQ,EQ,ES
764573,ALFREDHE,ALFRED HERBERT INDIA L,NSE_EQ,EQ,ES
761270,ALGOQUANT,ALGOQUANT FINTECH LIMITED,NSE_EQ,EQ,ES
13656,ALICON,ALICON CASTALLOY LIMITED,NSE_EQ,EQ,ES
5265,ALIVUS,ALIVUS LIFE SCIENCES LTD,NSE_EQ,EQ,ES
16963,ALKALI,ALKALI METALS LTD,NSE_EQ,BE,ES
11703,ALKEM,ALKEM LABORATORIES LTD.,NSE_EQ,EQ,ES
4487,ALKYLAMINE,ALKYL AMINES CHEM. LTD,NSE_EQ,EQ,ES
13501,ALLCARGO,ALLCARGO LOGISTICS LTD,NSE_EQ,EQ,ES
11798,ALLDIGI,ALLDIGI TECH LIMITED,NSE_EQ,EQ,ES
758448,ALLTIME,ALL TIME PLASTICS LIMITED,NSE_EQ,EQ,ES
16719,ALMONDZ,ALMONDZ GLOBAL SEC LTD,NSE_EQ,EQ,ES
17675,ALOKINDS,ALOK INDUSTRIES LIMITED,NSE_EQ,EQ,ES
14848,ALPA,ALPA LABORATORIES LTD,NSE_EQ,EQ,ES
14601,ALPHAGEO,ALPHAGEO (INDIA) LIMITED,NSE_EQ,BE,ES
764186,ALPINETEX,ALPINE TEXWORLD LIMITED,NSE_EQ,EQ,ES
764578,ALUFLUOR,ALUFLUORIDE LTD.,NSE_EQ,EQ,ES
760740,AMAGI,AMAGI MEDIA LABS LIMITED,NSE_EQ,EQ,ES
764583,AMAL,AMAL LTD.,NSE_EQ,EQ,ES
758910,AMANTA,AMANTA HEALTHCARE LIMITED,NSE_EQ,BE,ES
764588,AMARJOTHI,AMARJOTHI SPINNING MILL L,NSE_EQ,EQ,ES
762546,AMBALALSA,AMBALAL SARABHAI ENT L,NSE_EQ,BE,ES
1185,AMBER,AMBER ENTERPRISES (I) LTD,NSE_EQ,EQ,ES
11496,AMBICAAGAR,AMBICA AGAR & AROMAINDLTD,NSE_EQ,EQ,ES
15234,AMBIKCO,AMBIKA COTTON MILL LTD.,NSE_EQ,EQ,ES
1270,AMBUJACEM,AMBUJA CEMENTS LTD,NSE_EQ,EQ,ES
14398,AMDIND,AMD INDUSTRIES LIMITED,NSE_EQ,EQ,ES
2598,AMJLAND,AMJ LAND HOLDINGS LIMITED,NSE_EQ,EQ,ES
19867,AMNPLST,AMINES & PLASTICIZERS LTD,NSE_EQ,EQ,ES
17547,AMRUTANJAN,AMRUTAJAN HEALTH LTD,NSE_EQ,EQ,ES
7145,ANANDRATHI,ANAND RATHI WEALTH LTD,NSE_EQ,EQ,ES
13620,ANANTRAJ,ANANT RAJ LIMITED,NSE_EQ,EQ,ES
166,ANDHRAPAP,ANDHRA PAPER LIMITED,NSE_EQ,EQ,ES
136,ANDHRSUGAR,ANDHRA SUGARS LTD,NSE_EQ,EQ,ES
5206,ANDREWYU,ANDREW YULE & CO. LTD.,NSE_EQ,EQ,ES
324,ANGELONE,ANGEL ONE LIMITED,NSE_EQ,EQ,ES
16657,ANIKINDS,ANIK INDUSTRIES LTD,NSE_EQ,EQ,ES
3727,ANMOL,ANMOL INDIA LIMITED,NSE_EQ,EQ,ES
764471,ANNAPURNA,ANNAPURNA SWADISHT LTD,NSE_EQ,EQ,ES
765020,ANSALBU,ANSAL BUILDWELL LTD.,NSE_EQ,EQ,ES
13598,ANTELOPUS,ANTELOPUS SELAN ENRGY LTD,NSE_EQ,EQ,ES
5194,ANTGRAPHIC,ANTARCTICA LTD,NSE_EQ,EQ,ES
757885,ANTHEM,ANTHEM BIOSCIENCES LTD,NSE_EQ,EQ,ES
28314,ANUHPHR,ANUH PHARMA LIMITED,NSE_EQ,EQ,ES
9014,ANUP,THE ANUP ENGINEERING LTD,NSE_EQ,EQ,ES
2829,ANURAS,ANUPAM RASAYAN INDIA LTD,NSE_EQ,EQ,ES
11491,APARINDS,APAR INDUSTRIES LTD.,NSE_EQ,EQ,ES
20453,APCL,ANJANI PORTLAND CEM LTD,NSE_EQ,EQ,ES
154,APCOTEXIND,APCOTEX INDUSTRIES LIMITE,NSE_EQ,EQ,ES
21623,APEX,APEX FROZEN FOODS LIMITED,NSE_EQ,EQ,ES
25780,APLAPOLLO,APL APOLLO TUBES LTD,NSE_EQ,EQ,ES
25328,APLLTD,ALEMBIC PHARMA LTD,NSE_EQ,EQ,ES
1134,APOLLO,APOLLO MICRO SYSTEMS LTD,NSE_EQ,EQ,ES
157,APOLLOHOSP,APOLLO HOSPITALS ENTER. L,NSE_EQ,EQ,ES
14361,APOLLOPIPE,APOLLO PIPES LIMITED,NSE_EQ,EQ,ES
163,APOLLOTYRE,APOLLO TYRES LTD,NSE_EQ,EQ,ES
6302,APOLSINHOT,APOLLO SINDOORI HOTEL LTD,NSE_EQ,EQ,ES
764593,APOORVA,APOORVA LEAS F & INV C L,NSE_EQ,EQ,ES
14074,APTECHT,APTECH LIMITED,NSE_EQ,BE,ES
5435,APTUS,APTUS VALUE HSG FIN I LTD,NSE_EQ,EQ,ES
23365,AQYLON,AQYLON NEXUS LIMITED,NSE_EQ,EQ,ES
16795,ARCHIDPLY,ARCHIDPLY IND. LTD,NSE_EQ,EQ,ES
5688,ARCHIES,ARCHIES LTD,NSE_EQ,EQ,ES
764598,ARCL,ARCL ORGANICS LTD.,NSE_EQ,EQ,ES
764480,ARDEE,ARDEE INDUSTRIES LIMITED,NSE_EQ,EQ,ES
100,ARE&M,AMARA RAJA ENERGY MOB LTD,NSE_EQ,EQ,ES
181,ARENTERP,RAJDARSHAN INDUSTRIES LTD,NSE_EQ,EQ,ES
758700,ARFIN,ARFIN INDIA LIMITED,NSE_EQ,EQ,ES
15204,ARIES,ARIES AGRO LTD.,NSE_EQ,EQ,ES
13885,ARIHANT,ARIHANT FOUN & HOU LTD,NSE_EQ,EQ,ES
3813,ARIHANTCAP,ARIHANT CAPITAL MKTS LTD,NSE_EQ,EQ,ES
20159,ARIHANTSUP,ARIHANT SUPERSTRUCT LTD,NSE_EQ,EQ,ES
757614,ARIS,ARISINFRA SOLUTIONS LTD,NSE_EQ,EQ,ES
25398,ARKADE,ARKADE DEVELOPERS LIMITED,NSE_EQ,EQ,ES
17263,ARMANFIN,ARMAN FIN SERV LTD,NSE_EQ,EQ,ES
14557,AROGRANITE,ARO GRANITE IND. LTD.,NSE_EQ,EQ,ES
9264,ARROWGREEN,ARROW GREENTECH LIMITED,NSE_EQ,BE,ES
759956,ARSSBL,ANAND RATHI SH N STK BR L,NSE_EQ,EQ,ES
16913,ARTEMISMED,ARTEMIS MED SERVICE LTD,NSE_EQ,EQ,ES
6156,ARTNIRMAN,ART NIRMAN LIMITED,NSE_EQ,EQ,ES
2814,ARVEE,ARVEE LABORATORIES I LTD,NSE_EQ,EQ,ES
193,ARVIND,ARVIND LIMITED,NSE_EQ,EQ,ES
9111,ARVINDFASN,ARVIND FASHIONS LIMITED,NSE_EQ,EQ,ES
10457,ARVSMART,ARVIND SMARTSPACES LTD,NSE_EQ,EQ,ES
764603,ARYAMAN,ARYAMAN FINANCIAL SERV L,NSE_EQ,EQ,ES
5378,ASAHIINDIA,ASAHI INDIA GLASS LIMITED,NSE_EQ,EQ,ES
25092,ASAHISONG,ASAHI SONGWON COLOR LTD,NSE_EQ,BE,ES
10634,ASAL,AUTOMOTIVE STAMPINGS & AS,NSE_EQ,EQ,ES
17598,ASALCBR,ASSO ALCOHOLS & BREW LTD,NSE_EQ,EQ,ES
203,ASHAPURMIN,ASHAPURA MINECHEM LTD,NSE_EQ,EQ,ES
24403,ASHIANA,ASHIANA HOUSING LTD,NSE_EQ,EQ,ES
762551,ASHIKAG,ASHIKA GLOBAL SEC LTD,NSE_EQ,BE,ES
206,ASHIMASYN,ASHIMA LTD,NSE_EQ,EQ,ES
20182,ASHOKA,ASHOKA BUILDCON LTD,NSE_EQ,EQ,ES
16943,ASHOKAMET,ASHOKA METCAST LIMITED,NSE_EQ,EQ,ES
212,ASHOKLEY,ASHOK LEYLAND LTD,NSE_EQ,EQ,ES
7030,ASIANENE,ASIAN ENERGY SERVICES LTD,NSE_EQ,EQ,ES
18422,ASIANHOTNR,ASIAN HOTELS (NORTH) LTD,NSE_EQ,EQ,ES
236,ASIANPAINT,ASIAN PAINTS LIMITED,NSE_EQ,EQ,ES
14889,ASIANTILES,ASIAN GRANITO IND. LTD.,NSE_EQ,EQ,ES
765025,ASIANTNE,ASIAN TEA & EXPORTS LTD.,NSE_EQ,EQ,ES
20152,ASKAUTOLTD,ASK AUTOMOTIVE LIMITED,NSE_EQ,EQ,ES
14069,ASMS,AVIO SMART MRKT STACK LTD,NSE_EQ,BE,ES
17270,ASPINWALL,ASPINWALL & CO LTD,NSE_EQ,EQ,ES
765237,ASSAMENT,ASSAM ENTRADE LIMITED,NSE_EQ,EQ,ES
762553,ASTAR,ASIAN STAR CO. LTD.,NSE_EQ,EQ,ES
17728,ASTEC,ASTEC LIFESCIENCES LTD,NSE_EQ,EQ,ES
1508,ASTERDM,ASTER DM QUALITY CARE LTD,NSE_EQ,EQ,ES
14418,ASTRAL,ASTRAL LIMITED,NSE_EQ,EQ,ES
11618,ASTRAMICRO,ASTRA MICROWAVE LTD,NSE_EQ,EQ,ES
5610,ASTRAZEN,ASTRAZENECA PHARMA IND LT,NSE_EQ,EQ,ES
15649,ATALREAL,ATAL REALTECH LIMITED,NSE_EQ,EQ,ES
15404,ATAM,ATAM VALVES LIMITED,NSE_EQ,EQ,ES
6066,ATGL,ADANI TOTAL GAS LIMITED,NSE_EQ,EQ,ES
757645,ATHERENERG,ATHER ENERGY LIMITED,NSE_EQ,EQ,ES
17778,ATL,ALLCARGO TERMINALS LTD,NSE_EQ,EQ,ES
13585,ATLANTAA,ATLANTAA LIMITED,NSE_EQ,EQ,ES
759007,ATLANTAELE,ATLANTA ELECTRICALS LTD,NSE_EQ,EQ,ES
4568,ATLASCYCLE,ATLAS CYCLE (HARYANA) LTD,NSE_EQ,EQ,ES
263,ATUL,ATUL LTD,NSE_EQ,EQ,ES
30023,ATULAUTO,ATUL AUTO LIMITED,NSE_EQ,EQ,ES
21238,AUBANK,AU SMALL FINANCE BANK LTD,NSE_EQ,EQ,ES
12022,AURIONPRO,AURIONPRO SOLN LTD,NSE_EQ,EQ,ES
275,AUROPHARMA,AUROBINDO PHARMA LTD,NSE_EQ,EQ,ES
10310,AURUM,AURUM PROPTECH LIMITED,NSE_EQ,EQ,ES
31468,AURUS,AURUS GEM CORP LIMITED,NSE_EQ,EQ,ES
4037,AUSOMENT,AUSOM ENTERPRISE LIMITED,NSE_EQ,EQ,ES
764608,AUSTENG,AUSTIN ENGINEERING CO. L,NSE_EQ,EQ,ES
278,AUTOAXLES,AUTOMOTIVE AXLES LIMITED,NSE_EQ,EQ,ES
14106,AUTOIND,AUTOLINE INDUSTRIES LTD,NSE_EQ,EQ,ES
21406,AVADHSUGAR,AVADH SUG & ENERGY LTD,NSE_EQ,EQ,ES
15058,AVALON,AVALON TECHNOLOGIES LTD,NSE_EQ,EQ,ES
765030,AVANCE,AVANCE TECHNOLOGIES LTD.,NSE_EQ,EQ,ES
24610,AVANTEL,AVANTEL LIMITED,NSE_EQ,EQ,ES
7936,AVANTIFEED,AVANTI FEEDS LIMITED,NSE_EQ,EQ,ES
15638,AVG,AVG LOGISTICS LIMITED,NSE_EQ,BE,ES
25984,AVL,ADITYA VISION LIMITED,NSE_EQ,EQ,ES
13557,AVONMORE,AVONMORE CAP&MGT SERV LTD,NSE_EQ,EQ,ES
8827,AVROIND,AVRO INDIA LIMITED,NSE_EQ,EQ,ES
14008,AVTNPL,AVT NATURAL PRODUCTS LTD,NSE_EQ,EQ,ES
23864,AWFIS,AWFIS SPACE SOLUTIONS LTD,NSE_EQ,EQ,ES
1797,AWHCL,ANTONY WASTE HDG CELL LTD,NSE_EQ,EQ,ES
8110,AWL,AWL AGRI BUSINESS LIMITED,NSE_EQ,EQ,ES
5900,AXISBANK,AXIS BANK LIMITED,NSE_EQ,EQ,ES
9436,AXISCADES,AXISCADES TECH LTD,NSE_EQ,EQ,ES
9902,AXITA,AXITA COTTON LIMITED,NSE_EQ,EQ,ES
764613,AXTEL,AXTEL INDUSTRIES LTD.,NSE_EQ,EQ,ES
760981,AYE,AYE FINANCE LIMITED,NSE_EQ,EQ,ES
10285,AYMSYNTEX,AYM SYNTEX LIMITED,NSE_EQ,EQ,ES
20905,AZAD,AZAD ENGINEERING LIMITED,NSE_EQ,EQ,ES
765035,AZADIND,AZAD INDIA MOBILITY LTD.,NSE_EQ,EQ,ES
17735,BAFNAPH,BAFNA PHARMACEUTICALS LTD,NSE_EQ,BE,ES
11226,BAGFILMS,B.A.G FILMS AND MEDIA LTD,NSE_EQ,EQ,ES
13794,BAIDFIN,BAID FINSERV LIMITED,NSE_EQ,EQ,ES
16669,BAJAJ-AUTO,BAJAJ AUTO LIMITED,NSE_EQ,EQ,ES
19531,BAJAJCON,BAJAJ CONSUMER CARE LTD,NSE_EQ,EQ,ES
15034,BAJAJELEC,BAJAJ ELECT.LTD,NSE_EQ,EQ,ES
16675,BAJAJFINSV,BAJAJ FINSERV LTD.,NSE_EQ,EQ,ES
6863,BAJAJHCARE,BAJAJ HEALTHCARE LIMITED,NSE_EQ,EQ,ES
25270,BAJAJHFL,BAJAJ HOUSING FINANCE LTD,NSE_EQ,EQ,ES
308,BAJAJHIND,BAJAJ HINDUSTHAN SUGAR LT,NSE_EQ,EQ,ES
305,BAJAJHLDNG,BAJAJ HOLDINGS & INVS LTD,NSE_EQ,EQ,ES
29678,BAJAJINDEF,INDEF MANUFACTURING LTD,NSE_EQ,EQ,ES
762563,BAJAJST,BAJAJ STEEL INDS. LTD.,NSE_EQ,EQ,ES
20531,BAJEL,BAJEL PROJECTS LIMITED,NSE_EQ,EQ,ES
317,BAJFINANCE,BAJAJ FINANCE LIMITED,NSE_EQ,EQ,ES
25203,BALAJEE,SHREE TIRUPATI BALAJEE L,NSE_EQ,EQ,ES
9158,BALAJITELE,BALAJI TELEFILMS LIMITED.,NSE_EQ,EQ,ES
14501,BALAMINES,BALAJI AMINES LIMITED,NSE_EQ,EQ,ES
11309,BALAXI,BALAXI PHARMA LTD,NSE_EQ,EQ,ES
10181,BALKRISHNA,BALKRISHNA PAPER MILLS L,NSE_EQ,EQ,ES
335,BALKRISIND,BALKRISHNA IND. LTD,NSE_EQ,EQ,ES
338,BALMLAWRIE,BALMER LAWRIE & CO LTD,NSE_EQ,EQ,ES
13441,BALPHARMA,BAL PHARMA LTD.,NSE_EQ,EQ,ES
341,BALRAMCHIN,BALRAMPUR CHINI MILLS LTD,NSE_EQ,EQ,ES
23607,BALUFORGE,BALU FORGE INDUSTRIES LTD,NSE_EQ,EQ,ES
347,BANARBEADS,BANARAS BEADS LTD,NSE_EQ,EQ,ES
350,BANARISUG,BANNARI AMMAN SUGARS LTD,NSE_EQ,EQ,ES
13880,BANCOINDIA,BANCO PRODUCTS (I) LTD,NSE_EQ,EQ,ES
2263,BANDHANBNK,BANDHAN BANK LIMITED,NSE_EQ,EQ,ES
15303,BANG,BANG OVERSEAS LTD.,NSE_EQ,EQ,ES
822,BANKA,BANKA BIOLOO LIMITED,NSE_EQ,EQ,ES
4668,BANKBARODA,BANK OF BARODA,NSE_EQ,EQ,ES
4745,BANKINDIA,BANK OF INDIA,NSE_EQ,EQ,ES
24386,BANSALWIRE,BANSAL WIRE INDUSTRIES L,NSE_EQ,EQ,ES
14511,BANSWRAS,BANSWARA SYNTEX LIMITED,NSE_EQ,EQ,ES
368,BASF,BASF INDIA LTD,NSE_EQ,EQ,ES
12037,BASML,BANNARI AM SPIN MILL LTD.,NSE_EQ,BE,ES
371,BATAINDIA,BATA INDIA LTD,NSE_EQ,EQ,ES
762568,BATLIBOI,BATLIBOI LTD.,NSE_EQ,EQ,ES
17927,BAYERCROP,BAYER CROPSCIENCE LTD,NSE_EQ,EQ,ES
13761,BBL,BHARAT BIJLEE LTD,NSE_EQ,EQ,ES
3435,BBOX,BLACK BOX LIMITED,NSE_EQ,EQ,ES
380,BBTC,BOMBAY BURMAH TRADING COR,NSE_EQ,EQ,ES
12153,BBTCL,B&B TRIPLEWALL CONT LTD,NSE_EQ,EQ,ES
8833,BCG,BRIGHTCOM GROUP LIMITED,NSE_EQ,EQ,ES
2513,BCLIND,BCL INDUSTRIES LIMITED,NSE_EQ,EQ,ES
7780,BCONCEPTS,BRAND CONCEPTS LIMITED,NSE_EQ,EQ,ES
761494,BCPL,BCPL RAILWAY INFRA LTD,NSE_EQ,EQ,ES
2144,BDL,BHARAT DYNAMICS LIMITED,NSE_EQ,EQ,ES
17933,BEARDSELL,BEARDSELL LIMITED,NSE_EQ,EQ,ES
1628,BECTORFOOD,MRS BECTORS FOOD SPE LTD,NSE_EQ,EQ,ES
20196,BEDMUTHA,BEDMUTHA INDUST LTD,NSE_EQ,EQ,ES
762573,BEEKAY,BEEKAY STEEL INDS. LTD.,NSE_EQ,EQ,ES
383,BEL,BHARAT ELECTRONICS LTD,NSE_EQ,EQ,ES
757938,BELLACASA,BELLA CASA FASH AND RET L,NSE_EQ,EQ,ES
757102,BELRISE,BELRISE INDUSTRIES LTD,NSE_EQ,EQ,ES
395,BEML,BEML LIMITED,NSE_EQ,EQ,ES
764618,BENARAS,BENARES HOTELS LTD.,NSE_EQ,EQ,ES
762578,BENGALASM,BENGAL & ASSAM CO. LTD.,NSE_EQ,EQ,ES
419,BEPL,BHANSALI ENG. POLYMERS LT,NSE_EQ,EQ,ES
404,BERGEPAINT,BERGER PAINTS (I) LTD,NSE_EQ,EQ,ES
2306,BESTAGRO,BEST AGROLIFE LIMITED,NSE_EQ,EQ,ES
759842,BETA,BETA DRUGS LIMITED,NSE_EQ,EQ,ES
21113,BFINVEST,BF INVESTMENT LIMITED,NSE_EQ,EQ,ES
14567,BFUTILITIE,BF UTILITIES LIMITED,NSE_EQ,EQ,ES
15193,BGRENERGY,BGR ENERGY SYSTEMS LTD,NSE_EQ,BE,ES
6164,BHAGCHEM,BHAGIRADHA CHEM & INDS L,NSE_EQ,EQ,ES
13427,BHAGERIA,BHAGERIA INDUSTRIES LTD,NSE_EQ,BE,ES
20776,BHAGYANGR,BHAGYANAGAR INDIA LIMITED,NSE_EQ,EQ,ES
19556,BHANDARI,BHANDARI HOSIERY EXP LTD,NSE_EQ,EQ,ES
760726,BHARATCOAL,BHARAT COKING COAL LTD,NSE_EQ,EQ,ES
422,BHARATFORG,BHARAT FORGE LTD,NSE_EQ,EQ,ES
9397,BHARATGEAR,BHARAT GEARS LTD,NSE_EQ,BE,ES
3834,BHARATRAS,BHARAT RASAYAN LTD,NSE_EQ,EQ,ES
30244,BHARATSE,BHARAT SEATS LIMITED,NSE_EQ,EQ,ES
16123,BHARATWIRE,BHARAT WIRE ROPES LTD.,NSE_EQ,EQ,ES
10604,BHARTIARTL,BHARTI AIRTEL LIMITED,NSE_EQ,EQ,ES
23489,BHARTIHEXA,BHARTI HEXACOM LIMITED,NSE_EQ,EQ,ES
438,BHEL,BHEL,NSE_EQ,EQ,ES
762586,BI,BILCARE LTD.,NSE_EQ,BE,ES
18431,BIGBLOC,BIGBLOC CONSTRUCTION LTD,NSE_EQ,EQ,ES
11966,BIKAJI,BIKAJI FOODS INTERN LTD,NSE_EQ,EQ,ES
7848,BIL,BHARTIYA INTERNATIONAL,NSE_EQ,EQ,ES
13622,BILVYAPAR,BIL VYAPAR LIMITED,NSE_EQ,BE,ES
762588,BIMETAL,BIMETAL BEARINGS LTD.,NSE_EQ,EQ,ES
11373,BIOCON,BIOCON LIMITED.,NSE_EQ,EQ,ES
4136,BIOFILCHEM,BIOFIL CHEM & PHARMA LTD,NSE_EQ,EQ,ES
6815,BIRLACABLE,BIRLA CABLE LIMITED,NSE_EQ,BE,ES
480,BIRLACORPN,BIRLA CORPORATION LTD,NSE_EQ,EQ,ES
15239,BIRLAMONEY,ADITYA BIRLA MONEY LTD,NSE_EQ,EQ,ES
1455,BIRLANU,BIRLANU LIMITED,NSE_EQ,EQ,ES
762593,BIRLAPREC,BIRLA PRECISION TECH L,NSE_EQ,EQ,ES
27144,BLACKBUCK,BLACKBUCK LIMITED,NSE_EQ,EQ,ES
762601,BLACKROSE,BLACK ROSE INDS. LTD.,NSE_EQ,BE,ES
15067,BLAL,BEML LAND ASSETS LIMITED,NSE_EQ,EQ,ES
8132,BLBLIMITED,BLB LIMITED,NSE_EQ,EQ,ES
765291,BLEL,BEHARI LAL ENGINEERING L,NSE_EQ,EQ,ES
762603,BLIL,BALMER LAWRIE INVSTS. L,NSE_EQ,EQ,ES
19269,BLISSGVS,BLISS GVS PHARMA LTD,NSE_EQ,BE,ES
13290,BLKASHYAP,B.L.KASHYAP & SON LTD,NSE_EQ,EQ,ES
17279,BLS,BLS INTL SERVS LTD,NSE_EQ,EQ,ES
22566,BLSE,BLS E-SERVICES LIMITED,NSE_EQ,EQ,ES
4681,BLUECHIP,BLUE CHIP INDIA LIMITED,NSE_EQ,EQ,ES
765040,BLUECLOUDS,BLUE CLOUD SOFTECH SOLU L,NSE_EQ,EQ,ES
8552,BLUECOAST,BLUE COAST HOTELS LIMITED,NSE_EQ,BE,ES
495,BLUEDART,BLUE DART EXPRESS LTD,NSE_EQ,EQ,ES
19686,BLUEJET,BLUE JET HEALTHCARE LTD,NSE_EQ,EQ,ES
8311,BLUESTARCO,BLUE STAR LIMITED,NSE_EQ,EQ,ES
759291,BLUESTONE,BLUESTONE JEWEL LFSTL LTD,NSE_EQ,EQ,ES
757520,BLUSPRING,BLUSPRING ENTERPRISES LTD,NSE_EQ,EQ,ES
759256,BMWVENTLTD,BMW VENTURES LIMITED,NSE_EQ,EQ,ES
762608,BNAGROCHEM,BN AGROCHEM LTD.,NSE_EQ,EQ,ES
762616,BNALTD,B & A LTD.,NSE_EQ,BE,ES
25021,BODALCHEM,BODAL CHEMICALS LTD,NSE_EQ,BE,ES
11640,BOHRAIND,BOHRA INDUSTRIES LIMITED,NSE_EQ,EQ,ES
513,BOMDYEING,BOMBAY DYEING & MFG. CO L,NSE_EQ,EQ,ES
761056,BONLON,BONLON INDUSTRIES LIMITED,NSE_EQ,EQ,ES
757919,BORANA,BORANA WEAVES LIMITED,NSE_EQ,EQ,ES
19401,BOROLTD,BOROSIL LIMITED,NSE_EQ,EQ,ES
3149,BORORENEW,BOROSIL RENEWABLES LTD,NSE_EQ,EQ,ES
24014,BOROSCI,BOROSIL SCIENTIFIC LTD,NSE_EQ,EQ,ES
4491,BOSCH-HCIL,BOSCH HOME COMFRT IND LTD,NSE_EQ,EQ,ES
2181,BOSCHLTD,BOSCH LIMITED,NSE_EQ,EQ,ES
526,BPCL,BHARAT PETROLEUM CORP  LT,NSE_EQ,EQ,ES
530,BPL,BPL LTD,NSE_EQ,EQ,ES
764623,BPLPHARMA,BHARAT PARENTERALS LTD.,NSE_EQ,EQ,ES
764628,BRAHMINFRA,BRAHMAPUTRA INFRA L,NSE_EQ,EQ,ES
15184,BRIGADE,BRIGADE ENTER. LTD,NSE_EQ,EQ,ES
757794,BRIGHOTEL,BRIGADE HOTEL VENTURE LTD,NSE_EQ,EQ,ES
764633,BRIGHTBR,BRIGHT BROTHERS LTD.,NSE_EQ,EQ,ES
547,BRITANNIA,BRITANNIA INDUSTRIES LTD,NSE_EQ,EQ,ES
21683,BRNL,BHARAT ROAD NETWORK LTD,NSE_EQ,EQ,ES
25140,BROOKS,BROOKS LAB LIMITED,NSE_EQ,BE,ES
19585,BSE,BSE LIMITED,NSE_EQ,EQ,ES
809,BSHSL,BOMBAY SUPER HYBRID SEEDS,NSE_EQ,EQ,ES
559,BSL,BSL LTD,NSE_EQ,EQ,ES
6994,BSOFT,BIRLASOFT LIMITED,NSE_EQ,EQ,ES
14150,BTML,BODHI TREE MULTIMEDIA LTD,NSE_EQ,EQ,ES
762621,BTTL,BHILWARA TECHNICAL TEXT L,NSE_EQ,BE,ES
760594,BUILDPRO,SHANKARA BUILDPRO LIMITED,NSE_EQ,EQ,ES
15198,BURNPUR,BURNPUR CEMENT LIMITED,NSE_EQ,BE,ES
2716,BUTTERFLY,BTRFLY GANDHI APPL LTD,NSE_EQ,EQ,ES
15073,BVCL,BARAK VALLEY CEM. LTD.,NSE_EQ,EQ,ES
7930,BYKE,THE BYKE HOSPITALITY LTD,NSE_EQ,BE,ES
8341,CALSOFT,CALIFORNIA SOFTWARE CO LT,NSE_EQ,EQ,ES
6216,CAMLINFINE,CAMLIN FINE SCIENCES LTD,NSE_EQ,EQ,ES
9362,CAMPUS,CAMPUS ACTIVEWEAR LIMITED,NSE_EQ,EQ,ES
342,CAMS,COMPUTER AGE MNGT SER LTD,NSE_EQ,EQ,ES
10794,CANBK,CANARA BANK,NSE_EQ,EQ,ES
583,CANFINHOME,CAN FIN HOMES LTD,NSE_EQ,EQ,ES
759477,CANHLIFE,CANARA HSBC LIFE INS CO L,NSE_EQ,EQ,ES
20160,CANTABIL,CANTABIL RETAIL LTD,NSE_EQ,EQ,ES
21749,CAPACITE,CAPACITE INFRAPROJECT LTD,NSE_EQ,EQ,ES
759867,CAPILLARY,CAPILLARY TECHNO INDIA L,NSE_EQ,EQ,ES
22675,CAPITALSFB,CAPITAL SMALL FIN BANK L,NSE_EQ,EQ,ES
3906,CAPLIPOINT,CAPLIN POINT LAB LTD.,NSE_EQ,EQ,ES
19451,CAPTRUST,CAPITAL TRUST LIMITED,NSE_EQ,BE,ES
595,CARBORUNIV,CARBORUNDUM UNIVERSAL LTD,NSE_EQ,EQ,ES
29113,CARERATING,CARE RATINGS LIMITED,NSE_EQ,EQ,ES
28879,CARRARO,CARRARO INDIA LIMITED,NSE_EQ,EQ,ES
5407,CARTRADE,CARTRADE TECH LIMITED,NSE_EQ,EQ,ES
1879,CARYSIL,CARYSIL LIMITED,NSE_EQ,EQ,ES
1250,CASTROLIND,CASTROL INDIA LIMITED,NSE_EQ,EQ,ES
16249,CCAVENUE,AVENUESAI LIMITED,NSE_EQ,EQ,ES
14992,CCCL,CONS. CONST. CONSORT LTD,NSE_EQ,EQ,ES
6385,CCHHL,COUNTRY CLUB HOSP HOL LTD,NSE_EQ,EQ,ES
11452,CCL,CCL PRODUCTS (I) LTD,NSE_EQ,EQ,ES
21174,CDSL,CENTRAL DEPO SER (I) LTD,NSE_EQ,EQ,ES
15254,CEATLTD,CEAT LIMITED,NSE_EQ,EQ,ES
24742,CEIGALL,CEIGALL INDIA LIMITED,NSE_EQ,EQ,ES
761037,CEINSYS,CEINSYS TECH LIMITED,NSE_EQ,EQ,ES
13162,CELEBRITY,CELEBRITY FASHIONS LTD,NSE_EQ,EQ,ES
19795,CELLO,CELLO WORLD LIMITED,NSE_EQ,EQ,ES
5622,CEMPRO,CEMINDIA PROJECTS LIMITED,NSE_EQ,EQ,ES
619,CENTENKA,CENTURY ENKA LTD,NSE_EQ,EQ,ES
11511,CENTEXT,CENTURY EXTRUSIONS LTD,NSE_EQ,EQ,ES
14894,CENTRALBK,CENTRAL BANK OF INDIA,NSE_EQ,EQ,ES
2454,CENTRUM,CENTRUM CAPITAL LIMITED,NSE_EQ,EQ,ES
14982,CENTUM,CENTUM ELECTRONICS LTD,NSE_EQ,EQ,ES
13305,CENTURYPLY,CENTURY PLYBOARDS (I) LTD,NSE_EQ,EQ,ES
15039,CERA,CERA SANITARYWARE LTD,NSE_EQ,EQ,ES
628,CESC,CESC LTD,NSE_EQ,EQ,ES
28764,CEWATER,CONCORD ENVIRO SYSTEMS L,NSE_EQ,EQ,ES
764638,CFEL,CONFIDENCE FUTURIST ENE L,NSE_EQ,EQ,ES
20329,CGCL,CAPRI GLOBAL CAPITAL LTD,NSE_EQ,EQ,ES
760,CGPOWER,CG POWER AND IND SOL LTD,NSE_EQ,EQ,ES
764643,CGVAK,C G V A K SOFTWARE & EX L,NSE_EQ,EQ,ES
8546,CHALET,CHALET HOTELS LIMITED,NSE_EQ,EQ,ES
637,CHAMBLFERT,CHAMBAL FERTILIZERS LTD,NSE_EQ,EQ,ES
14618,CHEMBOND,CHEMBOND MATERIALTECH LTD,NSE_EQ,EQ,ES
757991,CHEMBONDCH,CHEMBOND CHEMICAL LIMITED,NSE_EQ,BE,ES
276,CHEMCON,CHEMCON SPECIAL CHEM LTD,NSE_EQ,BE,ES
765045,CHEMCRUX,CHEMCRUX ENTERPRISES LTD.,NSE_EQ,EQ,ES
2799,CHEMFAB,CHEMFAB ALKALIS LIMITED,NSE_EQ,EQ,ES
5449,CHEMPLASTS,CHEMPLAST SANMAR LIMITED,NSE_EQ,EQ,ES
2049,CHENNPETRO,CHENNAI PETROLEUM CORP LT,NSE_EQ,EQ,ES
9879,CHEVIOT,CHEVIOT COMPANY LIMITED,NSE_EQ,EQ,ES
8866,CHOICEIN,CHOICE INTERNATIONAL LTD,NSE_EQ,EQ,ES
685,CHOLAFIN,CHOLAMANDALAM IN & FIN CO,NSE_EQ,EQ,ES
21740,CHOLAHLDNG,CHOLAMANDALAM FIN HOL LTD,NSE_EQ,EQ,ES
14937,CIEINDIA,CIE AUTOMOTIVE INDIA LTD,NSE_EQ,EQ,ES
756015,CIFL,CAPITAL INDIA FINANCE LTD,NSE_EQ,EQ,ES
27161,CINELINE,CINELINE INDIA LIMITED,NSE_EQ,EQ,ES
8024,CINEVISTA,CINEVISTA LIMITED,NSE_EQ,EQ,ES
694,CIPLA,CIPLA LTD,NSE_EQ,EQ,ES
13846,CLCIND,CLC INDUSTRIES LIMITED,NSE_EQ,BE,ES
5049,CLEAN,CLEAN SCIENCE & TECH LTD,NSE_EQ,EQ,ES
760183,CLEANMAX,CLEAN MAX ENVIRO EN SOL L,NSE_EQ,EQ,ES
20233,CLEDUCATE,CL EDUCATE LIMITED,NSE_EQ,BE,ES
3482,CLSEL,CHAMAN LAL SETIA EXP LTD,NSE_EQ,EQ,ES
764255,CMLL,CALIBER MINING AND LOG L,NSE_EQ,EQ,ES
761581,CMPDI,CENTRAL MINE P N D INST L,NSE_EQ,EQ,ES
30893,CMRGREEN,CMR GREEN TECHNOLOGIES L,NSE_EQ,EQ,ES
7603,CMSINFO,CMS INFO SYSTEMS LIMITED,NSE_EQ,EQ,ES
11155,CNL,CREATIVE NEWTECH LIMITED,NSE_EQ,EQ,ES
20374,COALINDIA,COAL INDIA LTD,NSE_EQ,EQ,ES
6006,COASTCORP,COASTAL CORPORATION LTD,NSE_EQ,EQ,ES
21508,COCHINSHIP,COCHIN SHIPYARD LIMITED,NSE_EQ,EQ,ES
762623,COCKERILL,JOHN COCKERILL INDIA LTD.,NSE_EQ,EQ,ES
11169,COFFEEDAY,COFFEE DAY ENTERPRISE LTD,NSE_EQ,BE,ES
11543,COFORGE,COFORGE LIMITED,NSE_EQ,EQ,ES
17945,COHANCE,COHANCE LIFESCIENCES LTD,NSE_EQ,EQ,ES
15141,COLPAL,COLGATE PALMOLIVE LTD.,NSE_EQ,EQ,ES
762628,COMFINTE,COMFORT INTECH LTD.,NSE_EQ,EQ,ES
764648,COMPEAU,COMPETENT AUTOMOB CO. L,NSE_EQ,EQ,ES
31138,COMPUSOFT,COMPUCOM SOFTWARE LTD,NSE_EQ,EQ,ES
21578,COMSYN,COMMERCIAL SYN BAGS LTD,NSE_EQ,EQ,ES
4749,CONCOR,CONTAINER CORP OF IND LTD,NSE_EQ,EQ,ES
18060,CONCORDBIO,CONCORD BIOTECH LIMITED,NSE_EQ,EQ,ES
10238,CONFIPET,CONFIDENCE PETRO IND LTD.,NSE_EQ,EQ,ES
11732,CONSOFINVT,CONSO. FIN. & HOLD. LTD.,NSE_EQ,BE,ES
17477,CONTROLPR,CONTROL PRINT LIMITED,NSE_EQ,EQ,ES
4007,CORALFINAC,CORAL INDIA FIN & HOUS LT,NSE_EQ,EQ,ES
762163,CORDELIA,WATERWAYS LEISURE TOUR L,NSE_EQ,EQ,ES
15275,CORDSCABLE,CORDS CABLE INDUS LTD.,NSE_EQ,BE,ES
739,COROMANDEL,COROMANDEL INTERNTL. LTD,NSE_EQ,EQ,ES
760254,CORONA,CORONA REMEDIES LIMITED,NSE_EQ,EQ,ES
742,COSMOFIRST,COSMO FIRST LIMITED,NSE_EQ,EQ,ES
16989,COUNCODOS,COUNTRY CONDO S LIMITED,NSE_EQ,BE,ES
20086,CPCAP,CP CAPITAL LIMITED,NSE_EQ,EQ,ES
758941,CPEDU,CAREER POINT EDUTECH LTD,NSE_EQ,EQ,ES
764203,CPL,CAPTAIN POLYPLAST LIMITED,NSE_EQ,EQ,ES
758858,CPPLUS,ADITYA INFOTECH LIMITED,NSE_EQ,EQ,ES
2854,CRAFTSMAN,CRAFTSMAN AUTOMATION LTD,NSE_EQ,EQ,ES
759311,CRAMC,CANARA ROBECO AMC LIMITED,NSE_EQ,EQ,ES
764653,CRAVATEX,CRAVATEX LTD.,NSE_EQ,EQ,ES
9384,CREATIVEYE,CREATIVE EYE LIMITED,NSE_EQ,EQ,ES
4421,CREDITACC,CREDITACCESS GRAMEEN LTD,NSE_EQ,EQ,ES
13900,CREST,CREST VENTURES LIMITED,NSE_EQ,EQ,ES
757,CRISIL,CRISIL LTD,NSE_EQ,EQ,ES
757850,CRIZAC,CRIZAC LIMITED,NSE_EQ,EQ,ES
17094,CROMPTON,CROMPT GREA CON ELEC LTD,NSE_EQ,EQ,ES
8083,CROWN,CROWN LIFTERS LIMITED,NSE_EQ,EQ,ES
765050,CRSL,CRESSANDA RAILWAY SOLUT L,NSE_EQ,EQ,ES
14966,CSBBANK,CSB BANK LIMITED,NSE_EQ,EQ,ES
10350,CSLFINANCE,CSL FINANCE LIMITED,NSE_EQ,EQ,ES
763753,CSM,CSM TECHNOLOGIES LIMITED,NSE_EQ,EQ,ES
14218,CTE,CAMBRIDGE TECH ENTER LTD,NSE_EQ,EQ,ES
5701,CUB,CITY UNION BANK LTD,NSE_EQ,EQ,ES
4064,CUBEXTUB,CUBEX TUBINGS LTD,NSE_EQ,EQ,ES
1901,CUMMINSIND,CUMMINS INDIA LTD,NSE_EQ,EQ,ES
18520,CUPID,CUPID LIMITED,NSE_EQ,EQ,ES
30189,CURAA,CURA TECHNOLOGIES LIMITED,NSE_EQ,EQ,ES
11842,CYBERMEDIA,CYBER MEDIA (INDIA) LTD.,NSE_EQ,EQ,ES
6054,CYBERTECH,CYBERTECH SYSTEMS & SOFTW,NSE_EQ,BE,ES
5748,CYIENT,CYIENT LIMITED,NSE_EQ,EQ,ES
17187,CYIENTDLM,CYIENT DLM LIMITED,NSE_EQ,EQ,ES
772,DABUR,DABUR INDIA LTD,NSE_EQ,EQ,ES
762633,DAICHI,DAI-ICHI KARKARIA LTD.,NSE_EQ,EQ,ES
8075,DALBHARAT,DALMIA BHARAT LIMITED,NSE_EQ,EQ,ES
781,DALMIASUG,DALMIA BHARAT SUG IN LTD,NSE_EQ,EQ,ES
28662,DAMCAPITAL,DAM CAPITAL ADVISORS LTD,NSE_EQ,EQ,ES
17569,DAMODARIND,DAMODAR INDUSTRIES LTD,NSE_EQ,BE,ES
1110,DANGEE,DANGEE DUMS LIMITED,NSE_EQ,EQ,ES
11423,DATAMATICS,DATAMATICS GLOBAL SER LTD,NSE_EQ,EQ,ES
7358,DATAPATTNS,DATA PATTERNS INDIA LTD,NSE_EQ,EQ,ES
21794,DAVANGERE,DAVANGERE SUGAR COMPANY L,NSE_EQ,EQ,ES
17881,DBCORP,D.B.CORP LTD,NSE_EQ,EQ,ES
25894,DBEIL,DEEPAK BUILDERS & ENG I L,NSE_EQ,BE,ES
18086,DBL,DILIP BUILDCON LIMITED,NSE_EQ,EQ,ES
10893,DBOL,DHAMPUR BIO ORGANICS LTD,NSE_EQ,EQ,ES
18124,DBREALTY,VALOR ESTATE LIMITED,NSE_EQ,EQ,ES
31111,DBSTOCKBRO,DB (INT) STOCK BROKERS,NSE_EQ,BE,ES
21704,DCAL,DISHMAN CARBO AMCIS LTD,NSE_EQ,EQ,ES
13725,DCBBANK,DCB BANK LIMITED,NSE_EQ,EQ,ES
11566,DCI,DC INFOTECH AND COMUN LTD,NSE_EQ,EQ,ES
7323,DCM,DCM LIMITED,NSE_EQ,BE,ES
4775,DCMFINSERV,DCM FINANCIAL SERVICES LT,NSE_EQ,EQ,ES
11039,DCMNVL,DCM NOUVELLE LIMITED,NSE_EQ,EQ,ES
811,DCMSHRIRAM,DCM SHRIRAM LIMITED,NSE_EQ,EQ,ES
760896,DCMSIL,DCM SHRIRAM INTERNATNL L,NSE_EQ,EQ,ES
7325,DCMSRIND,DCM SHRIRAM IND LTD,NSE_EQ,EQ,ES
817,DCW,DCW LTD,NSE_EQ,EQ,ES
11895,DCXINDIA,DCX SYSTEMS LIMITED,NSE_EQ,EQ,ES
29098,DDEVPLSTIK,DDEV PLASTIKS IND LTD,NSE_EQ,EQ,ES
14838,DECCANCE,DECCAN CEMENTS LIMITED,NSE_EQ,EQ,ES
762638,DECNGOLD,DECCAN GOLD MINES LTD.,NSE_EQ,EQ,ES
24154,DEEDEV,DEE DEVELOPMENT ENG LTD,NSE_EQ,EQ,ES
765055,DEEP,DEEP POLYMERS LTD.,NSE_EQ,EQ,ES
827,DEEPAKFERT,DEEPAK FERTILIZERS & PETR,NSE_EQ,EQ,ES
19943,DEEPAKNTR,DEEPAK NITRITE LTD,NSE_EQ,EQ,ES
3292,DEEPINDS,DEEP INDUSTRIES LIMITED,NSE_EQ,EQ,ES
9599,DELHIVERY,DELHIVERY LIMITED,NSE_EQ,EQ,ES
24395,DELPHIFX,DELPHI WORLD MONEY LTD,NSE_EQ,BE,ES
15044,DELTACORP,DELTA CORP LIMITED,NSE_EQ,EQ,ES
1214,DELTAMAGNT,DELTA MANUFACTURING LTD,NSE_EQ,EQ,ES
17722,DEN,DEN NETWORKS LTD,NSE_EQ,EQ,ES
4279,DENORA,DE NORA INDIA LIMITED,NSE_EQ,EQ,ES
29256,DENTA,DENTA WATER N INFRA SOL L,NSE_EQ,EQ,ES
8146,DEVIT,DEV INFO TECHNOLOGY LTD,NSE_EQ,EQ,ES
759079,DEVX,DEV ACCELERATOR LIMITED,NSE_EQ,EQ,ES
5373,DEVYANI,DEVYANI INTERNATIONAL LTD,NSE_EQ,EQ,ES
10346,DGCONTENT,DIGICONTENT LIMITED,NSE_EQ,EQ,ES
764661,DHABRIYA,DHABRIYA POLYWOOD LTD.,NSE_EQ,BE,ES
857,DHAMPURSUG,DHAMPUR SUGAR MILLS LTD.,NSE_EQ,EQ,ES
11359,DHANBANK,DHANLAXMI BANK LIMITED,NSE_EQ,EQ,ES
24409,DHANUKA,DHANUKA AGRITECH LTD,NSE_EQ,EQ,ES
13001,DHARMAJ,DHARMAJ CROP GUARD LTD,NSE_EQ,EQ,ES
765060,DHATRE,DHATRE UDYOG LTD.,NSE_EQ,EQ,ES
764553,DHOOTTRANS,DHOOT TRANSMISSION LTD,NSE_EQ,EQ,ES
6858,DHRUV,DHRUV CONSULTANCY SER LTD,NSE_EQ,EQ,ES
22233,DHUNINV,DHUNSERI INVESTMENTS LTD,NSE_EQ,EQ,ES
18545,DIACABS,DIAMOND POWER INFRA LTD,NSE_EQ,BE,ES
18644,DIAMINESQ,DIAMINES & CHEMICALS LTD,NSE_EQ,EQ,ES
21840,DIAMONDYD,PRATAAP SNACKS LIMITED,NSE_EQ,EQ,ES
703,DICIND,DIC INDIA LIMITED,NSE_EQ,EQ,ES
25672,DIFFNKG,DIFFUSION ENGINEERS LTD,NSE_EQ,EQ,ES
21247,DIGIDRIVE,DIGIDRIVE DISTRIBUTORS L,NSE_EQ,EQ,ES
16683,DIGISPICE,DIGISPICE TECHNOLOGIES LT,NSE_EQ,EQ,ES
757515,DIGITIDE,DIGITIDE SOLUTIONS LTD,NSE_EQ,EQ,ES
6127,DIGJAMLMTD,DIGJAM LTD,NSE_EQ,EQ,ES
762643,DISAQ,DISA INDIA LTD.,NSE_EQ,EQ,ES
14537,DISHTV,DISH TV INDIA LTD.,NSE_EQ,EQ,ES
14479,DIVGIITTS,DIVGI TORQTRANSFER SYST L,NSE_EQ,EQ,ES
10940,DIVISLAB,DIVI S LABORATORIES LTD,NSE_EQ,EQ,ES
21690,DIXON,DIXON TECHNO (INDIA) LTD,NSE_EQ,EQ,ES
12749,DJML,DJ MEDIAPRINT & LOG LTD,NSE_EQ,EQ,ES
14732,DLF,DLF LIMITED,NSE_EQ,EQ,ES
17851,DLINKINDIA,D-LINK INDIA LTD,NSE_EQ,EQ,ES
19913,DMART,AVENUE SUPERMARTS LIMITED,NSE_EQ,EQ,ES
6973,DMCC,DMCC SPECIALITY CHEMICALS,NSE_EQ,EQ,ES
641,DNAMEDIA,DILIGENT MEDIA CORP LTD.,NSE_EQ,EQ,ES
4822,DODLA,DODLA DAIRY LIMITED,NSE_EQ,EQ,ES
12124,DOLATALGO,DOLAT ALGOTECH LIMITED,NSE_EQ,EQ,ES
20560,DOLLAR,DOLLAR INDUSTRIES LIMITED,NSE_EQ,EQ,ES
18139,DOLPHIN,DOLPHIN OFF ENT (IND) L,NSE_EQ,EQ,ES
20551,DOMS,DOMS INDUSTRIES LIMITED,NSE_EQ,EQ,ES
13839,DONEAR,DONEAR IND. LIMITED,NSE_EQ,EQ,ES
936,DPABHUSHAN,D. P. ABHUSHAN LIMITED,NSE_EQ,EQ,ES
15423,DPSCLTD,DPSC LIMITED,NSE_EQ,BE,ES
16902,DPWIRES,D P WIRES LIMITED,NSE_EQ,BE,ES
762648,DRAGARWQ,DR. AGARWAL'S EYE HOSP L,NSE_EQ,EQ,ES
2645,DRCSYSTEMS,DRC SYSTEMS INDIA LIMITED,NSE_EQ,EQ,ES
10859,DREAMFOLKS,DREAMFOLKS SERVICES LTD,NSE_EQ,EQ,ES
11271,DREDGECORP,DREDGING CORP OF INDIA,NSE_EQ,EQ,ES
881,DRREDDY,DR. REDDY S LABORATORIES,NSE_EQ,EQ,ES
760893,DSFCL,DCM SHRIRAM FINE CHEM LTD,NSE_EQ,BE,ES
8772,DSKULKARNI,DS KULKARNI DEVELOPERS L,NSE_EQ,BE,ES
25690,DSSL,DYNACONS SYS & SOLN LTD,NSE_EQ,EQ,ES
6227,DTIL,DHUNSERI TEA & IND. LTD.,NSE_EQ,EQ,ES
28952,DUCON,DUCON INFRATECHNOLOGIES L,NSE_EQ,EQ,ES
15214,DVL,DHUNSERI VENTURES LIMITED,NSE_EQ,EQ,ES
11667,DWARKESH,DWARIKESH SUGAR IND LTD,NSE_EQ,EQ,ES
10417,DYCL,DYNAMIC CABLES LIMITED,NSE_EQ,EQ,ES
4525,DYNAMATECH,DYNAMATIC TECHNOLOGIES,NSE_EQ,EQ,ES
21314,DYNPRO,DYNEMIC PRODUCTS LIMITED,NSE_EQ,EQ,ES
8940,E2E,E2E NETWORKS LIMITED,NSE_EQ,BE,ES
2792,EASEMYTRIP,EASY TRIP PLANNERS LTD,NSE_EQ,EQ,ES
9769,EASTSILK,EASTERN SILK INDUSTRIES L,NSE_EQ,BE,ES
765065,EASTWEST,EAST WEST FREIGHT CARRI L,NSE_EQ,EQ,ES
757862,EBGNG,GNG ELECTRONICS LIMITED,NSE_EQ,EQ,ES
765070,EBIX,EBIX LIMITED,NSE_EQ,EQ,ES
15179,ECLERX,ECLERX SERVICES LTD,NSE_EQ,EQ,ES
764663,ECORECO,ECO RECYCLING LTD.,NSE_EQ,EQ,ES
25062,ECOSMOBLTY,ECOS (INDIA) MOB & HOSP L,NSE_EQ,BE,ES
15119,EDELWEISS,EDELWEISS FIN SERV LTD,NSE_EQ,EQ,ES
758675,EFCIL,EFC (I) LIMITED,NSE_EQ,EQ,ES
910,EICHERMOT,EICHER MOTORS LTD,NSE_EQ,EQ,ES
916,EIDPARRY,EID PARRY INDIA LTD,NSE_EQ,EQ,ES
27213,EIEL,ENVIRO INFRA ENGINEERS L,NSE_EQ,EQ,ES
6042,EIFFL,EURO (I) FRESH FOODS LTD,NSE_EQ,BE,ES
15399,EIHAHOTELS,EIH ASSOCIATED HOTELS LTD,NSE_EQ,EQ,ES
919,EIHOTEL,EIH LIMITED,NSE_EQ,EQ,ES
4040,EIMCOELECO,EIMCO ELECON (INDIA) LTD,NSE_EQ,EQ,ES
13091,EKC,EVEREST KANTO CYLINDERLTD,NSE_EQ,EQ,ES
764668,EKI,EKI ENERGY SERVICES LTD,NSE_EQ,EQ,ES
762653,ELANTAS,ELANTAS BECK INDIA LTD.,NSE_EQ,EQ,ES
762658,ELCIDIN,ELCID INVESTMENTS LTD.,NSE_EQ,EQ,ES
8953,ELDEHSG,ELDECO HSG & IND LTD.,NSE_EQ,EQ,ES
13643,ELECON,ELECON ENG. CO. LTD,NSE_EQ,EQ,ES
928,ELECTCAST,ELECTROSTEEL CASTINGS LTD,NSE_EQ,EQ,ES
4469,ELECTHERM,ELECTROTHERM (I) LTD.,NSE_EQ,EQ,ES
937,ELGIEQUIP,ELGI EQUIPMENTS LTD,NSE_EQ,EQ,ES
24924,ELGIRUBCO,ELGI RUBBER CO. LTD,NSE_EQ,EQ,ES
13423,ELIN,ELIN ELECTRONICS LIMITED,NSE_EQ,EQ,ES
762663,ELITECON,ELITECON INTERNATIONAL L,NSE_EQ,EQ,ES
758563,ELLEN,ELLENBARRIE INDUS GASES L,NSE_EQ,EQ,ES
4471,ELPROINTL,ELPRO INTERNATIONAL LTD,NSE_EQ,EQ,ES
13517,EMAMILTD,EMAMI LIMITED,NSE_EQ,EQ,ES
10084,EMAMIPAP,EMAMI PAPER MILLS LIMITED,NSE_EQ,BE,ES
19277,EMAMIREAL,EMAMI REALTY LIMITED,NSE_EQ,EQ,ES
14450,EMBDL,EMBASSY DEVELOPMENTS LTD,NSE_EQ,EQ,ES
24398,EMCURE,EMCURE PHARMACEUTICALS L,NSE_EQ,EQ,ES
11530,EMIL,ELECTRONICS MART IND LTD,NSE_EQ,EQ,ES
13421,EMKAY,EMKAY GLOBAL FIN SERV LTD,NSE_EQ,EQ,ES
18146,EMMBI,EMMBI INDUSTRIES LIMITED,NSE_EQ,BE,ES
759728,EMMVEE,EMMVEE PHOTOVOLTAIC PWR L,NSE_EQ,EQ,ES
764673,EMPIND,EMPIRE INDUSTRIES LTD.,NSE_EQ,EQ,ES
762670,EMPOWER,EMPOWER INDIA LTD.,NSE_EQ,EQ,ES
18593,EMSLIMITED,EMS LIMITED,NSE_EQ,EQ,ES
9756,EMUDHRA,EMUDHRA LIMITED,NSE_EQ,EQ,ES
18822,ENDURANCE,ENDURANCE TECHNO. LTD.,NSE_EQ,EQ,ES
15049,ENERGYDEV,ENERGY DEVE. CO.LTD,NSE_EQ,EQ,ES
4907,ENGINERSIN,ENGINEERS INDIA LTD,NSE_EQ,EQ,ES
13192,ENIL,ENTERTAIN NET. IND. LTD.,NSE_EQ,EQ,ES
764678,ENKEIWHEL,ENKEI WHEELS (INDIA) LTD.,NSE_EQ,EQ,ES
756871,ENRIN,SIEMENS ENERGY INDIA LTD,NSE_EQ,EQ,ES
22717,ENTERO,ENTERO HEALTHCARE SOLU L,NSE_EQ,EQ,ES
22463,EPACK,EPACK DURABLE LIMITED,NSE_EQ,EQ,ES
759251,EPACKPEB,EPACK PREFAB TECHN LTD,NSE_EQ,EQ,ES
5382,EPIGRAL,EPIGRAL LIMITED,NSE_EQ,EQ,ES
981,EPL,EPL LIMITED,NSE_EQ,EQ,ES
3553,EQUIPPP,EQUIPPP SOC IMP TECH LTD,NSE_EQ,BE,ES
913,EQUITASBNK,EQUITAS SMALL FIN BNK LTD,NSE_EQ,EQ,ES
21154,ERIS,ERIS LIFESCIENCES LIMITED,NSE_EQ,EQ,ES
955,ESABINDIA,ESAB INDIA LTD,NSE_EQ,EQ,ES
19884,ESAFSFB,ESAF SMALL FINANCE BANK L,NSE_EQ,BE,ES
958,ESCORTS,ESCORTS KUBOTA LIMITED,NSE_EQ,EQ,ES
25634,ESSARSHPNG,ESSAR SHIPPING LTD,NSE_EQ,EQ,ES
30323,ESSENTIA,INTEGRA ESSENTIA LIMITED,NSE_EQ,EQ,ES
24265,ESTER,ESTER INDUSTRIES LTD,NSE_EQ,EQ,ES
5097,ETERNAL,ETERNAL LIMITED,NSE_EQ,EQ,ES
9750,ETHOSLTD,ETHOS LIMITED,NSE_EQ,EQ,ES
25162,EUREKAFORB,EUREKA FORBES LIMITED,NSE_EQ,EQ,ES
757953,EUROBOND,EURO PANEL PRODUCTS LTD,NSE_EQ,EQ,ES
759797,EUROPRATIK,EURO PRATIK SALES LIMITED,NSE_EQ,EQ,ES
8886,EUROTEXIND,EUROTEX IND & EXPORTS LTD,NSE_EQ,BE,ES
11782,EVEREADY,EVEREADY INDS. IND.  LTD.,NSE_EQ,EQ,ES
6017,EVERESTIND,EVEREST INDUSTRIES LTD,NSE_EQ,BE,ES
11471,EXCELINDUS,EXCEL INDUSTRIES LTD,NSE_EQ,EQ,ES
760007,EXCELSOFT,EXCELSOFT TECHNOLOGIES L,NSE_EQ,EQ,ES
22947,EXICOM,EXICOM TELE SYSTEMS LTD,NSE_EQ,EQ,ES
676,EXIDEIND,EXIDE INDUSTRIES LTD,NSE_EQ,EQ,ES
17486,EXPLEOSOL,EXPLEO SOLUTIONS LIMITED,NSE_EQ,EQ,ES
5352,EXXARO,EXXARO TILES LIMITED,NSE_EQ,EQ,ES
760125,FABTECH,FABTECH TECHNOLOGIES LTD,NSE_EQ,EQ,ES
1008,FACT,FACT LTD,NSE_EQ,EQ,ES
1619,FAIRCHEMOR,FAIRCHEM ORGANICS LIMITED,NSE_EQ,BE,ES
12000,FAZE3Q,FAZE THREE LIMITED,NSE_EQ,EQ,ES
6198,FCL,FINEOTEX CHEMICAL LIMITED,NSE_EQ,EQ,ES
11999,FCSSOFT,FCS SOFTWARE SOLN. LTD.,NSE_EQ,EQ,ES
4898,FDC,FDC LIMITED,NSE_EQ,EQ,ES
762675,FEDDERSHOL,FEDDERS HOLDING LTD.,NSE_EQ,EQ,ES
1023,FEDERALBNK,FEDERAL BANK LTD,NSE_EQ,EQ,ES
20322,FEDFINA,FEDBANK FINANCIAL SER L,NSE_EQ,EQ,ES
762680,FERMENTA,FERMENTA BIOTECH LTD.,NSE_EQ,EQ,ES
8159,FIBERWEB,FIBERWEB INDIA LIMITED,NSE_EQ,EQ,ES
13710,FIEMIND,FIEM INDUSTRIES LIMITED,NSE_EQ,EQ,ES
24532,FILATEX,FILATEX INDIA LTD,NSE_EQ,EQ,ES
23647,FILATFASH,FILATEX FASHIONS LIMITED,NSE_EQ,EQ,ES
1038,FINCABLES,FINOLEX CABLES LTD,NSE_EQ,EQ,ES
3744,FINEORG,FINE ORGANIC IND. LTD.,NSE_EQ,EQ,ES
759239,FINKURVE,FINKURVE FINANCIAL SERV L,NSE_EQ,EQ,ES
6579,FINOPB,FINO PAYMENTS BANK LTD,NSE_EQ,EQ,ES
1041,FINPIPE,FINOLEX INDUSTRIES LTD,NSE_EQ,EQ,ES
24814,FIRSTCRY,BRAINBEES SOLUTIONS LTD,NSE_EQ,EQ,ES
757658,FISCHER,FISCHER MEDICAL VENTURE L,NSE_EQ,EQ,ES
12032,FIVESTAR,FIVE-STAR BUS FIN LTD,NSE_EQ,EQ,ES
20372,FLAIR,FLAIR WRITING INDUST LTD,NSE_EQ,EQ,ES
25516,FLEXITUFF,FLEXITUFF VENTURES INT L,NSE_EQ,BE,ES
13750,FLUOROCHEM,GUJARAT FLUOROCHEM LTD,NSE_EQ,EQ,ES
1190,FMGOETZE,FEDERAL-MOGUL GOETZE (IND,NSE_EQ,EQ,ES
21017,FMNL,FUTURE MKT NETWORKS LTD,NSE_EQ,EQ,ES
6839,FOCUS,FOCUS LIGHTG & FIXTRS LTD,NSE_EQ,BE,ES
6673,FOODSIN,FOODS & INNS LIMITED,NSE_EQ,EQ,ES
11573,FORCEMOT,FORCE MOTORS LIMITED,NSE_EQ,EQ,ES
14592,FORTIS,FORTIS HEALTHCARE LTD,NSE_EQ,EQ,ES
1073,FOSECOIND,FOSECO INDIA LTD,NSE_EQ,EQ,ES
760961,FRACTAL,FRACTAL ANALYTICS LIMITED,NSE_EQ,EQ,ES
764683,FREDUN,FREDUN PHARMACEUTICALS L,NSE_EQ,EQ,ES
762685,FRONTSP,FRONTIER SPRINGS LTD.,NSE_EQ,EQ,ES
14304,FSL,FIRSTSOURCE SOLU. LTD.,NSE_EQ,EQ,ES
11932,FUSION,FUSION FINANCE LIMITED,NSE_EQ,EQ,ES
1085,GABRIEL,GABRIEL INDIA LTD,NSE_EQ,EQ,ES
8828,GAEL,GUJARAT AMBUJA EXPORTS LT,NSE_EQ,EQ,ES
4717,GAIL,GAIL (INDIA) LTD,NSE_EQ,EQ,ES
25134,GALAPREC,GALA PRECISION ENG LTD,NSE_EQ,EQ,ES
1315,GALAXYSURF,GALAXY SURFACTANTS LTD,NSE_EQ,EQ,ES
13337,GALLANTT,GALLANTT ISPAT LIMITED,NSE_EQ,EQ,ES
20303,GANDHAR,GANDHAR OIL REFINE IND L,NSE_EQ,EQ,ES
14116,GANDHITUBE,GANDHI SPL. TUBES LTD,NSE_EQ,EQ,ES
6944,GANECOS,GANESHA ECOSPHERE LIMITED,NSE_EQ,EQ,ES
5617,GANESHBE,GANESH BENZOPLAST LIMITED,NSE_EQ,BE,ES
759012,GANESHCP,GANESH CONSUMER PRODUCT L,NSE_EQ,EQ,ES
14339,GANESHHOU,GANESH HOUSING LIMITED,NSE_EQ,EQ,ES
4957,GANGAFORGE,GANGA FORGING LIMITED,NSE_EQ,EQ,ES
21399,GANGESSECU,GANGES SECURITIES LIMITED,NSE_EQ,EQ,ES
1100,GARFIBRES,GARWARE TECH FIBRES LTD,NSE_EQ,EQ,ES
25800,GARUDA,GARUDA CONSTRUCT N ENG L,NSE_EQ,EQ,ES
18018,GATECH,GACM TECHNOLOGIES LIMITED,NSE_EQ,BE,ES
27,GATECHDVR,GACM TECHNOLOGIES LIMITED,NSE_EQ,BE,ES
8510,GATEWAY,GATEWAY DISTRIPARKS LTD,NSE_EQ,EQ,ES
760179,GAUDIUMIVF,GAUDIUM IVF N WOMEN H L,NSE_EQ,BE,ES
3693,GAYAHWS,GAYATRI HIGHWAYS LIMITED,NSE_EQ,EQ,ES
25027,GAYAPROJ,GAYATRI PROJECTS LTD,NSE_EQ,BE,ES
758986,GCSL,GRETEX CORPORATE SERVICES,NSE_EQ,EQ,ES
13662,GEECEE,GEECEE VENTURES LIMITED,NSE_EQ,BE,ES
17922,GEEKAYWIRE,GEEKAY WIRES LIMITED,NSE_EQ,EQ,ES
759461,GEMAROMA,GEM AROMATICS LIMITED,NSE_EQ,EQ,ES
2188,GENCON,GENERIC ENG CONS PROJ LTD,NSE_EQ,EQ,ES
10905,GENESYS,GENESYS INTL CORPN LTD,NSE_EQ,EQ,ES
6600,GENUSPAPER,GENUS P&B LIMITED,NSE_EQ,EQ,ES
11905,GENUSPOWER,GENUS POWER INFRASTRU LTD,NSE_EQ,EQ,ES
11896,GEOJITFSL,GEOJIT FINANCIAL SER L,NSE_EQ,EQ,ES
13776,GESHIP,THE GE SHPG.LTD,NSE_EQ,EQ,ES
1289,GFLLIMITED,GFL LIMITED,NSE_EQ,EQ,ES
11079,GFSTEELS,GRAND FOUNDRY LTD,NSE_EQ,BE,ES
1127,GHCL,GHCL LIMITED,NSE_EQ,EQ,ES
16696,GHCLTEXTIL,GHCL TEXTILES LIMITED,NSE_EQ,EQ,ES
1139,GICHSGFIN,GIC HOUSING FINANCE LTD,NSE_EQ,EQ,ES
761025,GICL,GLOBE INTL CARRIERS LTD,NSE_EQ,EQ,ES
277,GICRE,GENERAL INS CORP OF INDIA,NSE_EQ,EQ,ES
17839,GILLANDERS,GILLANDERS ARBUTHNOT LTD,NSE_EQ,EQ,ES
1576,GILLETTE,GILLETTE INDIA LTD,NSE_EQ,EQ,ES
9294,GINNIFILA,GINNIFILAMENTS LTD.,NSE_EQ,BE,ES
1145,GIPCL,GUJ IND POW CO. LTD,NSE_EQ,EQ,ES
764688,GKB,GKB OPHTHALMICS LTD.,NSE_EQ,EQ,ES
759048,GKENERGY,GK ENERGY LIMITED,NSE_EQ,EQ,ES
761197,GKSL,GUJARAT KIDNEY N SUP SP L,NSE_EQ,EQ,ES
17357,GKWLIMITED,GKW LIMITED,NSE_EQ,EQ,ES
1186,GLAND,GLAND PHARMA LIMITED,NSE_EQ,EQ,ES
1153,GLAXO,GLAXOSMITHKLINE PHARMA LT,NSE_EQ,EQ,ES
7406,GLENMARK,GLENMARK PHARMACEUTICALS,NSE_EQ,EQ,ES
1156,GLFL,GUJARAT LEASE FINANCING L,NSE_EQ,EQ,ES
1415,GLOBAL,GLOBAL EDUCATION LIMITED,NSE_EQ,EQ,ES
24932,GLOBALE,GLOBALE TESSILE LIMITED,NSE_EQ,EQ,ES
13735,GLOBALVECT,GLOBAL VEC HELICORP LTD,NSE_EQ,EQ,ES
393,GLOBE,GLOBE ENTERPRISE (I) LTD,NSE_EQ,EQ,ES
758572,GLOBECIVIL,GLOBE CIVIL PROJECTS LTD,NSE_EQ,EQ,ES
17424,GLOBUSSPR,GLOBUS SPIRITS LTD,NSE_EQ,EQ,ES
23590,GLOSTERLTD,GLOSTER LIMITED,NSE_EQ,EQ,ES
760116,GLOTTIS,GLOTTIS LIMITED,NSE_EQ,EQ,ES
1168,GMBREW,G M BREWERIES LTD,NSE_EQ,EQ,ES
5204,GMDCLTD,GUJARAT MINERAL DEV CORP,NSE_EQ,EQ,ES
1570,GMMPFAUDLR,GMM PFAUDLER LIMITED,NSE_EQ,EQ,ES
13528,GMRAIRPORT,GMR AIRPORTS LIMITED,NSE_EQ,EQ,ES
8529,GMRP&UI,GMR POW AND URBAN INFRA L,NSE_EQ,EQ,ES
18571,GNA,GNA AXLES LIMITED,NSE_EQ,EQ,ES
1174,GNFC,GUJ NAR VAL FER & CHEM L,NSE_EQ,EQ,ES
762690,GNRL,GUJARAT NATURAL RES L,NSE_EQ,EQ,ES
14687,GOACARBON,GOA CARBON LIMITED,NSE_EQ,EQ,ES
3963,GOCLCORP,GOCL CORPORATION LIMITED,NSE_EQ,EQ,ES
6964,GOCOLORS,GO FASHION INDIA LTD,NSE_EQ,EQ,ES
25941,GODAVARIB,GODAVARI BIOREFINERIES L,NSE_EQ,EQ,ES
1181,GODFRYPHLP,GODFREY PHILLIPS INDIA LT,NSE_EQ,EQ,ES
23799,GODIGIT,GO DIGIT GENERAL INS LTD,NSE_EQ,EQ,ES
144,GODREJAGRO,GODREJ AGROVET LIMITED,NSE_EQ,EQ,ES
10099,GODREJCP,GODREJ CONSUMER PRODUCTS,NSE_EQ,EQ,ES
10925,GODREJIND,GODREJ INDUSTRIES LTD,NSE_EQ,EQ,ES
17875,GODREJPROP,GODREJ PROPERTIES LTD,NSE_EQ,EQ,ES
11778,GOKEX,GOKALDAS EXPORTS LTD.,NSE_EQ,EQ,ES
16705,GOKUL,GOKUL REFOILS & SOLV LTD,NSE_EQ,EQ,ES
14480,GOKULAGRO,GOKUL AGRO RESOURCES LTD,NSE_EQ,EQ,ES
11971,GOLDIAM,GOLDIAM INTERNATIONAL LTD,NSE_EQ,EQ,ES
9878,GOLDTECH,AION-TECH SOLUTIONS LTD,NSE_EQ,BE,ES
6125,GOODLUCK,GOODLUCK INDIA LIMITED,NSE_EQ,EQ,ES
1205,GOODYEAR,GOODYEAR INDIA LIMITED,NSE_EQ,EQ,ES
23066,GOPAL,GOPAL SNACKS LIMITED,NSE_EQ,EQ,ES
11787,GOYALALUM,GOYAL ALUMINIUMS LIMITED,NSE_EQ,EQ,ES
13409,GPIL,GODAWARI POW & ISP LTD,NSE_EQ,EQ,ES
19731,GPPL,GUJARAT PIPAVAV PORT LTD,NSE_EQ,EQ,ES
22846,GPTHEALTH,GPT HEALTHCARE LIMITED,NSE_EQ,EQ,ES
17685,GPTINFRA,GPT INFRAPROJECTS LTD,NSE_EQ,EQ,ES
763299,GRADIENTE,GRADIENTE INFOTAINMENT L,NSE_EQ,EQ,ES
762695,GRANDOAK,GRAND OAK CANYONS DIST L,NSE_EQ,EQ,ES
11872,GRANULES,GRANULES INDIA LIMITED,NSE_EQ,EQ,ES
592,GRAPHITE,GRAPHITE INDIA LTD,NSE_EQ,EQ,ES
1232,GRASIM,GRASIM INDUSTRIES LTD,NSE_EQ,EQ,ES
5200,GRAUWEIL,GRAUER & WEIL IND LTD,NSE_EQ,EQ,ES
762700,GRAVISSHO,GRAVISS HOSPITALITY LTD.,NSE_EQ,EQ,ES
20534,GRAVITA,GRAVITA INDIA LIMITED,NSE_EQ,EQ,ES
1235,GREAVESCOT,GREAVES COTTON LTD.,NSE_EQ,EQ,ES
6848,GREENLAM,GREENLAM INDUSTRIES LTD.,NSE_EQ,EQ,ES
13810,GREENPANEL,GREENPANEL INDUSTRIES LTD,NSE_EQ,EQ,ES
3987,GREENPLY,GREENPLY INDUSTRIES LTD,NSE_EQ,EQ,ES
20110,GREENPOWER,ORIENT GREEN POWER CO LTD,NSE_EQ,EQ,ES
13560,GRINDWELL,GRINDWELL NORTON LIMITED,NSE_EQ,EQ,ES
5054,GRINFRA,G R INFRAPROJECTS LIMITED,NSE_EQ,EQ,ES
10871,GRMOVER,GRM OVERSEAS LIMITED,NSE_EQ,EQ,ES
17770,GROBTEA,THE GROB TEA COMPANY LTD,NSE_EQ,EQ,ES
759806,GROWW,BILLIONBRAINS GARAGE VN L,NSE_EQ,EQ,ES
6543,GRPLTD,GRP LIMITED,NSE_EQ,EQ,ES
5475,GRSE,GARDEN REACH SHIP&ENG LTD,NSE_EQ,EQ,ES
7982,GRWRHITECH,GARWARE HI-TECH FILMS LTD,NSE_EQ,EQ,ES
1247,GSFC,GUJ STATE FERT & CHEM LTD,NSE_EQ,EQ,ES
14599,GSLSU,GLOBAL SURFACES LIMITED,NSE_EQ,EQ,ES
762239,GSPCROP,GSP CROP SCIENCE LIMITED,NSE_EQ,EQ,ES
15347,GSS,GSS INFOTECH LIMITED,NSE_EQ,EQ,ES
1135,GTECJAINX,G-TEC JAINX EDUCATION LTD,NSE_EQ,BE,ES
1162,GTL,GTL LTD,NSE_EQ,EQ,ES
13745,GTLINFRA,GTL INFRA.LTD,NSE_EQ,EQ,ES
21195,GTPL,GTPL HATHWAY LIMITED,NSE_EQ,EQ,ES
11606,GUFICBIO,GUFIC BIOSCIENCES LTD.,NSE_EQ,EQ,ES
1267,GUJALKALI,GUJARAT ALKALIES & CHEM,NSE_EQ,EQ,ES
14677,GUJAPOLLO,GUJ. APOLLO IND. LTD.,NSE_EQ,EQ,ES
10599,GUJENERGY,GUJARAT ENERGY LIMITED,NSE_EQ,EQ,ES
4548,GUJRAFFIA,GUJARAT RAFFIA INDUST LTD,NSE_EQ,EQ,ES
29731,GUJTHEM,GUJARAT THEMIS BIOSYN LTD,NSE_EQ,EQ,ES
4391,GULFOILLUB,GULF OIL LUB. IND. LTD.,NSE_EQ,EQ,ES
11584,GULFPETRO,GP PETROLEUMS LIMITED,NSE_EQ,BE,ES
6286,GULPOLY,GULSHAN POLYOLS LIMITED,NSE_EQ,EQ,ES
13229,GVKPIL,GVK POW. & INFRA LTD.,NSE_EQ,BE,ES
7862,GVPIL,GE POWER INDIA LIMITED,NSE_EQ,EQ,ES
10865,GVPTECH,GVP INFOTECH LIMITED,NSE_EQ,EQ,ES
16783,GVT&D,GE VERNOVA T&D INDIA LTD,NSE_EQ,EQ,ES
764050,GYFTR,GYFTR LIMITED,NSE_EQ,EQ,ES
2303,HAL,HINDUSTAN AERONAUTICS LTD,NSE_EQ,EQ,ES
760715,HALDER,HALDER VENTURE LIMITED,NSE_EQ,EQ,ES
762708,HALDYNGL,HALDYN GLASS LTD.,NSE_EQ,BE,ES
21551,HALEOSLABS,HALEOS LABS LIMITED,NSE_EQ,EQ,ES
765075,HAMPTON,HAMPTON SKY REALTY LTD.,NSE_EQ,EQ,ES
48,HAPPSTMNDS,HAPPIEST MINDS TECHNO LTD,NSE_EQ,EQ,ES
20854,HAPPYFORGE,HAPPY FORGINGS LIMITED,NSE_EQ,EQ,ES
8962,HARDWYN,HARDWYN INDIA LIMITED,NSE_EQ,EQ,ES
8968,HARIOMPIPE,HARIOM PIPE INDUSTRIES L,NSE_EQ,EQ,ES
1313,HARRMALAYA,HARRISON MALAYALAM LTD,NSE_EQ,EQ,ES
11162,HARSHA,HARSHA ENGINEERS INT LTD,NSE_EQ,EQ,ES
18154,HATHWAY,HATHWAY CABLE & DATACOM,NSE_EQ,EQ,ES
3892,HATSUN,HATSUN AGRO PRODUCT LTD.,NSE_EQ,EQ,ES
9819,HAVELLS,HAVELLS INDIA LIMITED,NSE_EQ,EQ,ES
7457,HAVISHA,SRI HAVISHA HOSP & INFR L,NSE_EQ,EQ,ES
4444,HAWKINCOOK,HAWKINS COOKERS LTD,NSE_EQ,EQ,ES
764693,HAZOOR,HAZOOR MULTI PROJECTS LTD,NSE_EQ,EQ,ES
762712,HBESD,H B ESTATE DEVELOPERS L,NSE_EQ,EQ,ES
13966,HBLENGINE,HBL ENGINEERING LTD,NSE_EQ,EQ,ES
765080,HBPOR,HB PORTFOLIO LTD.,NSE_EQ,EQ,ES
4116,HBSL,HB STOCKHOLDINGS LIMITED,NSE_EQ,EQ,ES
1375,HCC,HINDUSTAN CONSTRUCTION CO,NSE_EQ,EQ,ES
15555,HCG,HEALTHCARE GLOB. ENT. LTD,NSE_EQ,EQ,ES
1327,HCL-INSYS,HCL INFOSYSTEMS LTD,NSE_EQ,EQ,ES
7229,HCLTECH,HCL TECHNOLOGIES LTD,NSE_EQ,EQ,ES
757772,HDBFS,HDB FINANCIAL SERVICES L,NSE_EQ,EQ,ES
4244,HDFCAMC,HDFC AMC LIMITED,NSE_EQ,EQ,ES
1333,HDFCBANK,HDFC BANK LTD,NSE_EQ,EQ,ES
467,HDFCLIFE,HDFC LIFE INS CO LTD,NSE_EQ,EQ,ES
19205,HEADSUP,HEADS UP VENTURES LIMITED,NSE_EQ,EQ,ES
20063,HEALTHX,HEALTH X PLATFORM LIMITED,NSE_EQ,EQ,ES
7425,HECPROJECT,HEC INFRA PROJECTS LTD,NSE_EQ,EQ,ES
1336,HEG,HEG LTD,NSE_EQ,EQ,ES
2316,HEIDELBERG,HEIDELBERGCEMENT (I) LTD,NSE_EQ,EQ,ES
701,HEMIPROP,HEMISPHERE PROP IND LTD,NSE_EQ,EQ,ES
2614,HERANBA,HERANBA INDUSTRIES LTD,NSE_EQ,EQ,ES
4598,HERITGFOOD,HERITAGE FOODS LTD,NSE_EQ,EQ,ES
1348,HEROMOTOCO,HERO MOTOCORP LIMITED,NSE_EQ,EQ,ES
7048,HESTERBIO,HESTER BIOSCIENCES LTD,NSE_EQ,EQ,ES
750116,HEXAGON,HEXAGON NUTRITION LIMITED,NSE_EQ,BE,ES
27008,HEXATRADEX,HEXA TRADEX LIMITED,NSE_EQ,EQ,ES
29666,HEXT,HEXAWARE TECHNOLOGIES LTD,NSE_EQ,EQ,ES
21951,HFCL,HFCL LIMITED,NSE_EQ,EQ,ES
1672,HGINFRA,H.G.INFRA ENGINEERING LTD,NSE_EQ,EQ,ES
13592,HGM,HANDSON GBL MNGMNT LTD,NSE_EQ,EQ,ES
14712,HGS,HINDUJA GLOBAL SOLS. LTD.,NSE_EQ,EQ,ES
9668,HIKAL,HIKAL LIMITED,NSE_EQ,EQ,ES
759103,HILINFRA,HIGHWAY INFRASTRUCTURE L,NSE_EQ,EQ,ES
14627,HILTON,HILTON METAL FORGING LTD,NSE_EQ,EQ,ES
1360,HIMATSEIDE,HIMATSINGKA SEIDE LTD,NSE_EQ,EQ,ES
764698,HINDADH,HINDUSTAN ADHESIVES LTD.,NSE_EQ,EQ,ES
1363,HINDALCO,HINDALCO  INDUSTRIES  LTD,NSE_EQ,EQ,ES
765085,HINDALUMI,HIND ALUMINIUM INDS. LTD.,NSE_EQ,EQ,ES
1372,HINDCOMPOS,HINDUSTAN COMPOSITES LTD.,NSE_EQ,EQ,ES
4920,HINDCON,HINDCON CHEMICALS LIMITED,NSE_EQ,EQ,ES
17939,HINDCOPPER,HINDUSTAN COPPER LTD,NSE_EQ,EQ,ES
1403,HINDOILEXP,HINDUSTAN OIL EXPLORATION,NSE_EQ,EQ,ES
1406,HINDPETRO,HINDUSTAN PETROLEUM CORP,NSE_EQ,EQ,ES
1394,HINDUNILVR,HINDUSTAN UNILEVER LTD.,NSE_EQ,EQ,ES
15883,HINDWAREAP,HINDWARE HME INOVATON LTD,NSE_EQ,EQ,ES
1424,HINDZINC,HINDUSTAN ZINC LIMITED,NSE_EQ,EQ,ES
13890,HIRECT,HIRECT LIMITED,NSE_EQ,EQ,ES
19322,HISARMETAL,HISAR METAL IND. LIMITED,NSE_EQ,EQ,ES
2868,HITECH,HI-TECH PIPES LIMITED,NSE_EQ,EQ,ES
15165,HITECHCORP,HITECH CORPORATION LTD,NSE_EQ,BE,ES
8568,HITECHGEAR,THE HI-TECH GEARS LIMITED,NSE_EQ,BE,ES
2289,HLEGLAS,HLE GLASCOAT LIMITED,NSE_EQ,EQ,ES
1448,HLVLTD,HLV LIMITED,NSE_EQ,EQ,ES
17053,HMAAGRO,HMA AGRO INDUSTRIES LTD,NSE_EQ,EQ,ES
19215,HMVL,HINDUSTAN MEDIA VENT LTD,NSE_EQ,BE,ES
12173,HNDFDS,HINDUSTAN FOODS LIMITED,NSE_EQ,EQ,ES
2056,HOMEFIRST,HOME FIRST FIN CO IND LTD,NSE_EQ,EQ,ES
19813,HONASA,HONASA CONSUMER LIMITED,NSE_EQ,EQ,ES
3417,HONAUT,HONEYWELL AUTOMATION IND,NSE_EQ,EQ,ES
3138,HONDAPOWER,HONDA I POWER PRODUCT LTD,NSE_EQ,EQ,ES
765356,HORIZONIND,HORIZON INDUSTRIAL PRKS L,NSE_EQ,EQ,ES
7376,HPAL,HP ADHESIVES LIMITED,NSE_EQ,EQ,ES
11796,HPIL,HINDPRAKASH INDUSTRY LTD,NSE_EQ,EQ,ES
18679,HPL,HPL ELECTRIC & POWER LTD,NSE_EQ,EQ,ES
764703,HRYNSHP,HARIYANA SHIP BREAKERS L,NSE_EQ,EQ,ES
14334,HSCL,HIMADRI SPECIALITY CHEM L,NSE_EQ,EQ,ES
11979,HTMEDIA,HT MEDIA LIMITED,NSE_EQ,EQ,ES
14203,HUBTOWN,HUBTOWN LIMITED,NSE_EQ,EQ,ES
20825,HUDCO,HSG & URBAN DEV CORPN LTD,NSE_EQ,EQ,ES
2562,HUHTAMAKI,HUHTAMAKI INDIA LIMITED,NSE_EQ,EQ,ES
12814,HYBRIDFIN,HYBRID FINANCIAL SERVICE,NSE_EQ,BE,ES
25844,HYUNDAI,HYUNDAI MOTOR INDIA LTD,NSE_EQ,EQ,ES
24999,IBULLSLTD,INDIABULLS LIMITED,NSE_EQ,EQ,ES
6977,ICDSLTD,ICDS LTD,NSE_EQ,EQ,ES
489,ICEMAKE,ICE MAKE REFRIGERAT LTD,NSE_EQ,EQ,ES
760407,ICICIAMC,ICICI PRUDENTIAL AMC LTD,NSE_EQ,EQ,ES
4963,ICICIBANK,ICICI BANK LTD.,NSE_EQ,EQ,ES
21770,ICICIGI,ICICI LOMBARD GIC LIMITED,NSE_EQ,EQ,ES
18652,ICICIPRULI,ICICI PRU LIFE INS CO LTD,NSE_EQ,EQ,ES
11987,ICIL,INDO COUNT INDUSTRIES LTD,NSE_EQ,EQ,ES
14523,ICRA,ICRA LIMITED,NSE_EQ,EQ,ES
1476,IDBI,IDBI BANK LIMITED,NSE_EQ,EQ,ES
14366,IDEA,VODAFONE IDEA LIMITED,NSE_EQ,EQ,ES
17140,IDEAFORGE,IDEAFORGE TECHNO LTD,NSE_EQ,EQ,ES
11184,IDFCFIRSTB,IDFC FIRST BANK LIMITED,NSE_EQ,EQ,ES
220,IEX,INDIAN ENERGY EXC LTD,NSE_EQ,EQ,ES
1482,IFBAGRO,IFB AGRO INDUSTRIES LTD,NSE_EQ,EQ,ES
1485,IFBIND,IFB INDUSTRIES LTD,NSE_EQ,EQ,ES
1491,IFCI,IFCI LTD,NSE_EQ,EQ,ES
436,IFGLEXPOR,IFGL REFRACTORIES LIMITED,NSE_EQ,EQ,ES
634,IGARASHI,IGARASHI MOTORS INDIA LTD,NSE_EQ,EQ,ES
757801,IGCL,INDOGULF CROPSCIENCES LTD,NSE_EQ,EQ,ES
28378,IGIL,INTL GEMOLOGICAL INST LTD,NSE_EQ,EQ,ES
11262,IGL,INDRAPRASTHA GAS LTD,NSE_EQ,EQ,ES
14086,IGPL,I G PETROCHEMICALS LTD,NSE_EQ,EQ,ES
11809,IIFL,IIFL FINANCE LIMITED,NSE_EQ,EQ,ES
13072,IIFLCAPS,IIFL CAPITAL SERVICES LTD,NSE_EQ,EQ,ES
19525,IITL,INDUSTRIAL INV TRUST LTD,NSE_EQ,EQ,ES
16822,IKIO,IKIO TECHNOLOGIES LIMITED,NSE_EQ,EQ,ES
28125,IKS,INVENTURUS KNOWLEDGE SO L,NSE_EQ,EQ,ES
7672,IMAGICAA,IMAGICAAWORLD ENT LTD,NSE_EQ,EQ,ES
19235,IMFA,INDIAN METALS & FERRO,NSE_EQ,EQ,ES
12009,IMPAL,IND MOTOR PART & ACC LTD,NSE_EQ,EQ,ES
761099,INA,INSOLATION ENERGY LIMITED,NSE_EQ,EQ,ES
17507,INCREDIBLE,INCREDIBLE INDUSTRIES LTD,NSE_EQ,EQ,ES
16933,INDBANK,INDBANK MERCH BANK,NSE_EQ,EQ,ES
23693,INDGN,INDEGENE LIMITED,NSE_EQ,EQ,ES
1512,INDHOTEL,THE INDIAN HOTELS CO. LTD,NSE_EQ,EQ,ES
1515,INDIACEM,THE INDIA CEMENTS LIMITED,NSE_EQ,EQ,ES
1521,INDIAGLYCO,INDIA GLYCOLS LTD,NSE_EQ,EQ,ES
10726,INDIAMART,INDIAMART INTERMESH LTD,NSE_EQ,EQ,ES
14309,INDIANB,INDIAN BANK,NSE_EQ,EQ,ES
4422,INDIANCARD,INDIAN CARD CLOTHING CO.,NSE_EQ,EQ,ES
1530,INDIANHUME,INDIAN HUME PIPE CO. LTD.,NSE_EQ,EQ,ES
20556,INDIASHLTR,INDIA SHELTER FIN CORP L,NSE_EQ,EQ,ES
11195,INDIGO,INTERGLOBE AVIATION LTD,NSE_EQ,EQ,ES
2048,INDIGOPNTS,INDIGO PAINTS LIMITED,NSE_EQ,EQ,ES
757845,INDIQUBE,INDIQUBE SPACES LIMITED,NSE_EQ,EQ,ES
4747,INDNIPPON,INDIA NIPPON ELECT  LTD,NSE_EQ,EQ,ES
9120,INDOAMIN,INDO AMINES LIMITED,NSE_EQ,BE,ES
8614,INDOBORAX,INDO BORAX & CHEMICAL LTD,NSE_EQ,EQ,ES
11677,INDOCO,INDOCO REMEDIES LTD.,NSE_EQ,EQ,ES
29025,INDOFARM,INDO FARM EQUIPMENT LTD,NSE_EQ,EQ,ES
764708,INDOKEM,INDOKEM LTD.,NSE_EQ,EQ,ES
764301,INDOMIM,INDO-MIM LIMITED,NSE_EQ,EQ,ES
10993,INDORAMA,INDO RAMA SYNTHETICS LTD,NSE_EQ,EQ,ES
3088,INDOSTAR,INDOSTAR CAPITAL FIN LTD,NSE_EQ,EQ,ES
13275,INDOTECH,INDO TECH TRANSFORM LTD.,NSE_EQ,EQ,ES
25608,INDOTHAI,INDO THAI SEC LTD,NSE_EQ,EQ,ES
25503,INDOUS,INDO US BIOTECH LTD,NSE_EQ,EQ,ES
14952,INDOWIND,INDOWIND ENERGY LTD,NSE_EQ,EQ,ES
762717,INDPRUD,INDUSTRIAL & PRU INV CO L,NSE_EQ,EQ,ES
4751,INDRAMEDCO,INDRAPRASTHA MEDICAL CORP,NSE_EQ,EQ,ES
4870,INDSWFTLAB,IND SWIFT LABORATORIES LT,NSE_EQ,EQ,ES
21957,INDTERRAIN,IND TERRAIN FASHIONS LTD,NSE_EQ,EQ,ES
5258,INDUSINDBK,INDUSIND BANK LIMITED,NSE_EQ,EQ,ES
29135,INDUSTOWER,INDUS TOWERS LIMITED,NSE_EQ,EQ,ES
11027,INFOBEAN,INFOBEANS TECHNO. LTD.,NSE_EQ,EQ,ES
13693,INFOMEDIA,INFOMEDIA PRESS LIMITED,NSE_EQ,EQ,ES
20072,INFRABEES,NIP IND ETF INFRA BEES,NSE_EQ,EQ,MF
1594,INFY,INFOSYS LIMITED,NSE_EQ,EQ,ES
1597,INGERRAND,INGERSOLL-RAND INDIA LTD,NSE_EQ,EQ,ES
21062,INNOVACAP,INNOVA CAPTAB LIMITED,NSE_EQ,EQ,ES
27754,INNOVANA,INNOVANA THINKLABS LTD,NSE_EQ,EQ,ES
761528,INNOVISION,INNOVISION LIMITED,NSE_EQ,EQ,ES
12188,INOXGREEN,INOX GREEN ENERGY SER LTD,NSE_EQ,EQ,ES
20607,INOXINDIA,INOX INDIA LIMITED,NSE_EQ,EQ,ES
7852,INOXWIND,INOX WIND LIMITED,NSE_EQ,EQ,ES
14657,INSECTICID,INSECTICIDES (I) LTD,NSE_EQ,EQ,ES
13734,INSPIRISYS,INSPIRISYS SOLUTIONS LTD,NSE_EQ,BE,ES
5926,INTELLECT,INTELLECT DESIGN ARENA,NSE_EQ,EQ,ES
20071,INTENTECH,INTENSE TECHNOLOGIES LTD,NSE_EQ,EQ,ES
24909,INTERARCH,INTERARCH BLDNG SOLTN LTD,NSE_EQ,EQ,ES
5606,INTLCONV,INTL CONVEYORS LIMITED,NSE_EQ,EQ,ES
24870,INVENTURE,INVENTURE GRO & SEC LTD,NSE_EQ,EQ,ES
762725,INVPRECQ,INVESTMENT & PREC CAST L,NSE_EQ,BE,ES
9348,IOB,INDIAN OVERSEAS BANK,NSE_EQ,EQ,ES
1624,IOC,INDIAN OIL CORP LTD,NSE_EQ,EQ,ES
20413,IOLCP,IOL CHEM AND PHARMA LTD,NSE_EQ,EQ,ES
1630,IONEXCHANG,ION EXCHANGE (INDIA) LTD,NSE_EQ,EQ,ES
1633,IPCALAB,IPCA LABORATORIES LTD,NSE_EQ,EQ,ES
4934,IPL,INDIA PESTICIDES LIMITED,NSE_EQ,EQ,ES
764713,IPRINGLTD,IP RINGS LTD.,NSE_EQ,EQ,ES
15313,IRB,IRB INFRA DEV LTD.,NSE_EQ,EQ,ES
4986,IRCON,IRCON INTERNATIONAL LTD,NSE_EQ,EQ,ES
13611,IRCTC,INDIAN RAIL TOUR CORP LTD,NSE_EQ,EQ,ES
20261,IREDA,INDIAN RENEWABLE ENERGY,NSE_EQ,EQ,ES
2029,IRFC,INDIAN RAILWAY FIN CORP L,NSE_EQ,EQ,ES
6489,IRIS,IRIS REGTECH SOLUTION LTD,NSE_EQ,EQ,ES
2275,IRISDOREME,IRIS CLOTHINGS LIMITED,NSE_EQ,EQ,ES
19597,IRMENERGY,IRM ENERGY LIMITED,NSE_EQ,EQ,ES
18479,ISFT,INTRASOFT TECH. LTD,NSE_EQ,EQ,ES
3329,ISGEC,ISGEC HEAVY ENG LTD,NSE_EQ,EQ,ES
30249,ISHANCH,ISHAN DYES N CHEMICALS L,NSE_EQ,EQ,ES
764718,ISTLTD,I S T LTD.,NSE_EQ,EQ,ES
1660,ITC,ITC LTD,NSE_EQ,EQ,ES
29251,ITCHOTELS,ITC HOTELS LIMITED,NSE_EQ,EQ,ES
19299,ITDC,INDIA TOUR. DEV. CO. LTD.,NSE_EQ,EQ,ES
1675,ITI,ITI LTD,NSE_EQ,EQ,ES
764723,ITL,ITL INDUSTRIES LTD.,NSE_EQ,EQ,ES
759041,IVALUE,IVALUE INFOSOLUTIONS LTD,NSE_EQ,EQ,ES
6711,IVC,IL&FS INVESTMENT MANAGERS,NSE_EQ,EQ,ES
8857,IVP,IVP LIMITED,NSE_EQ,BE,ES
762727,IWP,INDIAN WOOD PRODUCTS CO L,NSE_EQ,EQ,ES
24067,IXIGO,LE TRAVENUES TECHNOLOGY L,NSE_EQ,EQ,ES
14174,IZMO,IZMO LIMITED,NSE_EQ,EQ,ES
5633,J&KBANK,J & K BANK LTD.,NSE_EQ,EQ,ES
13211,JAGRAN,JAGRAN PRAKASHAN LIMITED,NSE_EQ,EQ,ES
4410,JAGSNPHARM,JAGSONPAL PHARMACEUTICALS,NSE_EQ,EQ,ES
11256,JAIBALAJI,JAI BALAJI INDUSTRIES LTD,NSE_EQ,EQ,ES
5143,JAICORPLTD,JAI CORP LIMITED,NSE_EQ,EQ,ES
759244,JAINREC,JAIN RESOURCE RECYCLING L,NSE_EQ,EQ,ES
5516,JAIPURKURT,NANDANI CREATION LIMITED,NSE_EQ,EQ,ES
20778,JAMNAAUTO,JAMNA AUTO IND LTD,NSE_EQ,EQ,ES
759951,JARO,JARO INS OF TEC MG N RE L,NSE_EQ,EQ,ES
13982,JASH,JASH ENGINEERING LIMITED,NSE_EQ,EQ,ES
4041,JAYAGROGN,JAYANT AGRO ORGANICS LTD,NSE_EQ,EQ,ES
1708,JAYBARMARU,JAY BHARAT MARUTI LTD,NSE_EQ,EQ,ES
760073,JAYKAY,JAYKAY ENTERPRISES LTD,NSE_EQ,EQ,ES
2331,JAYNECOIND,JAYASWAL NECO INDUSTR LTD,NSE_EQ,EQ,ES
1720,JAYSREETEA,JAYSHREE TEA & INDUSTRIES,NSE_EQ,EQ,ES
11655,JBMA,JBM AUTO LIMITED,NSE_EQ,EQ,ES
764728,JENBURPH,JENBURKT PHARMACEUTICAL L,NSE_EQ,EQ,ES
7211,JETFREIGHT,JET FREIGHT LOGISTICS LTD,NSE_EQ,EQ,ES
23056,JGCHEM,J.G.CHEMICALS LIMITED,NSE_EQ,EQ,ES
13720,JHS,JHS SVEND. LAB. LTD,NSE_EQ,EQ,ES
11743,JINDALPHOT,JINDAL PHOTO LIMITED,NSE_EQ,EQ,ES
1756,JINDALPOLY,JINDAL POLY FILMS LIMITED,NSE_EQ,EQ,ES
3024,JINDALSAW,JINDAL SAW LIMITED,NSE_EQ,EQ,ES
6733,JINDALSTEL,JINDAL STEEL LIMITED,NSE_EQ,EQ,ES
13875,JINDRILL,JINDAL DRILLING IND. LTD,NSE_EQ,EQ,ES
20642,JINDWORLD,JINDAL WORLDWIDE LTD,NSE_EQ,EQ,ES
18143,JIOFIN,JIO FIN SERVICES LTD,NSE_EQ,EQ,ES
25684,JISLDVREQS,JAIN DVR EQUITY SHARES,NSE_EQ,EQ,ES
10397,JISLJALEQS,JAIN IRRIGATION SYSTEMS,NSE_EQ,EQ,ES
19691,JITFINFRA,JITF INFRALOGISTICS LTD,NSE_EQ,EQ,ES
13270,JKCEMENT,JK CEMENT LIMITED,NSE_EQ,EQ,ES
15266,JKIL,JKUMAR INFR.LTD.,NSE_EQ,EQ,ES
759205,JKIPL,JINKUSHAL INDUSTRIES LTD,NSE_EQ,EQ,ES
13491,JKLAKSHMI,JK LAKSHMI CEMENT LTD,NSE_EQ,EQ,ES
11860,JKPAPER,JK PAPER LIMITED,NSE_EQ,EQ,ES
14435,JKTYRE,JK TYRE & INDUSTRIES LTD,NSE_EQ,EQ,ES
18553,JLHL,JUPITER LIFE LINE HOSP L,NSE_EQ,EQ,ES
7109,JMA,JULLUNDUR MOT AGENCY LTD,NSE_EQ,EQ,ES
13637,JMFINANCIL,JM FINANCIAL LIMITED,NSE_EQ,EQ,ES
23621,JNKINDIA,JNK INDIA LIMITED,NSE_EQ,EQ,ES
764408,JNPR,JUNIPER GREEN ENERGY LTD,NSE_EQ,EQ,ES
16931,JOCIL,JOCIL LIMITED,NSE_EQ,BE,ES
31507,JPOLYINVST,JIND POL INV & FIN CO LTD,NSE_EQ,EQ,ES
11763,JPPOWER,JAIPRAKASH POWER VEN. LTD,NSE_EQ,EQ,ES
22663,JSFB,JANA SMALL FIN BANK LTD,NSE_EQ,EQ,ES
11236,JSL,JINDAL STAINLESS LIMITED,NSE_EQ,EQ,ES
758115,JSLL,JEENA SIKHO LIFECARE LTD,NSE_EQ,EQ,ES
758460,JSWCEMENT,JSW CEMENT LIMITED,NSE_EQ,EQ,ES
1467,JSWDULUX,JSW DULUX LIMITED,NSE_EQ,EQ,ES
17869,JSWENERGY,JSW ENERGY LIMITED,NSE_EQ,EQ,ES
11880,JSWHL,JSW HOLDINGS LIMITED,NSE_EQ,EQ,ES
19020,JSWINFRA,JSW INFRASTRUCTURE LTD,NSE_EQ,EQ,ES
11723,JSWSTEEL,JSW STEEL LIMITED,NSE_EQ,EQ,ES
3237,JTEKTINDIA,JTEKT INDIA LIMITED,NSE_EQ,EQ,ES
7287,JTLIND,JTL INDUSTRIES LIMITED,NSE_EQ,EQ,ES
29590,JUBLCPL,JUBILANT AGRI N CON PRO L,NSE_EQ,EQ,ES
18096,JUBLFOOD,JUBILANT FOODWORKS LTD,NSE_EQ,EQ,ES
2783,JUBLINGREA,JUBILANT INGREVIA LIMITED,NSE_EQ,EQ,ES
3637,JUBLPHARMA,JUBILANT PHARMOVA LTD,NSE_EQ,EQ,ES
22824,JUNIPER,JUNIPER HOTELS LIMITED,NSE_EQ,EQ,ES
29962,JUSTDIAL,JUSTDIAL LTD.,NSE_EQ,EQ,ES
20224,JWL,JUPITER WAGONS LIMITED,NSE_EQ,EQ,ES
15146,JYOTHYLAB,JYOTHY LABS LIMITED,NSE_EQ,EQ,ES
21334,JYOTICNC,JYOTI CNC AUTOMATION LTD,NSE_EQ,EQ,ES
764733,JYOTIRES,JYOTI RESINS & ADHESIVE L,NSE_EQ,EQ,ES
1802,JYOTISTRUC,JYOTI STRUCTURES LTD,NSE_EQ,EQ,ES
1805,KABRAEXTRU,KABRA EXTRUSION TECHNIK L,NSE_EQ,EQ,ES
1808,KAJARIACER,KAJARIA CERAMICS LTD,NSE_EQ,EQ,ES
1811,KAKATCEM,KAKATIYA CEM SUGAR &IND L,NSE_EQ,EQ,ES
18755,KALAMANDIR,SAI SILKS (KALAMANDIR) L,NSE_EQ,EQ,ES
758558,KALPATARU,KALPATARU LIMITED,NSE_EQ,EQ,ES
19653,KALYANI,KALYANI COMMERCIALS LTD,NSE_EQ,BE,ES
15156,KALYANIFRG,KALYANI FORGE LIMITED,NSE_EQ,EQ,ES
2955,KALYANKJIL,KALYAN JEWELLERS IND LTD,NSE_EQ,EQ,ES
762732,KAMAHOLD,KAMA HOLDINGS LTD.,NSE_EQ,EQ,ES
764738,KAMANWALA,KAMANWALA HOUSING CONST L,NSE_EQ,EQ,ES
1826,KAMATHOTEL,KAMAT HOTELS (I) LTD,NSE_EQ,EQ,ES
13461,KAMDHENU,KAMDHENU LIMITED,NSE_EQ,BE,ES
13814,KAMOPAINTS,KAMDHENU VENTURES LIMITED,NSE_EQ,EQ,ES
25786,KANANIIND,KANANI INDUSTRIES LTD,NSE_EQ,EQ,ES
762737,KANCHI,KANCHI KARPOORAM LTD.,NSE_EQ,EQ,ES
765090,KANCOTEA,KANCO TEA & INDS. LTD.,NSE_EQ,EQ,ES
9805,KANORICHEM,KANORIACHEMICALS-,NSE_EQ,BE,ES
1782,KANPRPLA,KANPUR PLASTIPACK LIMITED,NSE_EQ,EQ,ES
1196,KANSAINER,KANSAI NEROLAC PAINTS LTD,NSE_EQ,EQ,ES
18967,KAPSTON,KAPSTON SERVICES LIMITED,NSE_EQ,EQ,ES
24385,KARMAENG,KARMA ENERGY LIMITED,NSE_EQ,EQ,ES
1838,KARURVYSYA,KARUR VYSYA BANK LTD,NSE_EQ,EQ,ES
15140,KAUSHALYA,KAUSHALYA INFRA DEV LTD.,NSE_EQ,BE,ES
15244,KAVDEFENCE,KAVVERI DFS & WIR TEC LTD,NSE_EQ,EQ,ES
10276,KAYA,KAYA LIMITED,NSE_EQ,EQ,ES
12092,KAYNES,KAYNES TECHNOLOGY IND LTD,NSE_EQ,EQ,ES
1841,KCP,KCP LTD,NSE_EQ,EQ,ES
8849,KCPSUGIND,KCPSUGARINDUS,NSE_EQ,BE,ES
14908,KDDL,KDDL LIMITED,NSE_EQ,EQ,ES
13260,KEC,KEC INTL. LIMITED,NSE_EQ,EQ,ES
18220,KECL,KIRLOSKAR ELECTRIC CO LTD,NSE_EQ,EQ,ES
778,KEEPLEARN,DSJ KEEP LEARNING LTD,NSE_EQ,EQ,ES
13310,KEI,KEI INDUSTRIES LTD.,NSE_EQ,EQ,ES
13430,KELLTONTEC,KELLTON TECH SOL LTD,NSE_EQ,EQ,ES
11841,KENNAMET,KENNAMETAL INDIA LIMITED,NSE_EQ,EQ,ES
13121,KERNEX,KERNEX MICROSYS(I) LTD,NSE_EQ,EQ,ES
4981,KESORAMIND,KESORAM INDUSTRIES LTD,NSE_EQ,BE,ES
4157,KEYFINSERV,KEYNOTE FIN SERV LTD.,NSE_EQ,EQ,ES
13359,KFINTECH,KFIN TECHNOLOGIES LIMITED,NSE_EQ,EQ,ES
433,KHADIM,KHADIM INDIA LIMITED,NSE_EQ,BE,ES
896,KHAICHEM,KHAITAN CHEM & FERT LTD,NSE_EQ,EQ,ES
3912,KHAITANLTD,KHAITAN (INDIA)LTD.,NSE_EQ,EQ,ES
9641,KHANDSE,KHANDWALA SECURITIES LTD,NSE_EQ,EQ,ES
21119,KICL,KALYANI INVEST CO LTD,NSE_EQ,EQ,ES
19941,KILITCH,KILITCH DRUGS INDIA LTD,NSE_EQ,BE,ES
4847,KIMS,KRISHNA INST OF MED SCI L,NSE_EQ,EQ,ES
18944,KINGFA,KINGFA SCI & TEC IND LTD.,NSE_EQ,EQ,ES
19126,KIOCL,KIOCL LIMITED,NSE_EQ,EQ,ES
762742,KIRANVYPAR,KIRAN VYAPAR LTD.,NSE_EQ,EQ,ES
16639,KIRIINDUS,KIRI INDUSTRIES LIMITED,NSE_EQ,EQ,ES
14466,KIRLFER,KIRLOSKAR FERROUS IND LTD,NSE_EQ,EQ,ES
18581,KIRLOSBROS,KIRLOSKAR BROTHERS LTD,NSE_EQ,EQ,ES
20936,KIRLOSENG,KIRLOSKAR OIL ENG LTD,NSE_EQ,EQ,ES
19025,KIRLOSIND,KIRLOSKAR INDUSTRIES LTD,NSE_EQ,EQ,ES
15180,KIRLPNU,KIRLOSKAR PNEUMATIC COM L,NSE_EQ,EQ,ES
763294,KISSHT,ONEMI TECHNOLOGY SOL LTD,NSE_EQ,EQ,ES
28899,KITEX,KITEX GARMENTS LTD,NSE_EQ,EQ,ES
764743,KJMCFIN,K J M C FINANCIAL SERV L,NSE_EQ,EQ,ES
13381,KKCL,KEWAL KIRAN CLOTHING LTD,NSE_EQ,EQ,ES
762747,KLBRENG-B,KILBURN ENGINEERING LTD.,NSE_EQ,EQ,ES
764748,KMCSHIL,K M C SPECIALITY HOSP I L,NSE_EQ,EQ,ES
27084,KMEW,KNOWLEDGE MARINE & EN W L,NSE_EQ,EQ,ES
14667,KMSUGAR,K M SUGAR MILLS LTD,NSE_EQ,EQ,ES
763839,KNACK,KNACK PACKAGING LIMITED,NSE_EQ,EQ,ES
760923,KNAGRI,KN AGRI RESOURCES LIMITED,NSE_EQ,EQ,ES
15283,KNRCON,KNR CONSTRU LTD.,NSE_EQ,EQ,ES
3009,KOHINOOR,KOHINOOR FOODS LIMITED,NSE_EQ,EQ,ES
16827,KOKUYOCMLN,KOKUYO CAMLIN LIMITED,NSE_EQ,EQ,ES
15124,KOLTEPATIL,KOLTE PATIL DEV. LTD.,NSE_EQ,EQ,ES
4951,KOPRAN,KOPRAN LTD,NSE_EQ,BE,ES
1922,KOTAKBANK,KOTAK MAHINDRA BANK LTD,NSE_EQ,EQ,ES
11647,KOTARISUG,KOTHARI SUG & CHEM LTD.,NSE_EQ,EQ,ES
4594,KOTHARIPET,KOTHARI PETROCHEM LTD,NSE_EQ,EQ,ES
5528,KOTHARIPRO,KOTHARI PRODUCTS LTD,NSE_EQ,EQ,ES
762752,KOTIC,KOTHARI INDUSTRIAL CORP L,NSE_EQ,EQ,ES
761337,KOTYARK,KOTYARK INDUSTRIES LTD,NSE_EQ,BE,ES
5192,KOVAI,KOVAI MEDICAL CENTER & HO,NSE_EQ,EQ,ES
27079,KPEL,K.P. ENERGY LIMITED,NSE_EQ,EQ,ES
5108,KPIGREEN,KPI GREEN ENERGY LIMITED,NSE_EQ,EQ,ES
1814,KPIL,KALPATARU PROJECT INT LTD,NSE_EQ,EQ,ES
9683,KPITTECH,KPIT TECHNOLOGIES LIMITED,NSE_EQ,EQ,ES
762757,KPL,KWALITY PHARMACEUTICALS L,NSE_EQ,EQ,ES
14912,KPRMILL,KPR MILL LTD.,NSE_EQ,EQ,ES
10577,KRBL,KRBL LIMITED,NSE_EQ,EQ,ES
1937,KREBSBIO,KREBS BIOCHEMICALS & IND,NSE_EQ,EQ,ES
11488,KRIDHANINF,KRIDHAN INFRA LIMITED,NSE_EQ,BE,ES
12847,KRISHANA,KRISHANA PHOSCHEM LIMITED,NSE_EQ,EQ,ES
756782,KRISHIVAL,KRISHIVAL FOODS LIMITED,NSE_EQ,EQ,ES
761192,KRISHNADEF,KRISHNA DEF AND ALD IND L,NSE_EQ,EQ,ES
6417,KRITI,KRITI INDUSTRIES IND LTD,NSE_EQ,EQ,ES
9288,KRITIKA,KRITIKA WIRES LIMITED,NSE_EQ,EQ,ES
11432,KRITINUT,KRITI NUTRIENTS LIMITED,NSE_EQ,EQ,ES
25643,KRN,KRN HEAT EXCHANGE N REF L,NSE_EQ,EQ,ES
24025,KRONOX,KRONOX LAB SCIENCES LTD,NSE_EQ,EQ,ES
25252,KROSS,KROSS LIMITED,NSE_EQ,EQ,ES
5359,KRSNAA,KRSNAA DIAGNOSTICS LTD,NSE_EQ,EQ,ES
23175,KRYSTAL,KRYSTAL INTEGRATED SER L,NSE_EQ,EQ,ES
1949,KSB,KSB LIMITED,NSE_EQ,EQ,ES
14972,KSCL,KAVERI SEED CO. LTD.,NSE_EQ,EQ,ES
764753,KSE,KSE LTD.,NSE_EQ,EQ,ES
760433,KSHINTL,KSH INTERNATIONAL LIMITED,NSE_EQ,EQ,ES
10407,KSHITIJPOL,KSHITIJ POLYLINE LIMITED,NSE_EQ,EQ,ES
18889,KSL,KALYANI STEELS LIMITED,NSE_EQ,EQ,ES
11060,KSOLVES,KSOLVES INDIA LIMITED,NSE_EQ,EQ,ES
759987,KSR,KSR FOOTWEAR LIMITED,NSE_EQ,EQ,ES
8054,KTKBANK,KARNATAKA BANK LIMITED,NSE_EQ,EQ,ES
13870,KUANTUM,KUANTUM PAPERS LIMITED,NSE_EQ,EQ,ES
764116,KUSUMGAR,KUSUMGAR LIMITED,NSE_EQ,EQ,ES
760946,KWIL,KWALITY WALL'S (INDIA) L,NSE_EQ,EQ,ES
764758,LADDERUP,LADDERUP FINANCE LTD.,NSE_EQ,EQ,ES
5865,LAGNAM,LAGNAM SPINTEX LIMITED,NSE_EQ,EQ,ES
762762,LAHOTIOV,LAHOTI OVERSEAS LTD.,NSE_EQ,EQ,ES
764763,LAKSHMIMIL,LAKSHMI MILLS CO. LTD.,NSE_EQ,EQ,ES
14924,LAL,LORENZINI APPARELS LTD,NSE_EQ,EQ,ES
765361,LALITHAA,LALITHAA JEWELLERY MART L,NSE_EQ,EQ,ES
11654,LALPATHLAB,DR. LAL PATH LABS LTD.,NSE_EQ,EQ,ES
6407,LAMBODHARA,LAMBODHARA TEXTILES LTD.,NSE_EQ,EQ,ES
9392,LANCER,LANCER CONTAINER LINES L,NSE_EQ,EQ,ES
23027,LANCORHOL,LANCOR HOLDINGS LIMITED,NSE_EQ,EQ,ES
13276,LANDMARK,LANDMARK CARS LIMITED,NSE_EQ,EQ,ES
17376,LANDSMILL,LANDSMILL GREEN LIMITED,NSE_EQ,EQ,ES
14423,LAOPALA,LA OPALA RG LIMITED,NSE_EQ,EQ,ES
21713,LASA,LASA SUPERGENERICS LTD,NSE_EQ,EQ,ES
764126,LASERPOWER,LASER POWER & INFRA LTD,NSE_EQ,EQ,ES
6818,LATENTVIEW,LATENT VIEW ANALYTICS LTD,NSE_EQ,EQ,ES
15840,LATTEYS,LATTEYS INDUSTRIES LTD,NSE_EQ,EQ,ES
19234,LAURUSLABS,LAURUS LABS LIMITED,NSE_EQ,EQ,ES
6568,LAXMICOT,LAXMI COTSPIN LIMITED,NSE_EQ,EQ,ES
29171,LAXMIDENTL,LAXMI DENTAL LIMITED,NSE_EQ,EQ,ES
758863,LAXMIINDIA,LAXMI INDIA FINANCE LTD,NSE_EQ,EQ,ES
7529,LCCINFOTEC,LCC INFOTECH LTD,NSE_EQ,EQ,ES
764296,LCL,LOHIA CORP LIMITED,NSE_EQ,EQ,ES
764523,LEAPIND,LEAP INDIA LIMITED,NSE_EQ,EQ,ES
765095,LEENEE,LEE & NEE SOFTWARES (E) L,NSE_EQ,EQ,ES
760300,LEMERITE,LE MERITE EXPORTS LIMITED,NSE_EQ,EQ,ES
2606,LEMONTREE,LEMON TREE HOTELS LTD,NSE_EQ,EQ,ES
759605,LENSKART,LENSKART SOLUTIONS LTD,NSE_EQ,EQ,ES
14459,LEXUS,LEXUS GRANITO (INDIA) LTD,NSE_EQ,EQ,ES
7902,LFIC,LAKSHMI FIN IND CORP LTD,NSE_EQ,EQ,ES
18321,LGBBROSLTD,LG BALAKRISHNAN & BROS,NSE_EQ,EQ,ES
760213,LGEINDIA,LG ELECTRONICS INDIA LTD,NSE_EQ,EQ,ES
19876,LGHL,LAXMI GOLDORNA HOUSE LTD,NSE_EQ,EQ,ES
11082,LIBAS,LIBAS CONSU PRODUCTS LTD,NSE_EQ,EQ,ES
1994,LIBERTSHOE,LIBERTY SHOES LTD,NSE_EQ,EQ,ES
1997,LICHSGFIN,LIC HOUSING FINANCE LTD,NSE_EQ,EQ,ES
9480,LICI,LIFE INSURA CORP OF INDIA,NSE_EQ,EQ,ES
578,LIKHITHA,LIKHITHA INFRASTRUC LTD,NSE_EQ,EQ,ES
6951,LINC,LINC LIMITED,NSE_EQ,EQ,ES
11596,LINCOLN,LINCOLN PHARMA LTD,NSE_EQ,EQ,ES
1627,LINDEINDIA,LINDE INDIA LIMITED,NSE_EQ,EQ,ES
765100,LKPSEC,L K P SECURITIES LTD.,NSE_EQ,EQ,ES
17801,LLOYDSENGG,LLOYDS ENGG WORK LIMITED,NSE_EQ,EQ,ES
25807,LLOYDSENT,LLOYDS ENTERPRISES LTD,NSE_EQ,EQ,ES
17313,LLOYDSME,LLOYDS METALS N ENERGY L,NSE_EQ,EQ,ES
1979,LMW,LMW LIMITED,NSE_EQ,EQ,ES
3220,LODHA,LODHA DEVELOPERS LIMITED,NSE_EQ,EQ,ES
13439,LOKESHMACH,LOKESH MACHINES LTD,NSE_EQ,BE,ES
18232,LORDSCHLO,LORDS CHLORO ALKALI LTD,NSE_EQ,EQ,ES
764768,LOTUSCHO,LOTUS CHOCOLATE CO. LTD.,NSE_EQ,EQ,ES
758147,LOTUSDEV,SRI LOTUS DEVLPRS N RTY L,NSE_EQ,BE,ES
16807,LOTUSEYE,LOTUS EYE HOSP & INST L,NSE_EQ,EQ,ES
22415,LOVABLE,LOVABLE LINGERIE LTD,NSE_EQ,EQ,ES
10590,LOYALTEX,LOYAL TEXTILE MILLS LTD,NSE_EQ,EQ,ES
16863,LPDC,LANDMARK PR.DEV.CO.LTD,NSE_EQ,EQ,ES
11483,LT,LARSEN & TOUBRO LTD.,NSE_EQ,EQ,ES
24948,LTF,L&T FINANCE LIMITED,NSE_EQ,EQ,ES
13816,LTFOODS,LT FOODS LIMITED,NSE_EQ,EQ,ES
17818,LTM,LTM LIMITED,NSE_EQ,EQ,ES
18564,LTTS,L&T TECHNOLOGY SER. LTD.,NSE_EQ,EQ,ES
2018,LUMAXIND,LUMAX INDUSTRIES LTD,NSE_EQ,EQ,ES
14014,LUMAXTECH,LUMAX AUTO TECH LTD,NSE_EQ,EQ,ES
10440,LUPIN,LUPIN LIMITED,NSE_EQ,EQ,ES
11301,LUXIND,LUX INDUSTRIES LIMITED,NSE_EQ,EQ,ES
2841,LXCHEM,LAXMI ORGANIC INDUS LTD,NSE_EQ,EQ,ES
7248,LYKALABS,LYKA LABS LTD.,NSE_EQ,BE,ES
2031,M&M,MAHINDRA & MAHINDRA LTD,NSE_EQ,EQ,ES
13285,M&MFIN,M&M FIN. SERVICES LTD,NSE_EQ,EQ,ES
15017,MAANALU,MAAN ALUMINIUM LIMITED,NSE_EQ,EQ,ES
22347,MACPOWER,MACPOWER CNC MACHINES LTD,NSE_EQ,EQ,ES
15151,MADHAV,MADHAV MARBLE & GRANITE,NSE_EQ,EQ,ES
762767,MADHAVIPL,MADHAV INFRA PROJECTS L,NSE_EQ,EQ,ES
13668,MADHUCON,MADHUCON PROJECTS LTD.,NSE_EQ,BE,ES
4911,MADRASFERT,MADRAS FERTILISERS LTD,NSE_EQ,EQ,ES
762772,MAFATIND,MAFATLAL INDUSTRIES LTD.,NSE_EQ,EQ,ES
21392,MAGADSUGAR,MAGADH SUGAR & ENERGY LTD,NSE_EQ,EQ,ES
14957,MAGNUM,MAGNUM VENTURES LTD.,NSE_EQ,EQ,ES
11377,MAHABANK,BANK OF MAHARASHTRA,NSE_EQ,EQ,ES
5239,MAHAPEXLTD,MAHA RASHTRA APEX COPR. L,NSE_EQ,EQ,ES
17531,MAHASTEEL,MAHAMAYA STEEL INDS LTD,NSE_EQ,BE,ES
17603,MAHEPC,MAHINDRA EPC IRRIG LTD,NSE_EQ,EQ,ES
9577,MAHESHWARI,MAHESHWARI LOGISTICS LTD.,NSE_EQ,BE,ES
8050,MAHLIFE,MAHINDRA LIFESPACE DEVLTD,NSE_EQ,EQ,ES
385,MAHLOG,MAHINDRA LOGISTIC LIMITED,NSE_EQ,EQ,ES
2085,MAHSCOOTER,MAHARASHTRA SCOOTERS LTD,NSE_EQ,EQ,ES
2088,MAHSEAMLES,MAHARASHTRA SEAMLESS LTD,NSE_EQ,EQ,ES
24538,MAITHANALL,MAITHAN ALLOYS LTD,NSE_EQ,EQ,ES
762780,MAJESAUT,MAJESTIC AUTO LTD.,NSE_EQ,BE,ES
764773,MAKERSL,MAKERS LABORATORIES LTD.,NSE_EQ,EQ,ES
7965,MALLCOM,MALLCOM (INDIA) LIMITED,NSE_EQ,EQ,ES
13352,MALUPAPER,MALU PAPER MILLS LIMITED,NSE_EQ,EQ,ES
28687,MAMATA,MAMATA MACHINERY LIMITED,NSE_EQ,EQ,ES
7420,MANAKALUCO,MANAK ALUMINIUM CO. LTD.,NSE_EQ,EQ,ES
7413,MANAKCOAT,MAN COAT METAL & IND LTD,NSE_EQ,EQ,ES
15199,MANAKSIA,MANAKSIA LTD.,NSE_EQ,EQ,ES
7463,MANAKSTEEL,MANAKSIA STEELS LTD,NSE_EQ,EQ,ES
13796,MANALIPETC,MANALI PETROCHEMICALS LT,NSE_EQ,EQ,ES
19061,MANAPPURAM,MANAPPURAM FINANCE LTD,NSE_EQ,EQ,ES
25597,MANBA,MANBA FINANCE LIMITED,NSE_EQ,EQ,ES
765105,MANBRO,MANBRO INDUSTRIES LTD.,NSE_EQ,EQ,ES
24823,MANCREDIT,MANGAL CREDIT N FINCORP L,NSE_EQ,EQ,ES
11817,MANGALAM,MANGALAM DRUG & CHEM LTD,NSE_EQ,EQ,ES
2106,MANGLMCEM,MANGALAM CEMENT LTD,NSE_EQ,EQ,ES
11884,MANINDS,MAN INDUSTRIES (I) LTD.,NSE_EQ,EQ,ES
18226,MANINFRA,MAN INFRA LTD,NSE_EQ,EQ,ES
764357,MANIPALHOS,MANIPAL HEALTH ENTERPRI L,NSE_EQ,EQ,ES
15380,MANKIND,MANKIND PHARMA LIMITED,NSE_EQ,EQ,ES
13753,MANOMAY,MANOMAY TEX INDIA LTD,NSE_EQ,EQ,ES
10227,MANORAMA,MANORAMA INDUSTRIES LTD,NSE_EQ,EQ,ES
6422,MANORG,MANGALAM ORGANICS LIMITED,NSE_EQ,EQ,ES
13575,MANUGRAPH,MANUGRAPH INDIA LIMITED,NSE_EQ,BE,ES
8167,MANYAVAR,VEDANT FASHIONS LIMITED,NSE_EQ,EQ,ES
7227,MAPMYINDIA,C.E. INFO SYSTEMS LIMITED,NSE_EQ,EQ,ES
2112,MARALOVER,MARAL OVERSEAS LTD,NSE_EQ,EQ,ES
18659,MARATHON,MARATHON NXTGEN REALT LTD,NSE_EQ,EQ,ES
4067,MARICO,MARICO LIMITED,NSE_EQ,EQ,ES
1328,MARINE,MARINE ELECTRICAL (I) LTD,NSE_EQ,EQ,ES
760204,MARKOLINES,MARKOLINES PAVEMENT TEC L,NSE_EQ,EQ,ES
10579,MARKSANS,MARKSANS PHARMA LIMITED,NSE_EQ,EQ,ES
761386,MARSONS,MARSONS LIMITED,NSE_EQ,EQ,ES
10999,MARUTI,MARUTI SUZUKI INDIA LTD.,NSE_EQ,EQ,ES
199,MASFIN,MAS FINANCIAL SERV LTD,NSE_EQ,EQ,ES
18727,MASKINVEST,MASK INVESTMENTS LIMITED,NSE_EQ,EQ,ES
2124,MASTEK,MASTEK LTD,NSE_EQ,EQ,ES
27047,MASTERTR,MASTER TRUST LIMITED,NSE_EQ,EQ,ES
21726,MATRIMONY,MATRIMONY.COM LIMITED,NSE_EQ,EQ,ES
17022,MAWANASUG,MAWANA SUGARS LIMITED,NSE_EQ,EQ,ES
19646,MAXESTATES,MAX ESTATES LIMITED,NSE_EQ,EQ,ES
22377,MAXHEALTH,MAX HEALTHCARE INS LTD,NSE_EQ,EQ,ES
22428,MAXIND,MAX INDIA LIMITED,NSE_EQ,EQ,ES
28906,MAYURUNIQ,MAYUR UNIQUOTERS LTD,NSE_EQ,EQ,ES
18870,MAZDA,MAZDA LIMITED,NSE_EQ,BE,ES
509,MAZDOCK,MAZAGON DOCK SHIPBUIL LTD,NSE_EQ,EQ,ES
12686,MBAPL,MADHYA BHARAT AGRO P. LTD,NSE_EQ,EQ,ES
758150,MBEL,M AND B ENGINEERING LTD,NSE_EQ,EQ,ES
18029,MBLINFRA,MBL INFRASTRUCTURE LTD,NSE_EQ,EQ,ES
762782,MCCHRLS-B,MAC CHARLES (INDIA) LTD.,NSE_EQ,EQ,ES
22360,MCL,M TEK COPPER LIMITED,NSE_EQ,EQ,ES
11943,MCLEODRUSS,MCLEOD RUSSEL INDIA LTD.,NSE_EQ,EQ,ES
29482,MCLOUD,MAGELLANIC CLOUD LIMITED,NSE_EQ,EQ,ES
31181,MCX,MULTI COMMODITY EXCHANGE,NSE_EQ,EQ,ES
11956,MEDANTA,GLOBAL HEALTH LIMITED,NSE_EQ,EQ,ES
21705,MEDIASSIST,MEDI ASSIST HEALTH SER L,NSE_EQ,EQ,ES
6278,MEDICAMEQ,MEDICAMEN BIOTECH LIMITED,NSE_EQ,EQ,ES
765110,MEDICAPQ,MEDI CAPS LTD.,NSE_EQ,EQ,ES
9667,MEDICO,MEDICO REMEDIES LIMITED,NSE_EQ,EQ,ES
7254,MEDPLUS,MEDPLUS HEALTH SERV LTD,NSE_EQ,EQ,ES
760229,MEESHO,MEESHO LIMITED,NSE_EQ,EQ,ES
8153,MEGASTAR,MEGASTAR FOODS LIMITED,NSE_EQ,EQ,ES
758748,MEIL,MANGAL ELECTRICAL IND L,NSE_EQ,EQ,ES
762787,MENNPIS,MENON PISTONS LTD.,NSE_EQ,EQ,ES
6971,MENONBE,MENON BEARINGS LIMITED,NSE_EQ,BE,ES
762792,MERCANTILE,MERCANTILE VENTURES LTD.,NSE_EQ,EQ,ES
763663,MERCURYEV,MERCURY EV-TECH LIMITED,NSE_EQ,EQ,ES
7242,METROBRAND,METRO BRANDS LIMITED,NSE_EQ,EQ,ES
762797,METROGLOBL,METROGLOBAL LTD.,NSE_EQ,EQ,ES
9581,METROPOLIS,METROPOLIS HEALTHCARE LTD,NSE_EQ,EQ,ES
24937,MFML,MAHALAXMI FABRIC MILLS LT,NSE_EQ,EQ,ES
2142,MFSL,MAX FINANCIAL SERV LTD,NSE_EQ,EQ,ES
1598,MGEL,MANGALAM GLOBAL ENT LTD,NSE_EQ,BE,ES
17534,MGL,MAHANAGAR GAS LTD.,NSE_EQ,EQ,ES
7889,MHLXMIRU,MAHALAXMI RUBTECH LIMITED,NSE_EQ,BE,ES
17333,MHRIL,MAHINDRA HOLIDAYS LTD,NSE_EQ,EQ,ES
7165,MICEL,MIC ELECTRONICS LTD,NSE_EQ,BE,ES
2463,MIDHANI,MISHRA DHATU NIGAM LTD,NSE_EQ,EQ,ES
759517,MIDWESTLTD,MIDWEST LIMITED,NSE_EQ,EQ,ES
764778,MIIL,MEGHNA INFRACON INFRA L,NSE_EQ,EQ,ES
765272,MILKYMIST,MILKY MIST DAIRY FOOD L,NSE_EQ,EQ,ES
765115,MINALIND,MINAL INDUSTRIES LTD.,NSE_EQ,EQ,ES
25897,MINDACORP,MINDA CORPORATION LTD,NSE_EQ,EQ,ES
18049,MINDTECK,MINDTECK (INDIA) LIMITED,NSE_EQ,EQ,ES
4394,MIRZAINT,MIRZA INTERNATIONAL LIMIT,NSE_EQ,EQ,ES
8475,MITCON,MITCON CON & ENG SER LTD,NSE_EQ,BE,ES
18562,MITTAL,MITTAL LIFE STYLE LIMITED,NSE_EQ,EQ,ES
765120,MKEXIM,M K EXIM (INDIA) LTD.,NSE_EQ,EQ,ES
16736,MKPL,M K PROTEINS LIMITED,NSE_EQ,EQ,ES
765125,MLKFOOD,MILKFOOD LTD.,NSE_EQ,EQ,ES
13844,MMFL,MM FORGINGS LTD,NSE_EQ,EQ,ES
16395,MMP,MMP INDUSTRIES LIMITED,NSE_EQ,EQ,ES
17957,MMTC,MMTC LIMITED,NSE_EQ,EQ,ES
762802,MMWL,MEDIA MATRIX WORLDWIDE L,NSE_EQ,EQ,ES
28046,MOBIKWIK,ONE MOBIKWIK SYSTEMS LTD,NSE_EQ,EQ,ES
760280,MODINATUR,MODI NATURALS LIMITED,NSE_EQ,BE,ES
2229,MODIRUBBER,MODI RUBBER LTD,NSE_EQ,EQ,ES
759752,MODIS,MODIS NAVNIRMAN LTD,NSE_EQ,EQ,ES
3325,MODISONLTD,MODISON LIMITED,NSE_EQ,BE,ES
2241,MODTHREAD,MODERN THREADS INDIA LTD,NSE_EQ,EQ,ES
765130,MOHITE,MOHITE INDUSTRIES LTD.,NSE_EQ,EQ,ES
29423,MOHITIND,MOHIT INDUSTRIES LTD,NSE_EQ,EQ,ES
20830,MOIL,MOIL LIMITED,NSE_EQ,EQ,ES
3586,MOKSH,MOKSH ORNAMENTS LIMITED,NSE_EQ,EQ,ES
5394,MOL,MEGHMANI ORGANICS LIMITED,NSE_EQ,EQ,ES
764548,MOLBIO,MOLBIO DIAGNOSTICS LTD,NSE_EQ,EQ,ES
17629,MOLDTECH,MOLD-TEK TECHNOLOGIES LTD,NSE_EQ,BE,ES
6713,MOLDTKPAC,MOLD-TEK PACKAGING LTD,NSE_EQ,EQ,ES
7679,MONARCH,MONARCH NETWORTH CAP LTD,NSE_EQ,EQ,ES
759381,MONEYBOXX,MONEYBOXX FINANCE LIMITED,NSE_EQ,EQ,ES
5938,MONTECARLO,MONTE CARLO FASHIONS LTD.,NSE_EQ,EQ,ES
2259,MOREPENLAB,MOREPEN LAB. LTD,NSE_EQ,EQ,ES
29459,MOSCHIP,MOSCHIP TECHNOLOGIES LTD,NSE_EQ,EQ,ES
4204,MOTHERSON,SAMVRDHNA MTHRSN INTL LTD,NSE_EQ,EQ,ES
14947,MOTILALOFS,MOTILAL OSWAL FIN LTD,NSE_EQ,EQ,ES
20788,MOTISONS,MOTISONS JEWELLERS LTD,NSE_EQ,EQ,ES
8793,MOTOGENFIN,MOTOR & GENERAL FINANCE L,NSE_EQ,BE,ES
765135,MPDL,MPDL LTD.,NSE_EQ,EQ,ES
4503,MPHASIS,MPHASIS LIMITED,NSE_EQ,EQ,ES
10578,MPSLTD,MPS LIMITED,NSE_EQ,EQ,ES
2277,MRF,MRF LTD,NSE_EQ,EQ,ES
2283,MRPL,MRPL,NSE_EQ,EQ,ES
764783,MSL,MANGALAM SEEDS LTD.,NSE_EQ,EQ,ES
11919,MSPL,MSP STEEL & POWER LTD.,NSE_EQ,EQ,ES
9356,MSTCLTD,MSTC LIMITED,NSE_EQ,EQ,ES
8596,MSUMI,MOTHERSON SUMI WRNG IND L,NSE_EQ,EQ,ES
2715,MTARTECH,MTAR TECHNOLOGIES LIMITED,NSE_EQ,BE,ES
31413,MTEDUCARE,MT EDUCARE LTD,NSE_EQ,BE,ES
2294,MTNL,MAHANAGAR TELEPHONE NIGAM,NSE_EQ,EQ,ES
19783,MUFIN,MUFIN GREEN FINANCE LTD,NSE_EQ,EQ,ES
20878,MUFTI,CREDO BRANDS MARKETING L,NSE_EQ,EQ,ES
11325,MUKANDLTD,MUKAND LTD.,NSE_EQ,EQ,ES
764788,MUKESHB,MUKESH BABU FINANC SER L,NSE_EQ,EQ,ES
22980,MUKKA,MUKKA PROTEINS LIMITED,NSE_EQ,EQ,ES
8691,MUKTAARTS,MUKTA ARTS LIMITED,NSE_EQ,BE,ES
13511,MUNJALAU,MUNJAL AUTO IND. LTD.,NSE_EQ,EQ,ES
2307,MUNJALSHOW,MUNJAL SHOWA LTD,NSE_EQ,EQ,ES
2313,MURUDCERA,MURUDESHWAR CERAMICS LTD,NSE_EQ,EQ,ES
10415,MUTHOOTCAP,MUTHOOT CAP SERV LTD,NSE_EQ,EQ,ES
23650,MUTHOOTFIN,MUTHOOT FINANCE LIMITED,NSE_EQ,EQ,ES
20831,MUTHOOTMF,MUTHOOT MICROFIN LIMITED,NSE_EQ,EQ,ES
764397,MVELECTRO,MV ELECTROSYSTEMS LIMITED,NSE_EQ,EQ,ES
19015,MVGJL,MANOJ VAIBHAV GEM N JEW L,NSE_EQ,EQ,ES
759169,MWL,MANGALAM WORLDWIDE LTD,NSE_EQ,EQ,ES
4377,MYSORPETRO,MYSORE PETRO CHEMICALS L,NSE_EQ,EQ,ES
20425,NACLIND,NACL INDUSTRIES LIMITED,NSE_EQ,EQ,ES
14942,NAGREEKCAP,NAGREEKA CAP & INFR.LTD,NSE_EQ,EQ,ES
14702,NAGREEKEXP,NAGREEKA EXPORTS LTD.,NSE_EQ,EQ,ES
15360,NAHARCAP,NAHAR CAP & FIN.,NSE_EQ,EQ,ES
13106,NAHARINDUS,NAHAR INDS ENT LTD,NSE_EQ,EQ,ES
14445,NAHARPOLY,NAHAR POLY FILMS LIMITED,NSE_EQ,EQ,ES
14440,NAHARSPING,NAHAR SPINNING MILLS LTD.,NSE_EQ,EQ,ES
357,NAM-INDIA,NIPPON L I A M LTD,NSE_EQ,EQ,ES
11627,NARMADA,NARMADA AGROBASE LIMITED,NSE_EQ,EQ,ES
29583,NATCAPSUQ,NATURAL CAPSULES LIMITED,NSE_EQ,EQ,ES
3918,NATCOPHARM,NATCO PHARMA LTD.,NSE_EQ,EQ,ES
11065,NATHBIOGEN,NATH BIO-GENES (I) LTD,NSE_EQ,EQ,ES
6364,NATIONALUM,NATIONAL ALUMINIUM CO LTD,NSE_EQ,EQ,ES
762807,NATIONSTD,NATIONAL STAND (INDIA) L,NSE_EQ,EQ,ES
13751,NAUKRI,INFO EDGE (I) LTD,NSE_EQ,EQ,ES
4014,NAVA,NAVA LIMITED,NSE_EQ,EQ,ES
14672,NAVINFLUOR,NAVIN FLUORINE INT. LTD,NSE_EQ,EQ,ES
10557,NAVKARCORP,NAVKAR CORPORATION LTD.,NSE_EQ,EQ,ES
29149,NAVKARURB,NAVKAR URBANSTRUCTURE LTD,NSE_EQ,BE,ES
2385,NAVNETEDUL,NAVNEET EDUCATION LTD,NSE_EQ,EQ,ES
2987,NAZARA,NAZARA TECHNOLOGIES LTD,NSE_EQ,EQ,ES
31415,NBCC,NBCC (INDIA) LIMITED,NSE_EQ,EQ,ES
19111,NBIFIN,N.B.I. IND. FIN. CO. LTD,NSE_EQ,EQ,ES
2319,NCC,NCC LIMITED,NSE_EQ,EQ,ES
14490,NCLIND,NCL INDUSTRIES LIMITED,NSE_EQ,EQ,ES
18371,NDGL,NAGA DHUNSERI GROUP LTD,NSE_EQ,EQ,ES
31258,NDL,NANDAN DENIM LIMITED,NSE_EQ,EQ,ES
14547,NDLVENTURE,NDL VENTURES LIMITED,NSE_EQ,EQ,ES
22255,NDRAUTO,NDR AUTO COMPONENTS LTD,NSE_EQ,EQ,ES
11427,NDTV,NDTV LTD,NSE_EQ,EQ,ES
762812,NEAGI,NEELAMALAI AGRO INDS. L,NSE_EQ,EQ,ES
13533,NECCLTD,NORTH EAST CARRY CORP LTD,NSE_EQ,BE,ES
11927,NECLIFE,NECTAR LIFESCIENCES LTD.,NSE_EQ,EQ,ES
14761,NELCAST,NELCAST LIMITED,NSE_EQ,EQ,ES
2388,NELCO,NELCO LTD,NSE_EQ,EQ,ES
9917,NEOGEN,NEOGEN CHEMICALS LIMITED,NSE_EQ,EQ,ES
760346,NEPHROPLUS,NEPHROCARE HEALTH SERV L,NSE_EQ,EQ,ES
15409,NESCO,NESCO LTD.,NSE_EQ,EQ,ES
17963,NESTLEIND,NESTLE INDIA LIMITED,NSE_EQ,EQ,ES
17433,NETWEB,NETWEB TECH INDIA LTD,NSE_EQ,EQ,ES
14111,NETWORK18,NETWORK18 MEDIA & INV LTD,NSE_EQ,EQ,ES
30554,NEUEON,NEUEON CORPORATION LTD,NSE_EQ,BE,ES
2406,NEULANDLAB,NEULAND LAB LTD.,NSE_EQ,EQ,ES
1164,NEWGEN,NEWGEN SOFTWARE TECH LTD,NSE_EQ,EQ,ES
9867,NEXTMEDIA,NEXT MEDIAWORKS LIMITED,NSE_EQ,EQ,ES
13925,NFL,NATIONAL FERT. LTD,NSE_EQ,EQ,ES
5401,NGIL,NAKODA GROUP OF IND. LTD,NSE_EQ,EQ,ES
10277,NGLFINE,NGL FINE CHEM LIMITED,NSE_EQ,EQ,ES
11840,NH,NARAYANA HRUDAYALAYA LTD.,NSE_EQ,EQ,ES
17400,NHPC,NHPC LTD,NSE_EQ,EQ,ES
399,NIACL,THE NEW INDIA ASSU CO LTD,NSE_EQ,EQ,ES
29487,NIBE,NIBE LIMITED,NSE_EQ,EQ,ES
29733,NIBL,NRB INDUS. BEARINGS LTD.,NSE_EQ,EQ,ES
764793,NICCOPAR,NICCO PARKS & RESORTS LTD,NSE_EQ,EQ,ES
11522,NIITLTD,NIIT LIMITED,NSE_EQ,EQ,ES
17747,NIITMTS,NIIT LEARNING SYSTEMS LTD,NSE_EQ,EQ,ES
9253,NILAINFRA,NILA INFRASTRUCTURES LTD,NSE_EQ,EQ,ES
7411,NILASPACES,NILA SPACES LIMITED,NSE_EQ,EQ,ES
762817,NILE,NILE LTD.,NSE_EQ,EQ,ES
2421,NILKAMAL,NILKAMAL LIMITED,NSE_EQ,EQ,ES
761720,NIMBSPROJ,NIMBUS PROJECTS LIMITED,NSE_EQ,EQ,ES
14194,NINSYS,NINTEC SYSTEMS LIMITED,NSE_EQ,EQ,ES
6782,NIPPOBATRY,INDO-NATIONAL LIMITED,NSE_EQ,EQ,ES
255,NIRAJ,NIRAJ CEMENT STRUC LTD,NSE_EQ,EQ,ES
18840,NIRAJISPAT,NIRAJ ISPAT IND LTD,NSE_EQ,EQ,ES
2433,NIRLON,NIRLON LTD,NSE_EQ,EQ,ES
13300,NITCO,NITCO LIMITED,NSE_EQ,EQ,ES
13175,NITINSPIN,NITIN SPINNERS LIMITED,NSE_EQ,EQ,ES
3247,NITIRAJ,NITIRAJ ENGINEERS LTD,NSE_EQ,EQ,ES
762824,NITTAGELA,NITTA GELATIN INDIA LTD.,NSE_EQ,EQ,ES
27097,NIVABUPA,NIVA BUPA HEALTH INS CO L,NSE_EQ,EQ,ES
2439,NKIND,NK INDUSTRIES LTD,NSE_EQ,EQ,ES
8585,NLCINDIA,NLC INDIA LIMITED,NSE_EQ,EQ,ES
15332,NMDC,NMDC LTD.,NSE_EQ,EQ,ES
2442,NOCIL,NOCIL LIMITED,NSE_EQ,EQ,ES
10786,NOIDATOLL,NOIDA TOLL BRIDGE CO LTD,NSE_EQ,EQ,ES
4160,NORBTEAEXP,NORBEN TEA & EXPORTS LTD,NSE_EQ,EQ,ES
25426,NORTHARC,NORTHERN ARC CAPITAL LTD,NSE_EQ,EQ,ES
22478,NOVAAGRI,NOVA AGRITECH LIMITED,NSE_EQ,BE,ES
9007,NOVARTIND,NOVARTIS INDIA LIMITED,NSE_EQ,EQ,ES
756324,NPST,NETWORK PEOPLE SRV TECH L,NSE_EQ,EQ,ES
20314,NRAIL,N R AGARWAL INDS LTD,NSE_EQ,EQ,ES
7553,NRBBEARING,NRB BEARING LIMITED,NSE_EQ,EQ,ES
13680,NRL,NUPUR RECYCLERS LIMITED,NSE_EQ,BE,ES
11239,NSIL,NALWA SONS INVESTMENT LTD,NSE_EQ,EQ,ES
14180,NSLNISP,NMDC STEEL LIMITED,NSE_EQ,EQ,ES
764798,NTCIND,N T C INDUSTRIES LTD.,NSE_EQ,EQ,ES
11630,NTPC,NTPC LTD,NSE_EQ,EQ,ES
27176,NTPCGREEN,NTPC GREEN ENERGY LIMITED,NSE_EQ,EQ,ES
10791,NUCLEUS,NUCLEUS SOFTWARE EXPORTS,NSE_EQ,EQ,ES
2353,NURECA,NURECA LIMITED,NSE_EQ,BE,ES
18721,NUVAMA,NUVAMA WEALTH MANAGE LTD,NSE_EQ,EQ,ES
5426,NUVOCO,NUVOCO VISTAS CORP LTD,NSE_EQ,EQ,ES
6545,NYKAA,FSN E COMMERCE VENTURES,NSE_EQ,EQ,ES
10768,OAL,ORIENTAL AROMATICS LTD,NSE_EQ,EQ,ES
8797,OBCL,OBCL LIMITED,NSE_EQ,EQ,ES
20242,OBEROIRLTY,OBEROI REALTY LIMITED,NSE_EQ,EQ,ES
25920,OCCLLTD,OCCL LIMITED,NSE_EQ,BE,ES
27571,ODIGMA,ODIGMA CONSULTANCY SOL L,NSE_EQ,EQ,ES
764803,ODYCORP,ODYSSEY CORPORATION LTD.,NSE_EQ,EQ,ES
10738,OFSS,ORACLE FIN SERV SOFT LTD.,NSE_EQ,EQ,ES
17438,OIL,OIL INDIA LTD,NSE_EQ,EQ,ES
8109,OILCOUNTUB,OIL COUNTRY TUBULAR LTD.,NSE_EQ,BE,ES
24777,OLAELEC,OLA ELECTRIC MOBILITY LTD,NSE_EQ,EQ,ES
10637,OLECTRA,OLECTRA GREENTECH LIMITED,NSE_EQ,EQ,ES
10922,OMAXAUTO,OMAX AUTOS LTD,NSE_EQ,EQ,ES
14853,OMAXE,OMAXE LIMITED,NSE_EQ,EQ,ES
759412,OMFREIGHT,OM FREIGHT FORWARDERS LTD,NSE_EQ,BE,ES
24231,OMINFRAL,OM INFRA LIMITED,NSE_EQ,EQ,ES
760865,OMNI,OMNITECH ENGINEERING LTD,NSE_EQ,EQ,ES
762432,OMPOWER,OM POWER TRANSMISSION LTD,NSE_EQ,EQ,ES
765242,ONEGLOBAL,ONE GLOBAL SERVICE PROV L,NSE_EQ,EQ,ES
25496,ONELIFECAP,ONELIFE CAP ADVISORS LTD,NSE_EQ,BE,ES
9939,ONEPOINT,ONE POINT ONE SOL LTD,NSE_EQ,EQ,ES
29224,ONESOURCE,ONESOURCE SPECL PHARMA L,NSE_EQ,EQ,ES
2475,ONGC,OIL AND NATURAL GAS CORP.,NSE_EQ,EQ,ES
2202,ONIDA,ONIDA ELECTRONICS LIMITED,NSE_EQ,EQ,ES
764808,ONIXSOLAR,ONIX SOLAR ENERGY LTD.,NSE_EQ,EQ,ES
15282,ONMOBILE,ONMOBILE GLOBAL LTD.,NSE_EQ,BE,ES
2481,ONWARDTEC,ONWARD TECHNOLOGIES LTD,NSE_EQ,EQ,ES
21469,OPTIEMUS,OPTIEMUS INFRACOM LTD,NSE_EQ,EQ,ES
764813,OPTIFIN,OPTIMUS FINANCE LTD.,NSE_EQ,EQ,ES
31479,ORBTEXP,ORBIT EXPORTS LIMITED,NSE_EQ,BE,ES
29492,ORCHASP,ORCHASP LIMITED,NSE_EQ,EQ,ES
926,ORCHPHARMA,ORCHID PHARMA LIMITED,NSE_EQ,EQ,ES
10159,ORICONENT,ORICON ENTERPRISES LTD,NSE_EQ,EQ,ES
14346,ORIENTALTL,ORIENTAL TRIMEX LTD,NSE_EQ,EQ,ES
14278,ORIENTBELL,ORIENT BELL LIMITED,NSE_EQ,EQ,ES
30089,ORIENTCEM,ORIENT CEMENT LTD.,NSE_EQ,EQ,ES
13111,ORIENTCER,ORIENT CERATECH LIMITED,NSE_EQ,EQ,ES
2972,ORIENTELEC,ORIENT ELECTRIC LIMITED,NSE_EQ,EQ,ES
2493,ORIENTHOT,ORIENT HOTELS LTD,NSE_EQ,EQ,ES
18211,ORIENTLTD,ORIENT PRESS LIMITED,NSE_EQ,BE,ES
2496,ORIENTPPR,ORIENT PAPER AND INDS LTD,NSE_EQ,EQ,ES
24961,ORIENTTECH,ORIENT TECHNOLOGIES LTD,NSE_EQ,EQ,ES
764818,ORIRAIL,ORIENTAL RAIL INFRA L,NSE_EQ,EQ,ES
19931,ORISSAMINE,ORISSA MIN DEV CO LTD,NSE_EQ,EQ,ES
759569,ORKLAINDIA,ORKLA INDIA LIMITED,NSE_EQ,EQ,ES
2979,ORTINGLOBE,ORTIN GLOBAL LIMITED,NSE_EQ,EQ,ES
12643,OSIAHYPER,OSIA HYPER RETAIL LIMITED,NSE_EQ,BE,ES
2514,OSWALAGRO,OSWAL AGRO MILLS LTD,NSE_EQ,EQ,ES
471,OSWALGREEN,OSWAL GREENTECH LIMITED,NSE_EQ,EQ,ES
756802,OSWALPUMPS,OSWAL PUMPS LIMITED,NSE_EQ,EQ,ES
14305,OSWALSEEDS,SHREEOSWAL S AND CHE LTD,NSE_EQ,EQ,ES
759342,PACEDIGITK,PACE DIGITEK LIMITED,NSE_EQ,EQ,ES
764823,PACIFICI,PACIFIC INDUSTRIES LTD.,NSE_EQ,EQ,ES
14413,PAGEIND,PAGE INDUSTRIES LTD,NSE_EQ,EQ,ES
25468,PAISALO,PAISALO DIGITAL LIMITED,NSE_EQ,EQ,ES
17197,PAKKA,PAKKA LIMITED,NSE_EQ,EQ,ES
21383,PALASHSECU,PALASH SECURITIES LTD,NSE_EQ,EQ,ES
17059,PALREDTEC,PALRED TECHNOLOGIES LTD,NSE_EQ,BE,ES
4055,PANACEABIO,PANACEA BIOTEC LTD,NSE_EQ,EQ,ES
16355,PANACHE,PANACHE DIGILIFE LIMITED,NSE_EQ,BE,ES
25392,PANAMAPET,PANAMA PETROCHEM LTD,NSE_EQ,EQ,ES
764828,PANCHMAHQ,PANCHMAHAL STEEL LTD.,NSE_EQ,EQ,ES
765140,PANORAMA,PANORAMA STUDIOS INTL. L,NSE_EQ,EQ,ES
6141,PANSARI,PANSARI DEVELOPERS LTD,NSE_EQ,EQ,ES
5631,PAR,PAR DRUGS AND CHEM LTD,NSE_EQ,EQ,ES
13951,PARACABLES,PARAMOUNT COMM LTD,NSE_EQ,EQ,ES
9741,PARADEEP,PARADEEP PHOSPHATES LTD,NSE_EQ,EQ,ES
17130,PARAGMILK,PARAG MILK FOODS LTD.,NSE_EQ,EQ,ES
5911,PARAS,PARAS DEF AND SPCE TECH L,NSE_EQ,EQ,ES
3972,PARASPETRO,PARAS PETROFILS LTD.,NSE_EQ,EQ,ES
760351,PARKHOSPS,PARK MEDI WORLD LIMITED,NSE_EQ,EQ,ES
22649,PARKHOTELS,PARKHOTELS,NSE_EQ,EQ,ES
764833,PARNAXLAB,PARNAX LAB LTD.,NSE_EQ,EQ,ES
13795,PARSVNATH,PARSVNATH DEVELOPER LTD,NSE_EQ,BE,ES
757955,PASHUPATI,PASHUPATI COTSPIN LIMITED,NSE_EQ,EQ,ES
6048,PASUPTAC,PASUPATI ACRYLON LIMITED,NSE_EQ,BE,ES
17029,PATANJALI,PATANJALI FOODS LIMITED,NSE_EQ,EQ,ES
11699,PATELENG,PATEL ENGINEERING LTD.,NSE_EQ,EQ,ES
759439,PATELRMART,PATEL RETAIL LIMITED,NSE_EQ,EQ,ES
15223,PATINTLOG,PATEL INT. LOG. LTD,NSE_EQ,BE,ES
759969,PAUSHAKLTD,PAUSHAK LIMITED,NSE_EQ,EQ,ES
16192,PAVNAIND,PAVNA INDUSTRIES LIMITED,NSE_EQ,EQ,ES
6705,PAYTM,ONE 97 COMMUNICATIONS LTD,NSE_EQ,EQ,ES
765145,PBMPOLY,P B M POLYTEX LTD.,NSE_EQ,EQ,ES
2649,PCBL,PCBL CHEMICAL LIMITED,NSE_EQ,EQ,ES
29124,PCJEWELLER,PC JEWELLER LTD,NSE_EQ,EQ,ES
15377,PDMJEPAPER,PUDUMJEE PAPER PRO. LTD,NSE_EQ,EQ,ES
5264,PDSL,PDS LIMITED,NSE_EQ,EQ,ES
2610,PEARLPOLY,PEARL POLYMERS LTD,NSE_EQ,EQ,ES
20621,PENIND,PENNAR INDUSTRIES LTD,NSE_EQ,EQ,ES
5358,PENINLAND,PENINSULA LAND LIMITED,NSE_EQ,BE,ES
764838,PERMAGN,PERMANENT MAGNETS LTD.,NSE_EQ,EQ,ES
18365,PERSISTENT,PERSISTENT SYSTEMS LTD,NSE_EQ,EQ,ES
11351,PETRONET,PETRONET LNG LIMITED,NSE_EQ,EQ,ES
14299,PFC,POWER FIN CORP LTD.,NSE_EQ,EQ,ES
2643,PFIZER,PFIZER LTD,NSE_EQ,EQ,ES
13496,PFOCUS,PRIME FOCUS LIMITED,NSE_EQ,EQ,ES
22602,PFS,PTC INDIA FIN SERV LTD,NSE_EQ,EQ,ES
25358,PGEL,PG ELECTROPLAST LTD,NSE_EQ,EQ,ES
2535,PGHH,P&G HYGIENE & HEALTH CARE,NSE_EQ,EQ,ES
940,PGHL,PROCTER & GAMBLE HEALTH L,NSE_EQ,EQ,ES
14260,PGIL,PEARL GLOBAL IND LIMITED,NSE_EQ,EQ,ES
14552,PHOENIXLTD,THE PHOENIX MILLS LTD,NSE_EQ,EQ,ES
2658,PHOENXINTL,PHOENIX INTERNATIONAL LTD,NSE_EQ,EQ,ES
757754,PICCADIL,PICCADILY AGRO INDUSTRI L,NSE_EQ,EQ,ES
2664,PIDILITIND,PIDILITE INDUSTRIES LTD,NSE_EQ,EQ,ES
15716,PIGL,POWER INSTRUMENT (G) LTD,NSE_EQ,EQ,ES
24184,PIIND,PI INDUSTRIES LTD,NSE_EQ,EQ,ES
11445,PILANIINVS,PILANI INV & IND COR LTD,NSE_EQ,EQ,ES
30835,PILITA,PIL ITALICA LIFESTYLE LTD,NSE_EQ,EQ,ES
759820,PINELABS,PINE LABS LIMITED,NSE_EQ,EQ,ES
13463,PIONEEREMB,PIONEER EMBROIDERIES LTD,NSE_EQ,EQ,ES
762832,PIONRINV,PIONEER INVESTCORP LTD.,NSE_EQ,BE,ES
759551,PIRAMALFIN,PIRAMAL FINANCE LIMITED,NSE_EQ,EQ,ES
14134,PITTIENG,PITTI ENGINEERING LIMITED,NSE_EQ,EQ,ES
9087,PIXTRANS,PIX TRANSMISSIONS LIMITED,NSE_EQ,EQ,ES
10321,PKTEA,THE P K TEA PROD CO LTD,NSE_EQ,EQ,ES
13920,PLASTIBLEN,PLASTIBLENDS INDIA LTD,NSE_EQ,EQ,ES
22930,PLATIND,PLATINUM INDUSTRIES LTD,NSE_EQ,EQ,ES
19458,PLAZACABLE,PLAZA WIRES LIMITED,NSE_EQ,EQ,ES
762834,PML,PAUL MERCHANTS LTD.,NSE_EQ,EQ,ES
10666,PNB,PUNJAB NATIONAL BANK,NSE_EQ,EQ,ES
8736,PNBGILTS,PNB GILTS LIMITED,NSE_EQ,EQ,ES
18908,PNBHOUSING,PNB HOUSING FIN LTD.,NSE_EQ,EQ,ES
9342,PNC,PRITISH NANDY COMMUNICATI,NSE_EQ,EQ,ES
9385,PNCINFRA,PNC INFRATECH LTD.,NSE_EQ,EQ,ES
25312,PNGJL,P N GADGIL JEWELLERS LTD,NSE_EQ,EQ,ES
760242,PNGSREVA,PNGS REVA DIAMOND JEWEL L,NSE_EQ,EQ,ES
14385,POCL,PONDY OXIDES & CHEM LTD,NSE_EQ,EQ,ES
19036,PODDARMENT,PODDAR PIGMENTS LIMITED,NSE_EQ,EQ,ES
764845,POEL,P O C L ENTERPRISES LTD.,NSE_EQ,EQ,ES
17651,POKARNA,POKARNA LIMITED,NSE_EQ,EQ,ES
6656,POLICYBZR,PB FINTECH LIMITED,NSE_EQ,EQ,ES
9590,POLYCAB,POLYCAB INDIA LIMITED,NSE_EQ,EQ,ES
25718,POLYMED,POLY MEDICURE LIMITED,NSE_EQ,EQ,ES
2687,POLYPLEX,POLYPLEX CORPORATION LTD,NSE_EQ,EQ,ES
765150,POLYSPIN,POLYSPIN EXPORTS LTD.,NSE_EQ,EQ,ES
10661,PONNIERODE,PONNIE SUGARS (ERODE) LTD,NSE_EQ,EQ,ES
11403,POONAWALLA,POONAWALLA FINCORP LTD,NSE_EQ,EQ,ES
14977,POWERGRID,POWER GRID CORP. LTD.,NSE_EQ,EQ,ES
761680,POWERICA,POWERICA LIMITED,NSE_EQ,EQ,ES
18457,POWERINDIA,HITACHI ENERGY INDIA LTD,NSE_EQ,EQ,ES
10473,POWERMECH,POWER MECH PROJECTS LTD.,NSE_EQ,EQ,ES
15213,PPAP,PPAP AUTOMOTIVE LIMITED,NSE_EQ,BE,ES
10299,PPL,PRAKASH PIPES LIMITED,NSE_EQ,BE,ES
11571,PPLPHARMA,PIRAMAL PHARMA LIMITED,NSE_EQ,EQ,ES
30134,PRABHA,PRABHA ENERGY LIMITED,NSE_EQ,EQ,ES
762842,PRADPME,PRADEEP METALS LTD.,NSE_EQ,BE,ES
13941,PRAENG,PRAJAY ENG. SYN. LTD.,NSE_EQ,EQ,ES
2705,PRAJIND,PRAJ INDUSTRIES LTD,NSE_EQ,EQ,ES
2708,PRAKASH,PRAKASH INDUSTRIES LTD,NSE_EQ,EQ,ES
19599,PRAKASHSTL,PRAKASH STEELAGE LTD,NSE_EQ,EQ,ES
762844,PRAVEG,PRAVEG LTD.,NSE_EQ,EQ,ES
1204,PRAXIS,PRAXIS HOME RETAIL LTD,NSE_EQ,EQ,ES
12603,PRECAM,PRECISION CAMSHAFTS LTD.,NSE_EQ,EQ,ES
2711,PRECOT,PRECOT LIMITED,NSE_EQ,EQ,ES
2717,PRECWIRE,PRECISION WIRES INDIA LTD,NSE_EQ,EQ,ES
762849,PREMCO,PREMCO GLOBAL LTD.,NSE_EQ,EQ,ES
17397,PREMEXPLN,PREMIER EXPLOSIVES LTD,NSE_EQ,EQ,ES
6248,PREMIER,PREMIER LIMITED,NSE_EQ,BE,ES
25049,PREMIERENE,PREMIER ENERGIES LIMITED,NSE_EQ,EQ,ES
3908,PREMIERPOL,PREMIER POLYFILM LTD,NSE_EQ,EQ,ES
20302,PRESTIGE,PRESTIGE ESTATE LTD,NSE_EQ,EQ,ES
19631,PRICOLLTD,PRICOL LIMITED,NSE_EQ,EQ,ES
11864,PRIMESECU,PRIME SECURITIES LIMITED,NSE_EQ,EQ,ES
756925,PRIMO,PRIMO CHEMICALS LIMITED,NSE_EQ,EQ,ES
16045,PRINCEPIPE,PRINCE PIPES FITTINGS LTD,NSE_EQ,EQ,ES
765155,PRISMX,PRISMX GLOBAL VENTURES L,NSE_EQ,EQ,ES
8310,PRITI,PRITI INTERNATIONAL LTD,NSE_EQ,BE,ES
5296,PRITIKAUTO,PRITIKA AUTO INDUS LTD,NSE_EQ,BE,ES
8825,PRIVISCL,PRIVI SPECIALITY CHE LTD,NSE_EQ,EQ,ES
758173,PROSTARM,PROSTARM INFO SYSTEMS LTD,NSE_EQ,EQ,ES
29472,PROTEAN,PROTEAN EGOV TECHNO LTD,NSE_EQ,EQ,ES
28859,PROZONER,PROZONE REALTY LIMITED,NSE_EQ,EQ,ES
2739,PRSMJOHNSN,PRISM JOHNSON LIMITED,NSE_EQ,EQ,ES
9553,PRUDENT,PRUDENT CORP ADV SER LTD,NSE_EQ,EQ,ES
20528,PRUDMOULI,PRUDENTIAL SUGAR CORPORAT,NSE_EQ,BE,ES
21001,PSB,PUNJAB & SIND BANK,NSE_EQ,EQ,ES
20877,PSPPROJECT,PSP PROJECTS LIMITED,NSE_EQ,EQ,ES
11355,PTC,PTC INDIA LIMITED,NSE_EQ,EQ,ES
16682,PTCIL,PTC INDUSTRIES LIMITED,NSE_EQ,EQ,ES
14101,PTL,PTL ENTERPRISES LTD,NSE_EQ,EQ,ES
4344,PUNJABCHEM,PUNJAB CHEM & CROP PROT L,NSE_EQ,EQ,ES
14922,PURVA,PURAVANKARA LIMITED,NSE_EQ,EQ,ES
4010,PVP,PVP VENTURES LIMITED,NSE_EQ,EQ,ES
13147,PVRINOX,PVR INOX LIMITED,NSE_EQ,EQ,ES
23142,PVSL,POPULAR VEHICLES N SER L,NSE_EQ,EQ,ES
759723,PWL,PHYSICSWALLAH LIMITED,NSE_EQ,EQ,ES
18250,PYRAMID,PYRAMID TECHNOPLAST LTD,NSE_EQ,EQ,ES
751653,QMSMEDI,QMS MEDICAL ALLIED S LTD,NSE_EQ,BE,ES
29711,QPOWER,QUALITY POWER ELEC EQUP L,NSE_EQ,EQ,ES
29087,QUADFUTURE,QUADRANT FUTURE TEK LTD,NSE_EQ,EQ,ES
17704,QUESS,QUESS CORP LIMITED,NSE_EQ,EQ,ES
13131,QUICKHEAL,QUICK HEAL TECH LTD,NSE_EQ,BE,ES
762854,QUINT,QUINT DIGITAL LTD.,NSE_EQ,EQ,ES
9376,QUINTEGRA,QUINTEGRA SOLUTIONS LTD.,NSE_EQ,BE,ES
15391,RACE,RACE ECO CHAIN LIMITED,NSE_EQ,EQ,ES
27171,RACLGEAR,RACL GEARTECH LIMITED,NSE_EQ,EQ,ES
10932,RADAAN,RADAAN MEDIAWORKS (I) LTD,NSE_EQ,EQ,ES
10343,RADHIKAJWE,RADHIKA JEWELTECH LIMITED,NSE_EQ,EQ,ES
13580,RADIANTCMS,RADIANT CASH MGMT SER LTD,NSE_EQ,EQ,ES
10990,RADICO,RADICO KHAITAN LTD,NSE_EQ,EQ,ES
19877,RADIOCITY,MUSIC BROADCAST LIMITED,NSE_EQ,EQ,ES
2431,RAILTEL,RAILTEL CORP OF IND LTD,NSE_EQ,EQ,ES
15337,RAIN,RAIN INDUSTRIES LIMITED,NSE_EQ,EQ,ES
9408,RAINBOW,RAINBOW CHILDRENS MED LTD,NSE_EQ,EQ,ES
2168,RAJMET,RAJNANDINI METAL LIMITED,NSE_EQ,EQ,ES
757052,RAJOOENG,RAJOO ENGINEERS LIMITED,NSE_EQ,BE,ES
762859,RAJPALAYAM,RAJAPALAYAM MILLS LTD.,NSE_EQ,EQ,ES
18962,RAJRATAN,RAJRATAN GLOBAL WIRE LTD,NSE_EQ,EQ,ES
8428,RAJRILTD,RAJ RAYON INDUSTRIES LTD,NSE_EQ,BE,ES
2809,RAJSREESUG,RAJSHREE SUGAR & CHEMICAL,NSE_EQ,EQ,ES
14403,RAJTV,RAJ TV NETWORK LTD,NSE_EQ,EQ,ES
2816,RALLIS,RALLIS INDIA LTD,NSE_EQ,EQ,ES
13565,RAMANEWS,SHREE RAMA NEWSPRINT LTD,NSE_EQ,EQ,ES
10568,RAMAPHO,RAMA PHOSPHATES LIMITED,NSE_EQ,EQ,ES
10304,RAMASTEEL,RAMA STEEL TUBES LIMITED,NSE_EQ,BE,ES
762227,RAMBHAJO,ADVIT JEWELS LIMITED,NSE_EQ,EQ,ES
2043,RAMCOCEM,THE RAMCO CEMENTS LIMITED,NSE_EQ,EQ,ES
4587,RAMCOIND,RAMCO INDUSTRIES LIMITED,NSE_EQ,EQ,ES
7851,RAMCOSYS,RAMCO SYSTEMS LTD.,NSE_EQ,EQ,ES
20134,RAMKY,RAMKY INFRA LTD,NSE_EQ,EQ,ES
10485,RAMRAT,RAM RATNA WIRES LIMITED,NSE_EQ,EQ,ES
2837,RANASUG,RANA SUGARS LTD.,NSE_EQ,EQ,ES
2844,RANEHOLDIN,RANE HOLDINGS LIMITED,NSE_EQ,EQ,ES
7177,RATEGAIN,RATEGAIN TRAVEL TECHN LTD,NSE_EQ,EQ,ES
13451,RATNAMANI,RATNAMANI MET & TUB LTD.,NSE_EQ,EQ,ES
18423,RATNAVEER,RATNAVEER PRECISION ENG L,NSE_EQ,EQ,ES
2859,RAYMOND,RAYMOND LTD,NSE_EQ,EQ,ES
25073,RAYMONDLSL,RAYMOND LIFESTYLE LIMITED,NSE_EQ,EQ,ES
758551,RAYMONDREL,RAYMOND REALTY LIMITED,NSE_EQ,EQ,ES
1494,RBA,RESTAURANT BRAND ASIA LTD,NSE_EQ,EQ,ES
18391,RBLBANK,RBL BANK LIMITED,NSE_EQ,EQ,ES
20874,RBZJEWEL,RBZ JEWELLERS LIMITED,NSE_EQ,EQ,ES
2866,RCF,RASHTRIYA CHEMICALS & FER,NSE_EQ,EQ,ES
13188,RCOM,RELIANCE COMMUNICATIONS L,NSE_EQ,BE,ES
15355,RECLTD,REC LIMITED,NSE_EQ,EQ,ES
14255,REDINGTON,REDINGTON LIMITED,NSE_EQ,EQ,ES
17859,REDTAPE,REDTAPE LIMITED,NSE_EQ,EQ,ES
17764,REFEX,REFEX INDUSTRIES LIMITED,NSE_EQ,EQ,ES
758680,REGAAL,REGAAL RESOURCES LIMITED,NSE_EQ,EQ,ES
4130,REGENCERAM,REGENCY CERAMICS LTD.,NSE_EQ,EQ,ES
24225,RELAXO,RELAXO FOOT LTD.,NSE_EQ,EQ,ES
9652,RELCHEMQ,RELIANCE CHEMOTEX IND LTD,NSE_EQ,EQ,ES
24378,RELIABLE,RELIABLE DATA SERVICE LTD,NSE_EQ,EQ,ES
2885,RELIANCE,RELIANCE INDUSTRIES LTD,NSE_EQ,EQ,ES
15068,RELIGARE,RELIGARE ENTER. LTD.,NSE_EQ,EQ,ES
4791,RELINFRA,RELIANCE INFRASTRUCTU LTD,NSE_EQ,BE,ES
24596,RELTD,RAVINDRA ENERGY LIMITED,NSE_EQ,EQ,ES
3965,REMSONSIND,REMSONS INDUSTRIES LTD,NSE_EQ,EQ,ES
12026,RENUKA,SHREE RENUKA SUGARS LTD,NSE_EQ,EQ,ES
29598,REPCOHOME,REPCO HOME FINANCE LTD,NSE_EQ,EQ,ES
1486,REPL,RUDRABHISHEK ENTERP LTD,NSE_EQ,BE,ES
13126,REPRO,REPRO INDIA LIMITED,NSE_EQ,EQ,ES
20323,RESPONIND,RESPONSIVE INDUSTRIES LTD,NSE_EQ,EQ,ES
24145,RETAIL,JHS SVENDGAARD RETAIL V L,NSE_EQ,EQ,ES
15129,RGL,RENAISSANCE GLOBAL LTD,NSE_EQ,EQ,ES
759062,RHETAN,RHETAN TMT LIMITED,NSE_EQ,EQ,ES
31163,RHIM,RHI MAGNESITA INDIA LTD,NSE_EQ,EQ,ES
15157,RHL,ROBUST HOTELS LIMITED,NSE_EQ,EQ,ES
2909,RICOAUTO,RICO AUTO INDUSTRIES LTD,NSE_EQ,EQ,ES
2912,RIIL,RELIANCE INDUSTRIAL INFRA,NSE_EQ,EQ,ES
764121,RIR,RIR POWER ELECTRONICS L,NSE_EQ,EQ,ES
18417,RISHABH,RISHABH INSTRUMENTS LTD,NSE_EQ,EQ,ES
8944,RITCO,RITCO LOGISTICS LIMITED,NSE_EQ,EQ,ES
3761,RITES,RITES LIMITED,NSE_EQ,EQ,ES
20950,RKDL,RAVI KUMAR DIST. LTD.,NSE_EQ,EQ,ES
1547,RKEC,RKEC PROJECTS LIMITED,NSE_EQ,EQ,ES
11411,RKFORGE,RAMKRISHNA FORGINGS LTD,NSE_EQ,EQ,ES
23043,RKSWAMY,R K SWAMY LIMITED,NSE_EQ,EQ,ES
762346,RMC,RMC SWITCHGEARS LIMITED,NSE_EQ,EQ,ES
757836,RMDRIP,R M DRIP & SPRINK SYS LTD,NSE_EQ,BE,ES
11975,RML,RANE (MADRAS) LIMITED,NSE_EQ,EQ,ES
758981,RNBDENIMS,R&B DENIMS LIMITED,NSE_EQ,EQ,ES
13182,ROHLTD,ROYAL ORCHID HOTELS LTD,NSE_EQ,EQ,ES
5279,ROLEXRINGS,ROLEX RINGS LIMITED,NSE_EQ,EQ,ES
19108,ROLLT,ROLLATAINERS LIMITED,NSE_EQ,BE,ES
359,ROML,RAJ OIL MILLS LIMITED,NSE_EQ,EQ,ES
19410,ROSSARI,ROSSARI BIOTECH LIMITED,NSE_EQ,EQ,ES
28913,ROSSELLIND,ROSSELL INDIA LIMITED,NSE_EQ,EQ,ES
27353,ROSSTECH,ROSSELL TECHSYS LIMITED,NSE_EQ,EQ,ES
9049,ROTO,ROTO PUMPS LIMITED,NSE_EQ,EQ,ES
128,ROUTE,ROUTE MOBILE LIMITED,NSE_EQ,EQ,ES
24735,RPEL,RAGHAV PRODUCTIVITY ENH L,NSE_EQ,EQ,ES
16725,RPGLIFE,RPG LIFE SCIENCES LTD,NSE_EQ,EQ,ES
15259,RPOWER,RELIANCE POWER LTD.,NSE_EQ,EQ,ES
20760,RPPINFRA,R.P.P INFRA PROJECTS LTD,NSE_EQ,EQ,ES
6915,RPPL,RAJSHREE POLYPACK LTD,NSE_EQ,BE,ES
8119,RPSGVENT,RPSG VENTURES LIMITED,NSE_EQ,EQ,ES
22670,RPTECH,RASHI PERIPHERALS LIMITED,NSE_EQ,EQ,ES
764850,RRECL,RDB REAL ESTATE CONS L,NSE_EQ,EQ,ES
762864,RRIL,R R I L LTD.,NSE_EQ,EQ,ES
18566,RRKABEL,R R KABEL LIMITED,NSE_EQ,EQ,ES
762872,RSDFIN,R S D FINANCE LTD.,NSE_EQ,BE,ES
761439,RSL,RAJPUTANA STAINLESS LTD,NSE_EQ,EQ,ES
6429,RSSOFTWARE,R. S. SOFTWARE (INDIA) LI,NSE_EQ,EQ,ES
7292,RSWM,RSWM LIMITED,NSE_EQ,BE,ES
13414,RSYSTEMS,R SYS INTERNATIONAL LTD,NSE_EQ,EQ,ES
27297,RTNINDIA,RATTANINDIA ENT LIMITED,NSE_EQ,EQ,ES
17520,RTNPOWER,RATTANINDIA POWER LIMITED,NSE_EQ,EQ,ES
764855,RTSPOWR,R T S POWER CORPN. LTD.,NSE_EQ,EQ,ES
24730,RUBFILA,RUBFILA INTERNATIONAL LTD,NSE_EQ,EQ,ES
759316,RUBICON,RUBICON RESEARCH LIMITED,NSE_EQ,EQ,ES
10123,RUBYMILLS,THE RUBY MILLS LTD,NSE_EQ,BE,ES
4566,RUCHINFRA,RUCHI INFRASTRUCTURE LTD,NSE_EQ,EQ,ES
13821,RUCHIRA,RUCHIRA PAPERS LIMITED,NSE_EQ,EQ,ES
760392,RUDRA,RUDRA GLOBAL INFRA PROD L,NSE_EQ,EQ,ES
25724,RUPA,RUPA & COMPANY LTD,NSE_EQ,EQ,ES
24595,RUSHIL,RUSHIL DECOR LIMITED,NSE_EQ,EQ,ES
12219,RUSTOMJEE,KEYSTONE REALTORS LIMITED,NSE_EQ,EQ,ES
1565,RVHL,RAVINDER HEIGHTS LIMITED,NSE_EQ,EQ,ES
9552,RVNL,RAIL VIKAS NIGAM LIMITED,NSE_EQ,EQ,ES
25157,RVTH,REVATHI EQUIPMENT INDIA L,NSE_EQ,EQ,ES
2951,S&SPOWER,S&S POWER SWITCHGEARS LTD,NSE_EQ,EQ,ES
759057,SAATVIKGL,SAATVIK GREEN ENERGY LTD,NSE_EQ,EQ,ES
764860,SAB,S A B INDUSTRIES LTD.,NSE_EQ,EQ,ES
13236,SADBHAV,SADBHAV ENGINEERING LTD,NSE_EQ,EQ,ES
10622,SADBHIN,SADBHAV INFRA PROJ LTD.,NSE_EQ,BE,ES
15349,SADHNANIQ,SADHANA NITROCHEM LIMITED,NSE_EQ,BE,ES
13035,SAFARI,SAFARI IND (INDIA) LTD,NSE_EQ,EQ,ES
8175,SAGARDEEP,SAGARDEEP ALLOYS LIMITED,NSE_EQ,EQ,ES
14068,SAGCEM,SAGAR CEMENTS LIMITED,NSE_EQ,EQ,ES
27052,SAGILITY,SAGILITY LIMITED,NSE_EQ,EQ,ES
761688,SAHLIBHFI,SHALIBHADRA FINANCE LTD,NSE_EQ,EQ,ES
14900,SAHYADRI,SAHYADRI INDUSTRIES LTD,NSE_EQ,EQ,ES
764865,SAICAPI,SAI CAPITAL LTD.,NSE_EQ,EQ,ES
2963,SAIL,STEEL AUTHORITY OF INDIA,NSE_EQ,EQ,ES
27839,SAILIFE,SAI LIFE SCIENCES LIMITED,NSE_EQ,EQ,ES
761675,SAIPARENT,SAI PARENTERALS LIMITED,NSE_EQ,EQ,ES
9539,SAKAR,SAKAR HEALTHCARE LIMITED,NSE_EQ,EQ,ES
2969,SAKHTISUG,SAKTHI SUGARS LTD,NSE_EQ,EQ,ES
11794,SAKSOFT,SAKSOFT LIMITED,NSE_EQ,EQ,ES
13251,SAKUMA,SAKUMA EXPORTS LIMITED,NSE_EQ,EQ,ES
21362,SALASAR,SALASAR TECHNO ENGG. LTD.,NSE_EQ,EQ,ES
17351,SALONA,SALONA COTSPIN LTD.,NSE_EQ,EQ,ES
11634,SALSTEEL,S.A.L. STEEL LTD.,NSE_EQ,EQ,ES
11399,SALZERELEC,SALZER ELECTRONICS LTD,NSE_EQ,EQ,ES
764870,SAMBANDAM,SAMBANDAM SPINNING MILL L,NSE_EQ,EQ,ES
4127,SAMBHAAV,SAMBHAAV MEDIA LTD,NSE_EQ,EQ,ES
757767,SAMBHV,SAMBHV STEEL TUBES LTD,NSE_EQ,EQ,ES
18614,SAMHI,SAMHI HOTELS LIMITED,NSE_EQ,EQ,ES
30125,SAMMAANCAP,SAMMAAN CAPITAL LIMITED,NSE_EQ,EQ,ES
27303,SAMPANN,SAMPANN UTPADAN INDIA LTD,NSE_EQ,EQ,ES
28805,SANATHAN,SANATHAN TEXTILES LIMITED,NSE_EQ,EQ,ES
2988,SANDESH,SANDESH LTD,NSE_EQ,EQ,ES
2397,SANDHAR,SANDHAR TECHNOLOGIES LTD,NSE_EQ,EQ,ES
18359,SANDUMA,SANDUR MANG & IRON ORES L,NSE_EQ,EQ,ES
4184,SANGAMIND,SANGAM (INDIA) LTD,NSE_EQ,EQ,ES
14058,SANGHVIMOV,SANGHVI MOVERS LTD,NSE_EQ,EQ,ES
11033,SANGINITA,SANGINITA CHEMICALS LTD,NSE_EQ,BE,ES
1442,SANOFI,SANOFI INDIA LIMITED,NSE_EQ,EQ,ES
25222,SANOFICONR,SANOFI CONS HEALTHC IND L,NSE_EQ,EQ,ES
5751,SANSERA,SANSERA ENGINEERING LTD,NSE_EQ,EQ,ES
24582,SANSTAR,SANSTAR LIMITED,NSE_EQ,EQ,ES
6718,SAPPHIRE,SAPPHIRE FOODS INDIA LTD,NSE_EQ,EQ,ES
762874,SAPPL,SHREE AJIT PULP & PAPER L,NSE_EQ,EQ,ES
17758,SARDAEN,SARDA ENERGY & MIN LTD,NSE_EQ,EQ,ES
4892,SAREGAMA,SAREGAMA INDIA LIMITED,NSE_EQ,EQ,ES
14043,SARLAPOLY,SARLA PERF. FIBERS LTD,NSE_EQ,EQ,ES
12913,SARVESHWAR,SARVESHWAR FOODS LIMITED,NSE_EQ,EQ,ES
11983,SASKEN,SASKEN TECHNOLOGIES LTD,NSE_EQ,EQ,ES
11045,SATIA,SATIA INDUSTRIES LIMITED,NSE_EQ,EQ,ES
10453,SATIN,SATIN CREDIT NET LTD,NSE_EQ,EQ,ES
3018,SAURASHCEM,SAURASHTRA CEMENT LIMITED,NSE_EQ,EQ,ES
762879,SAYAJIHOTL,SAYAJI HOTELS LTD.,NSE_EQ,EQ,ES
764875,SAYAJIIND,SAYAJI INDUSTRIES LTD.,NSE_EQ,EQ,ES
6792,SBC,SBC EXPORTS LIMITED,NSE_EQ,EQ,ES
4656,SBCL,SHIVALIK BIMETAL CON. LTD,NSE_EQ,EQ,ES
18026,SBFC,SBFC FINANCE LIMITED,NSE_EQ,EQ,ES
14139,SBGLP,SURATWWALA BUS GROUP LTD,NSE_EQ,EQ,ES
17971,SBICARD,SBI CARDS & PAY SER LTD,NSE_EQ,EQ,ES
764173,SBIFUNDS,SBI FUNDS MANAGEMENT LTD,NSE_EQ,EQ,ES
21808,SBILIFE,SBI LIFE INSURANCE CO LTD,NSE_EQ,EQ,ES
3045,SBIN,STATE BANK OF INDIA,NSE_EQ,EQ,ES
762887,SCANSTL,SCAN STEELS LTD.,NSE_EQ,BE,ES
1011,SCHAEFFLER,SCHAEFFLER INDIA LIMITED,NSE_EQ,EQ,ES
20698,SCHAND,S CHAND AND COMPANY LTD,NSE_EQ,EQ,ES
31234,SCHNEIDER,SCHNEIDER ELECTRIC INFRA,NSE_EQ,EQ,ES
3048,SCI,SHIPPING CORP OF INDIA LT,NSE_EQ,EQ,ES
23127,SCILAL,SHIPPING CORP OF ILA LTD,NSE_EQ,EQ,ES
757478,SCODATUBES,SCODA TUBES LIMITED,NSE_EQ,EQ,ES
12081,SCPL,SHEETAL COOL PRODUCTS LTD,NSE_EQ,BE,ES
1338,SDBL,SOM DIST & BREW LTD,NSE_EQ,EQ,ES
2616,SEAMECLTD,SEAMEC LIMITED,NSE_EQ,EQ,ES
19496,SECMARK,SECMARK CONSULTANCY LTD,NSE_EQ,EQ,ES
11058,SECURKLOUD,SECUREKLOUD TECH LIMITED,NSE_EQ,EQ,ES
761153,SEDEMAC,SEDEMAC MECHATRONICS LTD,NSE_EQ,EQ,ES
762889,SEIL,SHANTI EDU INITIATIVES L,NSE_EQ,EQ,ES
7091,SEJALLTD,SEJAL GLASS LIMITED,NSE_EQ,EQ,ES
764880,SEKURITIND,SAINT GOBAIN SEKUR IND L,NSE_EQ,EQ,ES
6262,SELMC,SEL MANUFACTURING CO LTD,NSE_EQ,EQ,ES
11961,SEMAC,SEMAC CONSTRUCTION LTD,NSE_EQ,EQ,ES
17271,SENCO,SENCO GOLD LIMITED,NSE_EQ,EQ,ES
28888,SENORES,SENORES PHARMACEUTICALS L,NSE_EQ,EQ,ES
15308,SEPC,SEPC LIMITED,NSE_EQ,EQ,ES
5507,SERVOTECH,SERVOTECH REN POW SYS LTD,NSE_EQ,EQ,ES
3066,SESHAPAPER,SESHASAYEE PAPER & BOARDS,NSE_EQ,EQ,ES
17518,SETCO,SETCO AUTOMOTIVE LTD,NSE_EQ,BE,ES
29075,SETL,STANDARD ENGNG TCNLGY LTD,NSE_EQ,EQ,ES
10836,SEYAIND,SEYA INDUSTRIES LIMITED,NSE_EQ,BE,ES
19184,SFL,SHEELA FOAM LIMITED,NSE_EQ,EQ,ES
758853,SGFIN,SG FINSERVE LIMITED,NSE_EQ,EQ,ES
5114,SGIL,SYNERGY GREEN IND. LTD,NSE_EQ,EQ,ES
13367,SGL,STL GLOBAL LIMITED,NSE_EQ,EQ,ES
765247,SGLRES,SGL RESOURCES LIMITED,NSE_EQ,EQ,ES
758889,SGMART,SG MART LIMITED,NSE_EQ,EQ,ES
764885,SGRL,SHREE GANESH REMEDIES LTD,NSE_EQ,EQ,ES
761469,SHADOWFAX,SHADOWFAX TECHNOLOGIES L,NSE_EQ,EQ,ES
20296,SHAH,SHAH METACORP LIMITED,NSE_EQ,EQ,ES
11856,SHAHALLOYS,SHAH ALLOYS LIMITED,NSE_EQ,EQ,ES
8727,SHAILY,SHAILY ENG PLASTICS LTD,NSE_EQ,EQ,ES
25574,SHAKTIPUMP,SHAKTI PUMPS (I) LTD,NSE_EQ,EQ,ES
714,SHALBY,SHALBY LIMITED,NSE_EQ,EQ,ES
15346,SHALPAINTS,SHALIM PAINTS LTD,NSE_EQ,BE,ES
20321,SHANKARA,SHANKARA BLDG PRODUCT LTD,NSE_EQ,EQ,ES
5650,SHANTI,SHANTI OVERSEAS INDIA LTD,NSE_EQ,EQ,ES
3078,SHANTIGEAR,SHANTHI GEARS LTD,NSE_EQ,EQ,ES
758002,SHANTIGOLD,SHANTI GOLD INTERNATION L,NSE_EQ,EQ,ES
4992,SHARDACROP,SHARDA CROPCHEM LTD.,NSE_EQ,EQ,ES
10530,SHARDAMOTR,SHARDA MOTOR INDS LTD,NSE_EQ,EQ,ES
762897,SHARDUL,SHARDUL SECURITIES LTD.,NSE_EQ,BE,ES
104,SHAREINDIA,SHARE IND. SECURITIES LTD,NSE_EQ,EQ,ES
762899,SHBAJRG,SHRI BAJRANG ALLIANCE L,NSE_EQ,EQ,ES
21099,SHEKHAWATI,SHEKHAWATI INDUSTRIES LTD,NSE_EQ,BE,ES
5072,SHEMAROO,SHEMAROO ENTER. LTD.,NSE_EQ,BE,ES
764890,SHERVANI,SHERVANI INDUSTRIAL SYN L,NSE_EQ,EQ,ES
759847,SHILCTECH,SHILCHAR TECHNOLOGIES LTD,NSE_EQ,EQ,ES
764895,SHILGRAVQ,SHILP GRAVURES LTD.,NSE_EQ,EQ,ES
17752,SHILPAMED,SHILPA MEDICARE LTD,NSE_EQ,EQ,ES
762904,SHINDL,SHARAT INDUSTRIES LTD.,NSE_EQ,EQ,ES
765282,SHIPROCKET,SHIPROCKET LIMITED,NSE_EQ,EQ,ES
764900,SHIVAAGRO,SHIVA GLOBAL AGRO INDS. L,NSE_EQ,EQ,ES
765160,SHIVACEM,SHIVA CEMENT LTD.,NSE_EQ,EQ,ES
7026,SHIVALIK,SHIVALIK RASAYAN LIMITED,NSE_EQ,BE,ES
13757,SHIVAMAUTO,SHIVAM AUTO.LTD,NSE_EQ,BE,ES
1497,SHIVAMILLS,SHIVA MILLS LIMITED,NSE_EQ,EQ,ES
804,SHIVATEX,SHIVA TEXYARN LIMITED,NSE_EQ,EQ,ES
759747,SHIVAUM,SHIV AUM STEELS LIMITED,NSE_EQ,EQ,ES
11212,SHK,S H KELKAR AND CO. LTD.,NSE_EQ,EQ,ES
11813,SHOPERSTOP,SHOPPERS STOP LIMITED,NSE_EQ,EQ,ES
764905,SHRADDHA,SHRADDHA PRIME PROJECTS L,NSE_EQ,EQ,ES
708,SHRADHA,SHRADHA REALTY LIMITED,NSE_EQ,EQ,ES
3099,SHREDIGCEM,SHREE DIGVIJAY CEM CO LTD,NSE_EQ,EQ,ES
3103,SHREECEM,SHREE CEMENT LIMITED,NSE_EQ,EQ,ES
759448,SHREEJISPG,SHREEJI SHIPPING GLOBAL L,NSE_EQ,EQ,ES
10588,SHREEPUSHK,SHRE PUSH CHEM & FERT LTD,NSE_EQ,EQ,ES
7627,SHREERAMA,SHREE RAMA MULTI TECH LTD,NSE_EQ,EQ,ES
3126,SHREYANIND,SHREYANS INDUSTRIES LTD,NSE_EQ,EQ,ES
762909,SHRIKRISH,SHRI KRISHNA DEVCON LTD.,NSE_EQ,EQ,ES
759093,SHRINGARMS,SHRINGAR HOU OF MANGALS L,NSE_EQ,EQ,ES
17186,SHRIPISTON,SPR AUTO TECHNOLOGIES LTD,NSE_EQ,EQ,ES
4306,SHRIRAMFIN,SHRIRAM FINANCE LIMITED,NSE_EQ,EQ,ES
7200,SHRIRAMPPS,SHRIRAM PROPERTIES LTD,NSE_EQ,EQ,ES
764910,SHRJAGP,SHRI JAGDAMBA POLYMERS L,NSE_EQ,EQ,ES
764537,SHUKRAPHAR,SHUKRA PHARMACEUTICALS L,NSE_EQ,EQ,ES
10192,SHYAMCENT,SHYAM CENTURY FERROUS LTD,NSE_EQ,BE,ES
4693,SHYAMMETL,SHYAM METALICS AND ENGY L,NSE_EQ,EQ,ES
13740,SHYAMTEL,SHYAM TELECOM LIMITED,NSE_EQ,EQ,ES
16875,SICAGEN,SICAGEN INDIA LIMITED,NSE_EQ,EQ,ES
19440,SICALLOG,SICAL LOGISTICS LIMITED,NSE_EQ,BE,ES
3147,SIEL,SUPERIOR INDUSTRIAL ENT L,NSE_EQ,EQ,ES
3150,SIEMENS,SIEMENS LTD,NSE_EQ,EQ,ES
6663,SIGACHI,SIGACHI INDUSTRIES LTD,NSE_EQ,EQ,ES
4522,SIGIND,SIGNET INDUSTRIES LIMITED,NSE_EQ,EQ,ES
16658,SIGMA,SIGMA SOLVE LIMITED,NSE_EQ,EQ,ES
14793,SIGMAADV,SIGMA ADVANCED SYSTEM LTD,NSE_EQ,EQ,ES
18743,SIGNATURE,SIGNATUREGLOBAL INDIA LTD,NSE_EQ,EQ,ES
22656,SIGNPOST,SIGNPOST INDIA LIMITED,NSE_EQ,EQ,ES
762914,SIKA,SIKA INTERPLANT SYSTEMS L,NSE_EQ,EQ,ES
6226,SIKKO,SIKKO INDUSTRIES LIMITED,NSE_EQ,BE,ES
11297,SIL,STANDARD INDUSTRIES LTD.,NSE_EQ,EQ,ES
2492,SILGO,SILGO RETAIL LIMITED,NSE_EQ,EQ,ES
4105,SILINV,SIL INVESTMENTS LIMITED,NSE_EQ,EQ,ES
19097,SILLYMONKS,SILLY MONKS ENTERTAIN LTD,NSE_EQ,EQ,ES
9422,SILVERTUC,SILVER TOUCH TECHNO LTD,NSE_EQ,EQ,ES
3162,SIMPLEXINF,SIMPLEX INFRASTRUCTURES L,NSE_EQ,EQ,ES
764915,SIMPLXREA,SIMPLEX REALTY LTD.,NSE_EQ,EQ,ES
23480,SINCLAIR,SINCLAIRS HOTELS LIMITED,NSE_EQ,EQ,ES
16859,SINDHUTRAD,SINDHU TRADE LINKS LTD,NSE_EQ,EQ,ES
761420,SINGERIND,SINGER INDIA LIMITED,NSE_EQ,EQ,ES
381,SINTERCOM,SINTERCOM INDIA LIMITED,NSE_EQ,EQ,ES
11050,SIRCA,SIRCA PAINT INDIA LIMITED,NSE_EQ,EQ,ES
21501,SIS,SIS LIMITED,NSE_EQ,EQ,ES
14096,SIYSIL,SIYARAM SILK MILLS LTD,NSE_EQ,EQ,ES
6643,SJS,SJS ENTERPRISES LIMITED,NSE_EQ,EQ,ES
18883,SJVN,SJVN LTD,NSE_EQ,EQ,ES
3186,SKFINDIA,SKF INDIA LTD,NSE_EQ,EQ,ES
760101,SKFINDUS,SKF IND (INDUSTRIAL) LTD,NSE_EQ,EQ,ES
9428,SKIPPER,SKIPPER LIMITED,NSE_EQ,EQ,ES
4732,SKMEGGPROD,SKM EGG PROD EXPORT(I) LT,NSE_EQ,EQ,ES
13631,SKYGOLD,SKY GOLD AND DIAMONDS LTD,NSE_EQ,EQ,ES
9893,SMARTLINK,SMARTLINK HOLDINGS LTD,NSE_EQ,BE,ES
757965,SMARTWORKS,SMARTWORKS COWORKING SP L,NSE_EQ,EQ,ES
2320,SMCGLOBAL,SMC GLOBAL SECURITIES LTD,NSE_EQ,EQ,ES
3387,SMLMAH,SML MAHINDRA LIMITED,NSE_EQ,EQ,ES
6843,SMLT,SARTHAK METALS LIMITED,NSE_EQ,EQ,ES
14329,SMSPHARMA,SMS PHARMACEUTICALS LTD.,NSE_EQ,EQ,ES
4843,SNOWMAN,SNOWMAN LOGISTICS LTD.,NSE_EQ,EQ,ES
13826,SOBHA,SOBHA LIMITED,NSE_EQ,EQ,ES
8266,SOFTTECH,SOFTTECH ENGINEERS LTD,NSE_EQ,EQ,ES
3672,SOLARA,SOLARA ACTIVE PHA SCI LTD,NSE_EQ,EQ,ES
13332,SOLARINDS,SOLAR INDUSTRIES (I) LTD,NSE_EQ,EQ,ES
759929,SOLARWORLD,SOLARWORLD ENERGY SOL LTD,NSE_EQ,EQ,ES
759397,SOLEX,SOLEX ENERGY LIMITED,NSE_EQ,EQ,ES
3880,SOMANYCERA,SOMANY CERAMICS LIMITED,NSE_EQ,EQ,ES
4201,SOMATEX,SOMA TEXTILES & INDUST LT,NSE_EQ,EQ,ES
17794,SOMICONVEY,SOMI CONVEYOR BELT. LTD.,NSE_EQ,EQ,ES
4684,SONACOMS,SONA BLW PRECISION FRGS L,NSE_EQ,EQ,ES
762919,SONAL,SONAL MERCANTILE LTD.,NSE_EQ,EQ,ES
8806,SONAMLTD,SONAM LIMITED,NSE_EQ,EQ,ES
6596,SONATSOFTW,SONATA SOFTWARE LTD,NSE_EQ,EQ,ES
3021,SOTL,SAVITA OIL TECHNOLO. LTD,NSE_EQ,EQ,ES
5948,SOUTHBANK,THE SOUTH INDIAN BANK LTD,NSE_EQ,EQ,ES
9678,SOUTHWEST,SOUTH WEST PINNACLE LTD,NSE_EQ,EQ,ES
18252,SPAL,S. P. APPARELS LIMITED,NSE_EQ,EQ,ES
11435,SPANDANA,SPANDANA SPHOORTY FIN LTD,NSE_EQ,EQ,ES
14788,SPARC,SUN PHARMA ADV.RES.CO.LTD,NSE_EQ,EQ,ES
19372,SPCENET,SPACENET ENTERS IND LTD,NSE_EQ,EQ,ES
27111,SPECIALITY,SPECIALITY REST LTD,NSE_EQ,BE,ES
30457,SPECTRUM,SPECTRUM ELECTRIC IND LTD,NSE_EQ,BE,ES
764920,SPELS,SPEL SEMICONDUCTOR LTD,NSE_EQ,EQ,ES
8163,SPENCERS,SPENCER S RETAIL LIMITED,NSE_EQ,EQ,ES
3252,SPIC,SPIC LTD,NSE_EQ,EQ,ES
11935,SPLIL,SPL INDUSTRIES LIMITED,NSE_EQ,EQ,ES
9617,SPLPETRO,SUPREME PETROCHEM LIMITED,NSE_EQ,EQ,ES
3321,SPMLINFRA,SPML INFRA LIMITED,NSE_EQ,EQ,ES
10733,SPORTKING,SPORTKING INDIA LIMITED,NSE_EQ,EQ,ES
25737,SRD,SHANKAR LAL RAMPAL LTD,NSE_EQ,EQ,ES
31837,SREEL,SREELEATHERS LIMITED,NSE_EQ,EQ,ES
3273,SRF,SRF LTD,NSE_EQ,EQ,ES
18119,SRGHFL,SRG HOUSING FINANCE L,NSE_EQ,EQ,ES
14582,SRHHYPOLTD,SREE RAYALSEEMA HHP LTD.,NSE_EQ,EQ,ES
765165,SRIKPRIND,SRI KPR INDUSTRIES LTD.,NSE_EQ,EQ,ES
23402,SRM,SRM CONTRACTORS LIMITED,NSE_EQ,EQ,ES
760188,SRTL,SHREE RAM TWISTEX LIMITED,NSE_EQ,EQ,ES
24856,SSDL,SARASWATI SAREE DEPOT LTD,NSE_EQ,EQ,ES
11829,SSWL,STEEL STRIPS WHEELS LTD.,NSE_EQ,EQ,ES
29205,STALLION,STALLION IND FLUOROCHEM L,NSE_EQ,BE,ES
24226,STANLEY,STANLEY LIFESTYLES LTD,NSE_EQ,EQ,ES
7374,STAR,STRIDES PHARMA SCI LTD,NSE_EQ,EQ,ES
21091,STARCEMENT,STAR CEMENT LIMITED,NSE_EQ,EQ,ES
7083,STARHEALTH,STAR HEALTH & AL INS CO L,NSE_EQ,EQ,ES
3291,STARPAPER,STAR PAPER MILLS LTD,NSE_EQ,EQ,ES
9305,STARTECK,STARTECK FINANCE LIMITED,NSE_EQ,EQ,ES
10948,STCINDIA,THE STATE TRADING CORPN,NSE_EQ,EQ,ES
6803,STEELCAS,STEELCAST LIMITED,NSE_EQ,EQ,ES
10406,STEELCITY,STEEL CITY SECURITIES LTD,NSE_EQ,EQ,ES
21339,STEELXIND,STEEL EXCHANGE INDIA LTD,NSE_EQ,EQ,ES
21484,STEL,STEL HOLDINGS LIMITED,NSE_EQ,EQ,ES
6188,STERTOOLS,STERLING TOOLS LIMITED,NSE_EQ,BE,ES
758958,STLNETWORK,STL NETWORKS LIMITED,NSE_EQ,EQ,ES
765170,STLSTRINF,STEEL STRIPS INFRA L,NSE_EQ,EQ,ES
9313,STLTECH,STERLITE TECHNOLOGIES LTD,NSE_EQ,BE,ES
2107,STOVEKRAFT,STOVE KRAFT LIMITED,NSE_EQ,EQ,ES
759587,STUDDS,STUDDS ACCESSORIES LTD,NSE_EQ,EQ,ES
759934,STYL,SESHAASAI TECHNOLOGIES L,NSE_EQ,EQ,ES
5186,STYLAMIND,STYLAM INDUSTRIES LIMITED,NSE_EQ,EQ,ES
25114,STYLEBAAZA,BAAZAR STYLE RETAIL LTD,NSE_EQ,EQ,ES
19,STYRENIX,STYRENIX PERFORMANCE LTD,NSE_EQ,EQ,ES
967,SUBEXLTD,SUBEX LTD,NSE_EQ,EQ,ES
3324,SUBROS,SUBROS LIMITED,NSE_EQ,EQ,ES
715,SUDARCOLOR,SUDARSHAN COLORNT IND LTD,NSE_EQ,EQ,ES
3327,SUDARSCHEM,SUDARSHAN CHEMICAL INDS L,NSE_EQ,EQ,ES
760039,SUDEEPPHRM,SUDEEP PHARMA LIMITED,NSE_EQ,EQ,ES
11804,SUKHJITS,SUKHJIT STARCH & CHEM LTD,NSE_EQ,EQ,ES
13218,SULA,SULA VINEYARDS LIMITED,NSE_EQ,EQ,ES
765175,SUMEDHA,SUMEDHA FISCAL SERVICES L,NSE_EQ,EQ,ES
20790,SUMEETINDS,SUMEET IND LIMITED,NSE_EQ,EQ,ES
17105,SUMICHEM,SUMITOMO CHEM INDIA LTD,NSE_EQ,EQ,ES
11140,SUMIT,SUMIT WOODS LIMITED,NSE_EQ,EQ,ES
21275,SUMMITSEC,SUMMIT SECURITIES LTD,NSE_EQ,EQ,ES
20956,SUNCLAY,SUNDARAM CLAYTON LIMITED,NSE_EQ,EQ,ES
18931,SUNDARAM,SUNDARAM MULTI PAP LTD,NSE_EQ,EQ,ES
3339,SUNDARMFIN,SUNDARAM FINANCE LTD,NSE_EQ,EQ,ES
9848,SUNDRMBRAK,SUNDARAMBRAKE LININGS LTD,NSE_EQ,BE,ES
3345,SUNDRMFAST,SUNDRAM FASTENERS LTD,NSE_EQ,EQ,ES
1663,SUNDROP,SUNDROP BRANDS LIMITED,NSE_EQ,EQ,ES
3348,SUNFLAG,SUNFLAG IRON AND STEEL CO,NSE_EQ,EQ,ES
765180,SUNLOC,SUNIL HEALTHCARE LTD.,NSE_EQ,EQ,ES
3351,SUNPHARMA,SUN PHARMACEUTICAL IND L,NSE_EQ,EQ,ES
764925,SUNRAKSHAK,SUNRAKSHAKK INDUS IND L,NSE_EQ,EQ,ES
764930,SUNSHIEL,SUNSHIELD CHEMICALS LTD.,NSE_EQ,EQ,ES
17641,SUNTECK,SUNTECK REALTY LIMITED,NSE_EQ,EQ,ES
13404,SUNTV,SUN TV NETWORK LIMITED,NSE_EQ,EQ,ES
20616,SUPERHOUSE,SUPERHOUSE LIMITED,NSE_EQ,EQ,ES
8931,SUPERSPIN,SUPER SPINNING MILLS LTD,NSE_EQ,BE,ES
11689,SUPRAJIT,SUPRAJIT ENGINEERING LTD,NSE_EQ,EQ,ES
29439,SUPREME,SUPREME HOLDIN N HOSP I L,NSE_EQ,EQ,ES
3363,SUPREMEIND,SUPREME INDUSTRIES LTD,NSE_EQ,EQ,ES
15002,SUPREMEINF,SUPREME INFRA. LTD.,NSE_EQ,EQ,ES
7390,SUPRIYA,SUPRIYA LIFESCIENCE LTD,NSE_EQ,EQ,ES
764935,SUPTANERY,SUPER TANNERY LTD.,NSE_EQ,EQ,ES
20822,SURAJEST,SURAJ ESTATE DEVELOPERS L,NSE_EQ,EQ,ES
24966,SURAJLTD,SURAJ LIMITED,NSE_EQ,EQ,ES
27334,SURAKSHA,SURAKSHA DIAGNOSTIC LTD,NSE_EQ,EQ,ES
21077,SURANASOL,SURANA SOLAR LIMITED,NSE_EQ,EQ,ES
10700,SURANAT&P,SURANA TELECOM AND POW LT,NSE_EQ,EQ,ES
762924,SURYALA,SURYALATA SPINNING MILL L,NSE_EQ,EQ,ES
11852,SURYALAXMI,SURYALAKSHMI COT MIL LTD,NSE_EQ,EQ,ES
3375,SURYAROSNI,SURYA ROSHNI LTD,NSE_EQ,EQ,ES
2970,SURYODAY,SURYODAY SMALL FIN BK LTD,NSE_EQ,EQ,ES
13804,SUTLEJTEX,SUTLEJ TEXT & INDUS LTD,NSE_EQ,BE,ES
11233,SUVEN,SUVEN LIFE SCIENCES LTD,NSE_EQ,EQ,ES
2998,SUVIDHAA,SUVIDHAA INFOSERVE LTD,NSE_EQ,EQ,ES
24851,SUYOG,SUYOG TELEMATICS LIMITED,NSE_EQ,EQ,ES
12018,SUZLON,SUZLON ENERGY LIMITED,NSE_EQ,EQ,ES
764940,SVGLOBAL,S V GLOBAL MILL LTD.,NSE_EQ,EQ,ES
15126,SVLL,SHREE VASU LOGISTICS LTD,NSE_EQ,BE,ES
5020,SVPGLOB,SVP GLOBAL TEXTILES LTD,NSE_EQ,EQ,ES
27095,SWANCORP,SWAN CORP LIMITED,NSE_EQ,EQ,ES
29164,SWANDEF,SWAN DEFENCE N HEVY IND L,NSE_EQ,BE,ES
764494,SWARAJ,SWARAJ SUITING LIMITED,NSE_EQ,EQ,ES
3384,SWARAJENG,SWARAJ ENGINES LTD,NSE_EQ,EQ,ES
765185,SWARNSAR,SWARNSARITA JEWELS IND L,NSE_EQ,EQ,ES
11909,SWELECTES,SWELECT ENERGY SYS LTD,NSE_EQ,EQ,ES
27066,SWIGGY,SWIGGY LIMITED,NSE_EQ,EQ,ES
765190,SWISSMLTRY,SWISS MILITARY CON GOOD L,NSE_EQ,EQ,ES
12489,SWSOLAR,STRLNG & WIL REN ENE LTD,NSE_EQ,EQ,ES
24190,SYMPHONY,SYMPHONY LIMITED,NSE_EQ,EQ,ES
11992,SYNCOMF,SYNCOM FORMU (I) LTD,NSE_EQ,EQ,ES
10243,SYNGENE,SYNGENE INTERNATIONAL LTD,NSE_EQ,EQ,ES
10793,SYRMA,SYRMA SGS TECHNOLOGY LTD,NSE_EQ,EQ,ES
759358,SYSTMTXC,SYSTEMATIX CORP SERVICE L,NSE_EQ,BE,ES
762929,TAALTECH,TAAL TECH LTD.,NSE_EQ,EQ,ES
3396,TAINWALCHM,TAINWALA CHEMICAL AND PLA,NSE_EQ,EQ,ES
9354,TAJGVK,TAJ GVK HOTELS & RESORTS,NSE_EQ,EQ,ES
14917,TAKE,TAKE LIMITED,NSE_EQ,EQ,ES
13648,TALBROAUTO,TALBROS AUTO. COMP. LTD,NSE_EQ,EQ,ES
762937,TAMBOLIIN,TAMBOLI INDUSTRIES LTD.,NSE_EQ,BE,ES
764945,TANAA,TANEJA AEROSPACE & AVIA L,NSE_EQ,EQ,ES
13976,TANLA,TANLA PLATFORMS LIMITED,NSE_EQ,EQ,ES
23512,TARACHAND,TARA CHAND INFRA SOLN LTD,NSE_EQ,EQ,ES
18827,TARAPUR,TARAPUR TRANSFORMERS LTD,NSE_EQ,EQ,ES
1581,TARC,TARC LIMITED,NSE_EQ,EQ,ES
15174,TARIL,TRANS & RECTI. LTD,NSE_EQ,EQ,ES
14771,TARMAT,TARMAT LIMITED,NSE_EQ,EQ,ES
6943,TARSONS,TARSONS PRODUCTS LIMITED,NSE_EQ,EQ,ES
20092,TASTYBITE,TASTY BITE EATABLES LTD,NSE_EQ,EQ,ES
759265,TATACAP,TATA CAPITAL LIMITED,NSE_EQ,EQ,ES
3405,TATACHEM,TATA CHEMICALS LTD,NSE_EQ,EQ,ES
3721,TATACOMM,TATA COMMUNICATIONS LTD,NSE_EQ,EQ,ES
3432,TATACONSUM,TATA CONSUMER PRODUCT LTD,NSE_EQ,EQ,ES
3411,TATAELXSI,TATA ELXSI LIMITED,NSE_EQ,EQ,ES
1621,TATAINVEST,TATA INVESTMENT CORP LTD,NSE_EQ,EQ,ES
3426,TATAPOWER,TATA POWER CO LTD,NSE_EQ,EQ,ES
3499,TATASTEEL,TATA STEEL LIMITED,NSE_EQ,EQ,ES
20293,TATATECH,TATA TECHNOLOGIES LIMITED,NSE_EQ,EQ,ES
5162,TATVA,TATVA CHIN PHARM CHEM LTD,NSE_EQ,EQ,ES
23740,TBOTEK,TBO TEK LIMITED,NSE_EQ,EQ,ES
27037,TBZ,TRIB BHIMJI ZAVERI LTD,NSE_EQ,EQ,ES
761814,TCC,TCC CONCEPT LIMITED,NSE_EQ,EQ,ES
10580,TCI,TRANSPORT CORPN OF INDIA,NSE_EQ,EQ,ES
19223,TCIEXP,TCI EXPRESS LIMITED,NSE_EQ,EQ,ES
8722,TCIFINANCE,TCIFINANCELTD-ROLL SETT,NSE_EQ,BE,ES
184,TCPLPACK,TCPL PACKAGING LIMITED,NSE_EQ,EQ,ES
11536,TCS,TATA CONSULTANCY SERV LT,NSE_EQ,EQ,ES
25178,TDPOWERSYS,TD POWER SYSTEMS LTD.,NSE_EQ,EQ,ES
10717,TEAMGTY,TEAM INDIA GUARANTY LTD,NSE_EQ,EQ,ES
12716,TEAMLEASE,TEAMLEASE SERVICES LTD.,NSE_EQ,EQ,ES
13538,TECHM,TECH MAHINDRA LIMITED,NSE_EQ,EQ,ES
764532,TECHNOCRAF,TECHNOCRAFT VENTURES LTD,NSE_EQ,EQ,ES
6445,TECHNOE,TECHNO ELEC & ENG CO. LTD,NSE_EQ,EQ,ES
762939,TECHNVISN,TECHNVISION VENTURES LTD.,NSE_EQ,EQ,ES
3453,TECILCHEM,TECIL CHEMICALS,NSE_EQ,EQ,ES
7105,TEGA,TEGA INDUSTRIES LIMITED,NSE_EQ,EQ,ES
21131,TEJASNET,TEJAS NETWORKS LIMITED,NSE_EQ,EQ,ES
3275,TEMBO,TEMBO GLOBAL IND LTD,NSE_EQ,EQ,ES
759880,TENNIND,TENNECO CLEAN AIR INDIA L,NSE_EQ,EQ,ES
764950,TERAI,TERAI TEA CO. LTD.,NSE_EQ,EQ,ES
19292,TERASOFT,TERA SOFTWARE LIMITED,NSE_EQ,EQ,ES
11549,TEXINFRA,TEXMACO INFRA & HOLDG LTD,NSE_EQ,EQ,ES
18214,TEXMOPIPES,TEXMO PIPE & PRODUCTS LTD,NSE_EQ,EQ,ES
21828,TEXRAIL,TEXMACO RAIL & ENG. LTD.,NSE_EQ,EQ,ES
3466,TFCILTD,TOURISM FINANCE CORP. OF,NSE_EQ,EQ,ES
14319,TFL,TRANSWARRANTY FIN. LTD.,NSE_EQ,EQ,ES
14607,TGBHOTELS,TGB BANQUETS&HOTELS LTD,NSE_EQ,EQ,ES
764955,TGVSL,T G V SRAAC LTD.,NSE_EQ,EQ,ES
762947,THACKER,THACKER & CO. LTD.,NSE_EQ,BE,ES
762949,THAKDEV,THAKKERS DEVELOPERS LTD.,NSE_EQ,EQ,ES
18118,THANGAMAYL,THANGAMAYIL JEWELLERY LTD,NSE_EQ,EQ,ES
21427,THEINVEST,THE INVEST TRUST OF IND L,NSE_EQ,EQ,ES
19279,THEJO,THEJO ENGINEERING LIMITED,NSE_EQ,EQ,ES
757014,THELEELA,LEELA PALACES HOTEL LTD,NSE_EQ,EQ,ES
14485,THEMISMED,THEMIS MEDICARE LTD.,NSE_EQ,EQ,ES
3475,THERMAX,THERMAX LTD,NSE_EQ,EQ,ES
3481,THOMASCOOK,THOMAS COOK (INDIA) LTD,NSE_EQ,EQ,ES
31017,THOMASCOTT,THOMAS SCOTT (INDIA) LTD,NSE_EQ,EQ,ES
17032,THYROCARE,THYROCARE TECH LTD,NSE_EQ,EQ,ES
19196,TI,TILAKNAGAR INDUSTRIES LTD,NSE_EQ,EQ,ES
19503,TICL,TWAMEV CONS AND INFRA LTD,NSE_EQ,BE,ES
759176,TIGERLOGS,TIGER LOGISTICS (INDIA) L,NSE_EQ,EQ,ES
14223,TIIL,TECHNOCRAFT IND LTD,NSE_EQ,EQ,ES
312,TIINDIA,TUBE INVEST OF INDIA LTD,NSE_EQ,EQ,ES
25482,TIJARIA,TIJARIA POLYPIPES LTD,NSE_EQ,EQ,ES
9802,TIL,TIL LTD,NSE_EQ,BE,ES
14707,TIMETECHNO,TIME TECHNOPLAST LTD.,NSE_EQ,EQ,ES
762954,TIMEX,TIMEX GROUP INDIA LTD.,NSE_EQ,EQ,ES
14198,TIMKEN,TIMKEN INDIA LTD.,NSE_EQ,EQ,ES
756020,TINNARUBR,TINNA RUBBER AND INFR LTD,NSE_EQ,EQ,ES
11374,TIPSFILMS,TIPS FILMS LIMITED,NSE_EQ,EQ,ES
9117,TIPSMUSIC,TIPS MUSIC LIMITED,NSE_EQ,EQ,ES
3496,TIRUMALCHM,THIRUMALAI CHEMICALS LTD,NSE_EQ,EQ,ES
22284,TIRUPATIFL,TIRUPATI FORGE LIMITED,NSE_EQ,BE,ES
15414,TITAGARH,TITAGARH RAIL SYSTEMS LTD,NSE_EQ,EQ,ES
3506,TITAN,TITAN COMPANY LIMITED,NSE_EQ,EQ,ES
10945,TMB,TAMILNAD MERCA BANK LTD,NSE_EQ,EQ,ES
759782,TMCV,TATA MOTORS LIMITED,NSE_EQ,EQ,ES
3456,TMPV,TATA MOTORS PASS VEH LTD,NSE_EQ,EQ,ES
3509,TNPETRO,TAMILNADU PETROPRODUCTS L,NSE_EQ,EQ,ES
3980,TNPL,TAMILNADU NEWSPRT & PAPER,NSE_EQ,EQ,ES
3512,TNTELE,TAMILNADU TELECOMMUNICATI,NSE_EQ,EQ,ES
3837,TOKYOPLAST,TOKYO PLAST INTL LTD,NSE_EQ,EQ,ES
25262,TOLINS,TOLINS TYRES LIMITED,NSE_EQ,EQ,ES
3518,TORNTPHARM,TORRENT PHARMACEUTICALS L,NSE_EQ,EQ,ES
13786,TORNTPOWER,TORRENT POWER LTD,NSE_EQ,EQ,ES
22423,TOTAL,TOTAL TRANSPORT SYS LTD,NSE_EQ,EQ,ES
16908,TOUCHWOOD,TOUCHWOOD ENTERTAIN LTD.,NSE_EQ,EQ,ES
765195,TOYAMSL,TOYAM SPORTS LTD.,NSE_EQ,EQ,ES
17000,TPHQ,TEAMO PRODUCTIONS HQ LTD,NSE_EQ,BE,ES
9219,TPLPLASTEH,TPL PLASTECH LIMITED,NSE_EQ,EQ,ES
11582,TRACXN,TRACXN TECHNOLOGIES LTD,NSE_EQ,EQ,ES
765200,TRANSCOR,TRANSCORP INTERNATIONAL L,NSE_EQ,EQ,ES
7669,TRANSPEK,TRANSPEK INDUSTRIES LTD,NSE_EQ,BE,ES
28714,TRANSRAILL,TRANSRAIL LIGHTING LTD,NSE_EQ,EQ,ES
8619,TRANSWORLD,TRANSWORLD SHIP LINES LTD,NSE_EQ,BE,ES
757545,TRAVELFOOD,TRAVEL FOOD SERVICES LTD,NSE_EQ,EQ,ES
25082,TREEHOUSE,TREE HOUSE EDU LTD,NSE_EQ,EQ,ES
7518,TREJHARA,TREJHARA SOLUTIONS LTD,NSE_EQ,EQ,ES
17795,TREL,TRANSINDIA REAL ESTATE L,NSE_EQ,EQ,ES
1964,TRENT,TRENT LTD,NSE_EQ,EQ,ES
17987,TRF,TRF LIMITED,NSE_EQ,EQ,ES
9685,TRIDENT,TRIDENT LIMITED,NSE_EQ,EQ,ES
5428,TRIGYN,TRIGYN TECHNOLOGIES LTD,NSE_EQ,EQ,ES
764960,TRITONV,TRITON VALVES LTD.,NSE_EQ,EQ,ES
25584,TRITURBINE,TRIVENI TURBINE LIMITED,NSE_EQ,EQ,ES
13081,TRIVENI,TRIVENI ENGG. & INDS. LTD,NSE_EQ,EQ,ES
9378,TRU,TRUCAP FINANCE LIMITED,NSE_EQ,EQ,ES
759210,TRUALT,TRUALT BIOENERGY LIMITED,NSE_EQ,EQ,ES
2183,TSFINV,TSF INVESTMENTS LIMITED,NSE_EQ,EQ,ES
11369,TTKHLTCARE,TTK HEALTHCARE LIMITED,NSE_EQ,EQ,ES
3546,TTKPRESTIG,TTK PRESTIGE LTD,NSE_EQ,EQ,ES
14314,TTL,T T LIMITED,NSE_EQ,EQ,ES
8954,TTML,TATA TELESERV(MAHARASTRA),NSE_EQ,EQ,ES
756090,TURTLEMINT,TURTLEMINT FINTECH SOLS L,NSE_EQ,EQ,ES
765205,TUTIALKA,TUTICORIN ALKAL CH & FE L,NSE_EQ,EQ,ES
11265,TVSELECT,TVS ELECTRONICS LTD,NSE_EQ,EQ,ES
29008,TVSHLTD,TVS HOLDINGS LIMITED,NSE_EQ,EQ,ES
8479,TVSMOTOR,TVS MOTOR COMPANY  LTD,NSE_EQ,EQ,ES
18151,TVSSCS,TVS SUPPLY CHAIN SOL L,NSE_EQ,EQ,ES
14245,TVSSRICHAK,TVS SRICHAKRA LIMITED,NSE_EQ,EQ,ES
11275,TVTODAY,TV TODAY NETWORK LTD,NSE_EQ,EQ,ES
18508,TVVISION,TV VISION LIMITED,NSE_EQ,BE,ES
16713,UBL,UNITED BREWERIES LTD,NSE_EQ,EQ,ES
7739,UCAL,UCAL LIMITED,NSE_EQ,BE,ES
11223,UCOBANK,UCO BANK,NSE_EQ,EQ,ES
764965,UDAYJEW,UDAY JEWELLERY INDS. LTD.,NSE_EQ,EQ,ES
19113,UDS,UPDATER SERVICES LIMITED,NSE_EQ,EQ,ES
23507,UEL,UJAAS ENERGY LIMITED,NSE_EQ,EQ,ES
3133,UFBL,UNITED FOODBRANDS LIMITED,NSE_EQ,BE,ES
1053,UFLEX,UFLEX LIMITED,NSE_EQ,EQ,ES
9039,UFO,UFO MOVIEZ INDIA LTD.,NSE_EQ,EQ,ES
19578,UGARSUGAR,THE UGAR SUGAR WORKS LTD,NSE_EQ,EQ,ES
5313,UGROCAP,UGRO CAPITAL LIMITED,NSE_EQ,EQ,ES
15228,UJJIVANSFB,UJJIVAN SMALL FINANC BANK,NSE_EQ,EQ,ES
11532,ULTRACEMCO,ULTRATECH CEMENT LIMITED,NSE_EQ,EQ,ES
762961,ULTRAMAR,ULTRAMARINE & PIGMENTS L,NSE_EQ,EQ,ES
8845,UMAEXPORTS,UMA EXPORTS LIMITED,NSE_EQ,BE,ES
19142,UMESLTD,USHA MARTIN EDU & SOL LTD,NSE_EQ,EQ,ES
8998,UMIYA-MRO,UMIYA BUILDCON LIMITED,NSE_EQ,EQ,ES
3579,UNICHEMLAB,UNICHEM LABORATORIES LTD,NSE_EQ,EQ,ES
204,UNIDT,UNITED DRILLING TOOLS LTD,NSE_EQ,BE,ES
24809,UNIECOM,UNICOMMERCE ESOLUTIONS L,NSE_EQ,EQ,ES
11293,UNIENTER,UNIPHOS ENTERPRISES LTD,NSE_EQ,EQ,ES
7791,UNIINFO,UNIINFO TELECOM SERVI LTD,NSE_EQ,EQ,ES
28960,UNIMECH,UNIMECH AEROSPACE N MFG L,NSE_EQ,EQ,ES
10753,UNIONBANK,UNION BANK OF INDIA,NSE_EQ,EQ,ES
13057,UNIPARTS,UNIPARTS INDIA LIMITED,NSE_EQ,EQ,ES
10447,UNITDSPR,UNITED SPIRITS LIMITED,NSE_EQ,EQ,ES
3594,UNITECH,UNITECH LTD,NSE_EQ,EQ,ES
7560,UNITEDPOLY,UNITED POLYFAB GUJ. LTD.,NSE_EQ,EQ,ES
17999,UNITEDTEA,UNITED NILGIRI TEA LTD,NSE_EQ,EQ,ES
10366,UNIVAFOODS,UNIVA FOODS LIMITED,NSE_EQ,BE,ES
18979,UNIVASTU,UNIVASTU INDIA LIMITED,NSE_EQ,BE,ES
3607,UNIVCABLES,UNIVERSAL CABLES LTD,NSE_EQ,EQ,ES
17661,UNIVPHOTO,UNIVERSUS IMAGINGS LTD,NSE_EQ,BE,ES
14154,UNOMINDA,UNO MINDA LIMITED,NSE_EQ,EQ,ES
764970,UPHOT,U P HOTELS LTD.,NSE_EQ,EQ,ES
11287,UPL,UPL LIMITED,NSE_EQ,EQ,ES
17081,URAVIDEF,URAVI DEFENCE &TECH LTD,NSE_EQ,BE,ES
759084,URBANCO,URBAN COMPANY LIMITED,NSE_EQ,EQ,ES
20203,URJA,URJA GLOBAL LIMITED,NSE_EQ,EQ,ES
8840,USHAMART,USHA MARTIN LTD.,NSE_EQ,EQ,ES
14871,USK,UDAYSHIVAKUMAR INFRA LTD,NSE_EQ,EQ,ES
527,UTIAMC,UTI ASSET MNGMT CO LTD,NSE_EQ,EQ,ES
17358,UTKARSHBNK,UTKARSH SMALL FIN BANK L,NSE_EQ,EQ,ES
759876,UTLSOLAR,FUJIYAMA POWER SYSTEMS L,NSE_EQ,EQ,ES
13376,UTTAMSUGAR,UTTAM SUGAR MILLS LTD.,NSE_EQ,EQ,ES
25629,UYFINCORP,U. Y. FINCORP LIMITED,NSE_EQ,BE,ES
14766,V2RETAIL,V2 RETAIL LIMITED,NSE_EQ,EQ,ES
24196,VADILALIND,VADILAL INDUSTRIES LTD,NSE_EQ,EQ,ES
764975,VADILENT,VADILAL ENTERPRISES LTD.,NSE_EQ,EQ,ES
11364,VAIBHAVGBL,VAIBHAV GLOBAL LIMITED,NSE_EQ,EQ,ES
16589,VAISHALI,VAISHALI PHARMA LIMITED,NSE_EQ,EQ,ES
13342,VAKRANGEE,VAKRANGEE LIMITED,NSE_EQ,EQ,ES
19218,VALIANTLAB,VALIANT LABORATORIES LTD,NSE_EQ,EQ,ES
334,VALIANTORG,VALIANT ORGANICS LIMITED,NSE_EQ,BE,ES
750174,VAML,VEDANTA ALUMINIUM METAL L,NSE_EQ,EQ,ES
13403,VARDHACRLC,VARDHAMAN ACRYLICS LTD,NSE_EQ,BE,ES
3646,VARDMNPOLY,VARDHMAN POLYTEX LTD.,NSE_EQ,EQ,ES
3857,VARROC,VARROC ENGINEERING LTD.,NSE_EQ,EQ,ES
18110,VASCONEQ,VASCON ENGINEERS LTD,NSE_EQ,EQ,ES
765210,VASUPRADA,SHRI VASUPRADA PLANTATI L,NSE_EQ,EQ,ES
25340,VASWANI,VASWANI IND LTD,NSE_EQ,EQ,ES
18921,VBL,VARUN BEVERAGES LIMITED,NSE_EQ,EQ,ES
9027,VCL,VAXTEX COTFAB LIMITED,NSE_EQ,BE,ES
764980,VEDAVAAG,VEDAVAAG SYSTEMS LTD.,NSE_EQ,EQ,ES
3063,VEDL,VEDANTA LIMITED,NSE_EQ,EQ,ES
750518,VEDPOWER,VEDANTA POWER LIMITED,NSE_EQ,EQ,ES
14019,VEEDOL,VEEDOL CORPORATION LTD,NSE_EQ,EQ,ES
762969,VELJAN,VELJAN DENISON LTD.,NSE_EQ,BE,ES
3757,VENKEYS,VENKY S (INDIA) LIMITED,NSE_EQ,EQ,ES
28847,VENTIVE,VENTIVE HOSPITALITY LTD,NSE_EQ,EQ,ES
9592,VENUSPIPES,VENUS PIPES & TUBES LTD,NSE_EQ,EQ,ES
13856,VENUSREM,VENUS REMEDIES LIMITED,NSE_EQ,BE,ES
8890,VERANDA,VERANDA LEARNING SOL LTD,NSE_EQ,EQ,ES
18865,VERTOZ,VERTOZ LIMITED,NSE_EQ,BE,ES
3676,VESUVIUS,VESUVIUS INDIA LTD,NSE_EQ,EQ,ES
8660,VETO,VETO SWITCHGEAR CABLE LTD,NSE_EQ,BE,ES
765252,VGCL,VIBRANT GLOBAL CAPITAL L,NSE_EQ,EQ,ES
13771,VGL,VARVEE GLOBAL LIMITED,NSE_EQ,EQ,ES
15362,VGUARD,V-GUARD IND LTD.,NSE_EQ,EQ,ES
11892,VHL,VARDHMAN HOLDINGS LIMITED,NSE_EQ,EQ,ES
23386,VHLTD,VICEROY HOTELS LIMITED,NSE_EQ,BE,ES
13536,VIDHIING,VIDHI SPCLTY F INGRDNTS L,NSE_EQ,EQ,ES
760224,VIDYAWIRES,VIDYA WIRES LIMITED,NSE_EQ,EQ,ES
5585,VIJAYA,VIJAYA DIAGNOSTIC CEN LTD,NSE_EQ,EQ,ES
17695,VIJIFIN,VIJI FINANCE LIMITED,NSE_EQ,BE,ES
764985,VIJSOLX,VIJAY SOLVEX LTD.,NSE_EQ,EQ,ES
25756,VIKASECO,VIKAS ECOTECH LIMITED,NSE_EQ,EQ,ES
9931,VIKASLIFE,VIKAS LIFECARE LIMITED,NSE_EQ,EQ,ES
759453,VIKRAMSOLR,VIKRAM SOLAR LIMITED,NSE_EQ,EQ,ES
758973,VIKRAN,VIKRAN ENGINEERING LTD,NSE_EQ,EQ,ES
13101,VIMTALABS,VIMTA LABS LIMITED,NSE_EQ,EQ,ES
17364,VINATIORGA,VINATI ORGANICS LTD,NSE_EQ,EQ,ES
25835,VINCOFE,VINTAGE COFFEE N BVRGS L,NSE_EQ,EQ,ES
3694,VINDHYATEL,VINDHYA TELELINKS LTD,NSE_EQ,EQ,ES
3807,VINEETLAB,VINEET LABORATORIES LTD,NSE_EQ,EQ,ES
12490,VINNY,VINNY OVERSEAS LIMITED,NSE_EQ,EQ,ES
16821,VINYLINDIA,VINYL CHEMICALS (I) LTD.,NSE_EQ,EQ,ES
14843,VIPCLOTHNG,VIP CLOTHING LIMITED,NSE_EQ,EQ,ES
3703,VIPIND,VIP INDUSTRIES LTD,NSE_EQ,EQ,ES
8437,VIPULLTD,VIPUL LIMITED,NSE_EQ,BE,ES
764990,VIRAT,VIRAT INDUSTRIES LTD.,NSE_EQ,EQ,ES
15295,VIRINCHI,VIRINCHI LIMITED,NSE_EQ,EQ,ES
765215,VIRTUALG,VIRTUAL GLOBAL EDU LTD,NSE_EQ,EQ,ES
13295,VISACHROME,VISA CHROME LIMITED,NSE_EQ,EQ,ES
4221,VISAKAIND,VISAKA INDUSTRIES LIMITED,NSE_EQ,EQ,ES
11773,VISHAL,VISHAL FABRICS LTD.,NSE_EQ,EQ,ES
6908,VISHNU,VISHNU CHEMICALS LIMITED,NSE_EQ,EQ,ES
13702,VISHWARAJ,VISHWARAJ SUGAR IND LTD,NSE_EQ,EQ,ES
750290,VISL,VEDANTA IRON AND STEEL L,NSE_EQ,EQ,ES
761150,VITAL,VITAL CHEMTECH LIMITED,NSE_EQ,BE,ES
763637,VIVIANA,VIVIANA POWER TECH LTD,NSE_EQ,BE,ES
29877,VIVIDHA,VISAGAR POLYTEX LTD,NSE_EQ,EQ,ES
11968,VIVIMEDLAB,VIVIMED LABS LIMITED,NSE_EQ,BE,ES
764995,VIVOBIOT,VIVO BIO TECH LTD.,NSE_EQ,EQ,ES
14296,VIYASH,VIYASH SCIENTIFIC LIMITED,NSE_EQ,EQ,ES
18021,VLEGOV,VL E GOV AND IT SOL LTD,NSE_EQ,BE,ES
3715,VLSFINANCE,VLS FINANCE LTD,NSE_EQ,EQ,ES
29284,VMART,VMART RETAIL LTD,NSE_EQ,EQ,ES
27969,VMM,VISHAL MEGA MART LIMITED,NSE_EQ,EQ,ES
759152,VMSTMT,VMS TMT LIMITED,NSE_EQ,EQ,ES
761916,VOEPL,VIRTUOSO OPTOELECTRONIC L,NSE_EQ,EQ,ES
750368,VOGL,VEDANTA OIL AND GAS LTD,NSE_EQ,EQ,ES
765000,VOITHPAPR,VOITH PAPER FABRICS IND L,NSE_EQ,EQ,ES
13577,VOLTAMP,VOLTAMP TRANSFORMERS LTD,NSE_EQ,EQ,ES
3718,VOLTAS,VOLTAS LTD,NSE_EQ,EQ,ES
18341,VPRPL,VISHNU PRAKASH R PUNGLI L,NSE_EQ,EQ,ES
24321,VRAJ,VRAJ IRON AND STEEL LTD,NSE_EQ,EQ,ES
8696,VRLLOG,VRL LOGISTICS LIMITED,NSE_EQ,EQ,ES
27067,VSSL,VARDHMAN SPC STEEL LTD,NSE_EQ,EQ,ES
3724,VSTIND,VST INDUSTRIES LTD,NSE_EQ,EQ,ES
22730,VSTL,VIBHOR STEEL TUBES LTD,NSE_EQ,EQ,ES
24292,VSTTILLERS,VST TILLERS TRACTORS LTD,NSE_EQ,EQ,ES
2073,VTL,VARDHMAN TEXTILES LIMITED,NSE_EQ,EQ,ES
765220,VTMLTD,V T M LTD.,NSE_EQ,EQ,ES
25907,WAAREEENER,WAAREE ENERGIES LIMITED,NSE_EQ,EQ,ES
19955,WAAREEINDO,INDOSOLAR LIMITED,NSE_EQ,EQ,ES
756038,WAAREERTL,WAAREE RENEWABLE TECH LTD,NSE_EQ,EQ,ES
20188,WABAG,VA TECH WABAG LTD,NSE_EQ,EQ,ES
760259,WAKEFIT,WAKEFIT INNOVATIONS LTD,NSE_EQ,EQ,ES
3736,WALCHANNAG,WALCHANDNAGAR INDUSTRIES,NSE_EQ,EQ,ES
14063,WANBURY,WANBURY LIMITED,NSE_EQ,EQ,ES
765225,WARDINMOBI,WARDWIZARD INNO & MOB L,NSE_EQ,EQ,ES
3745,WATERBASE,WATERBASE LTD.,NSE_EQ,EQ,ES
25403,WCIL,WESTERN CARRIERS (IND) L,NSE_EQ,EQ,ES
1923,WEALTH,WEALTH FRST PORT. MG. LTD,NSE_EQ,EQ,ES
14602,WEBELSOLAR,WEBSOL ENERGY SYSTEM LTD,NSE_EQ,EQ,ES
3748,WEIZMANIND,WEIZMANN LTD,NSE_EQ,EQ,ES
7835,WEL,WONDER ELECTRICALS LTD,NSE_EQ,EQ,ES
11821,WELCORP,WELSPUN CORP LIMITED,NSE_EQ,EQ,ES
11626,WELENT,WELSPUN ENTERPRISES LTD.,NSE_EQ,EQ,ES
19804,WELINV,WELSPUN INV & COMM LTD,NSE_EQ,BE,ES
762971,WELSPLSOL,WELSPUN SPECIALTY SOL L,NSE_EQ,EQ,ES
11253,WELSPUNLIV,WELSPUN LIVING LIMITED,NSE_EQ,EQ,ES
4235,WENDT,WENDT (INDIA) LIMITED,NSE_EQ,EQ,ES
11580,WESTLIFE,WESTLIFE FOODWORLD LTD,NSE_EQ,EQ,ES
9862,WEWIN,WE WIN LIMITED,NSE_EQ,EQ,ES
759434,WEWORK,WEWORK INDIA MANAGEMENT L,NSE_EQ,EQ,ES
765005,WHBRADY,W H BRADY & CO. LTD.,NSE_EQ,EQ,ES
3766,WHEELS,WHEELS INDIA LTD,NSE_EQ,EQ,ES
18011,WHIRLPOOL,WHIRLPOOL OF INDIA LTD,NSE_EQ,EQ,ES
3772,WILLAMAGOR,WILLIAMSON MAGOR,NSE_EQ,EQ,ES
5366,WINDLAS,WINDLAS BIOTECH LIMITED,NSE_EQ,EQ,ES
24969,WINDMACHIN,WINDSOR MACHINES LIMITED,NSE_EQ,EQ,ES
20481,WIPL,THE WESTERN INDIA PLY LTD,NSE_EQ,EQ,ES
3787,WIPRO,WIPRO LTD,NSE_EQ,EQ,ES
7506,WOCKPHARMA,WOCKHARDT LIMITED,NSE_EQ,EQ,ES
3002,WONDERLA,WONDERLA HOLIDAYS LTD.,NSE_EQ,EQ,ES
22277,WORTHPERI,WORTH PERIPHERALS LIMITED,NSE_EQ,EQ,ES
762978,WPIL,W P I L LTD.,NSE_EQ,EQ,ES
14828,WSI,W.S.INDUSTRIES (I) LTD.,NSE_EQ,EQ,ES
3799,WSTCSTPAPR,WEST COAST PAPER MILLS LT,NSE_EQ,EQ,ES
11705,XCHANGING,XCHANGING SOLUTIONS LTD,NSE_EQ,EQ,ES
8477,XELPMOC,XELPMOC DESIGN & TECH LTD,NSE_EQ,EQ,ES
11407,XPROINDIA,XPRO INDIA LIMITED,NSE_EQ,EQ,ES
25235,XTGLOBAL,XTGLOBAL INFOTECH LIMITED,NSE_EQ,EQ,ES
764312,XTRANET,XTRANET TECHNOLOGIES LTD,NSE_EQ,EQ,ES
18131,YASHO,YASHO INDUSTRIES LIMITED,NSE_EQ,EQ,ES
17738,YATHARTH,YATHARTH HOSP & TRA C S L,NSE_EQ,EQ,ES
18760,YATRA,YATRA ONLINE LIMITED,NSE_EQ,EQ,ES
11915,YESBANK,YES BANK LIMITED,NSE_EQ,EQ,ES
765010,YOGI,YOGI LTD.,NSE_EQ,EQ,ES
5501,YUKEN,YUKEN INDIA LIMITED,NSE_EQ,EQ,ES
18608,ZAGGLE,ZAGGLE PREPA OCEAN SER L,NSE_EQ,EQ,ES
3812,ZEEL,ZEE ENTERTAINMENT ENT LTD,NSE_EQ,EQ,ES
20856,ZEELEARN,ZEE LEARN LIMITED,NSE_EQ,BE,ES
14003,ZEEMEDIA,ZEE MEDIA CORPORATION LTD,NSE_EQ,EQ,ES
4176,ZENITHEXPO,ZENITH EXPORTS LTD,NSE_EQ,EQ,ES
14562,ZENITHSTL,ZENITH STEEL PIP IND LTD,NSE_EQ,EQ,ES
1076,ZENSARTECH,ZENSAR TECHNOLOGIES  LTD,NSE_EQ,EQ,ES
7508,ZENTEC,ZEN TECHNOLOGIES LIMITED,NSE_EQ,EQ,ES
16915,ZFCVINDIA,ZF COM VE CTR SYS IND LTD,NSE_EQ,EQ,ES
4229,ZFSTEERING,Z F STEERING GEAR (I) LTD,NSE_EQ,EQ,ES
12384,ZIMLAB,ZIM LABORATORIES LIMITED,NSE_EQ,EQ,ES
7129,ZODIAC,ZODIAC ENERGY LIMITED,NSE_EQ,EQ,ES
3821,ZODIACLOTH,ZODIAC CLOTHING CO. LTD.,NSE_EQ,EQ,ES
11394,ZOTA,ZOTA HEALTH CARE LIMITED,NSE_EQ,EQ,ES
762985,ZSARACOM,SARASWATI COMM (INDIA) L,NSE_EQ,EQ,ES
29050,ZUARI,ZUARI AGRO CHEMICALS LTD,NSE_EQ,EQ,ES
3827,ZUARIIND,ZUARI INDUSTRIES LIMITED,NSE_EQ,EQ,ES
7929,ZYDUSLIFE,ZYDUS LIFESCIENCES LTD,NSE_EQ,EQ,ES
17635,ZYDUSWELL,ZYDUS WELLNESS LIMITED,NSE_EQ,EQ,ES
