symbol,ltp,level,which,level_c,level_d,mcap_cr,level_52,pct,gap,score,max_score,failing,eligible,bucket,px,atr_pct,turnover_cr,ret_12m,ret_3m,ret_1m,dist_50dma,dist_200dma,dma200_slope,base_tight,base_depth_pct,spike_level,screened_ok,pre_score,pre_passed,pre_max,btst_ready,gate_failed,brk_score
SBCL,1105.05,920.9,C,920.9,814.0,6023.29,920.9,19.996742317298295,-19.996742317298295,7,8,c03,False,OTHER,,,,,,,,,,,,,,,,,,,
COMSYN,269.03,228.0,C+D,228.0,228.0,1069.6,228.0,17.995614035087705,-17.995614035087705,8,8,,True,FIRED,269.03,6.789205437924559,34.13587946558868,101.15895689397969,75.73323302341315,38.71815850950098,48.292238691685554,67.53178795378123,2.994571851303851,4.2653307918906025,-35.526315789473685,19.165201333122162,True,,,,,,5.0
UNIVCABLES,1693.4,1475.0,C,1475.0,1391.0,5735.15,1475.0,14.806779661016956,-14.806779661016956,7,8,c03,False,OTHER,,,,,,,,,,,,,,,,,,,
JGCHEM,622.2,560.0,C,560.0,527.0,2310.67,560.0,11.107142857142865,-11.107142857142865,7,8,c03,False,OTHER,,,,,,,,,,,,,,,,,,,
PAYTM,1584.1,1459.5,C,1459.5,1407.0,100611.63,1459.5,8.537170263788962,-8.537170263788962,7,8,c03,False,OTHER,,,,,,,,,,,,,,,,,,,
SKYGOLD,779.6,728.4,C,728.4,689.9,12036.84,728.4,7.0291048874244995,-7.0291048874244995,7,8,c03,False,OTHER,,,,,,,,,,,,,,,,,,,
MACPOWER,1824.3,1708.0,C,1708.0,1578.8,1794.69,1708.0,6.809133489461355,-6.809133489461355,7,8,c03,False,OTHER,,,,,,,,,,,,,,,,,,,
KABRAEXTRU,510.75,485.45,C,485.45,408.0,1740.54,485.45,5.211659285199302,-5.211659285199302,7,8,c03,False,OTHER,,,,,,,,,,,,,,,,,,,
EMIL,180.77,172.0,C,172.0,143.65,7100.4,172.0,5.0988372093023315,-5.0988372093023315,7,8,c03,False,OTHER,,,,,,,,,,,,,,,,,,,
UEL,270.67,257.79,C,257.79,220.0,3666.11,257.79,4.996314829900304,-4.996314829900304,7,8,c03,False,OTHER,,,,,,,,,,,,,,,,,,,
GFSTEELS,15.0,14.29,C+D,14.29,14.29,45.89,14.29,4.968509447165856,-4.968509447165856,5,8,"c07,c11,c12",False,OTHER,,,,,,,,,,,,,,,,,,,
KAPSTON,566.05,539.9,C,539.9,476.3,1743.16,539.9,4.8434895350990885,-4.8434895350990885,7,8,c03,False,OTHER,,,,,,,,,,,,,,,,,,,
3IINFOLTD,27.13,25.94,C,25.94,23.32,558.69,25.94,4.58750963762528,-4.58750963762528,4,8,"c03,c04,c11,c12",False,OTHER,,,,,,,,,,,,,,,,,,,
HCG,715.65,688.2,C+D,688.2,688.2,10244.57,799.71,3.9886660854402685,-3.9886660854402685,8,8,,True,FIRED,715.65,2.9129360480076807,16.273993859309996,16.214682394667523,17.647544691973117,7.390452248143431,10.657372506959906,12.061868047800296,0.017854060746014255,3.3378051810772655,-25.414125574982748,4.970801137659664,True,,,,,,4.0
PANACHE,481.45,463.0,C,463.0,459.0,742.11,472.15,3.9848812095032375,-3.9848812095032375,7,8,c12,False,OTHER,,,,,,,,,,,,,,,,,,,
GULFPETRO,59.5,57.25,C,57.25,49.96,303.45,57.25,3.9301310043668125,-3.9301310043668125,5,8,"c03,c11,c12",False,OTHER,,,,,,,,,,,,,,,,,,,
SANGHVIMOV,511.4,493.6,C,493.6,473.0,4445.3,493.6,3.6061588330632,-3.6061588330632,7,8,c03,False,OTHER,,,,,,,,,,,,,,,,,,,
BIRLACABLE,266.92,258.0,C,258.0,241.0,756.25,258.0,3.4573643410852775,-3.4573643410852775,6,8,"c03,c12",False,OTHER,,,,,,,,,,,,,,,,,,,
SAHYADRI,349.85,338.4,C+D,338.4,338.4,380.16,338.4,3.3835697399527325,-3.3835697399527325,7,8,c12,False,OTHER,,,,,,,,,,,,,,,,,,,
MARINE,355.15,344.95,C,344.95,297.9,4891.58,344.95,2.9569502826496565,-2.9569502826496565,7,8,c03,False,OTHER,,,,,,,,,,,,,,,,,,,
SIL,19.0,18.48,C+D,18.48,18.48,111.35,19.99,2.8138528138528116,-2.8138528138528116,4,8,"c04,c06,c11,c12",False,OTHER,,,,,,,,,,,,,,,,,,,
SHILPAMED,807.55,786.15,C,786.15,650.0,15618.8,786.15,2.722126820581311,-2.722126820581311,7,8,c03,False,OTHER,,,,,,,,,,,,,,,,,,,
KOLTEPATIL,462.2,450.0,C,450.0,408.0,4080.88,483.9,2.7111111111111086,-2.7111111111111086,6,8,"c03,c04",False,OTHER,,,,,,,,,,,,,,,,,,,
VISAKAIND,103.52,100.97,C,100.97,87.9,889.97,100.97,2.5255026245419403,-2.5255026245419403,6,8,"c03,c12",False,OTHER,,,,,,,,,,,,,,,,,,,
PIXTRANS,1986.5,1937.9,C+D,1937.9,1937.9,2683.93,1937.9,2.5078693431033545,-2.5078693431033545,7,8,c06,True,FIRED,1986.5,3.740607727298776,16.137184544197385,31.47792493883759,29.396825376631284,9.148351648351639,14.979319382707356,30.726911645946164,2.448591250916099,3.518302403044475,-33.89751793178183,7.183360086150836,True,,,,,,2.0
MENONBE,246.55,241.0,C,241.0,231.6,1388.05,241.0,2.3029045643153574,-2.3029045643153574,7,8,c03,False,OTHER,,,,,,,,,,,,,,,,,,,
NRBBEARING,478.25,468.0,C,468.0,467.6,4588.07,468.0,2.19017094017094,-2.19017094017094,8,8,,True,FIRED,478.25,4.262564317772898,21.837638553559266,67.86592146217015,40.331577796455264,11.493177850563697,13.687418005015406,51.81433600191598,5.1026978280187985,4.332493994221358,-54.58333268124833,3.578719805799979,True,,,,,,3.0
AKUMS,730.1,714.7,C+D,714.7,714.7,11300.35,714.7,2.154750244857979,-2.154750244857979,8,8,,True,FIRED,730.1,3.266675439557265,23.3837038622229,42.07043497077938,35.116134540082825,4.01025533206576,14.935653384087422,42.380748290939366,4.854194125452116,3.6294984984955327,-40.646423365463654,6.9903801901666895,True,,,,,,2.0
MMFL,658.25,644.7,C,644.7,565.0,3177.51,644.7,2.101752753218544,-2.101752753218544,7,8,c03,False,OTHER,,,,,,,,,,,,,,,,,,,
PANAMAPET,528.85,518.5,C+D,518.5,518.5,3157.46,518.5,1.9961427193828394,-1.9961427193828394,8,8,,True,FIRED,528.85,5.117573500642398,16.976141743827363,51.05683826912948,79.14972158913874,23.53421921515293,24.986115243751673,65.09387573331635,6.135196973508572,4.750711676603473,-55.834136933461906,4.313725490196085,True,,,,,,3.0
VIJIFIN,11.47,11.25,C,11.25,10.21,186.32,11.25,1.955555555555561,-1.955555555555561,5,8,"c03,c11,c12",False,OTHER,,,,,,,,,,,,,,,,,,,
IRISDOREME,55.77,54.8,C,54.8,53.29,1043.54,54.8,1.770072992700741,-1.770072992700741,6,8,"c03,c11",False,OTHER,,,,,,,,,,,,,,,,,,,
TITAN,5090.0,5005.0,C,5005.0,4886.0,451540.46,5005.0,1.6983016983016983,-1.6983016983016983,7,8,c03,False,OTHER,,,,,,,,,,,,,,,,,,,
SUMICHEM,561.25,551.9,C+D,551.9,551.9,27935.39,617.45,1.6941474904874114,-1.6941474904874114,8,8,,True,FIRED,561.25,3.7811021018930955,41.605162574941865,-11.271834506193201,23.202725285785352,9.256372720077955,14.948060827618882,23.915395356695267,-0.2707198281227896,3.5876850803308233,-34.299690867273846,3.820147202835966,True,,,,,,1.0
AGARWALEYE,560.7,553.0,C,553.0,505.0,17698.21,568.0,1.3924050632911475,-1.3924050632911475,7,8,c03,False,OTHER,,,,,,,,,,,,,,,,,,,
SADHNANIQ,3.17,3.13,C+D,3.13,3.13,939.81,3.13,1.2779552715654963,-1.2779552715654963,4,8,"c04,c05,c11,c12",False,OTHER,,,,,,,,,,,,,,,,,,,
GLAND,2667.3,2634.3,C,2634.3,2586.0,43757.66,2634.3,1.2527047033367498,-1.2527047033367498,7,8,c03,False,OTHER,,,,,,,,,,,,,,,,,,,
NAHARINDUS,130.44,129.0,C+D,129.0,129.0,574.37,130.0,1.11627906976744,-1.11627906976744,7,8,c12,False,OTHER,,,,,,,,,,,,,,,,,,,
SPECIALITY,150.15,148.5,C,148.5,143.63,718.74,154.0,1.111111111111115,-1.111111111111115,6,8,"c03,c12",False,OTHER,,,,,,,,,,,,,,,,,,,
AARTIPHARM,823.0,814.0,C+D,814.0,814.0,7461.55,946.1,1.1056511056511056,-1.1056511056511056,5,8,"c04,c05,c06",False,OTHER,,,,,,,,,,,,,,,,,,,
MMP,343.65,339.95,C,339.95,319.98,846.17,339.95,1.0883953522576817,-1.0883953522576817,6,8,"c03,c12",False,OTHER,,,,,,,,,,,,,,,,,,,
SUNDRMFAST,1121.3,1109.45,C,1109.45,1010.15,23704.94,1109.45,1.0680968047230528,-1.0680968047230528,6,8,"c03,c04",False,OTHER,,,,,,,,,,,,,,,,,,,
YATHARTH,898.75,889.9,C+D,889.9,889.9,8761.8,889.9,0.9944937633441986,-0.9944937633441986,7,8,c08,False,FIRED,898.75,2.5150001202997716,21.801543368920594,27.826771612531353,8.159334111192763,6.304333434667542,6.9940474635619365,20.201390175910248,0.7923697016803954,3.5179241753689685,-32.71154199427253,3.9166826612764494,True,,,,,,1.0
RKFORGE,736.2,729.0,C,729.0,654.65,13738.75,729.0,0.9876543209876606,-0.9876543209876606,7,8,c03,False,OTHER,,,,,,,,,,,,,,,,,,,
GRASIM,3380.5,3349.6,C,3349.6,3246.0,230019.19,3349.6,0.9224982087413449,-0.9224982087413449,7,8,c03,False,OTHER,,,,,,,,,,,,,,,,,,,
AZAD,2549.7,2530.0,C+D,2530.0,2530.0,16197.13,2530.0,0.7786561264822063,-0.7786561264822063,8,8,,True,FIRED,2549.7,4.078631509825737,132.4106644011743,63.50519174565474,20.38812585894183,2.8312159709618756,13.869609909156244,38.648566106364825,4.505557331553933,4.368486963438133,-46.24505928853755,2.9423459244532824,True,,,,,,1.0
THYROCARE,622.1,617.45,C+D,617.45,617.45,9830.46,617.45,0.7530974167948784,-0.7530974167948784,8,8,,True,FIRED,622.1,3.7218403492652334,72.07958061050019,38.63467412545105,32.02461457634001,21.944527578732398,13.288704774728878,34.60104306221412,3.8656475339445606,4.084206907966819,-44.521825606450925,2.779609278628703,True,,,,,,3.0
ANTHEM,853.0,847.0,C,847.0,825.65,48187.56,873.5,0.7083825265643447,-0.7083825265643447,7,8,c03,False,OTHER,,,,,,,,,,,,,,,,,,,
INDIGOPNTS,1141.2,1133.8,C,1133.8,1124.7,5452.12,1345.9,0.6526724289998317,-0.6526724289998317,7,8,c04,True,OTHER,,,,,,,,,,,,,,,,,,,
M&MFIN,412.3,409.75,C,409.75,401.0,57306.8,412.2,0.6223306894447862,-0.6223306894447862,7,8,c03,False,OTHER,,,,,,,,,,,,,,,,,,,
PPLPHARMA,213.61,212.43,C,212.43,202.26,29009.02,212.43,0.5554770983382793,-0.5554770983382793,6,8,"c03,c04",False,OTHER,,,,,,,,,,,,,,,,,,,
UNIPARTS,824.8,820.35,C,820.35,752.0,3719.64,820.35,0.5424513926982302,-0.5424513926982302,7,8,c03,False,OTHER,,,,,,,,,,,,,,,,,,,
POLYPLEX,1179.7,1174.0,C+D,1174.0,1174.0,3691.75,1174.0,0.4855195911414008,-0.4855195911414008,8,8,,True,FIRED,1179.7,3.1251893605763117,10.549401511948243,1.9795945889761413,30.656769088644896,11.234731571935907,15.973173697087217,30.78442079006294,0.9767224497460925,3.487113751670305,-36.96763202725724,2.2375215146299476,True,,,,,,2.0
IIFL,625.9,623.0,C+D,623.0,623.0,26383.88,675.0,0.4654895666131585,-0.4654895666131585,8,8,,True,FIRED,625.9,3.0447589622728986,135.73912682580323,38.39690436705361,36.13920609026644,12.390011233800035,14.933030997082186,19.10346051871754,2.2777553791563543,3.5775871316115877,-34.33386739911467,1.1290322580645107,True,,,,,,2.0
LOKESHMACH,351.25,349.85,C+D,349.85,349.85,709.19,349.85,0.40017150207231017,-0.40017150207231017,7,8,c12,False,OTHER,,,,,,,,,,,,,,,,,,,
DVL,283.06,282.02,C,282.02,272.65,940.91,386.0,0.36876817247004484,-0.36876817247004484,4,8,"c04,c05,c06,c12",False,OTHER,,,,,,,,,,,,,,,,,,,
ENDURANCE,2969.0,2959.9,C,2959.9,2835.0,41748.87,3079.9,0.3074428190141528,-0.3074428190141528,7,8,c03,False,OTHER,,,,,,,,,,,,,,,,,,,
BELRISE,252.77,252.0,C+D,252.0,252.0,21466.7,252.0,0.3055555555555596,-0.3055555555555596,7,8,c08,False,FIRED,252.77,2.605417168895866,100.02110648327911,86.24373543067854,20.56185995654527,6.852385275913431,8.088622653074374,29.271304680473808,4.470187714950269,3.391127401233466,-32.7063484797402,2.6122797825779864,True,,,,,,0.0
TVSMOTOR,4466.2,4458.0,C,4458.0,4325.0,211054.31,4458.0,0.18393898609241405,-0.18393898609241405,7,8,c03,False,OTHER,,,,,,,,,,,,,,,,,,,
INDGN,568.75,567.8,C,567.8,554.0,13780.74,596.8,0.1673124339556262,-0.1673124339556262,6,8,"c03,c04",False,OTHER,,,,,,,,,,,,,,,,,,,
ORBTEXP,265.35,264.98,C+D,264.98,264.98,713.65,265.0,0.13963317986263285,-0.13963317986263285,7,8,c12,False,OTHER,,,,,,,,,,,,,,,,,,,
JINDALSAW,279.05,278.95,C+D,278.95,278.95,17756.83,278.95,0.035848718408325056,-0.035848718408325056,8,8,,True,FIRED,279.05,2.820794575714878,46.88722568014267,31.982220908417247,19.33373433549943,1.1783946159819703,8.436899928282472,35.440881746139866,3.0977226931740764,4.087561745740808,-42.97902937494399,2.2270924568990713,True,,,,,,1.0
MINDACORP,736.1,735.9,C,735.9,714.75,17461.89,735.9,0.027177605652948154,-0.027177605652948154,7,8,c03,False,OTHER,,,,,,,,,,,,,,,,,,,
BOSCH-HCIL,1709.1,1708.8,C,1708.8,1499.0,4670.35,1778.6,0.01755617977527824,-0.01755617977527824,6,8,"c03,c04",False,OTHER,,,,,,,,,,,,,,,,,,,
ARVSMART,658.95,659.0,D,693.8,659.0,2906.07,693.8,-0.007587253414257135,0.007587253414257135,6,8,"c04,c06",True,WATCH,658.95,3.7565179325130345,27.85394086117767,8.415599413347508,11.11205017510879,7.583673469387753,9.767006297679792,12.415666017616234,-0.45292450410528984,3.531550333530664,-26.13050261108213,5.649455595600217,True,2.0,"depth>=-45,spike>=3",8.0,False,,
DALMIASUG,418.95,419.0,D,427.0,419.0,3422.84,427.0,-0.011933174224346388,0.011933174224346388,8,8,,True,WATCH,418.95,5.154041878685606,36.82634936817688,12.939745575794559,14.451581470056096,17.352941176470594,18.641043857214168,26.76027533098544,0.3301274281478195,4.42781680980457,-35.56085918854416,2.3269689737470234,True,5.0,"ret1m>=10,dist200>=25,dist50>=12,depth>=-45,px<=500",8.0,False,,
UGARSUGAR,46.49,46.5,C+D,46.5,46.5,527.32,48.85,-0.021505376344081745,0.021505376344081745,5,8,"c04,c11,c12",False,OTHER,,,,,,,,,,,,,,,,,,,
LALPATHLAB,1954.0,1955.1,C,1955.1,1919.8,32669.25,1955.1,-0.05626310674645334,0.05626310674645334,7,8,c03,False,OTHER,,,,,,,,,,,,,,,,,,,
PIDILITIND,1685.0,1686.4,C,1686.4,1637.9,171468.78,1686.4,-0.08301707779886687,0.08301707779886687,7,8,c03,False,OTHER,,,,,,,,,,,,,,,,,,,
SYRMA,1516.4,1517.7,C+D,1517.7,1517.7,29250.92,1517.7,-0.08565592673123505,0.08565592673123505,8,8,,True,FIRED,1516.4,3.9426095835089914,214.6794113795508,110.37736205338935,47.409358605737914,5.916047476204533,12.107689178295233,56.99949126932644,6.615514865559291,3.9879205822232366,-53.870990605130295,4.246575342465753,True,,,,,,3.0
TATATECH,879.15,880.0,C,880.0,784.0,35686.96,880.0,-0.09659090909091167,0.09659090909091167,7,8,c03,False,OTHER,,,,,,,,,,,,,,,,,,,
LAURUSLABS,1854.0,1856.6,C,1856.6,1826.6,100353.18,1856.6,-0.14004093504254603,0.14004093504254603,7,8,c03,False,OTHER,,,,,,,,,,,,,,,,,,,
IGPL,482.6,483.3,D,532.45,483.3,1515.11,532.45,-0.14483757500517042,0.14483757500517042,7,8,c03,False,OTHER,,,,,,,,,,,,,,,,,,,
CHOICEIN,844.75,846.0,C+D,846.0,846.0,16592.39,860.5,-0.14775413711583923,0.14775413711583923,8,8,,True,FIRED,844.75,1.7236717255408933,46.93492909532654,12.288982281955496,27.394062901834726,1.1676646706586746,11.404468250324928,13.119900153992203,0.15198343601292574,2.660974342927799,-32.77777633486628,0.9681088852428799,True,,,,,,0.0
MUFIN,137.79,138.0,D,138.4,138.0,2414.74,138.4,-0.15217391304348402,0.15217391304348402,8,8,,True,SCREENED,137.79,2.7614476161590282,14.441811042631036,55.361366791067624,21.17667848861633,6.204712629875808,7.363420182423508,18.438051454998906,3.7139425261394576,3.2453133600140074,-31.159420289855078,1.0218933550980802,True,4.0,"ret12m>=40,200slope>=2,depth>=-45,px<=500",8.0,False,atr<3%,
MANORAMA,1674.0,1676.7,D,1706.9,1676.7,10024.58,1706.9,-0.16103059581320722,0.16103059581320722,8,8,,True,SCREENED,1674.0,2.903652500426694,19.54389002873291,19.179839747731787,23.834882344559016,2.869781218620693,6.3755425216214245,18.76783700638378,1.1467589980821202,3.7206953269076615,-33.18422801764627,1.9653539076500914,True,1.0,depth>=-45,8.0,False,atr<3%,
EMCURE,1995.2,1999.0,D,2009.2,1999.0,37402.79,2009.2,-0.1900950475237596,0.1900950475237596,8,8,,True,SCREENED,1995.2,2.9123467751174243,29.387452485931398,39.14498682119088,20.410380205190105,9.964725151738495,9.256343592575057,25.894781064148088,3.713981631810448,3.462673825994304,-30.91545772886444,2.656641604010024,True,3.0,"dist200>=25,200slope>=2,depth>=-45",8.0,False,atr<3%,
COFORGE,1810.0,1813.9,C,1813.9,1764.9,75814.78,1989.7,-0.2150063399305414,0.2150063399305414,6,8,"c03,c04",False,OTHER,,,,,,,,,,,,,,,,,,,
RAINBOW,1538.6,1542.0,D,1610.0,1542.0,15624.94,1610.0,-0.2204928664072692,0.2204928664072692,7,8,c03,False,OTHER,,,,,,,,,,,,,,,,,,,
ALIVUS,1374.5,1377.9,C,1377.9,1193.9,16712.23,1377.9,-0.24675230423108285,0.24675230423108285,7,8,c03,False,OTHER,,,,,,,,,,,,,,,,,,,
POLYMED,1772.4,1777.0,C+D,1777.0,1777.0,17639.64,2144.9,-0.25886325267303933,0.25886325267303933,5,8,"c04,c06,c07",True,WATCH,1772.4,3.1764856347048593,21.235567776787107,-10.719320794172793,10.934471688503633,6.239881803336189,9.954191357519715,10.475542098840496,-1.489171996282046,4.115278974096339,-33.48339898705683,2.479012868036068,True,1.0,depth>=-45,8.0,False,,
NESTLEIND,1528.6,1532.6,D,1553.0,1532.6,294933.95,1553.0,-0.26099438862064467,0.26099438862064467,7,8,c03,False,OTHER,,,,,,,,,,,,,,,,,,,
THOMASCOTT,349.05,350.0,C+D,350.0,350.0,498.34,459.8,-0.2714285714285682,0.2714285714285682,4,8,"c04,c05,c06,c12",False,OTHER,,,,,,,,,,,,,,,,,,,
KHAITANLTD,150.49,150.96,D,162.4,150.96,74.28,162.4,-0.3113407525172223,0.3113407525172223,6,8,"c03,c12",False,OTHER,,,,,,,,,,,,,,,,,,,
CONFIPET,82.74,83.0,D,84.79,83.0,2781.15,84.79,-0.31325301204819894,0.31325301204819894,7,8,c11,True,WATCH,82.74,5.008806580152584,21.518659072831383,64.42766395427941,32.29932649306602,8.227604058658411,10.925505167973615,66.31590344904137,7.615714047730626,6.8604516577054815,-66.19277172778027,2.3696682036039585,True,4.0,"ret12m>=40,dist200>=25,200slope>=2,px<=500",8.0,True,,
UNOMINDA,1288.0,1292.1,C,1292.1,1255.0,74119.28,1382.0,-0.31731290147820673,0.31731290147820673,7,8,c03,False,OTHER,,,,,,,,,,,,,,,,,,,
ASIANENE,402.7,404.0,D,420.0,404.0,1810.29,420.0,-0.32178217821782457,0.32178217821782457,7,8,c03,False,OTHER,,,,,,,,,,,,,,,,,,,
BOSCHLTD,43505.0,43650.0,C,43650.0,42985.0,126565.07,43650.0,-0.3321878579610538,0.3321878579610538,8,8,,True,SCREENED,43505.0,2.4537409493161704,117.598883375,5.812963638574731,19.7989811372711,4.041611861772099,7.644610717696709,17.376307010337367,0.844873452635464,2.6367868483544363,-34.45589919816724,1.6298020954598424,True,1.0,depth>=-45,8.0,False,atr<3%,
LMW,17635.0,17699.0,C+D,17699.0,17699.0,18750.95,17699.0,-0.3616023504152777,0.3616023504152777,8,8,,True,WATCH,17635.0,3.0600672364210784,8.055102875,17.496168965287495,22.041522491349475,9.303334572951538,9.815452749776444,16.717083019368694,0.9351535152179125,3.1011868708844053,-32.65156223515453,4.375774016630296,True,2.0,"depth>=-45,spike>=3",8.0,False,,
HAPPYFORGE,1926.0,1934.1,C,1934.1,1688.2,18131.97,1934.1,-0.41879944160073984,0.41879944160073984,7,8,c03,False,OTHER,,,,,,,,,,,,,,,,,,,
FOSECOIND,5571.0,5595.0,C+D,5595.0,5595.0,4204.89,6846.0,-0.42895442359249336,0.42895442359249336,8,8,,True,FIRED,5571.0,2.9733056388952996,1.5195130300000002,6.043589987627307,2.3704520396912843,6.509893891597351,8.796566920034433,11.159021034955474,-1.0855596262432043,3.6723534693679194,-23.145665773011615,1.361709802506983,True,,,,,,1.0
FEDERALBNK,358.35,359.9,D,371.7,359.9,87605.49,371.7,-0.4306751875520852,0.4306751875520852,7,8,c07,True,SCREENED,358.35,1.9344624933350274,254.24428950609408,82.794333948464,27.95929856098254,8.640289031112026,8.120421717580651,25.321806750770072,5.734837730489306,2.3710923824482673,-29.61933785724984,3.2786936678695255,True,6.0,"ret12m>=40,dist200>=25,200slope>=2,depth>=-45,spike>=3,px<=500",8.0,False,atr<3%,
RBLBANK,391.0,392.7,C,392.7,383.45,60277.62,392.7,-0.43290043290043,0.43290043290043,7,8,c03,False,OTHER,,,,,,,,,,,,,,,,,,,
ETHOSLTD,2833.1,2846.0,D,3090.4,2846.0,7658.77,3245.9,-0.4532677442023925,0.4532677442023925,7,8,c04,True,WATCH,2833.1,4.748962765814959,37.33507142762207,2.9170281076556615,21.124412141941008,6.949792374480923,11.914149911625117,9.271407865380432,0.06541825835062465,3.950353166487387,-32.557975248978835,6.9342526762543155,True,2.0,"depth>=-45,spike>=3",8.0,False,,
SUDARSCHEM,1124.3,1129.9,D,1157.0,1129.9,8877.36,1603.0,-0.49561908133464344,0.49561908133464344,6,8,"c03,c04",False,OTHER,,,,,,,,,,,,,,,,,,,
MEDANTA,1476.2,1483.7,C,1483.7,1438.0,39668.32,1483.7,-0.5054930241962661,0.5054930241962661,7,8,c03,False,OTHER,,,,,,,,,,,,,,,,,,,
HEROMOTOCO,5860.0,5890.0,D,5845.0,5890.0,117292.14,6388.5,-0.5093378607809848,0.5093378607809848,8,8,,True,FIRED,5860.0,2.7167221210689907,426.49095819906495,30.952649844319357,15.422493598581832,18.333633901573275,16.298500362870747,8.575389876151629,-0.5256472837112169,2.516042823004049,-20.687606112054326,1.5055603079555224,True,,,,,,0.0
UNIMECH,1452.3,1459.9,C,1459.9,1323.0,7382.82,1459.9,-0.5205836016165584,0.5205836016165584,7,8,c03,False,OTHER,,,,,,,,,,,,,,,,,,,
SUBEXLTD,13.89,13.97,D,14.3,13.97,777.85,14.58,-0.5726556907659275,0.5726556907659275,5,8,"c04,c11,c12",False,OTHER,,,,,,,,,,,,,,,,,,,
SIEMENS,3914.3,3937.3,D,4073.8,3937.3,140321.28,4073.8,-0.5841566555761563,0.5841566555761563,7,8,c03,False,OTHER,,,,,,,,,,,,,,,,,,,
FIEMIND,2539.3,2555.3,D,2604.9,2555.3,6702.39,2604.9,-0.626149571478887,0.626149571478887,7,8,c03,False,OTHER,,,,,,,,,,,,,,,,,,,
WSTCSTPAPR,586.25,590.0,D,601.8,590.0,3883.08,601.8,-0.6355932203389831,0.6355932203389831,7,8,c03,False,OTHER,,,,,,,,,,,,,,,,,,,
RRKABEL,2756.9,2775.0,D,2815.0,2775.0,31164.61,2815.0,-0.652252252252249,0.652252252252249,8,8,,True,WATCH,2756.9,3.996466009959426,200.946667482771,117.55840484767126,40.852190835565125,23.86665141221924,16.634937113110727,61.25008781790662,8.235313644983332,4.004649612847859,-53.82702526745496,0.7516105941302698,True,5.0,"ret12m>=40,ret1m>=10,dist200>=25,dist50>=12,200slope>=2",8.0,False,,
VEEDOL,1524.6,1534.9,C+D,1534.9,1534.9,2574.74,2035.0,-0.6710534888266455,0.6710534888266455,5,8,"c04,c05,c06",False,OTHER,,,,,,,,,,,,,,,,,,,
UDS,210.54,212.0,D,213.9,212.0,1417.2,266.2,-0.6886792452830226,0.6886792452830226,7,8,c04,True,WATCH,210.54,4.207886642528322,6.814799699683456,-28.03281190051029,21.967330526842808,5.687461926752757,10.060722967975554,19.029884682906694,-2.6546804336068486,4.618539111171247,-40.99056675749006,0.896223536077545,True,2.0,"depth>=-45,px<=500",8.0,False,,
BRIGADE,607.7,612.0,C+D,612.0,612.0,19855.11,802.01,-0.7026143790849598,0.7026143790849598,5,8,"c04,c05,c06",False,OTHER,,,,,,,,,,,,,,,,,,,
FILATEX,84.78,85.38,C,85.38,77.54,3711.11,85.38,-0.7027406886858683,0.7027406886858683,6,8,"c03,c11",False,OTHER,,,,,,,,,,,,,,,,,,,
CONCORDBIO,1419.0,1429.4,D,1469.6,1429.4,14829.35,1801.9,-0.7275780047572471,0.7275780047572471,5,8,"c04,c06,c07",True,WATCH,1419.0,3.7264669624373927,20.77250539789612,-14.171659221458267,24.473684210526315,4.978919232021739,8.241454524044102,12.653559416869896,-1.9744961444483677,4.298911362053573,-30.950048971596477,2.268613471533576,True,1.0,depth>=-45,8.0,False,,
VMART,818.4,824.45,C+D,824.45,824.45,6428.98,888.0,-0.7338225483655852,0.7338225483655852,8,8,,True,WATCH,818.4,3.7795872415948257,12.392595163666686,4.561132903563281,25.801247460855812,5.213090658454678,8.66909559322966,18.945535212028574,-0.4007586898530646,3.966753694523769,-44.45994373261152,0.5672145015006791,True,1.0,depth>=-45,8.0,False,,
OFSS,11890.0,11979.0,C+D,11979.0,11979.0,102164.29,11979.0,-0.742966858669338,0.742966858669338,8,8,,True,WATCH,11890.0,3.9589090472185515,495.54725796,39.60314664788071,33.52799146498961,1.225949259322312,10.447558774542998,37.47893805903211,3.182134069047793,3.154268711246678,-47.95475415310126,0.6807866868381307,True,2.0,"dist200>=25,200slope>=2",8.0,False,,
GEECEE,371.9,374.8,C+D,374.8,374.8,765.37,393.9,-0.7737459978655373,0.7737459978655373,6,8,"c04,c12",False,OTHER,,,,,,,,,,,,,,,,,,,
MANYAVAR,524.9,529.0,C,529.0,520.0,12616.11,796.55,-0.7750472589792103,0.7750472589792103,6,8,"c04,c05",False,OTHER,,,,,,,,,,,,,,,,,,,
THELEELA,507.0,511.0,D,527.0,511.0,17213.21,527.0,-0.7827788649706457,0.7827788649706457,7,8,c03,False,OTHER,,,,,,,,,,,,,,,,,,,
CASTROLIND,193.43,195.0,C,195.0,190.1,19113.59,212.4,-0.8051282051282017,0.8051282051282017,5,8,"c03,c04,c05",False,OTHER,,,,,,,,,,,,,,,,,,,
DIVGIITTS,1056.2,1065.0,C+D,1065.0,1065.0,3271.21,1065.0,-0.8262910798122023,0.8262910798122023,8,8,,True,FIRED,1056.2,3.92174159012916,5.180864847812195,69.73885094415428,52.102529214515194,9.179240577311564,16.205509061048808,46.393524917400455,4.673325566271824,5.057807097798326,-44.57277109925176,2.115019011406849,True,,,,,,1.0
KEI,5659.8,5708.0,C+D,5708.0,5708.0,53747.88,5708.0,-0.8444288717589318,0.8444288717589318,7,8,c08,False,OTHER,,,,,,,,,,,,,,,,,,,
AUROPHARMA,1648.0,1662.4,C,1662.4,1636.8,95138.9,1662.4,-0.8662175168431239,0.8662175168431239,7,8,c03,False,OTHER,,,,,,,,,,,,,,,,,,,
RADICO,4550.0,4590.3,C,4590.3,4494.4,61178.4,4590.3,-0.8779382611158352,0.8779382611158352,7,8,c03,False,OTHER,,,,,,,,,,,,,,,,,,,
WELCORP,1848.5,1865.0,C,1865.0,1700.0,48463.46,1865.0,-0.8847184986595175,0.8847184986595175,7,8,c03,False,OTHER,,,,,,,,,,,,,,,,,,,
VADILALIND,7380.0,7449.0,D,7478.5,7449.0,5344.39,7478.5,-0.9262988320579945,0.9262988320579945,7,8,c07,True,FIRED,7380.0,3.1925087108013934,14.378626507499998,42.278773857721234,71.47238940155454,15.132605304212166,14.805169097755755,41.271056529517594,2.994205587273946,3.6554880414015294,-45.46919049536851,2.5588952071486704,True,,,,,,1.0
HEG,683.6,690.0,D,698.0,690.0,13262.51,698.0,-0.9275362318840547,0.9275362318840547,8,8,,True,WATCH,683.6,4.05782514478235,188.0929888589087,29.629284469095385,13.122623499737562,25.41968907623533,19.270905325623012,21.440425942674636,2.181785700148642,3.885041091472505,-31.768117711163946,1.1594202898550732,True,4.0,"ret1m>=10,dist50>=12,200slope>=2,depth>=-45",8.0,False,,
TASTYBITE,9524.5,9614.5,C,9614.5,9492.5,2431.22,10789.0,-0.936086119923033,0.936086119923033,7,8,c04,True,FIRED,9524.5,3.59261453544618,3.169227675,-12.426443545421106,25.330613856174743,4.733890477237734,10.541770153896145,20.41254682429212,0.14214431873751376,4.021589708946584,-33.12184720994331,1.5706806282722585,True,,,,,,1.0
ASTERDM,867.15,875.35,C,875.35,839.4,76572.07,875.35,-0.9367681498829092,0.9367681498829092,7,8,c03,False,OTHER,,,,,,,,,,,,,,,,,,,
HAL,4928.0,4975.0,C,4975.0,4836.3,330121.95,4978.0,-0.9447236180904521,0.9447236180904521,7,8,c03,False,OTHER,,,,,,,,,,,,,,,,,,,
UNITDSPR,1522.0,1536.8,D,1548.0,1536.8,108641.67,1548.0,-0.9630400832899502,0.9630400832899502,7,8,c07,True,SCREENED,1522.0,2.0893575998817933,136.5730886737793,14.980740057636876,21.13976205228134,9.836187748499036,10.435821755201369,11.495051709935833,0.9009203285856193,2.274333281453358,-21.21290676547859,0.8206314566619799,True,1.0,depth>=-45,8.0,False,atr<3%,
PRUDENT,3379.7,3412.6,C,3412.6,3340.9,13912.67,3412.6,-0.964074312840652,0.964074312840652,7,8,c03,False,OTHER,,,,,,,,,,,,,,,,,,,
NAZARA,354.5,358.0,C,358.0,343.8,13159.05,363.25,-0.9776536312849162,0.9776536312849162,7,8,c03,False,OTHER,,,,,,,,,,,,,,,,,,,
LANDMARK,561.35,566.95,C+D,566.95,566.95,2234.93,662.8,-0.987741423405948,0.987741423405948,6,8,"c04,c07",True,WATCH,561.35,4.465637839990727,141.30855164111907,14.095528455284567,52.024373730534876,32.393867924528294,20.778611854322037,23.358511575262163,-2.1423891959612584,4.907200297193035,-40.118176206014645,0.7092198581560183,True,3.0,"ret1m>=10,dist50>=12,depth>=-45",8.0,False,,
GALAXYSURF,2084.8,2105.6,D,2114.0,2105.6,7398.31,2456.9,-0.9878419452887409,0.9878419452887409,6,8,"c04,c06",True,SCREENED,2084.8,2.6316321245111296,2.2907954420208743,-21.541470784666984,12.80164782377069,4.203531308073716,8.738625793909915,8.088742691896854,-1.5543282771448674,3.271541206432496,-28.286474164133736,1.2332012563071482,True,1.0,depth>=-45,8.0,False,atr<3%,
SHOPERSTOP,425.9,430.4,C,430.4,425.0,4072.25,572.0,-1.0455390334572492,1.0455390334572492,7,8,c04,True,WATCH,425.9,4.191124574790937,4.897707415066681,-18.868465549814605,27.80195048762191,16.60506502395618,14.245094675973856,14.54390204325453,-3.742564411971838,4.521605736675282,-35.88522021212099,1.2705867991728015,True,4.0,"ret1m>=10,dist50>=12,depth>=-45,px<=500",8.0,False,,
AETHER,1597.5,1614.4,D,1619.9,1614.4,21164.96,1619.9,-1.0468285431119977,1.0468285431119977,8,8,,True,WATCH,1597.5,3.3261794071722,40.730646762213745,108.10264432927639,39.28851390653196,6.443226814083691,18.502572820424646,48.49124469267076,7.899351032641921,4.261079937999625,-44.77205304844293,1.1958860898084733,True,5.0,"ret12m>=40,dist200>=25,dist50>=12,200slope>=2,depth>=-45",8.0,False,,
MOTHERSON,167.99,169.8,C,169.8,155.25,178784.36,169.8,-1.065959952885749,1.065959952885749,7,8,c03,False,OTHER,,,,,,,,,,,,,,,,,,,
360ONE,1175.6,1188.5,D,1197.0,1188.5,48063.05,1236.2,-1.0854017669331166,1.0854017669331166,7,8,c06,True,SCREENED,1175.6,2.7511790260786286,151.11037316375123,11.749049429657777,9.104408352668214,4.127546501328605,5.751758166736232,6.308831194182729,0.5413771002804824,2.9162132390908404,-23.765251342619376,0.5966867333609516,True,1.0,depth>=-45,8.0,False,atr<3%,
SAREGAMA,530.05,535.9,D,574.5,535.9,10063.78,574.5,-1.091621571188659,1.091621571188659,7,8,c07,True,WATCH,530.05,5.018395642583837,54.93240863083496,12.501327998840296,58.200274380407954,10.61143290851998,9.038657730501631,34.53942087317412,1.1330091186118052,4.2093276751251425,-42.703864938800386,6.398738218700384,True,4.0,"ret1m>=10,dist200>=25,depth>=-45,spike>=3",8.0,False,,
ZENITHEXPO,238.16,240.99,C+D,240.99,240.99,128.49,351.65,-1.1743225859994242,1.1743225859994242,4,8,"c04,c05,c06,c12",False,OTHER,,,,,,,,,,,,,,,,,,,
HTMEDIA,27.66,28.0,D,31.3,28.0,638.01,31.3,-1.2142857142857137,1.2142857142857137,6,8,"c11,c12",False,OTHER,,,,,,,,,,,,,,,,,,,
VARROC,825.95,836.3,C,836.3,691.15,12551.51,836.3,-1.237594164773396,1.237594164773396,7,8,c03,False,OTHER,,,,,,,,,,,,,,,,,,,
NRAIL,527.75,534.4,D,574.0,534.4,908.6,574.0,-1.244386227544906,1.244386227544906,6,8,"c03,c12",False,OTHER,,,,,,,,,,,,,,,,,,,
ABCAPITAL,407.75,413.0,D,430.7,413.0,108106.64,430.7,-1.2711864406779663,1.2711864406779663,8,8,,True,SCREENED,407.75,2.937724659841136,145.90832949589432,44.5921985815603,18.42870010358073,-0.13470188817336082,5.2114162781430995,15.531106796324256,3.361853325543307,2.9676235084516924,-30.338980095149815,1.1983096875884947,True,4.0,"ret12m>=40,200slope>=2,depth>=-45,px<=500",8.0,False,atr<3%,
RAMCOIND,377.2,382.2,C+D,382.2,382.2,3277.57,398.05,-1.3082155939298796,1.3082155939298796,7,8,c06,True,FIRED,377.2,3.7825708226026356,45.445143964967194,28.016293165957727,34.71428571428572,2.5696804894629555,15.264615947201342,23.22597183117525,-0.20937477734525034,4.164871954515556,-39.65201624895751,5.200156179860094,True,,,,,,2.0
KINGFA,5622.5,5699.4,C+D,5699.4,5699.4,7220.71,5699.4,-1.3492648348948948,1.3492648348948948,8,8,,True,WATCH,5622.5,3.4396239598551737,4.747088079999999,75.29228371005456,8.149961745602718,9.24900417759642,9.30358694616762,22.25102329041335,1.5260439602065468,3.708910850936742,-31.098010316875456,2.5178571428571495,True,2.0,"ret12m>=40,depth>=-45",8.0,False,,
APOLLOHOSP,8912.0,9036.5,D,9050.0,9036.5,128213.65,9050.0,-1.3777458086648593,1.3777458086648593,7,8,c07,True,SCREENED,8912.0,1.522425621954347,237.512475425,22.51855925213089,11.337372727840588,0.8030765750480784,2.657436098280219,14.399666505460518,1.6797210482487834,1.8223117930134185,-24.406573341448567,0.4551004551004656,True,1.0,depth>=-45,8.0,False,atr<3%,
SHRIRAMFIN,1137.8,1153.7,C,1153.7,1108.0,261397.46,1153.7,-1.37817456877872,1.37817456877872,7,8,c03,False,OTHER,,,,,,,,,,,,,,,,,,,
BAJAJHLDNG,11471.0,11632.0,C+D,11632.0,11632.0,127175.77,14763.0,-1.3841127922971115,1.3841127922971115,5,8,"c04,c06,c07",True,SCREENED,11471.0,2.078533444586971,58.64416342999999,-17.242623187360216,14.423940149625935,7.668481321569365,7.927816040043667,6.154135879329825,-1.5313419357601776,2.5917934104179987,-26.169188445667125,0.2931539920675963,True,1.0,depth>=-45,8.0,False,atr<3%,
CENTUM,3861.2,3916.0,C+D,3916.0,3916.0,5710.07,3916.0,-1.399387129724213,1.399387129724213,8,8,,True,FIRED,3861.2,3.8700020489154467,11.822448997108154,83.59563599959043,27.79083236802913,5.8559024187162745,7.063435877414048,36.071730345564475,3.8735781943952885,4.955611331282272,-43.3069433693501,2.712216584578808,True,,,,,,0.0
ARROWGREEN,772.3,783.4,C,783.4,735.0,1152.82,801.0,-1.416900689303041,1.416900689303041,7,8,c03,False,OTHER,,,,,,,,,,,,,,,,,,,
BASF,4031.6,4090.0,D,4250.0,4090.0,17498.38,4829.9,-1.427872860635699,1.427872860635699,5,8,"c03,c04,c05",False,OTHER,,,,,,,,,,,,,,,,,,,
GATECH,0.68,0.69,D,0.77,0.69,82.33,0.93,-1.449275362318826,1.449275362318826,4,8,"c04,c07,c11,c12",False,OTHER,,,,,,,,,,,,,,,,,,,
SIKKO,6.11,6.2,C,6.2,5.59,246.66,6.83,-1.451612903225804,1.451612903225804,5,8,"c03,c11,c12",False,OTHER,,,,,,,,,,,,,,,,,,,
SONACOMS,812.5,824.6,C,824.6,773.2,50926.2,824.6,-1.467378122726173,1.467378122726173,7,8,c03,False,OTHER,,,,,,,,,,,,,,,,,,,
LLOYDSENT,82.55,83.8,D,84.16,83.8,12511.62,84.16,-1.4916467780429594,1.4916467780429594,7,8,c11,True,WATCH,82.55,3.790776601885289,47.11188403544353,5.937907425488009,13.8777796008992,4.6659022762332025,9.229530716566558,28.574143123065255,2.1761948008332865,4.797610796338619,-51.443915719917676,1.0739783576481532,True,3.0,"dist200>=25,200slope>=2,px<=500",8.0,False,,
GULFOILLUB,1177.4,1195.3,D,1230.4,1195.3,5880.82,1329.0,-1.4975320003346326,1.4975320003346326,7,8,c04,True,WATCH,1177.4,3.582955031582527,13.564826025868225,0.38366233202062894,26.30336672195974,12.476112445550559,14.264862811018597,10.371359558826532,-1.5185404067314612,3.1024376807920735,-27.633230151426414,2.243642965949433,True,3.0,"ret1m>=10,dist50>=12,depth>=-45",8.0,False,,
BAJAJ-AUTO,11677.0,11856.0,C,11856.0,11590.0,326863.84,11856.0,-1.5097840755735492,1.5097840755735492,7,8,c03,False,OTHER,,,,,,,,,,,,,,,,,,,
PNBHOUSING,1149.3,1167.0,C,1167.0,1132.7,30308.46,1167.0,-1.5167095115681273,1.5167095115681273,7,8,c03,False,OTHER,,,,,,,,,,,,,,,,,,,
THEJO,2215.2,2249.5,C,2249.5,2136.0,2370.29,2273.9,-1.5247832851744914,1.5247832851744914,7,8,c03,False,OTHER,,,,,,,,,,,,,,,,,,,
BALRAMCHIN,655.25,665.5,C,665.5,641.95,13104.8,665.5,-1.5401953418482344,1.5401953418482344,8,8,,True,WATCH,655.25,3.6627254817715427,57.32318197910645,15.148056243943287,19.375108554506546,15.58475423903085,14.125029632535302,32.08981084586042,3.0733611057939703,3.467091968825971,-38.16679188580016,1.5875476723625992,True,5.0,"ret1m>=10,dist200>=25,dist50>=12,200slope>=2,depth>=-45",8.0,False,,
EXIDEIND,485.4,493.0,C,493.0,461.4,41290.81,493.0,-1.5415821501014246,1.5415821501014246,7,8,c03,False,OTHER,,,,,,,,,,,,,,,,,,,
TI,503.2,511.1,C,511.1,489.9,12348.99,549.7,-1.545685775777741,1.545685775777741,7,8,c03,False,OTHER,,,,,,,,,,,,,,,,,,,
DIACABS,360.5,366.2,C,366.2,342.0,18764.23,366.2,-1.5565264882577796,1.5565264882577796,7,8,c03,False,OTHER,,,,,,,,,,,,,,,,,,,
CIPLA,1467.7,1491.2,C+D,1491.2,1491.2,118599.79,1673.0,-1.575912017167382,1.575912017167382,5,8,"c04,c06,c07",True,SCREENED,1467.7,2.132588165992831,198.98309066673158,-1.2779950088044667,2.1577260306050228,2.8737681524729997,2.9408668639959723,4.665445805545909,-0.723962789156507,1.9828523117299572,-21.82806121433242,0.4987129060680662,True,1.0,depth>=-45,8.0,False,atr<3%,
HNDFDS,585.6,595.0,C+D,595.0,595.0,7131.34,595.0,-1.5798319327731056,1.5798319327731056,8,8,,True,WATCH,585.6,3.041448302793838,5.005255565266419,4.403632467611329,12.463988145090422,2.8180164254284046,5.300635795665598,12.540610228395433,0.8070348435475383,3.1834288455817936,-24.949581883534666,0.18521224797434233,True,1.0,depth>=-45,8.0,False,,
CUPID,262.71,267.0,C,267.0,234.5,34908.58,267.0,-1.6067415730337158,1.6067415730337158,7,8,c03,False,OTHER,,,,,,,,,,,,,,,,,,,
SAILIFE,1426.2,1449.8,C,1449.8,1338.0,30256.35,1449.8,-1.6278107325148234,1.6278107325148234,7,8,c03,False,OTHER,,,,,,,,,,,,,,,,,,,
PVRINOX,1144.0,1163.0,D,1194.2,1163.0,11267.57,1249.7,-1.633705932932072,1.633705932932072,7,8,c04,True,WATCH,1144.0,3.740010371098628,57.85665145441497,10.403402230062841,11.773326819736196,14.165961173222353,12.587786466773032,11.115346696393292,-0.3011850670037952,3.0071925223325313,-21.97764192484415,2.0683718950320618,True,3.0,"ret1m>=10,dist50>=12,depth>=-45",8.0,False,,
NELCO,1007.6,1024.6,D,1026.0,1024.6,2275.76,1026.0,-1.6591840718328994,1.6591840718328994,7,8,c07,True,WATCH,1007.6,4.642574622046554,41.8366285061145,19.1086926485448,47.40692238958513,11.781669925621618,15.663602189385228,35.26098604900256,0.9359125344524877,4.532682045124322,-51.190707973500324,0.3030575336737451,True,3.0,"ret1m>=10,dist200>=25,dist50>=12",8.0,False,,
CHOLAFIN,1920.0,1952.5,C,1952.5,1875.0,162640.29,1952.5,-1.6645326504481435,1.6645326504481435,8,8,,True,WATCH,1920.0,3.4668895176478793,303.76432930029233,31.967830626248638,22.519305080208007,6.024627208298705,10.770977011857319,15.43161336312384,1.1661040641991693,2.8917069859125704,-33.449422565220864,2.064819654992167,True,1.0,depth>=-45,8.0,False,,
AVADHSUGAR,635.1,645.9,C,645.9,562.0,1269.37,645.9,-1.672085462145836,1.672085462145836,7,8,c03,False,OTHER,,,,,,,,,,,,,,,,,,,
COSMOFIRST,927.15,943.0,C,943.0,924.9,2431.68,1129.5,-1.68080593849417,1.68080593849417,8,8,,True,FIRED,927.15,4.442185327202795,13.785219909235535,-13.098699148574177,21.39443535188217,11.550258408957493,13.733663874780856,26.396424024997934,-0.23844700044076683,4.380120646600863,-40.53022398802029,2.2430419921875,True,,,,,,1.0
KENNAMET,3342.6,3400.3,C+D,3400.3,3400.3,7263.49,3400.3,-1.6969090962562206,1.6969090962562206,8,8,,True,WATCH,3342.6,3.171611908848758,4.772630450162353,,8.628250427926432,18.85222998387963,14.60706945639345,,,3.8011720746564697,-29.26506628321398,6.359088171039251,True,4.0,"ret1m>=10,dist50>=12,depth>=-45,spike>=3",8.0,False,,
SANSERA,3812.4,3880.1,C,3880.1,3457.5,23936.72,3880.1,-1.7448003917424761,1.7448003917424761,7,8,c03,False,OTHER,,,,,,,,,,,,,,,,,,,
ARCHIDPLY,95.3,97.0,C+D,97.0,97.0,190.84,113.0,-1.7525773195876317,1.7525773195876317,3,8,"c04,c05,c06,c11,c12",False,OTHER,,,,,,,,,,,,,,,,,,,
NAUKRI,1282.0,1305.6,D,1277.9,1305.6,82815.05,1437.8,-1.8075980392156794,1.8075980392156794,6,8,"c04,c07",True,SCREENED,1282.0,2.885280241008748,230.5435270822235,-4.4495754151091305,38.16888869242214,6.473979320688694,16.595802732998322,11.160583084293085,-1.202430945401911,3.1848444658725854,-30.43045436634736,2.255633275096258,True,2.0,"dist50>=12,depth>=-45",8.0,False,atr<3%,
TIIL,2675.3,2725.0,D,2749.0,2725.0,6153.03,2968.9,-1.8238532110091676,1.8238532110091676,8,8,,True,WATCH,2675.3,3.453284668967365,2.4562552053869626,-14.54626627509963,7.683952067304367,7.909811741301143,5.123065401559024,12.527466172007173,1.0204171630119996,3.748242648679084,-30.979814721903665,1.3717807545563954,True,1.0,depth>=-45,8.0,False,,
DIAMONDYD,1206.4,1228.9,D,1239.0,1228.9,2889.18,1239.0,-1.8309056880136707,1.8309056880136707,8,8,,True,WATCH,1206.4,3.7218182770850845,8.406735324734496,24.996111431733038,20.225221518169278,1.3100395139576282,4.9561873233813225,12.04549396594945,1.362937026176203,3.63038142348172,-30.108224882898327,1.586394964981519,True,1.0,depth>=-45,8.0,False,,
VINDHYATEL,2438.4,2484.9,C+D,2484.9,2484.9,2921.28,2484.9,-1.8713026681154172,1.8713026681154172,8,8,,True,FIRED,2438.4,5.9011174714382015,19.379488566723023,56.9920214174775,46.661857079641365,22.742375413591077,17.8936952954027,59.7815850892512,4.3148159567932165,5.8374795569442295,-61.20970564553654,3.183673469387749,True,,,,,,2.0
21STCENMGM,43.17,44.0,C,44.0,41.11,45.14,57.98,-1.8863636363636325,1.8863636363636325,4,8,"c03,c04,c11,c12",False,OTHER,,,,,,,,,,,,,,,,,,,
ALBERTDAVD,804.0,819.6,D,857.9,819.6,453.49,903.0,-1.9033674963396807,1.9033674963396807,4,8,"c03,c04,c05,c12",False,OTHER,,,,,,,,,,,,,,,,,,,
SOLARINDS,18820.0,19187.0,C+D,19187.0,19187.0,169682.05,19187.0,-1.9127534267993955,1.9127534267993955,8,8,,True,SCREENED,18820.0,2.3823440109306206,159.407583105,31.00375887512181,19.21200988154812,3.2024566790962883,3.390800745820144,25.16006622443887,3.2209647071260505,3.14578724970556,-37.4576536196383,1.133248998524139,True,3.0,"dist200>=25,200slope>=2,depth>=-45",8.0,False,atr<3%,
ETERNAL,310.25,316.35,D,319.7,316.35,289018.0,368.45,-1.9282440335071986,1.9282440335071986,8,8,,True,WATCH,310.25,3.268102744897188,1035.1095033392962,3.8146206001868466,26.21023137095704,8.783305301819055,11.82436781637719,13.722669591106818,-1.5064865039257969,3.1836315843374368,-32.79595191923009,1.0909129508399174,True,2.0,"depth>=-45,px<=500",8.0,False,,
SHAILY,3367.4,3434.0,C,3434.0,3233.9,14975.43,3434.0,-1.9394292370413484,1.9394292370413484,8,8,,True,WATCH,3367.4,3.7587291682023114,66.56930609495849,101.95513678148896,22.718658892128275,21.681004510699786,14.642933486309495,37.17960909196643,2.8894050991740805,5.060463151286468,-48.43040115276464,6.187578580005781,True,6.0,"ret12m>=40,ret1m>=10,dist200>=25,dist50>=12,200slope>=2,spike>=3",8.0,False,,
SGIL,617.9,630.2,C+D,630.2,630.2,968.36,633.25,-1.9517613456045806,1.9517613456045806,8,8,,True,SCREENED,617.9,2.9102027605021616,0.46802171990112307,17.04867804956669,9.362831858407073,2.335212403459974,5.871326141308164,14.48491687070974,1.0849289356187564,4.334819515345529,-33.354490637892745,1.694368209321917,True,1.0,depth>=-45,8.0,False,"turnover<2Cr,atr<3%",
JSWSTEEL,1302.0,1328.0,D,1335.0,1328.0,318416.49,1335.0,-1.957831325301205,1.957831325301205,7,8,c08,False,OTHER,,,,,,,,,,,,,,,,,,,
MANAKALUCO,44.59,45.5,C+D,45.5,45.5,300.41,68.12,-1.9999999999999925,1.9999999999999925,5,8,"c06,c11,c12",False,OTHER,,,,,,,,,,,,,,,,,,,
NGLFINE,3457.8,3529.0,C,3529.0,3349.0,2100.37,3529.0,-2.017568716350236,2.017568716350236,7,8,c03,False,OTHER,,,,,,,,,,,,,,,,,,,
PGEL,621.8,634.65,D,643.95,634.65,17810.4,644.4,-2.024738044591511,2.024738044591511,6,8,"c04,c06",True,WATCH,621.8,3.7270842057315603,155.18038835847963,-17.30833301339154,26.446365022877472,4.355127209419463,10.76887907469526,12.068293327923229,1.0927077880109382,3.8910936594735914,-31.214056914367173,1.8908247163024194,True,1.0,depth>=-45,8.0,False,,
USHAMART,516.8,527.5,C+D,527.5,527.5,15771.66,527.5,-2.0284360189573545,2.0284360189573545,8,8,,True,SCREENED,516.8,2.335111423173556,28.6359396314798,41.00954979536151,8.685594111461615,1.3134667352120433,3.8391140779773236,14.000272680373826,1.1495375209082281,3.2151391102268065,-27.96208530805687,0.5144840453190636,True,2.0,"ret12m>=40,depth>=-45",8.0,False,atr<3%,
REDINGTON,353.2,360.55,C,360.55,338.5,27721.17,360.55,-2.0385522118984944,2.0385522118984944,7,8,c03,False,OTHER,,,,,,,,,,,,,,,,,,,
ANANDRATHI,2131.5,2176.2,C+D,2176.2,2176.2,35196.79,2176.2,-2.0540391508133364,2.0540391508133364,8,8,,True,SCREENED,2131.5,2.125598762634672,44.38737977208374,61.61807934621366,20.081121172172047,-0.7126909111296542,8.787686973276498,26.966975814003558,3.7999142758346816,2.501051363548509,-35.04733020862053,2.592872018953929,True,4.0,"ret12m>=40,dist200>=25,200slope>=2,depth>=-45",8.0,False,atr<3%,
AUBANK,1068.0,1090.4,D,1105.9,1090.4,79542.88,1105.9,-2.054292002934711,2.054292002934711,6,8,"c06,c08",False,OTHER,,,,,,,,,,,,,,,,,,,
SSWL,321.6,328.4,C,328.4,312.4,5059.58,328.4,-2.0706455542021787,2.0706455542021787,7,8,c07,True,WATCH,321.6,4.01052855903067,63.69990902956741,45.804048293508906,54.50396801833959,26.98412973839004,25.156445574783206,47.8833841700782,3.2222320740982413,4.014349270834711,-48.53836784409257,1.9875757442498143,True,6.0,"ret12m>=40,ret1m>=10,dist200>=25,dist50>=12,200slope>=2,px<=500",8.0,False,,
DEEPINDS,647.95,661.75,C,661.75,599.9,4135.53,661.75,-2.0853796751038844,2.0853796751038844,7,8,c03,False,OTHER,,,,,,,,,,,,,,,,,,,
MBAPL,164.44,167.95,C+D,167.95,167.95,7162.1,167.95,-2.089907710628158,2.089907710628158,7,8,c07,True,WATCH,164.44,4.5505088485090495,28.445208110590897,85.20103424308357,53.58176937395569,25.287619047619046,28.08728993582934,63.67123630795339,7.176025409862707,3.995855123255775,-51.60464496618226,1.2356860320543062,True,6.0,"ret12m>=40,ret1m>=10,dist200>=25,dist50>=12,200slope>=2,px<=500",8.0,True,,
ALPHAGEO,244.69,249.95,D,269.5,249.95,156.58,287.0,-2.1044208841768315,2.1044208841768315,4,8,"c04,c05,c06,c12",False,OTHER,,,,,,,,,,,,,,,,,,,
HLEGLAS,474.5,485.0,C,485.0,446.0,3220.81,661.95,-2.1649484536082473,2.1649484536082473,6,8,"c03,c04",False,OTHER,,,,,,,,,,,,,,,,,,,
SUPRAJIT,529.25,541.0,C,541.0,514.5,7402.34,541.0,-2.1719038817005547,2.1719038817005547,7,8,c03,False,OTHER,,,,,,,,,,,,,,,,,,,
NRL,115.02,117.66,C,117.66,114.0,794.34,117.66,-2.243753187149414,2.243753187149414,6,8,"c03,c12",False,OTHER,,,,,,,,,,,,,,,,,,,
LLOYDSME,2052.8,2100.0,D,2109.9,2100.0,108914.94,2109.9,-2.2476190476190387,2.2476190476190387,7,8,c03,False,OTHER,,,,,,,,,,,,,,,,,,,
YUKEN,804.5,823.2,D,827.4,823.2,1061.72,1053.9,-2.2716229348882466,2.2716229348882466,5,8,"c04,c05,c06",False,OTHER,,,,,,,,,,,,,,,,,,,
CARYSIL,1251.7,1280.9,C+D,1280.9,1280.9,3465.21,1280.9,-2.279647123116562,2.279647123116562,8,8,,True,WATCH,1251.7,3.3588610783976645,17.245292025250855,54.140757196725616,40.679966282663685,6.700198282316361,7.3451272451723115,29.036913792844963,3.2928551571190123,4.378282607097129,-41.798735264267314,2.644442611938791,True,4.0,"ret12m>=40,dist200>=25,200slope>=2,depth>=-45",8.0,False,,
STOVEKRAFT,808.85,828.0,D,849.8,828.0,2680.79,849.8,-2.312801932367147,2.312801932367147,8,8,,True,WATCH,808.85,4.94970867841606,28.21817133416382,35.21397249989773,49.344541444067524,1.2391248065221072,9.333307632305509,33.26314694790704,1.69517935475072,4.5257279604888705,-46.00845558055933,3.646781618316708,True,2.0,"dist200>=25,spike>=3",8.0,False,,
LLOYDSENGG,95.33,97.6,C,97.6,95.1,13179.89,97.6,-2.3258196721311437,2.3258196721311437,6,8,"c03,c11",False,OTHER,,,,,,,,,,,,,,,,,,,
TFCILTD,115.22,118.0,C,118.0,102.74,5359.99,118.0,-2.3559322033898313,2.3559322033898313,7,8,c03,False,OTHER,,,,,,,,,,,,,,,,,,,
GARFIBRES,799.35,818.65,D,863.4,818.65,7862.66,870.45,-2.3575398521956825,2.3575398521956825,7,8,c04,True,WATCH,799.35,4.2096712298050205,6.138222112071533,-9.8765444502394,28.008645107525787,10.354114301362948,9.153549696781083,17.185223639486047,-0.077418555259956,3.6303960533698563,-29.182190191168388,5.621140316943785,True,3.0,"ret1m>=10,depth>=-45,spike>=3",8.0,False,,
PTCIL,19370.0,19851.0,C+D,19851.0,19851.0,28995.79,19851.0,-2.4230517354289454,2.4230517354289454,8,8,,True,SCREENED,19370.0,2.4363891142414635,31.482569885000004,30.807671528903292,14.83281953995732,10.044313146233375,7.833127539255824,10.964043811606317,1.2442892381610227,3.153730305213171,-26.960858395043076,2.3247422680412466,True,2.0,"ret1m>=10,depth>=-45",8.0,False,atr<3%,
FMGOETZE,491.25,503.5,C+D,503.5,503.5,2742.27,577.4,-2.432969215491559,2.432969215491559,7,8,c06,True,SCREENED,491.25,2.812069137501136,3.177466092275848,-12.206235239565311,10.579628587507028,8.336087060399166,6.949252455866772,8.947863041724545,-0.7858513281098767,3.7074419099585683,-28.897715988083416,0.720145258545668,True,2.0,"depth>=-45,px<=500",8.0,False,atr<3%,
ROSSTECH,1094.5,1122.0,C+D,1122.0,1122.0,4109.54,1122.0,-2.450980392156863,2.450980392156863,7,8,c08,False,OTHER,,,,,,,,,,,,,,,,,,,
MWL,40.92,41.95,D,43.94,41.95,1227.12,43.94,-2.455303933253876,2.455303933253876,6,8,"c03,c11",False,OTHER,,,,,,,,,,,,,,,,,,,
SHRIPISTON,4410.6,4522.8,D,4549.0,4522.8,19510.3,4549.0,-2.4807641284160216,2.4807641284160216,7,8,c07,True,WATCH,4410.6,4.356548705867277,26.030364990358887,83.17966237049612,29.696828986047883,5.274964130046267,9.889125132820386,33.880987194935756,5.485932336582033,3.896548915874075,-43.16131707853819,0.5792915106555441,True,4.0,"ret12m>=40,dist200>=25,200slope>=2,depth>=-45",8.0,True,,
AJANTPHARM,3506.2,3598.8,C+D,3598.8,3598.8,43379.88,3598.8,-2.573079915527408,2.573079915527408,8,8,,True,SCREENED,3506.2,2.7618416907014716,37.28048744445435,33.022229875094446,7.578548494372472,2.478520490930025,6.679146181289752,20.232447841536725,3.7317408817433284,3.0006662004807536,-25.069464886733083,1.6610183284781144,True,2.0,"200slope>=2,depth>=-45",8.0,False,atr<3%,
INDORAMA,56.41,57.9,D,66.45,57.9,1534.72,75.0,-2.573402417962007,2.573402417962007,6,8,"c03,c11",False,OTHER,,,,,,,,,,,,,,,,,,,
BAJAJFINSV,2021.3,2074.9,D,2118.5,2074.9,324294.11,2195.0,-2.583257024434919,2.583257024434919,5,8,"c04,c06,c07",True,SCREENED,2021.3,2.463407048913447,311.78688057828003,5.057172557172551,16.153318969974006,5.9326044684477885,9.500479297425702,5.711661779365262,-0.5654817741119533,2.128448629223918,-23.03243529808666,1.0734732824427384,True,1.0,depth>=-45,8.0,False,atr<3%,
INFRABEES,980.6,1006.63,C+D,1006.63,1006.63,,1018.3,-2.585855776203766,2.585855776203766,7,8,c06,True,SCREENED,980.6,1.2888606203654467,0.79674799793396,5.08380430159332,1.4704193065086635,1.1605740648275464,1.4050272847156098,1.4972882765136308,0.2557514558955365,1.4909961938120733,-13.438902517713803,0.2729372933681917,True,1.0,depth>=-45,8.0,False,"turnover<2Cr,atr<3%",
INDIGO,5333.5,5476.5,D,5508.0,5476.5,206383.61,6232.5,-2.6111567607048296,2.6111567607048296,7,8,c06,True,SCREENED,5333.5,2.563982375550764,506.6357062025,-7.7488541036063285,24.59992991472959,1.9887178506549308,4.681059862610404,8.129071971047864,-1.0197957148251224,2.5518126001013286,-28.87428191049256,0.8052708638360162,True,1.0,depth>=-45,8.0,False,atr<3%,
CPPLUS,3764.8,3866.0,C+D,3866.0,3866.0,44359.32,3866.0,-2.6176927056388988,2.6176927056388988,8,8,,True,WATCH,3764.8,4.198287066182371,60.53680631302856,,50.46560301590404,2.7959835186408544,6.742516238745644,72.06333617131008,11.818361013881674,4.5734557684373955,-64.06104437625291,2.0860839714813784,True,2.0,"dist200>=25,200slope>=2",8.0,False,,
ATALREAL,34.57,35.5,C,35.5,33.77,440.7,35.5,-2.619718309859154,2.619718309859154,5,8,"c03,c11,c12",False,OTHER,,,,,,,,,,,,,,,,,,,
DYNPRO,269.7,277.0,C+D,277.0,277.0,332.72,415.8,-2.6353790613718453,2.6353790613718453,4,8,"c04,c06,c07,c12",False,OTHER,,,,,,,,,,,,,,,,,,,
MONARCH,393.15,403.8,C+D,403.8,403.8,3096.37,403.8,-2.6374442793462194,2.6374442793462194,8,8,,True,WATCH,393.15,3.8662080499153477,15.349982369610444,14.237979652050825,33.656300580565414,8.996392208144254,10.513621850406096,26.326159682496964,1.8841908327680068,3.895823341320754,-41.69143215744374,0.9499969482421822,True,3.0,"dist200>=25,depth>=-45,px<=500",8.0,False,,
MAHASTEEL,1021.4,1050.0,D,1103.7,1050.0,1691.3,1103.7,-2.723809523809526,2.723809523809526,8,8,,True,SCREENED,1021.4,5.716593983343503,1.3199149400405883,185.86622863022106,20.207130201986345,18.265497727851265,18.04271466357146,23.556028070723745,5.864171967822185,5.2537821017283814,-35.8142845517113,5.114281063988102,True,6.0,"ret12m>=40,ret1m>=10,dist50>=12,200slope>=2,depth>=-45,spike>=3",8.0,False,turnover<2Cr,
MPSLTD,2864.4,2944.9,C,2944.9,2800.0,4900.22,2944.9,-2.733539339196577,2.733539339196577,7,8,c03,False,OTHER,,,,,,,,,,,,,,,,,,,
AKSHARCHEM,278.61,286.5,C,286.5,256.8,231.26,330.8,-2.7539267015706757,2.7539267015706757,5,8,"c03,c04,c12",False,OTHER,,,,,,,,,,,,,,,,,,,
ARTEMISMED,315.95,324.9,C,324.9,308.0,,324.9,-2.7546937519236656,2.7546937519236656,7,8,c03,False,OTHER,,,,,,,,,,,,,,,,,,,
GRWRHITECH,7001.0,7199.5,D,7990.0,7199.5,16262.86,7990.0,-2.757135912216126,2.757135912216126,7,8,c07,True,WATCH,7001.0,4.411614667292428,57.0071208725,109.72380631490633,31.79345026064002,0.47359357060849927,4.32437265303689,52.5478386653065,9.938488396493916,4.712486087146272,-60.152787709867006,8.46399239801805,True,4.0,"ret12m>=40,dist200>=25,200slope>=2,spike>=3",8.0,True,,
TECHM,1640.0,1686.6,C,1686.6,1854.0,145543.9,1854.0,-2.7629550575121495,2.7629550575121495,7,8,c07,True,SCREENED,1640.0,2.43728318696238,513.5779524260205,12.40575736806031,22.078306550225246,9.006314390162839,8.784623444796157,9.35301669835562,1.0364160526836752,2.8719028228564976,-22.678763453934693,10.81888822474597,True,2.0,"depth>=-45,spike>=3",8.0,False,atr<3%,
ATHERENERG,1466.2,1508.0,C,1508.0,1345.0,56402.59,1508.0,-2.7718832891246654,2.7718832891246654,7,8,c03,False,OTHER,,,,,,,,,,,,,,,,,,,
SJS,2372.0,2439.9,D,2590.0,2439.9,7771.83,2590.0,-2.7829009385630594,2.7829009385630594,7,8,c03,False,OTHER,,,,,,,,,,,,,,,,,,,
CAPLIPOINT,2623.8,2699.0,C+D,2699.0,2699.0,20093.96,2699.0,-2.786217117450901,2.786217117450901,8,8,,True,WATCH,2623.8,3.357725835169206,25.234830210131836,34.072560040878905,29.647195211765265,0.2943275125691258,5.8697639962297155,31.868695231327738,2.7550153141856715,3.242425176030584,-44.41274365216283,0.5513765403975857,True,3.0,"dist200>=25,200slope>=2,depth>=-45",8.0,False,,
KOVAI,6162.0,6340.0,C+D,6340.0,6340.0,6738.08,6340.0,-2.8075709779179814,2.8075709779179814,6,8,"c07,c08",False,OTHER,,,,,,,,,,,,,,,,,,,
DEVYANI,133.56,137.42,C+D,137.42,137.42,16352.15,191.0,-2.8089070004366072,2.8089070004366072,6,8,"c04,c05",False,OTHER,,,,,,,,,,,,,,,,,,,
APLLTD,831.35,855.4,C+D,855.4,855.4,16484.92,1002.0,-2.8115501519756787,2.8115501519756787,5,8,"c04,c05,c06",False,OTHER,,,,,,,,,,,,,,,,,,,
CRISIL,4635.4,4770.0,C,4770.0,4872.7,33579.09,5451.0,-2.82180293501049,2.82180293501049,7,8,c04,True,WATCH,4635.4,3.012529390956398,36.62500696549927,-13.437908496732032,15.102305726119813,13.130280433416042,11.596620852201989,6.833492145847897,-0.7919219678770961,2.7313872679649065,-22.72536687631027,2.1530439268867996,True,2.0,"ret1m>=10,depth>=-45",8.0,False,,
GAEL,172.85,177.92,D,184.03,177.92,7860.07,184.03,-2.8495953237410037,2.8495953237410037,6,8,"c07,c08",False,OTHER,,,,,,,,,,,,,,,,,,,
CPCAP,117.56,121.02,C+D,121.02,121.02,218.84,167.98,-2.8590315650305684,2.8590315650305684,5,8,"c04,c05,c12",False,OTHER,,,,,,,,,,,,,,,,,,,
INDIQUBE,185.52,191.0,C+D,191.0,191.0,3739.38,243.8,-2.8691099476439734,2.8691099476439734,5,8,"c04,c05,c06",False,OTHER,,,,,,,,,,,,,,,,,,,
MARICO,863.5,889.1,C+D,889.1,889.1,110645.37,889.1,-2.8793161624114294,2.8793161624114294,7,8,c07,True,SCREENED,863.5,2.168913484753702,157.90379201712432,20.592139476394134,3.6117080278585068,1.2903225806451646,2.906773702673049,10.724895464061145,2.029373385636357,2.0687302019833376,-20.33517176999564,0.8793328660215538,True,2.0,"200slope>=2,depth>=-45",8.0,False,atr<3%,
HONASA,477.1,491.35,C+D,491.35,491.35,15534.32,491.35,-2.9001729927750075,2.9001729927750075,8,8,,True,SCREENED,477.1,2.9501141832771283,36.76290813362595,79.76639448834588,37.45318110357927,1.059096342266952,7.977331298957058,41.66959856703478,5.6329612261248885,3.48417501874565,-46.758928237811006,2.364584604899078,True,4.0,"ret12m>=40,dist200>=25,200slope>=2,px<=500",8.0,False,atr<3%,
AARTIDRUGS,422.55,435.25,C+D,435.25,435.25,3829.23,534.55,-2.9178632969557703,2.9178632969557703,5,8,"c04,c06,c07",True,SCREENED,422.55,2.804402774509198,8.848643113536223,-13.96721872115968,16.613769251403454,6.7854402235703715,7.679918727009349,7.5130653094876765,-2.387522276373888,3.1440735476895396,-26.720272899016372,1.7176925001998633,True,2.0,"depth>=-45,px<=500",8.0,False,atr<3%,
TMB,890.2,917.0,C+D,917.0,917.0,14042.64,917.0,-2.9225736095965056,2.9225736095965056,8,8,,True,WATCH,890.2,3.5786500625862567,61.09684403914429,103.24200913242012,30.60446477198586,11.05289759387773,12.752051879623071,38.35140797588921,7.087337522748194,3.9164186017218308,-37.835333937517035,3.6041153874108556,True,7.0,"ret12m>=40,ret1m>=10,dist200>=25,dist50>=12,200slope>=2,depth>=-45,spike>=3",8.0,False,,
RAYMOND,627.0,646.0,C+D,646.0,646.0,4215.56,679.0,-2.941176470588235,2.941176470588235,8,8,,True,WATCH,627.0,3.51162134962762,29.74349039524109,-2.5262339681305868,36.363639983895645,0.23980815347721673,6.25407806295093,30.519088956959585,0.3950894905083935,4.3081436262436466,-50.464396284829725,1.150861239327572,True,1.0,dist200>=25,8.0,False,,
KRISHIVAL,397.8,410.0,C+D,410.0,410.0,875.27,482.44,-2.9756097560975583,2.9756097560975583,5,8,"c06,c07,c12",False,OTHER,,,,,,,,,,,,,,,,,,,
TALBROAUTO,422.05,435.0,D,449.85,435.0,2703.34,449.85,-2.9770114942528707,2.9770114942528707,7,8,c03,False,OTHER,,,,,,,,,,,,,,,,,,,
SWELECTES,691.25,712.5,C+D,712.5,712.5,1042.94,977.0,-2.982456140350877,2.982456140350877,5,8,"c04,c05,c06",False,OTHER,,,,,,,,,,,,,,,,,,,
RISHABH,671.9,692.8,C+D,692.8,692.8,2600.64,692.8,-3.016743648960736,3.016743648960736,8,8,,True,OTHER,,,,,,,,,,,,,,,,,,,
HMVL,93.87,96.85,D,108.16,96.85,692.64,108.16,-3.076923076923067,3.076923076923067,5,8,"c03,c11,c12",False,OTHER,,,,,,,,,,,,,,,,,,,
ACE,1113.6,1149.0,C,1149.0,1087.5,13181.98,1170.0,-3.0809399477806867,3.0809399477806867,6,8,"c03,c04",False,OTHER,,,,,,,,,,,,,,,,,,,
RAJRATAN,527.2,544.0,D,563.95,544.0,2655.38,563.95,-3.0882352941176388,3.0882352941176388,8,8,,True,OTHER,,,,,,,,,,,,,,,,,,,
EICHERMOT,7975.0,8230.0,C+D,8230.0,8230.0,219294.18,8230.0,-3.0984204131227218,3.0984204131227218,8,8,,True,OTHER,,,,,,,,,,,,,,,,,,,
BASML,28.34,29.25,C+D,29.25,29.25,221.78,31.9,-3.1111111111111116,3.1111111111111116,4,8,"c04,c06,c11,c12",False,OTHER,,,,,,,,,,,,,,,,,,,
KECL,150.17,155.0,C,155.0,148.0,1054.48,155.0,-3.1161290322580726,3.1161290322580726,8,8,,True,OTHER,,,,,,,,,,,,,,,,,,,
BERGEPAINT,542.1,559.7,C+D,559.7,559.7,63098.01,594.55,-3.1445417187779205,3.1445417187779205,6,8,"c04,c06",True,OTHER,,,,,,,,,,,,,,,,,,,
MAHSCOOTER,13692.0,14139.0,C+D,14139.0,14139.0,15750.03,18538.0,-3.161468279227668,3.161468279227668,6,8,"c04,c06",True,OTHER,,,,,,,,,,,,,,,,,,,
EMUDHRA,530.0,547.45,C,547.45,590.75,4429.74,775.0,-3.187505708283869,3.187505708283869,6,8,"c04,c05",False,OTHER,,,,,,,,,,,,,,,,,,,
RPPL,26.11,26.97,C,26.97,23.69,195.27,26.97,-3.188728216536891,3.188728216536891,4,8,"c03,c04,c11,c12",False,OTHER,,,,,,,,,,,,,,,,,,,
BLSE,314.5,324.9,C,324.9,304.75,2867.4,324.9,-3.200984918436435,3.200984918436435,7,8,c03,False,OTHER,,,,,,,,,,,,,,,,,,,
MANAPPURAM,369.3,381.55,C+D,381.55,381.55,31270.91,381.55,-3.210588389464028,3.210588389464028,7,8,c07,True,OTHER,,,,,,,,,,,,,,,,,,,
GHCLTEXTIL,120.86,124.9,C+D,124.9,124.9,1160.25,124.9,-3.234587670136114,3.234587670136114,8,8,,True,OTHER,,,,,,,,,,,,,,,,,,,
TATVA,1775.6,1835.0,D,1838.1,1835.0,4153.19,1838.1,-3.2370572207084516,3.2370572207084516,7,8,c07,True,OTHER,,,,,,,,,,,,,,,,,,,
ICICIBANK,1431.8,1480.0,C+D,1480.0,1480.0,1022599.33,1480.0,-3.2567567567567597,3.2567567567567597,6,8,"c06,c07",True,OTHER,,,,,,,,,,,,,,,,,,,
HITECHCORP,323.0,333.9,C+D,333.9,333.9,554.55,333.9,-3.264450434261749,3.264450434261749,7,8,c12,False,OTHER,,,,,,,,,,,,,,,,,,,
STALLION,254.0,262.58,D,279.0,262.58,2059.87,360.31,-3.2675755960088293,3.2675755960088293,7,8,c07,True,OTHER,,,,,,,,,,,,,,,,,,,
STARPAPER,152.83,158.0,C+D,158.0,158.0,239.6,188.8,-3.2721518987341693,3.2721518987341693,6,8,"c04,c12",False,OTHER,,,,,,,,,,,,,,,,,,,
GODREJPROP,2108.4,2180.0,C+D,2180.0,2180.0,63349.42,2352.0,-3.284403669724766,3.284403669724766,5,8,"c04,c06,c07",True,OTHER,,,,,,,,,,,,,,,,,,,
VIJAYA,1392.6,1440.0,C+D,1440.0,1440.0,14292.95,1440.0,-3.291666666666673,3.291666666666673,8,8,,True,OTHER,,,,,,,,,,,,,,,,,,,
GABRIEL,1469.8,1519.9,D,1600.0,1519.9,26412.6,1600.0,-3.2962694914139177,3.2962694914139177,8,8,,True,OTHER,,,,,,,,,,,,,,,,,,,
MAHESHWARI,73.0,75.5,C+D,75.5,75.5,241.26,75.5,-3.3112582781456954,3.3112582781456954,5,8,"c07,c11,c12",False,OTHER,,,,,,,,,,,,,,,,,,,
DIVISLAB,8300.0,8585.0,C,8585.0,8090.0,219636.33,8585.0,-3.3197437390797906,3.3197437390797906,7,8,c03,False,OTHER,,,,,,,,,,,,,,,,,,,
STEELCAS,332.55,344.0,D,345.5,344.0,3413.46,345.5,-3.32848837209302,3.32848837209302,8,8,,True,OTHER,,,,,,,,,,,,,,,,,,,
TNPETRO,99.55,102.99,C+D,102.99,102.99,899.1,129.89,-3.340130109719388,3.340130109719388,5,8,"c04,c11,c12",False,OTHER,,,,,,,,,,,,,,,,,,,
GUFICBIO,433.0,448.0,C+D,448.0,448.0,4352.6,448.0,-3.3482142857142856,3.3482142857142856,8,8,,True,OTHER,,,,,,,,,,,,,,,,,,,
PDMJEPAPER,97.81,101.2,D,101.59,101.2,921.34,148.39,-3.349802371541503,3.349802371541503,5,8,"c04,c11,c12",False,OTHER,,,,,,,,,,,,,,,,,,,
VSSL,337.65,349.5,C,349.5,325.85,3338.85,349.5,-3.39055793991417,3.39055793991417,7,8,c03,False,OTHER,,,,,,,,,,,,,,,,,,,
GMMPFAUDLR,993.6,1028.5,C,1028.5,1039.0,4407.43,1324.7,-3.3932912007778295,3.3932912007778295,6,8,"c04,c05",False,OTHER,,,,,,,,,,,,,,,,,,,
SONATSOFTW,320.1,331.5,D,359.5,331.5,8867.66,421.5,-3.4389140271493144,3.4389140271493144,5,8,"c04,c06,c07",True,OTHER,,,,,,,,,,,,,,,,,,,
ABB,7649.5,7924.5,C+D,7924.5,7924.5,161519.23,7924.5,-3.4702504889898416,3.4702504889898416,8,8,,True,OTHER,,,,,,,,,,,,,,,,,,,
SMARTLINK,218.0,225.9,D,231.98,225.9,218.18,231.98,-3.497122620628599,3.497122620628599,7,8,c12,False,OTHER,,,,,,,,,,,,,,,,,,,
CAPTRUST,20.28,21.02,C,21.02,18.17,69.08,39.36,-3.5204567078972335,3.5204567078972335,3,8,"c03,c04,c05,c11,c12",False,OTHER,,,,,,,,,,,,,,,,,,,
AIIL,586.2,607.7,C,607.7,584.85,50007.44,683.0,-3.537929899621523,3.537929899621523,7,8,c03,False,OTHER,,,,,,,,,,,,,,,,,,,
ORISSAMINE,4450.7,4617.0,C,4617.0,4638.1,2674.05,6138.9,-3.601905999566822,3.601905999566822,5,8,"c04,c05,c06",False,OTHER,,,,,,,,,,,,,,,,,,,
MARKSANS,271.45,281.6,C+D,281.6,281.6,12237.63,281.6,-3.6044034090909207,3.6044034090909207,8,8,,True,OTHER,,,,,,,,,,,,,,,,,,,
SAPPHIRE,220.62,228.9,D,229.8,228.9,7097.09,347.9,-3.6173001310615995,3.6173001310615995,6,8,"c04,c05",False,OTHER,,,,,,,,,,,,,,,,,,,
ORCHPHARMA,1079.15,1119.8,C+D,1119.8,1119.8,5368.8,1119.8,-3.6301125200928617,3.6301125200928617,8,8,,True,OTHER,,,,,,,,,,,,,,,,,,,
FLUOROCHEM,4484.0,4653.2,C+D,4653.2,4653.2,49804.67,4653.2,-3.6362073411845572,3.6362073411845572,8,8,,True,OTHER,,,,,,,,,,,,,,,,,,,
TANLA,632.1,656.0,C+D,656.0,656.0,8322.78,766.0,-3.6432926829268255,3.6432926829268255,7,8,c04,True,OTHER,,,,,,,,,,,,,,,,,,,
KTKBANK,305.25,316.8,C,316.8,295.4,11561.74,316.8,-3.645833333333337,3.645833333333337,7,8,c03,False,OTHER,,,,,,,,,,,,,,,,,,,
DCMNVL,164.76,171.05,C+D,171.05,171.05,307.27,180.5,-3.67728734288221,3.67728734288221,4,8,"c04,c05,c06,c12",False,OTHER,,,,,,,,,,,,,,,,,,,
RITCO,306.2,318.0,C,318.0,305.0,877.28,318.0,-3.7106918238993742,3.7106918238993742,7,8,c12,False,OTHER,,,,,,,,,,,,,,,,,,,
AVALON,1923.7,1998.0,C,1998.0,1859.0,12953.88,1998.0,-3.7187187187187165,3.7187187187187165,7,8,c03,False,OTHER,,,,,,,,,,,,,,,,,,,
UFBL,798.1,829.0,C,829.0,763.35,3134.89,829.0,-3.7273823884197803,3.7273823884197803,7,8,c03,False,OTHER,,,,,,,,,,,,,,,,,,,
WESTLIFE,586.15,608.95,C,608.95,559.2,8613.49,775.0,-3.7441497659906506,3.7441497659906506,6,8,"c03,c04",False,OTHER,,,,,,,,,,,,,,,,,,,
NITINSPIN,558.75,580.5,D,590.0,580.5,3161.37,590.0,-3.7467700258397936,3.7467700258397936,8,8,,True,OTHER,,,,,,,,,,,,,,,,,,,
BAFNAPH,279.3,290.2,C,290.2,262.91,675.43,290.2,-3.756030323914534,3.756030323914534,6,8,"c03,c12",False,OTHER,,,,,,,,,,,,,,,,,,,
INDHOTEL,728.7,757.4,C+D,757.4,757.4,103712.58,811.95,-3.78927911275415,3.78927911275415,6,8,"c06,c07",True,OTHER,,,,,,,,,,,,,,,,,,,
NURECA,334.25,347.45,D,354.0,347.45,313.39,354.0,-3.7991077852928448,3.7991077852928448,6,8,"c07,c12",False,OTHER,,,,,,,,,,,,,,,,,,,
PICCADIL,768.8,799.2,C+D,799.2,799.2,7397.02,805.5,-3.8038038038038153,3.8038038038038153,8,8,,True,OTHER,,,,,,,,,,,,,,,,,,,
UNIVASTU,132.21,137.5,D,150.5,137.5,148.82,150.5,-3.8472727272727214,3.8472727272727214,6,8,"c07,c12",False,OTHER,,,,,,,,,,,,,,,,,,,
JSWINFRA,342.0,355.8,C+D,355.8,355.8,71836.44,355.8,-3.8785834738617226,3.8785834738617226,8,8,,True,OTHER,,,,,,,,,,,,,,,,,,,
DIXON,14115.0,14685.0,C+D,14685.0,14685.0,79919.62,18471.0,-3.881511746680286,3.881511746680286,7,8,c04,True,OTHER,,,,,,,,,,,,,,,,,,,
5PAISA,384.4,400.0,C+D,400.0,400.0,1702.93,400.37,-3.9000000000000057,3.9000000000000057,6,8,"c04,c06",True,OTHER,,,,,,,,,,,,,,,,,,,
E2E,602.8,627.7,C,627.7,567.8,12389.52,627.7,-3.966863151186887,3.966863151186887,7,8,c03,False,OTHER,,,,,,,,,,,,,,,,,,,
ASIANPAINT,2750.0,2864.0,C+D,2864.0,2864.0,264260.28,2985.7,-3.9804469273743015,3.9804469273743015,6,8,"c06,c07",True,OTHER,,,,,,,,,,,,,,,,,,,
AGI,718.2,748.0,C+D,748.0,748.0,4628.25,967.0,-3.9839572192513306,3.9839572192513306,6,8,"c04,c06",True,OTHER,,,,,,,,,,,,,,,,,,,
SPECTRUM,2530.2,2637.2,C,2637.2,2478.4,3970.4,2637.2,-4.057333535568027,4.057333535568027,8,8,,True,OTHER,,,,,,,,,,,,,,,,,,,
SPORTKING,209.94,218.9,D,241.51,218.9,2754.21,241.51,-4.093193238921885,4.093193238921885,8,8,,True,OTHER,,,,,,,,,,,,,,,,,,,
ARMANFIN,1984.4,2069.2,D,2090.0,2069.2,2080.07,2090.0,-4.098202203750229,4.098202203750229,8,8,,True,OTHER,,,,,,,,,,,,,,,,,,,
SWANDEF,2622.5,2735.0,C,2735.0,2500.0,13855.9,2735.0,-4.113345521023766,4.113345521023766,7,8,c03,False,OTHER,,,,,,,,,,,,,,,,,,,
IDFCFIRSTB,85.1,88.76,C+D,88.76,88.76,73080.75,88.76,-4.123479044614703,4.123479044614703,6,8,"c07,c11",True,OTHER,,,,,,,,,,,,,,,,,,,
APARINDS,16448.0,17157.0,C+D,17157.0,17157.0,66327.53,17157.0,-4.132424083464476,4.132424083464476,8,8,,True,OTHER,,,,,,,,,,,,,,,,,,,
EXCELINDUS,1012.4,1056.05,D,1060.0,1056.05,1282.07,1348.8,-4.133327020500921,4.133327020500921,6,8,"c04,c06",True,OTHER,,,,,,,,,,,,,,,,,,,
CTE,37.75,39.39,D,40.98,39.39,74.96,59.93,-4.163493272404165,4.163493272404165,3,8,"c04,c05,c06,c11,c12",False,OTHER,,,,,,,,,,,,,,,,,,,
KRONOX,167.71,175.0,C+D,175.0,175.0,624.57,180.5,-4.165714285714281,4.165714285714281,7,8,c12,False,OTHER,,,,,,,,,,,,,,,,,,,
TORNTPHARM,4924.0,5140.7,D,5250.0,5140.7,186319.43,5250.0,-4.2153792285097325,4.2153792285097325,7,8,c07,True,OTHER,,,,,,,,,,,,,,,,,,,
RPEL,1313.8,1371.8,C+D,1371.8,1371.8,6052.41,1371.8,-4.22802157748943,4.22802157748943,8,8,,True,OTHER,,,,,,,,,,,,,,,,,,,
NYKAA,323.7,338.0,D,348.0,338.0,94047.0,348.0,-4.230769230769234,4.230769230769234,7,8,c07,True,OTHER,,,,,,,,,,,,,,,,,,,
BAJFINANCE,1102.2,1151.5,D,1176.4,1151.5,677099.08,1176.4,-4.281372123317408,4.281372123317408,6,8,"c06,c07",True,OTHER,,,,,,,,,,,,,,,,,,,
SHARDAMOTR,955.7,998.55,C,998.55,1016.7,5400.91,1189.9,-4.291222272294819,4.291222272294819,6,8,"c04,c06",True,OTHER,,,,,,,,,,,,,,,,,,,
TOTAL,66.99,70.0,D,71.79,70.0,106.71,87.89,-4.300000000000007,4.300000000000007,4,8,"c04,c05,c11,c12",False,OTHER,,,,,,,,,,,,,,,,,,,
AARTIIND,500.55,523.1,C+D,523.1,523.1,18280.56,523.1,-4.310839227681134,4.310839227681134,8,8,,True,OTHER,,,,,,,,,,,,,,,,,,,
KANSAINER,215.65,225.4,C,225.4,238.0,17473.76,264.0,-4.32564330079858,4.32564330079858,5,8,"c04,c05,c06",False,OTHER,,,,,,,,,,,,,,,,,,,
INDOTECH,3804.4,3976.8,C,3976.8,3599.0,4045.06,3976.8,-4.335143834238586,4.335143834238586,7,8,c03,False,OTHER,,,,,,,,,,,,,,,,,,,
VIMTALABS,645.65,675.0,C,675.0,634.0,2879.98,902.65,-4.348148148148152,4.348148148148152,7,8,c03,False,OTHER,,,,,,,,,,,,,,,,,,,
PGIL,2428.9,2539.6,C,2539.6,2144.2,11261.88,2539.6,-4.358954166010388,4.358954166010388,7,8,c03,False,OTHER,,,,,,,,,,,,,,,,,,,
GLAXO,2601.0,2719.8,C+D,2719.8,2719.8,44015.53,2883.4,-4.3679682329583125,4.3679682329583125,5,8,"c04,c06,c07",True,OTHER,,,,,,,,,,,,,,,,,,,
TNPL,153.88,161.0,C+D,161.0,161.0,1075.67,179.9,-4.422360248447208,4.422360248447208,7,8,c04,True,OTHER,,,,,,,,,,,,,,,,,,,
ANANTRAJ,604.25,632.4,D,641.7,632.4,21319.72,743.65,-4.451296647691331,4.451296647691331,6,8,"c06,c07",True,OTHER,,,,,,,,,,,,,,,,,,,
CRAFTSMAN,10282.5,10762.0,C,10762.0,10275.0,25199.29,10762.0,-4.455491544322617,4.455491544322617,7,8,c03,False,OTHER,,,,,,,,,,,,,,,,,,,
SANATHAN,481.9,504.45,C+D,504.45,504.45,4111.36,551.95,-4.470215085736943,4.470215085736943,8,8,,True,OTHER,,,,,,,,,,,,,,,,,,,
KIMS,819.5,858.0,C+D,858.0,858.0,32292.19,858.0,-4.487179487179487,4.487179487179487,8,8,,True,OTHER,,,,,,,,,,,,,,,,,,,
INDSWFTLAB,237.24,248.45,C+D,248.45,248.45,1995.47,248.45,-4.511974240289788,4.511974240289788,8,8,,True,OTHER,,,,,,,,,,,,,,,,,,,
ALKYLAMINE,1916.4,2007.0,C+D,2007.0,2007.0,9813.39,2201.9,-4.514200298953658,4.514200298953658,8,8,,True,OTHER,,,,,,,,,,,,,,,,,,,
ATUL,6854.0,7180.0,C+D,7180.0,7180.0,20286.12,7180.0,-4.540389972144847,4.540389972144847,6,8,"c06,c08",False,OTHER,,,,,,,,,,,,,,,,,,,
MIDHANI,434.15,454.8,C+D,454.8,454.8,8214.07,454.8,-4.5404573438874305,4.5404573438874305,7,8,c08,False,OTHER,,,,,,,,,,,,,,,,,,,
PRIVISCL,3612.7,3785.3,C+D,3785.3,3785.3,14137.62,3785.3,-4.559744273901681,4.559744273901681,8,8,,True,OTHER,,,,,,,,,,,,,,,,,,,
CENTEXT,22.57,23.66,D,24.0,23.66,178.99,34.75,-4.606931530008453,4.606931530008453,5,8,"c04,c11,c12",False,OTHER,,,,,,,,,,,,,,,,,,,
DLF,660.0,692.0,C+D,692.0,692.0,162737.13,794.8,-4.624277456647398,4.624277456647398,4,8,"c04,c05,c06,c07",False,OTHER,,,,,,,,,,,,,,,,,,,
GRAVITA,1783.5,1870.0,C+D,1870.0,1870.0,12986.87,1913.6,-4.625668449197861,4.625668449197861,6,8,"c05,c06",False,OTHER,,,,,,,,,,,,,,,,,,,
IFBIND,1404.7,1473.0,D,1476.1,1473.0,5683.25,2019.8,-4.636795655125591,4.636795655125591,6,8,"c04,c06",True,OTHER,,,,,,,,,,,,,,,,,,,
SANDESH,1096.55,1150.0,D,1270.0,1150.0,837.44,1438.5,-4.647826086956526,4.647826086956526,6,8,"c04,c12",False,OTHER,,,,,,,,,,,,,,,,,,,
ASKAUTOLTD,655.6,687.7,C,687.7,530.0,12804.45,687.7,-4.667733023120549,4.667733023120549,7,8,c03,False,OTHER,,,,,,,,,,,,,,,,,,,
DHAMPURSUG,159.43,167.25,C+D,167.25,167.25,1018.11,167.25,-4.675635276532134,4.675635276532134,7,8,c08,False,OTHER,,,,,,,,,,,,,,,,,,,
INDUSINDBK,1027.3,1077.85,C+D,1077.85,1077.85,79348.74,1077.85,-4.689891914459336,4.689891914459336,8,8,,True,OTHER,,,,,,,,,,,,,,,,,,,
BIOCON,426.1,447.15,C+D,447.15,447.15,68960.6,447.15,-4.707592530470749,4.707592530470749,7,8,c06,True,OTHER,,,,,,,,,,,,,,,,,,,
TIMETECHNO,206.89,217.19,C+D,217.19,217.19,10234.28,249.15,-4.74239145448686,4.74239145448686,5,8,"c04,c06,c07",True,OTHER,,,,,,,,,,,,,,,,,,,
DPABHUSHAN,1474.3,1548.0,C+D,1548.0,1548.0,3369.27,1719.9,-4.760981912144706,4.760981912144706,7,8,c04,True,OTHER,,,,,,,,,,,,,,,,,,,
SUPREMEINF,88.39,92.82,D,99.46,92.82,706.69,124.81,-4.772678302090059,4.772678302090059,4,8,"c04,c06,c11,c12",False,OTHER,,,,,,,,,,,,,,,,,,,
MUTHOOTCAP,256.12,269.0,C,269.0,250.0,427.08,303.0,-4.788104089219329,4.788104089219329,5,8,"c03,c04,c12",False,OTHER,,,,,,,,,,,,,,,,,,,
KARURVYSYA,331.2,347.9,D,351.8,347.9,32165.57,351.8,-4.80022995113538,4.80022995113538,7,8,c07,True,OTHER,,,,,,,,,,,,,,,,,,,
RITES,232.84,244.59,C+D,244.59,244.59,11099.76,280.9,-4.803957643403247,4.803957643403247,5,8,"c04,c05,c06",False,OTHER,,,,,,,,,,,,,,,,,,,
UJJIVANSFB,69.76,73.29,C+D,73.29,73.29,13714.14,73.29,-4.816482466912268,4.816482466912268,6,8,"c07,c11",True,OTHER,,,,,,,,,,,,,,,,,,,
NAM-INDIA,1174.0,1233.5,C+D,1233.5,1233.5,75120.89,1233.5,-4.823672476692339,4.823672476692339,8,8,,True,OTHER,,,,,,,,,,,,,,,,,,,
RANEHOLDIN,1748.9,1837.7,D,1894.5,1837.7,2513.04,1894.5,-4.832127115416006,4.832127115416006,8,8,,True,OTHER,,,,,,,,,,,,,,,,,,,
RATNAVEER,207.89,218.49,C,218.49,207.79,1497.89,218.49,-4.851480616961885,4.851480616961885,8,8,,True,OTHER,,,,,,,,,,,,,,,,,,,
ABBOTINDIA,27535.0,28940.0,C+D,28940.0,28940.0,58915.81,34060.0,-4.85487214927436,4.85487214927436,6,8,"c04,c06",True,OTHER,,,,,,,,,,,,,,,,,,,
TCPLPACK,3300.1,3470.0,C+D,3470.0,3470.0,3016.59,3589.8,-4.896253602305478,4.896253602305478,5,8,"c04,c06,c07",True,OTHER,,,,,,,,,,,,,,,,,,,
ADOR,1518.4,1597.0,C+D,1597.0,1597.0,2699.09,1597.0,-4.92172824045084,4.92172824045084,8,8,,True,OTHER,,,,,,,,,,,,,,,,,,,
TBOTEK,1602.0,1685.0,C,1685.0,1601.6,17289.54,1764.8,-4.925816023738872,4.925816023738872,6,8,"c03,c04",False,OTHER,,,,,,,,,,,,,,,,,,,
SUNPHARMA,1944.4,2046.9,C+D,2046.9,2046.9,464697.53,2046.9,-5.007572426596316,5.007572426596316,7,8,c07,True,OTHER,,,,,,,,,,,,,,,,,,,
TRAVELFOOD,1396.9,1470.9,C,1470.9,1384.0,18574.17,1470.9,-5.030933442110273,5.030933442110273,7,8,c03,False,OTHER,,,,,,,,,,,,,,,,,,,
KAMDHENU,35.19,37.06,C+D,37.06,37.06,998.46,37.06,-5.0458715596330395,5.0458715596330395,7,8,c11,True,OTHER,,,,,,,,,,,,,,,,,,,
FIVESTAR,546.55,575.6,C+D,575.6,575.6,16207.73,666.0,-5.046907574704668,5.046907574704668,5,8,"c04,c06,c07",True,OTHER,,,,,,,,,,,,,,,,,,,
MOL,58.39,61.5,C+D,61.5,61.5,1402.69,88.88,-5.05691056910569,5.05691056910569,3,8,"c04,c05,c06,c07,c11",False,OTHER,,,,,,,,,,,,,,,,,,,
SCPL,631.35,665.0,C,665.0,630.0,680.92,665.0,-5.060150375939846,5.060150375939846,6,8,"c03,c12",False,OTHER,,,,,,,,,,,,,,,,,,,
MAMATA,425.3,448.0,C+D,448.0,448.0,1038.08,515.0,-5.066964285714283,5.066964285714283,6,8,"c04,c06",True,OTHER,,,,,,,,,,,,,,,,,,,
KMEW,2596.8,2737.0,C+D,2737.0,2737.0,6991.16,2737.0,-5.12239678480087,5.12239678480087,8,8,,True,OTHER,,,,,,,,,,,,,,,,,,,
MOHITIND,26.09,27.5,D,29.79,27.5,37.35,40.19,-5.127272727272728,5.127272727272728,3,8,"c04,c05,c06,c11,c12",False,OTHER,,,,,,,,,,,,,,,,,,,
ELLEN,295.7,311.8,C+D,311.8,311.8,4287.92,559.8,-5.163566388710719,5.163566388710719,5,8,"c04,c05,c06",False,OTHER,,,,,,,,,,,,,,,,,,,
MAHLIFE,386.85,408.0,C+D,408.0,408.0,8271.45,427.05,-5.183823529411759,5.183823529411759,5,8,"c04,c06,c07",True,OTHER,,,,,,,,,,,,,,,,,,,
MOREPENLAB,79.16,83.5,C,83.5,64.58,4517.58,83.5,-5.197604790419166,5.197604790419166,6,8,"c03,c11",False,OTHER,,,,,,,,,,,,,,,,,,,
MAGADSUGAR,531.55,560.7,D,578.0,560.7,749.53,609.95,-5.198858569645102,5.198858569645102,4,8,"c04,c05,c06,c12",False,OTHER,,,,,,,,,,,,,,,,,,,
POONAWALLA,476.7,503.0,C+D,503.0,503.0,41402.16,570.4,-5.228628230616304,5.228628230616304,7,8,c06,True,OTHER,,,,,,,,,,,,,,,,,,,
SHREECEM,26100.0,27545.0,D,27550.0,27545.0,94692.79,31920.0,-5.245961154474496,5.245961154474496,4,8,"c04,c05,c06,c07",False,OTHER,,,,,,,,,,,,,,,,,,,
TEXINFRA,111.78,118.0,C+D,118.0,118.0,1436.32,118.0,-5.2711864406779645,5.2711864406779645,7,8,c07,True,OTHER,,,,,,,,,,,,,,,,,,,
ZYDUSLIFE,1119.0,1181.5,C+D,1181.5,1181.5,112332.08,1181.5,-5.289885738468049,5.289885738468049,7,8,c07,True,OTHER,,,,,,,,,,,,,,,,,,,
GAIL,172.5,182.21,D,182.38,182.21,112185.48,186.87,-5.329015970583397,5.329015970583397,5,8,"c04,c06,c07",True,OTHER,,,,,,,,,,,,,,,,,,,
KRISHANA,183.54,193.9,C+D,193.9,193.9,5694.52,193.9,-5.342960288808671,5.342960288808671,7,8,c07,True,OTHER,,,,,,,,,,,,,,,,,,,
ALKEM,5598.5,5915.0,C+D,5915.0,5915.0,66656.12,5933.5,-5.350803043110735,5.350803043110735,6,8,"c06,c07",True,OTHER,,,,,,,,,,,,,,,,,,,
CNL,1083.65,1145.0,C,1145.0,1080.25,1813.81,1145.0,-5.35807860262008,5.35807860262008,7,8,c03,False,OTHER,,,,,,,,,,,,,,,,,,,
KOTHARIPET,145.51,153.75,D,155.47,153.75,854.86,174.0,-5.35934959349594,5.35934959349594,6,8,"c04,c12",False,OTHER,,,,,,,,,,,,,,,,,,,
LAXMIINDIA,134.29,141.9,C+D,141.9,141.9,676.38,180.9,-5.362931642001419,5.362931642001419,5,8,"c04,c06,c12",False,OTHER,,,,,,,,,,,,,,,,,,,
TEMBO,62.1,65.62,D,68.85,65.62,1045.43,83.7,-5.364218226150568,5.364218226150568,5,8,"c04,c06,c11",True,OTHER,,,,,,,,,,,,,,,,,,,
ENTERO,1315.1,1390.0,C+D,1390.0,1390.0,5807.08,1390.0,-5.3884892086331,5.3884892086331,6,8,"c06,c07",True,OTHER,,,,,,,,,,,,,,,,,,,
OAL,378.35,400.0,C+D,400.0,400.0,1267.32,400.0,-5.412499999999994,5.412499999999994,8,8,,True,OTHER,,,,,,,,,,,,,,,,,,,
HERITGFOOD,362.05,382.9,C,382.9,387.95,3360.99,540.0,-5.445285975450501,5.445285975450501,5,8,"c04,c05,c06",False,OTHER,,,,,,,,,,,,,,,,,,,
NEULANDLAB,22216.0,23500.0,C,23500.0,20089.0,28595.47,23500.0,-5.463829787234042,5.463829787234042,7,8,c03,False,OTHER,,,,,,,,,,,,,,,,,,,
NIVABUPA,86.39,91.4,C+D,91.4,91.4,15962.75,91.4,-5.481400437636767,5.481400437636767,5,8,"c06,c07,c11",True,OTHER,,,,,,,,,,,,,,,,,,,
WIPL,169.97,179.89,C+D,179.89,179.89,188.66,193.2,-5.514481071766072,5.514481071766072,5,8,"c06,c07,c12",False,OTHER,,,,,,,,,,,,,,,,,,,
KERNEX,2310.1,2445.0,D,2580.0,2445.0,3865.2,2580.0,-5.517382413087938,5.517382413087938,7,8,c03,False,OTHER,,,,,,,,,,,,,,,,,,,
CHALET,837.1,886.0,C,886.0,914.0,18271.43,1070.1,-5.519187358916476,5.519187358916476,6,8,"c04,c06",True,OTHER,,,,,,,,,,,,,,,,,,,
WENDT,8124.5,8600.0,C+D,8600.0,8600.0,1633.1,10585.0,-5.52906976744186,5.52906976744186,5,8,"c04,c06,c07",True,OTHER,,,,,,,,,,,,,,,,,,,
ATULAUTO,509.15,538.95,D,596.55,538.95,1451.39,596.55,-5.529269876611942,5.529269876611942,7,8,c03,False,OTHER,,,,,,,,,,,,,,,,,,,
BHARTIARTL,1943.0,2057.0,C+D,2057.0,2057.0,1190071.98,2174.5,-5.5420515313563445,5.5420515313563445,6,8,"c06,c07",True,OTHER,,,,,,,,,,,,,,,,,,,
UCAL,120.88,127.99,C+D,127.99,127.99,269.73,146.99,-5.555121493866708,5.555121493866708,5,8,"c04,c06,c12",False,OTHER,,,,,,,,,,,,,,,,,,,
KNRCON,142.69,151.09,C,151.09,161.0,3992.6,220.0,-5.559600238268585,5.559600238268585,5,8,"c04,c05,c06",False,OTHER,,,,,,,,,,,,,,,,,,,
TREL,27.83,29.48,C+D,29.48,29.48,667.34,34.37,-5.597014925373141,5.597014925373141,2,8,"c04,c05,c06,c08,c11,c12",False,OTHER,,,,,,,,,,,,,,,,,,,
3MINDIA,35900.0,38030.0,C+D,38030.0,38030.0,40649.42,38030.0,-5.600841440967657,5.600841440967657,7,8,c06,True,OTHER,,,,,,,,,,,,,,,,,,,
MPHASIS,2508.0,2657.0,C,2657.0,2975.0,47820.82,3037.2,-5.607828377869778,5.607828377869778,5,8,"c04,c05,c06",False,OTHER,,,,,,,,,,,,,,,,,,,
PVP,34.67,36.75,C+D,36.75,36.75,966.19,39.41,-5.659863945578227,5.659863945578227,6,8,"c06,c11",True,OTHER,,,,,,,,,,,,,,,,,,,
DHARMAJ,281.05,298.0,C+D,298.0,298.0,949.61,386.5,-5.687919463087245,5.687919463087245,4,8,"c04,c06,c07,c12",False,OTHER,,,,,,,,,,,,,,,,,,,
ALLCARGO,9.75,10.34,C,10.34,10.79,1527.69,15.89,-5.705996131528045,5.705996131528045,4,8,"c04,c05,c06,c11",False,OTHER,,,,,,,,,,,,,,,,,,,
ORIENTELEC,189.75,201.3,C+D,201.3,201.3,4047.53,219.0,-5.737704918032792,5.737704918032792,5,8,"c04,c05,c06",False,OTHER,,,,,,,,,,,,,,,,,,,
CARERATING,1732.5,1838.0,C+D,1838.0,1838.0,5210.72,1838.0,-5.73993471164309,5.73993471164309,7,8,c06,True,OTHER,,,,,,,,,,,,,,,,,,,
SAKAR,904.8,960.0,C+D,960.0,960.0,2020.38,960.0,-5.750000000000004,5.750000000000004,8,8,,True,OTHER,,,,,,,,,,,,,,,,,,,
HSCL,772.05,819.5,C+D,819.5,819.5,39144.51,819.5,-5.790115924344118,5.790115924344118,8,8,,True,OTHER,,,,,,,,,,,,,,,,,,,
SIGIND,70.61,74.95,C,74.95,57.85,213.17,74.95,-5.790527018012012,5.790527018012012,4,8,"c03,c04,c11,c12",False,OTHER,,,,,,,,,,,,,,,,,,,
SENORES,1422.2,1509.8,C+D,1509.8,1509.8,6519.52,1509.8,-5.802092992449325,5.802092992449325,8,8,,True,OTHER,,,,,,,,,,,,,,,,,,,
JLHL,320.0,340.0,C+D,340.0,340.0,10556.04,340.0,-5.88235294117647,5.88235294117647,7,8,c07,True,OTHER,,,,,,,,,,,,,,,,,,,
BTML,8.0,8.5,C+D,8.5,8.5,136.92,10.5,-5.88235294117647,5.88235294117647,5,8,"c04,c11,c12",False,OTHER,,,,,,,,,,,,,,,,,,,
QMSMEDI,111.69,118.7,C+D,118.7,118.7,252.38,118.7,-5.905644481887115,5.905644481887115,6,8,"c07,c12",False,OTHER,,,,,,,,,,,,,,,,,,,
UYFINCORP,21.02,22.34,C,22.34,19.96,395.39,22.34,-5.908683974932857,5.908683974932857,4,8,"c03,c04,c11,c12",False,OTHER,,,,,,,,,,,,,,,,,,,
CYIENTDLM,691.5,734.95,C+D,734.95,734.95,5472.16,734.95,-5.911966800462622,5.911966800462622,8,8,,True,OTHER,,,,,,,,,,,,,,,,,,,
OCCLLTD,156.19,166.02,D,183.03,166.02,794.03,183.03,-5.9209733767016095,5.9209733767016095,6,8,"c07,c12",False,OTHER,,,,,,,,,,,,,,,,,,,
DMCC,313.1,332.9,C+D,332.9,332.9,711.68,350.0,-5.947732051667154,5.947732051667154,4,8,"c04,c06,c07,c12",False,OTHER,,,,,,,,,,,,,,,,,,,
SHANKARA,142.0,151.0,C+D,151.0,151.0,343.65,298.63,-5.960264900662252,5.960264900662252,6,8,"c04,c12",False,OTHER,,,,,,,,,,,,,,,,,,,
METROPOLIS,572.65,609.05,C+D,609.05,609.05,11860.63,609.05,-5.976520811099249,5.976520811099249,6,8,"c06,c07",True,OTHER,,,,,,,,,,,,,,,,,,,
GIPCL,164.73,175.23,C+D,175.23,175.23,2548.35,202.05,-5.9921246361924325,5.9921246361924325,4,8,"c04,c05,c06,c07",False,OTHER,,,,,,,,,,,,,,,,,,,
BLUEJET,592.15,630.0,D,647.8,630.0,10312.28,805.0,-6.0079365079365115,6.0079365079365115,5,8,"c04,c06,c07",True,OTHER,,,,,,,,,,,,,,,,,,,
MOLDTECH,192.09,204.4,C,204.4,165.15,562.6,221.0,-6.022504892367906,6.022504892367906,5,8,"c03,c04,c12",False,OTHER,,,,,,,,,,,,,,,,,,,
GRANULES,855.15,910.0,C+D,910.0,910.0,21278.27,910.0,-6.02747252747253,6.02747252747253,8,8,,True,OTHER,,,,,,,,,,,,,,,,,,,
PARADEEP,149.87,159.5,C+D,159.5,159.5,15669.41,232.22,-6.037617554858931,6.037617554858931,6,8,"c04,c06",True,OTHER,,,,,,,,,,,,,,,,,,,
DATAMATICS,862.5,918.0,C+D,918.0,918.0,5136.16,1088.0,-6.045751633986928,6.045751633986928,7,8,c06,True,OTHER,,,,,,,,,,,,,,,,,,,
SHALPAINTS,84.37,89.8,C,89.8,75.75,706.25,89.8,-6.046770601336295,6.046770601336295,4,8,"c03,c04,c11,c12",False,OTHER,,,,,,,,,,,,,,,,,,,
HYUNDAI,2223.0,2366.5,C+D,2366.5,2366.5,181250.05,2890.0,-6.06380731037397,6.06380731037397,7,8,c04,True,OTHER,,,,,,,,,,,,,,,,,,,
SHANTIGOLD,227.91,242.65,C+D,242.65,242.65,1511.33,273.95,-6.0745930352359405,6.0745930352359405,7,8,c06,True,OTHER,,,,,,,,,,,,,,,,,,,
AFFLE,1594.5,1698.0,D,1720.1,1698.0,22987.13,2185.9,-6.095406360424029,6.095406360424029,6,8,"c04,c06",True,OTHER,,,,,,,,,,,,,,,,,,,
HARRMALAYA,223.39,237.9,C+D,237.9,237.9,410.71,237.9,-6.099201345102992,6.099201345102992,7,8,c12,False,OTHER,,,,,,,,,,,,,,,,,,,
WELSPUNLIV,164.29,174.97,C+D,174.97,174.97,15817.13,174.97,-6.103903526318801,6.103903526318801,8,8,,True,OTHER,,,,,,,,,,,,,,,,,,,
KRBL,373.9,398.25,C+D,398.25,398.25,8603.53,495.0,-6.1142498430634085,6.1142498430634085,7,8,c06,True,OTHER,,,,,,,,,,,,,,,,,,,
MUNJALSHOW,136.12,145.0,D,147.1,145.0,542.21,150.9,-6.12413793103448,6.12413793103448,5,8,"c06,c07,c12",False,OTHER,,,,,,,,,,,,,,,,,,,
KICL,5423.5,5778.0,C+D,5778.0,5778.0,2484.85,6554.9,-6.1353409484250605,6.1353409484250605,8,8,,True,FIRED,5423.5,2.955392537765544,1.1624070025,14.550329238677895,9.98336683137444,-2.393593089174839,1.7349432846683888,8.094544419967797,0.9480008539228146,2.9931001031820075,-30.581516095534788,2.149688514521375,True,,,,,,1.0
VLSFINANCE,262.75,280.0,C,280.0,281.45,891.4,339.0,-6.1607142857142865,6.1607142857142865,5,8,"c04,c06,c12",False,OTHER,,,,,,,,,,,,,,,,,,,
SIGACHI,25.41,27.08,C+D,27.08,27.08,979.07,46.73,-6.166912850812401,6.166912850812401,3,8,"c04,c05,c06,c07,c11",False,OTHER,,,,,,,,,,,,,,,,,,,
ARE&M,897.7,957.0,C+D,957.0,957.0,17063.89,1057.85,-6.1964472309299845,6.1964472309299845,6,8,"c04,c06",True,OTHER,,,,,,,,,,,,,,,,,,,
STLTECH,637.75,679.9,C+D,679.9,679.9,30500.78,679.9,-6.199441094278567,6.199441094278567,8,8,,True,OTHER,,,,,,,,,,,,,,,,,,,
SUDARCOLOR,410.7,437.95,C,437.95,407.0,948.66,608.0,-6.222171480762644,6.222171480762644,4,8,"c03,c04,c05,c12",False,OTHER,,,,,,,,,,,,,,,,,,,
GOLDIAM,369.05,393.65,D,398.0,393.65,4190.88,398.0,-6.249206147593031,6.249206147593031,7,8,c07,True,OTHER,,,,,,,,,,,,,,,,,,,
DEEPAKNTR,1779.2,1897.9,C+D,1897.9,1897.9,24508.69,1904.4,-6.254281047473525,6.254281047473525,6,8,"c04,c06",True,OTHER,,,,,,,,,,,,,,,,,,,
SILVERTUC,203.18,216.8,C+D,216.8,216.8,2519.07,216.8,-6.2822878228782315,6.2822878228782315,7,8,c07,True,OTHER,,,,,,,,,,,,,,,,,,,
CREDITACC,1530.5,1634.0,C+D,1634.0,1634.0,24406.7,1634.0,-6.3341493268053854,6.3341493268053854,6,8,"c06,c07",True,OTHER,,,,,,,,,,,,,,,,,,,
PRICOLLTD,732.8,782.5,C,782.5,715.5,8950.83,782.5,-6.351437699680516,6.351437699680516,7,8,c03,False,OTHER,,,,,,,,,,,,,,,,,,,
SIRCA,453.2,483.95,C,483.95,487.7,2590.08,539.0,-6.3539621861762585,6.3539621861762585,6,8,"c04,c06",True,OTHER,,,,,,,,,,,,,,,,,,,
BETA,2504.0,2674.0,C+D,2674.0,2674.0,2675.4,2674.0,-6.3575168287210175,6.3575168287210175,8,8,,True,OTHER,,,,,,,,,,,,,,,,,,,
KANORICHEM,154.13,164.6,C+D,164.6,164.6,643.01,164.6,-6.360874848116646,6.360874848116646,7,8,c12,False,OTHER,,,,,,,,,,,,,,,,,,,
JSWENERGY,578.0,617.35,C+D,617.35,617.35,99406.5,617.35,-6.374017980076135,6.374017980076135,6,8,"c06,c08",False,OTHER,,,,,,,,,,,,,,,,,,,
TARSONS,313.5,334.9,C+D,334.9,334.9,1686.42,379.95,-6.389967154374434,6.389967154374434,6,8,"c04,c07",True,OTHER,,,,,,,,,,,,,,,,,,,
INOXINDIA,1984.1,2119.8,C+D,2119.8,2119.8,17910.68,2119.8,-6.40154731578452,6.40154731578452,8,8,,True,OTHER,,,,,,,,,,,,,,,,,,,
BESTAGRO,19.84,21.2,D,22.66,21.2,716.15,34.4,-6.415094339622638,6.415094339622638,3,8,"c04,c05,c06,c11,c12",False,OTHER,,,,,,,,,,,,,,,,,,,
SMARTWORKS,481.9,515.0,C+D,515.0,515.0,5551.31,619.0,-6.427184466019422,6.427184466019422,6,8,"c04,c06",True,OTHER,,,,,,,,,,,,,,,,,,,
CONSOFINVT,281.65,301.0,D,320.0,301.0,930.94,320.0,-6.428571428571436,6.428571428571436,6,8,"c07,c12",False,OTHER,,,,,,,,,,,,,,,,,,,
YASHO,4201.3,4490.0,C,4490.0,3858.7,5111.24,4490.0,-6.4298440979955425,6.4298440979955425,7,8,c03,False,OTHER,,,,,,,,,,,,,,,,,,,
FORTIS,945.15,1010.1,C+D,1010.1,1010.1,71756.84,1104.3,-6.4300564300564345,6.4300564300564345,6,8,"c06,c08",False,OTHER,,,,,,,,,,,,,,,,,,,
RBA,90.23,96.45,C,96.45,81.9,5767.87,96.45,-6.448937273198547,6.448937273198547,6,8,"c03,c11",False,OTHER,,,,,,,,,,,,,,,,,,,
VHL,3554.5,3799.8,C+D,3799.8,3799.8,1141.63,4275.0,-6.455602926469818,6.455602926469818,5,8,"c04,c05,c06",False,OTHER,,,,,,,,,,,,,,,,,,,
BHARATFORG,2093.1,2238.0,D,2270.0,2238.0,108367.63,2270.0,-6.4745308310992,6.4745308310992,7,8,c03,False,OTHER,,,,,,,,,,,,,,,,,,,
RATEGAIN,932.55,997.25,D,1050.0,997.25,11025.33,1050.0,-6.487841564301834,6.487841564301834,8,8,,True,OTHER,,,,,,,,,,,,,,,,,,,
NETWEB,4903.0,5244.0,C+D,5244.0,5244.0,28083.11,5244.0,-6.502669717772693,6.502669717772693,7,8,c08,False,OTHER,,,,,,,,,,,,,,,,,,,
CONCOR,501.9,537.0,C,537.0,538.95,37929.22,569.8,-6.536312849162015,6.536312849162015,5,8,"c04,c06,c07",True,OTHER,,,,,,,,,,,,,,,,,,,
CAMS,789.45,844.9,C+D,844.9,844.9,19667.56,844.9,-6.562906852881991,6.562906852881991,6,8,"c06,c07",True,OTHER,,,,,,,,,,,,,,,,,,,
WINDLAS,839.65,898.8,C,898.8,928.5,1816.28,1097.9,-6.5809968847352005,6.5809968847352005,6,8,"c04,c06",True,OTHER,,,,,,,,,,,,,,,,,,,
NAVINFLUOR,8196.5,8775.5,C,8775.5,7936.0,42034.43,8775.5,-6.597914648737964,6.597914648737964,7,8,c03,False,OTHER,,,,,,,,,,,,,,,,,,,
SHK,170.89,183.0,C+D,183.0,183.0,2358.86,275.5,-6.617486338797822,6.617486338797822,6,8,"c04,c06",True,OTHER,,,,,,,,,,,,,,,,,,,
CINELINE,89.63,96.0,C+D,96.0,96.0,313.72,97.5,-6.635416666666671,6.635416666666671,5,8,"c04,c11,c12",False,OTHER,,,,,,,,,,,,,,,,,,,
INNOVACAP,966.1,1034.85,C+D,1034.85,1034.85,5530.34,1034.85,-6.6434748997439135,6.6434748997439135,7,8,c07,True,OTHER,,,,,,,,,,,,,,,,,,,
TBZ,276.05,295.7,C+D,295.7,295.7,1876.56,295.7,-6.645248562732492,6.645248562732492,7,8,c07,True,OTHER,,,,,,,,,,,,,,,,,,,
BCLIND,37.34,40.0,C+D,40.0,40.0,1104.91,45.35,-6.649999999999992,6.649999999999992,5,8,"c04,c06,c11",True,OTHER,,,,,,,,,,,,,,,,,,,
RELAXO,424.45,454.7,C+D,454.7,454.7,10565.97,526.0,-6.652738069056522,6.652738069056522,7,8,c04,True,OTHER,,,,,,,,,,,,,,,,,,,
SREEL,221.22,237.0,C+D,237.0,237.0,512.76,258.0,-6.658227848101267,6.658227848101267,5,8,"c04,c06,c12",False,OTHER,,,,,,,,,,,,,,,,,,,
JUBLINGREA,741.85,795.0,C+D,795.0,795.0,11811.57,795.0,-6.6855345911949655,6.6855345911949655,7,8,c06,True,OTHER,,,,,,,,,,,,,,,,,,,
ELGIRUBCO,60.84,65.2,D,66.66,65.2,306.3,90.5,-6.687116564417177,6.687116564417177,5,8,"c04,c11,c12",False,OTHER,,,,,,,,,,,,,,,,,,,
PONNIERODE,334.8,359.0,C+D,359.0,359.0,285.74,359.0,-6.74094707520891,6.74094707520891,5,8,"c06,c08,c12",False,OTHER,,,,,,,,,,,,,,,,,,,
CENTURYPLY,779.55,835.95,C,835.95,859.0,17391.57,859.0,-6.746815000897194,6.746815000897194,6,8,"c06,c07",True,OTHER,,,,,,,,,,,,,,,,,,,
ANDHRSUGAR,99.98,107.23,C+D,107.23,107.23,1395.77,107.23,-6.761167583698592,6.761167583698592,5,8,"c06,c08,c11",False,OTHER,,,,,,,,,,,,,,,,,,,
KKCL,516.5,554.0,D,568.05,554.0,3214.63,595.0,-6.768953068592058,6.768953068592058,6,8,"c04,c06",True,OTHER,,,,,,,,,,,,,,,,,,,
PRIMESECU,302.05,324.0,C+D,324.0,324.0,1008.03,325.0,-6.774691358024689,6.774691358024689,6,8,"c06,c08",False,OTHER,,,,,,,,,,,,,,,,,,,
QUESS,323.75,347.35,D,349.5,347.35,4804.49,349.5,-6.7942996977112475,6.7942996977112475,7,8,c07,True,OTHER,,,,,,,,,,,,,,,,,,,
PITTIENG,964.6,1035.25,C+D,1035.25,1035.25,3566.3,1035.25,-6.824438541415115,6.824438541415115,6,8,"c06,c08",False,OTHER,,,,,,,,,,,,,,,,,,,
KAJARIACER,1184.7,1271.5,C+D,1271.5,1271.5,18973.47,1314.8,-6.826582776248522,6.826582776248522,6,8,"c06,c07",True,OTHER,,,,,,,,,,,,,,,,,,,
ARKADE,134.54,144.5,C+D,144.5,144.5,2522.93,194.8,-6.892733564013846,6.892733564013846,6,8,"c04,c07",True,OTHER,,,,,,,,,,,,,,,,,,,
GOCLCORP,428.2,459.9,C+D,459.9,459.9,2113.28,459.9,-6.892802783213741,6.892802783213741,8,8,,True,OTHER,,,,,,,,,,,,,,,,,,,
NATCAPSUQ,170.18,182.8,C,182.8,190.0,174.5,296.0,-6.90371991247265,6.90371991247265,4,8,"c04,c05,c06,c12",False,OTHER,,,,,,,,,,,,,,,,,,,
HATSUN,952.9,1023.95,C+D,1023.95,1023.95,21183.18,1179.0,-6.938815371844334,6.938815371844334,4,8,"c04,c05,c06,c08",False,OTHER,,,,,,,,,,,,,,,,,,,
FINEORG,5027.8,5407.0,C+D,5407.0,5407.0,15385.45,5407.0,-7.013131126317733,7.013131126317733,8,8,,True,OTHER,,,,,,,,,,,,,,,,,,,
ORIENTCER,42.77,46.0,C,46.0,46.4,518.25,56.64,-7.021739130434776,7.021739130434776,5,8,"c06,c11,c12",False,OTHER,,,,,,,,,,,,,,,,,,,
BHAGCHEM,285.35,306.9,D,316.9,306.9,3667.91,316.9,-7.0218312153795885,7.0218312153795885,7,8,c07,True,OTHER,,,,,,,,,,,,,,,,,,,
AEGISLOG,1333.7,1434.5,D,1497.8,1434.5,46660.72,1497.8,-7.0268386197281245,7.0268386197281245,8,8,,True,OTHER,,,,,,,,,,,,,,,,,,,
POWERINDIA,36050.0,38785.0,C+D,38785.0,38785.0,159903.6,38785.0,-7.051695243006318,7.051695243006318,6,8,"c06,c08",False,OTHER,,,,,,,,,,,,,,,,,,,
SETL,283.75,305.3,C+D,305.3,305.3,5618.15,305.3,-7.058630854896826,7.058630854896826,8,8,,True,OTHER,,,,,,,,,,,,,,,,,,,
HESTERBIO,2493.8,2683.6,C+D,2683.6,2683.6,2088.45,2683.6,-7.072589059472341,7.072589059472341,7,8,c07,True,OTHER,,,,,,,,,,,,,,,,,,,
UFLEX,492.45,530.0,C+D,530.0,530.0,3549.66,602.8,-7.084905660377361,7.084905660377361,6,8,"c04,c06",True,OTHER,,,,,,,,,,,,,,,,,,,
VARDHACRLC,45.11,48.55,C+D,48.55,48.55,357.8,48.77,-7.085478887744589,7.085478887744589,5,8,"c07,c11,c12",False,OTHER,,,,,,,,,,,,,,,,,,,
GRPLTD,1981.7,2132.9,D,2143.4,2132.9,1066.81,2491.0,-7.088939940925503,7.088939940925503,5,8,"c04,c06,c07",True,OTHER,,,,,,,,,,,,,,,,,,,
M&M,3517.0,3787.0,C+D,3787.0,3787.0,393319.28,3839.9,-7.129654079746501,7.129654079746501,7,8,c04,True,OTHER,,,,,,,,,,,,,,,,,,,
ENGINERSIN,247.96,267.0,C+D,267.0,267.0,13760.07,267.0,-7.131086142322094,7.131086142322094,6,8,"c06,c08",False,OTHER,,,,,,,,,,,,,,,,,,,
SIYSIL,620.0,668.1,C+D,668.1,668.1,2826.84,848.8,-7.199521029785963,7.199521029785963,6,8,"c04,c06",True,OTHER,,,,,,,,,,,,,,,,,,,
HFCL,212.97,229.5,C+D,229.5,229.5,33131.66,229.5,-7.2026143790849675,7.2026143790849675,8,8,,True,OTHER,,,,,,,,,,,,,,,,,,,
RADIOCITY,6.82,7.35,C+D,7.35,7.35,233.98,9.25,-7.210884353741489,7.210884353741489,3,8,"c04,c05,c06,c11,c12",False,OTHER,,,,,,,,,,,,,,,,,,,
PFIZER,4877.6,5257.0,C+D,5257.0,5257.0,22361.3,5873.5,-7.217043941411444,7.217043941411444,6,8,"c04,c06",True,OTHER,,,,,,,,,,,,,,,,,,,
NAHARCAP,263.94,284.5,D,293.0,284.5,443.97,308.0,-7.226713532513182,7.226713532513182,5,8,"c04,c06,c12",False,OTHER,,,,,,,,,,,,,,,,,,,
VERANDA,246.7,265.96,D,267.45,265.96,2418.14,272.5,-7.241690479771392,7.241690479771392,7,8,c07,True,OTHER,,,,,,,,,,,,,,,,,,,
ADANIENT,3010.0,3245.0,C+D,3245.0,3245.0,390024.79,3245.0,-7.24191063174114,7.24191063174114,8,8,,True,OTHER,,,,,,,,,,,,,,,,,,,
EPL,228.98,246.86,C+D,246.86,246.86,7344.89,246.86,-7.242971724864305,7.242971724864305,6,8,"c06,c08",False,OTHER,,,,,,,,,,,,,,,,,,,
SENCO,398.85,430.0,C+D,430.0,430.0,6553.55,430.0,-7.244186046511622,7.244186046511622,7,8,c07,True,OTHER,,,,,,,,,,,,,,,,,,,
IMAGICAA,49.1,52.94,D,52.97,52.94,1966.64,63.0,-7.2534945221004845,7.2534945221004845,4,8,"c04,c05,c06,c11",False,OTHER,,,,,,,,,,,,,,,,,,,
SGFIN,670.7,723.6,D,727.45,723.6,4443.28,727.45,-7.310668877833054,7.310668877833054,8,8,,True,OTHER,,,,,,,,,,,,,,,,,,,
PAR,103.53,111.7,C+D,111.7,111.7,129.03,122.43,-7.314234556848703,7.314234556848703,3,8,"c04,c05,c06,c07,c12",False,OTHER,,,,,,,,,,,,,,,,,,,
PRECWIRE,433.3,467.5,C+D,467.5,467.5,7783.79,467.5,-7.3155080213903725,7.3155080213903725,7,8,c08,False,OTHER,,,,,,,,,,,,,,,,,,,
ESAFSFB,39.85,43.0,D,44.25,43.0,2078.46,44.25,-7.325581395348833,7.325581395348833,6,8,"c07,c11",True,OTHER,,,,,,,,,,,,,,,,,,,
RPTECH,896.7,967.7,C,967.7,842.0,5946.95,967.7,-7.3369846026661145,7.3369846026661145,7,8,c03,False,OTHER,,,,,,,,,,,,,,,,,,,
TVSHLTD,14640.0,15800.0,C+D,15800.0,15800.0,29867.09,16297.0,-7.341772151898734,7.341772151898734,8,8,,True,OTHER,,,,,,,,,,,,,,,,,,,
VRLLOG,284.9,307.6,C+D,307.6,307.6,4995.49,307.6,-7.379713914174267,7.379713914174267,7,8,c04,True,OTHER,,,,,,,,,,,,,,,,,,,
MANAKSTEEL,80.68,87.13,D,89.9,87.13,541.69,89.9,-7.402731550556626,7.402731550556626,6,8,"c11,c12",False,OTHER,,,,,,,,,,,,,,,,,,,
GANESHBE,120.36,129.99,C+D,129.99,129.99,876.52,129.99,-7.408262174013393,7.408262174013393,7,8,c12,False,OTHER,,,,,,,,,,,,,,,,,,,
JIOFIN,254.0,274.35,C+D,274.35,274.35,167226.73,333.7,-7.417532349189,7.417532349189,5,8,"c04,c05,c06",False,OTHER,,,,,,,,,,,,,,,,,,,
WORTHPERI,157.2,169.8,C,169.8,153.5,252.06,169.8,-7.420494699646656,7.420494699646656,5,8,"c03,c04,c12",False,OTHER,,,,,,,,,,,,,,,,,,,
GEOJITFSL,77.66,83.92,C+D,83.92,83.92,2186.37,85.39,-7.4594852240228855,7.4594852240228855,6,8,"c06,c11",True,OTHER,,,,,,,,,,,,,,,,,,,
KILITCH,192.2,207.77,C+D,207.77,207.77,657.61,227.23,-7.493863406651596,7.493863406651596,7,8,c12,False,OTHER,,,,,,,,,,,,,,,,,,,
BEML,1884.4,2037.1,C+D,2037.1,2037.1,15708.7,2275.75,-7.49595012517794,7.49595012517794,5,8,"c04,c05,c06",False,OTHER,,,,,,,,,,,,,,,,,,,
KALYANKJIL,600.25,648.95,C+D,648.95,648.95,62847.38,648.95,-7.504430233454047,7.504430233454047,7,8,c07,True,OTHER,,,,,,,,,,,,,,,,,,,
SUYOG,852.0,921.15,C+D,921.15,921.15,1013.94,925.0,-7.506920696954891,7.506920696954891,7,8,c04,True,OTHER,,,,,,,,,,,,,,,,,,,
AIAENG,4790.3,5180.0,C+D,5180.0,5180.0,44792.88,5180.0,-7.52316602316602,7.52316602316602,8,8,,True,OTHER,,,,,,,,,,,,,,,,,,,
DDEVPLSTIK,285.8,309.1,D,315.0,309.1,2933.58,360.0,-7.538013587835655,7.538013587835655,6,8,"c04,c06",True,OTHER,,,,,,,,,,,,,,,,,,,
EVEREADY,350.6,379.2,C+D,379.2,379.2,2611.66,475.2,-7.542194092826995,7.542194092826995,7,8,c06,True,OTHER,,,,,,,,,,,,,,,,,,,
JSFB,539.75,583.95,D,593.0,583.95,5707.45,593.0,-7.56914119359535,7.56914119359535,7,8,c07,True,OTHER,,,,,,,,,,,,,,,,,,,
OILCOUNTUB,61.0,66.0,C+D,66.0,66.0,311.5,87.79,-7.575757575757576,7.575757575757576,3,8,"c04,c05,c06,c11,c12",False,OTHER,,,,,,,,,,,,,,,,,,,
HIRECT,1293.0,1399.0,C+D,1399.0,1399.0,3911.64,1399.0,-7.576840600428877,7.576840600428877,7,8,c07,True,OTHER,,,,,,,,,,,,,,,,,,,
MAWANASUG,114.36,123.75,C+D,123.75,123.75,469.46,123.75,-7.587878787878788,7.587878787878788,7,8,c12,False,OTHER,,,,,,,,,,,,,,,,,,,
NDLVENTURE,129.37,140.0,C+D,140.0,140.0,433.64,140.0,-7.59285714285714,7.59285714285714,6,8,"c08,c12",False,OTHER,,,,,,,,,,,,,,,,,,,
LTF,312.85,338.6,C+D,338.6,338.6,78828.25,338.6,-7.60484347312463,7.60484347312463,6,8,"c06,c07",True,OTHER,,,,,,,,,,,,,,,,,,,
JUBLPHARMA,962.7,1042.0,C+D,1042.0,1042.0,15121.1,1184.8,-7.610364683301339,7.610364683301339,4,8,"c04,c05,c06,c07",False,OTHER,,,,,,,,,,,,,,,,,,,
SUTLEJTEX,38.34,41.5,C+D,41.5,41.5,628.93,41.5,-7.614457831325293,7.614457831325293,4,8,"c04,c06,c11,c12",False,OTHER,,,,,,,,,,,,,,,,,,,
AARTISURF,520.0,563.0,C,563.0,465.0,442.84,563.0,-7.63765541740675,7.63765541740675,5,8,"c03,c04,c12",False,OTHER,,,,,,,,,,,,,,,,,,,
KDDL,3835.8,4155.5,C,4155.5,3416.0,4769.91,4155.5,-7.693418361208034,7.693418361208034,7,8,c03,False,OTHER,,,,,,,,,,,,,,,,,,,
MANKIND,2438.0,2642.0,C+D,2642.0,2642.0,100298.09,2674.0,-7.721423164269494,7.721423164269494,6,8,"c06,c07",True,OTHER,,,,,,,,,,,,,,,,,,,
HARSHA,432.6,469.0,C+D,469.0,469.0,3909.44,469.0,-7.761194029850742,7.761194029850742,7,8,c06,True,OTHER,,,,,,,,,,,,,,,,,,,
JINDWORLD,37.26,40.4,D,42.4,40.4,3882.47,42.4,-7.772277227722774,7.772277227722774,6,8,"c04,c11",True,OTHER,,,,,,,,,,,,,,,,,,,
GFLLIMITED,48.88,53.0,C+D,53.0,53.0,549.02,81.0,-7.773584905660373,7.773584905660373,3,8,"c04,c05,c06,c11,c12",False,OTHER,,,,,,,,,,,,,,,,,,,
XCHANGING,68.02,73.78,C,73.78,77.0,756.37,103.0,-7.806993765248041,7.806993765248041,3,8,"c04,c05,c06,c11,c12",False,OTHER,,,,,,,,,,,,,,,,,,,
SOUTHBANK,46.0,49.9,C+D,49.9,49.9,12074.63,49.9,-7.815631262525047,7.815631262525047,7,8,c11,True,OTHER,,,,,,,,,,,,,,,,,,,
STEELCITY,82.92,90.0,D,91.68,90.0,121.05,108.9,-7.8666666666666645,7.8666666666666645,3,8,"c04,c05,c06,c11,c12",False,OTHER,,,,,,,,,,,,,,,,,,,
VGUARD,320.85,348.4,C,348.4,356.45,14121.38,392.2,-7.907577497129724,7.907577497129724,5,8,"c04,c05,c06",False,OTHER,,,,,,,,,,,,,,,,,,,
PREMIERENE,1044.1,1134.0,C+D,1134.0,1134.0,47317.74,1134.0,-7.927689594356268,7.927689594356268,6,8,"c06,c08",False,OTHER,,,,,,,,,,,,,,,,,,,
SHIVAMILLS,64.45,70.0,C+D,70.0,70.0,58.06,77.01,-7.928571428571425,7.928571428571425,3,8,"c04,c05,c06,c11,c12",False,OTHER,,,,,,,,,,,,,,,,,,,
GARUDA,194.51,211.3,C+D,211.3,211.3,1812.58,249.3,-7.946048272598211,7.946048272598211,7,8,c06,True,OTHER,,,,,,,,,,,,,,,,,,,
SCHNEIDER,1424.9,1548.0,C+D,1548.0,1548.0,32233.81,1548.0,-7.952196382428935,7.952196382428935,6,8,"c07,c08",False,OTHER,,,,,,,,,,,,,,,,,,,
RBZJEWEL,152.27,165.44,C+D,165.44,165.44,607.98,179.0,-7.960589941972914,7.960589941972914,6,8,"c06,c12",False,OTHER,,,,,,,,,,,,,,,,,,,
PERSISTENT,5474.0,5948.0,C,5948.0,6552.5,86112.43,6599.0,-7.96906523201076,7.96906523201076,5,8,"c04,c06,c07",True,OTHER,,,,,,,,,,,,,,,,,,,
SHYAMMETL,1003.1,1090.0,C+D,1090.0,1090.0,27252.31,1090.0,-7.972477064220182,7.972477064220182,7,8,c07,True,OTHER,,,,,,,,,,,,,,,,,,,
UNIDT,234.64,254.97,C+D,254.97,254.97,460.96,254.97,-7.973487076911014,7.973487076911014,7,8,c12,False,OTHER,,,,,,,,,,,,,,,,,,,
ARVINDFASN,460.25,500.15,C,500.15,514.2,6122.14,579.0,-7.9776067179846,7.9776067179846,5,8,"c04,c05,c06",False,OTHER,,,,,,,,,,,,,,,,,,,
AVTNPL,71.77,78.0,C+D,78.0,78.0,1091.81,83.8,-7.9871794871794926,7.9871794871794926,6,8,"c06,c11",True,OTHER,,,,,,,,,,,,,,,,,,,
STARHEALTH,574.95,624.9,C+D,624.9,624.9,33375.2,624.9,-7.993278924627929,7.993278924627929,6,8,"c06,c07",True,OTHER,,,,,,,,,,,,,,,,,,,
JKPAPER,392.7,427.0,C+D,427.0,427.0,7107.67,444.8,-8.032786885245905,8.032786885245905,6,8,"c06,c07",True,OTHER,,,,,,,,,,,,,,,,,,,
IEX,126.3,137.34,C+D,137.34,137.34,11222.04,160.27,-8.038444735692446,8.038444735692446,4,8,"c04,c05,c06,c07",False,OTHER,,,,,,,,,,,,,,,,,,,
BALPHARMA,90.9,98.85,C+D,98.85,98.85,145.57,98.85,-8.042488619119867,8.042488619119867,5,8,"c04,c11,c12",False,OTHER,,,,,,,,,,,,,,,,,,,
NEOGEN,2182.8,2374.0,C+D,2374.0,2374.0,5888.13,2374.0,-8.053917438921644,8.053917438921644,8,8,,True,OTHER,,,,,,,,,,,,,,,,,,,
GMRAIRPORT,106.3,115.64,C+D,115.64,115.64,109805.13,115.64,-8.076790038049122,8.076790038049122,7,8,c06,True,OTHER,,,,,,,,,,,,,,,,,,,
MSUMI,41.04,44.65,C,44.65,46.5,27339.98,53.59,-8.085106382978722,8.085106382978722,4,8,"c04,c05,c06,c11",False,OTHER,,,,,,,,,,,,,,,,,,,
ELGIEQUIP,582.55,633.85,C+D,633.85,633.85,18364.5,633.85,-8.093397491520086,8.093397491520086,6,8,"c06,c08",False,OTHER,,,,,,,,,,,,,,,,,,,
SARLAPOLY,99.3,108.05,D,111.0,108.05,839.46,114.0,-8.098102730217493,8.098102730217493,5,8,"c06,c11,c12",False,OTHER,,,,,,,,,,,,,,,,,,,
CEATLTD,3793.6,4128.3,C+D,4128.3,4128.3,14041.5,4438.0,-8.107453431194445,8.107453431194445,7,8,c06,True,OTHER,,,,,,,,,,,,,,,,,,,
LT,4080.0,4440.0,C+D,4440.0,4440.0,558930.25,4440.0,-8.108108108108109,8.108108108108109,6,8,"c06,c08",False,OTHER,,,,,,,,,,,,,,,,,,,
KOTYARK,41.79,45.5,C+D,45.5,45.5,467.46,45.5,-8.153846153846157,8.153846153846157,4,8,"c06,c08,c11,c12",False,OTHER,,,,,,,,,,,,,,,,,,,
SHREEPUSHK,411.4,448.0,C+D,448.0,448.0,1332.44,476.0,-8.169642857142863,8.169642857142863,7,8,c06,True,OTHER,,,,,,,,,,,,,,,,,,,
VIYASH,273.65,298.0,C+D,298.0,298.0,12036.17,298.0,-8.171140939597322,8.171140939597322,8,8,,True,OTHER,,,,,,,,,,,,,,,,,,,
ULTRACEMCO,12038.0,13110.0,C+D,13110.0,13110.0,356121.36,13110.0,-8.176964149504196,8.176964149504196,6,8,"c04,c06",True,OTHER,,,,,,,,,,,,,,,,,,,
ARVIND,550.65,600.0,C+D,600.0,600.0,14326.77,600.0,-8.225000000000003,8.225000000000003,8,8,,True,OTHER,,,,,,,,,,,,,,,,,,,
ACMESOLAR,365.8,398.65,C+D,398.65,398.65,23082.64,398.65,-8.240311049793043,8.240311049793043,8,8,,True,OTHER,,,,,,,,,,,,,,,,,,,
PLASTIBLEN,198.44,216.29,C+D,216.29,216.29,519.79,216.29,-8.252808729021218,8.252808729021218,6,8,"c04,c12",False,OTHER,,,,,,,,,,,,,,,,,,,
CDSL,1332.5,1453.1,C+D,1453.1,1453.1,27918.03,1673.7,-8.2994976257656,8.2994976257656,4,8,"c04,c05,c06,c07",False,OTHER,,,,,,,,,,,,,,,,,,,
CLEDUCATE,56.77,61.92,C,61.92,75.15,311.7,120.8,-8.317183462532297,8.317183462532297,3,8,"c04,c05,c06,c11,c12",False,OTHER,,,,,,,,,,,,,,,,,,,
IOLCP,164.66,179.6,C+D,179.6,179.6,5050.71,179.6,-8.318485523385299,8.318485523385299,8,8,,True,OTHER,,,,,,,,,,,,,,,,,,,
HONAUT,38035.0,41495.0,C+D,41495.0,41495.0,33482.01,41495.0,-8.338354018556453,8.338354018556453,6,8,"c06,c07",True,OTHER,,,,,,,,,,,,,,,,,,,
RSWM,205.31,224.0,D,238.0,224.0,984.61,238.0,-8.343749999999998,8.343749999999998,7,8,c07,True,OTHER,,,,,,,,,,,,,,,,,,,
MAZDOCK,2575.0,2810.0,C+D,2810.0,2810.0,103327.0,3061.4,-8.362989323843415,8.362989323843415,4,8,"c04,c05,c06,c08",False,OTHER,,,,,,,,,,,,,,,,,,,
ICIL,425.0,463.8,C+D,463.8,463.8,8361.46,463.8,-8.365674859853387,8.365674859853387,8,8,,True,OTHER,,,,,,,,,,,,,,,,,,,
HOMEFIRST,1181.6,1289.6,C+D,1289.6,1289.6,12401.76,1375.0,-8.37468982630273,8.37468982630273,7,8,c06,True,OTHER,,,,,,,,,,,,,,,,,,,
BHEL,409.0,446.5,C+D,446.5,446.5,142155.7,446.5,-8.3986562150056,8.3986562150056,6,8,"c07,c08",False,OTHER,,,,,,,,,,,,,,,,,,,
POLYCAB,9275.0,10126.0,C+D,10126.0,10126.0,140025.76,10126.0,-8.404108236223582,8.404108236223582,6,8,"c06,c08",False,OTHER,,,,,,,,,,,,,,,,,,,
CHENNPETRO,1240.1,1354.0,C+D,1354.0,1354.0,18503.54,1354.0,-8.412112259970463,8.412112259970463,8,8,,True,OTHER,,,,,,,,,,,,,,,,,,,
LUMAXTECH,1738.2,1898.0,C+D,1898.0,1898.0,11844.45,1898.0,-8.419388830347732,8.419388830347732,6,8,"c06,c08",False,OTHER,,,,,,,,,,,,,,,,,,,
DHUNINV,966.3,1055.2,C,1055.2,1085.0,582.23,1573.1,-8.42494313874148,8.42494313874148,4,8,"c04,c05,c06,c12",False,OTHER,,,,,,,,,,,,,,,,,,,
APOLLOPIPE,507.25,554.0,C+D,554.0,554.0,1775.03,554.0,-8.438628158844766,8.438628158844766,7,8,c08,False,OTHER,,,,,,,,,,,,,,,,,,,
HEXT,570.3,623.0,C,623.0,744.9,34557.18,829.4,-8.459069020866782,8.459069020866782,5,8,"c04,c05,c06",False,OTHER,,,,,,,,,,,,,,,,,,,
MAXHEALTH,1069.0,1167.9,C+D,1167.9,1167.9,104736.82,1301.7,-8.468190769757692,8.468190769757692,5,8,"c04,c06,c07",True,OTHER,,,,,,,,,,,,,,,,,,,
LAL,8.74,9.55,D,9.98,9.55,152.0,12.77,-8.48167539267016,8.48167539267016,3,8,"c04,c05,c06,c11,c12",False,OTHER,,,,,,,,,,,,,,,,,,,
MUKANDLTD,141.14,154.25,C+D,154.25,154.25,2051.55,154.25,-8.499189627228535,8.499189627228535,7,8,c06,True,OTHER,,,,,,,,,,,,,,,,,,,
MOLDTKPAC,681.6,744.95,C+D,744.95,744.95,2255.24,870.5,-8.503926438015977,8.503926438015977,7,8,c06,True,OTHER,,,,,,,,,,,,,,,,,,,
AFSL,201.24,220.0,C+D,220.0,220.0,1070.45,229.0,-8.527272727272724,8.527272727272724,4,8,"c04,c05,c06,c07",False,OTHER,,,,,,,,,,,,,,,,,,,
AARVI,154.01,168.4,C+D,168.4,168.4,227.66,168.4,-8.545130641330175,8.545130641330175,6,8,"c07,c12",False,OTHER,,,,,,,,,,,,,,,,,,,
KOTARISUG,26.41,28.88,C+D,28.88,28.88,220.4,37.68,-8.552631578947365,8.552631578947365,3,8,"c04,c05,c06,c11,c12",False,OTHER,,,,,,,,,,,,,,,,,,,
MAHLOG,411.35,450.0,C+D,450.0,450.0,4097.61,450.0,-8.588888888888883,8.588888888888883,6,8,"c06,c07",True,OTHER,,,,,,,,,,,,,,,,,,,
DICIND,521.0,570.0,C+D,570.0,570.0,483.21,617.3,-8.596491228070176,8.596491228070176,4,8,"c04,c05,c06,c12",False,OTHER,,,,,,,,,,,,,,,,,,,
SINCLAIR,76.98,84.25,C,84.25,86.2,413.24,114.75,-8.629080118694358,8.629080118694358,3,8,"c04,c05,c06,c11,c12",False,OTHER,,,,,,,,,,,,,,,,,,,
VIDHIING,314.3,344.1,D,349.9,344.1,1583.35,410.0,-8.66027317640221,8.66027317640221,4,8,"c04,c05,c06,c07",False,OTHER,,,,,,,,,,,,,,,,,,,
PDSL,382.25,418.5,C+D,418.5,418.5,5450.54,418.5,-8.66188769414576,8.66188769414576,5,8,"c04,c06,c07",True,OTHER,,,,,,,,,,,,,,,,,,,
SBC,41.1,45.0,C+D,45.0,45.0,1992.02,45.0,-8.666666666666664,8.666666666666664,5,8,"c07,c08,c11",False,OTHER,,,,,,,,,,,,,,,,,,,
DENORA,877.05,960.35,C+D,960.35,960.35,467.01,960.35,-8.673920966314371,8.673920966314371,5,8,"c06,c07,c12",False,OTHER,,,,,,,,,,,,,,,,,,,
IVP,177.14,194.0,C+D,194.0,194.0,182.92,194.0,-8.690721649484544,8.690721649484544,5,8,"c04,c06,c12",False,OTHER,,,,,,,,,,,,,,,,,,,
TAJGVK,353.9,387.6,C+D,387.6,387.6,2799.12,512.65,-8.694530443756461,8.694530443756461,5,8,"c04,c06,c07",True,OTHER,,,,,,,,,,,,,,,,,,,
DELHIVERY,478.35,524.0,C+D,524.0,524.0,35776.81,524.0,-8.711832061068698,8.711832061068698,6,8,"c06,c07",True,OTHER,,,,,,,,,,,,,,,,,,,
WELINV,1807.0,1980.0,C+D,1980.0,1980.0,662.09,1980.0,-8.737373737373737,8.737373737373737,6,8,"c07,c12",False,OTHER,,,,,,,,,,,,,,,,,,,
IGIL,354.35,388.3,C+D,388.3,388.3,15300.37,392.0,-8.743239763069788,8.743239763069788,4,8,"c04,c05,c06,c08",False,OTHER,,,,,,,,,,,,,,,,,,,
WELENT,579.35,634.9,C+D,634.9,634.9,7839.91,634.9,-8.749409355804056,8.749409355804056,7,8,c07,True,OTHER,,,,,,,,,,,,,,,,,,,
AYMSYNTEX,256.6,281.22,C+D,281.22,281.22,1508.25,281.22,-8.754711613683238,8.754711613683238,6,8,"c06,c07",True,OTHER,,,,,,,,,,,,,,,,,,,
PRESTIGE,1589.0,1741.5,C+D,1741.5,1741.5,68824.26,1805.2,-8.756818834338215,8.756818834338215,6,8,"c06,c07",True,OTHER,,,,,,,,,,,,,,,,,,,
ADANIENSOL,1632.0,1789.0,C+D,1789.0,1789.0,194643.8,1789.0,-8.775852431525992,8.775852431525992,7,8,c07,True,OTHER,,,,,,,,,,,,,,,,,,,
ASAHIINDIA,902.9,990.0,C,990.0,1015.7,22996.55,1074.0,-8.797979797979801,8.797979797979801,7,8,c06,True,OTHER,,,,,,,,,,,,,,,,,,,
MARUTI,14097.0,15459.0,C+D,15459.0,15459.0,443509.73,17370.0,-8.810401707743063,8.810401707743063,5,8,"c04,c06,c07",True,OTHER,,,,,,,,,,,,,,,,,,,
LTTS,3583.4,3930.0,C+D,3930.0,3930.0,38385.94,4726.0,-8.819338422391855,8.819338422391855,5,8,"c04,c05,c06",False,OTHER,,,,,,,,,,,,,,,,,,,
NITIRAJ,210.61,231.0,C+D,231.0,231.0,212.3,236.98,-8.826839826839821,8.826839826839821,4,8,"c04,c06,c07,c12",False,OTHER,,,,,,,,,,,,,,,,,,,
NDRAUTO,848.2,930.95,C+D,930.95,930.95,2039.59,1186.6,-8.888769536494978,8.888769536494978,7,8,c06,True,OTHER,,,,,,,,,,,,,,,,,,,
DEEPAKFERT,1530.4,1680.0,D,1681.0,1680.0,19419.82,1681.0,-8.904761904761898,8.904761904761898,7,8,c07,True,OTHER,,,,,,,,,,,,,,,,,,,
BEPL,126.14,138.5,C+D,138.5,138.5,3130.8,138.5,-8.924187725631768,8.924187725631768,8,8,,True,OTHER,,,,,,,,,,,,,,,,,,,
ERIS,1393.4,1530.0,C+D,1530.0,1530.0,19253.12,1820.0,-8.928104575163392,8.928104575163392,5,8,"c04,c05,c06",False,OTHER,,,,,,,,,,,,,,,,,,,
AMBIKCO,1654.1,1816.3,D,1931.0,1816.3,956.93,1931.0,-8.930242801299347,8.930242801299347,7,8,c03,False,OTHER,,,,,,,,,,,,,,,,,,,
SBFC,94.0,103.22,C+D,103.22,103.22,10366.83,123.0,-8.93237744623135,8.93237744623135,4,8,"c04,c05,c06,c11",False,OTHER,,,,,,,,,,,,,,,,,,,
DENTA,336.45,369.5,D,372.0,369.5,901.78,479.6,-8.94451962110961,8.94451962110961,5,8,"c06,c07,c12",False,OTHER,,,,,,,,,,,,,,,,,,,
DCBBANK,187.43,205.9,C+D,205.9,205.9,6098.74,205.9,-8.970373967945603,8.970373967945603,7,8,c08,False,OTHER,,,,,,,,,,,,,,,,,,,
GLENMARK,2251.3,2474.0,C+D,2474.0,2474.0,63861.12,2474.0,-9.001616814874689,9.001616814874689,6,8,"c06,c08",False,OTHER,,,,,,,,,,,,,,,,,,,
BALKRISIND,2524.6,2775.0,C+D,2775.0,2775.0,48865.63,2775.0,-9.023423423423427,9.023423423423427,5,8,"c04,c06,c07",True,OTHER,,,,,,,,,,,,,,,,,,,
ZUARIIND,261.4,287.4,C+D,287.4,287.4,782.67,416.0,-9.046624913013222,9.046624913013222,4,8,"c04,c05,c06,c12",False,OTHER,,,,,,,,,,,,,,,,,,,
RKSWAMY,106.41,117.0,C+D,117.0,117.0,538.39,163.89,-9.051282051282055,9.051282051282055,4,8,"c04,c05,c06,c12",False,OTHER,,,,,,,,,,,,,,,,,,,
SCHAEFFLER,4063.2,4467.7,C+D,4467.7,4467.7,63746.38,4467.7,-9.053875595944222,9.053875595944222,5,8,"c06,c07,c08",False,OTHER,,,,,,,,,,,,,,,,,,,
LUPIN,2300.0,2529.5,C+D,2529.5,2529.5,102370.02,2529.5,-9.07293931607037,9.07293931607037,5,8,"c06,c07,c08",False,OTHER,,,,,,,,,,,,,,,,,,,
CENTENKA,610.45,671.65,C+D,671.65,671.65,1326.86,671.65,-9.11188863247226,9.11188863247226,7,8,c07,True,OTHER,,,,,,,,,,,,,,,,,,,
IFGLEXPOR,225.3,247.9,C+D,247.9,247.9,1648.55,338.0,-9.116579265832994,9.116579265832994,6,8,"c04,c06",True,OTHER,,,,,,,,,,,,,,,,,,,
BANARISUG,3477.1,3826.0,C,3826.0,3849.0,4370.72,3849.0,-9.11918452692107,9.11918452692107,4,8,"c04,c05,c06,c08",False,OTHER,,,,,,,,,,,,,,,,,,,
AAVAS,1404.0,1544.9,C+D,1544.9,1544.9,10996.84,1771.9,-9.120331413036448,9.120331413036448,5,8,"c04,c05,c06",False,OTHER,,,,,,,,,,,,,,,,,,,
RADHIKAJWE,68.61,75.5,C+D,75.5,75.5,811.77,101.9,-9.125827814569536,9.125827814569536,3,8,"c04,c06,c07,c11,c12",False,OTHER,,,,,,,,,,,,,,,,,,,
AMDIND,47.25,52.0,C+D,52.0,52.0,90.35,68.07,-9.134615384615383,9.134615384615383,3,8,"c04,c05,c06,c11,c12",False,OTHER,,,,,,,,,,,,,,,,,,,
SUNDRMBRAK,797.5,877.7,C+D,877.7,877.7,308.83,877.7,-9.13751851429874,9.13751851429874,6,8,"c06,c12",False,OTHER,,,,,,,,,,,,,,,,,,,
RCF,127.2,140.0,C+D,140.0,140.0,7051.17,164.49,-9.142857142857142,9.142857142857142,4,8,"c04,c05,c06,c07",False,OTHER,,,,,,,,,,,,,,,,,,,
GOKULAGRO,227.06,249.92,C+D,249.92,249.92,6745.7,249.92,-9.14692701664532,9.14692701664532,7,8,c08,False,OTHER,,,,,,,,,,,,,,,,,,,
MANALIPETC,64.35,70.83,C+D,70.83,70.83,1119.01,77.6,-9.148665819567986,9.148665819567986,5,8,"c06,c07,c11",True,OTHER,,,,,,,,,,,,,,,,,,,
AWL,196.13,216.01,C,216.01,220.0,25367.51,282.9,-9.20327762603583,9.20327762603583,5,8,"c04,c05,c06",False,OTHER,,,,,,,,,,,,,,,,,,,
RICOAUTO,142.52,157.0,D,157.99,157.0,1980.78,157.99,-9.222929936305727,9.222929936305727,8,8,,True,OTHER,,,,,,,,,,,,,,,,,,,
GICHSGFIN,153.36,168.99,C+D,168.99,168.99,815.84,185.01,-9.249067992188884,9.249067992188884,4,8,"c04,c05,c06,c12",False,OTHER,,,,,,,,,,,,,,,,,,,
TTKHLTCARE,1059.0,1167.0,D,1210.0,1167.0,1505.12,1216.8,-9.254498714652955,9.254498714652955,7,8,c04,True,OTHER,,,,,,,,,,,,,,,,,,,
GULPOLY,201.21,221.75,D,227.63,221.75,1251.52,227.63,-9.26268320180383,9.26268320180383,8,8,,True,OTHER,,,,,,,,,,,,,,,,,,,
HEXATRADEX,159.22,175.5,C+D,175.5,175.5,885.97,194.89,-9.276353276353277,9.276353276353277,4,8,"c04,c05,c06,c12",False,OTHER,,,,,,,,,,,,,,,,,,,
CHAMBLFERT,451.55,497.8,C+D,497.8,497.8,18065.95,580.7,-9.290879871434312,9.290879871434312,4,8,"c04,c05,c06,c08",False,OTHER,,,,,,,,,,,,,,,,,,,
IOB,33.88,37.36,C+D,37.36,37.36,65585.42,41.8,-9.314775160599563,9.314775160599563,4,8,"c04,c05,c06,c11",False,OTHER,,,,,,,,,,,,,,,,,,,
DIFFNKG,395.55,436.2,D,453.9,436.2,1481.34,453.9,-9.319119669876198,9.319119669876198,7,8,c03,False,OTHER,,,,,,,,,,,,,,,,,,,
63MOONS,861.1,950.0,D,957.95,950.0,3967.05,1029.9,-9.357894736842102,9.357894736842102,7,8,c07,True,OTHER,,,,,,,,,,,,,,,,,,,
IIFLCAPS,333.9,368.4,C+D,368.4,368.4,10377.06,411.3,-9.364820846905538,9.364820846905538,5,8,"c06,c07,c08",False,OTHER,,,,,,,,,,,,,,,,,,,
MUKKA,24.01,26.5,C+D,26.5,26.5,721.23,31.23,-9.396226415094333,9.396226415094333,3,8,"c04,c05,c06,c11,c12",False,OTHER,,,,,,,,,,,,,,,,,,,
IGARASHI,456.55,503.95,D,537.9,503.95,1466.74,558.0,-9.405695009425534,9.405695009425534,6,8,"c04,c06",True,OTHER,,,,,,,,,,,,,,,,,,,
BRITANNIA,5623.5,6208.5,C+D,6208.5,6208.5,134415.38,6336.0,-9.422565837158734,9.422565837158734,5,8,"c04,c05,c06",False,OTHER,,,,,,,,,,,,,,,,,,,
AJAXENGG,566.15,625.05,C+D,625.05,625.05,6464.35,730.1,-9.423246140308772,9.423246140308772,5,8,"c04,c06,c07",True,OTHER,,,,,,,,,,,,,,,,,,,
BECTORFOOD,233.28,257.62,D,228.9,257.62,7137.96,301.24,-9.448024221721916,9.448024221721916,6,8,"c04,c05",False,OTHER,,,,,,,,,,,,,,,,,,,
JYOTICNC,801.35,885.5,C+D,885.5,885.5,18255.09,1055.9,-9.503105590062109,9.503105590062109,4,8,"c04,c05,c06,c07",False,OTHER,,,,,,,,,,,,,,,,,,,
JSWDULUX,3055.3,3376.2,C+D,3376.2,3376.2,13858.83,3745.0,-9.504768674841529,9.504768674841529,4,8,"c04,c05,c06,c08",False,OTHER,,,,,,,,,,,,,,,,,,,
BAJAJHFL,85.06,94.0,C,94.0,94.77,70837.67,117.98,-9.510638297872338,9.510638297872338,3,8,"c04,c05,c06,c07,c11",False,OTHER,,,,,,,,,,,,,,,,,,,
UNIVPHOTO,466.7,515.8,C+D,515.8,515.8,514.97,515.8,-9.519193485847222,9.519193485847222,6,8,"c07,c12",False,OTHER,,,,,,,,,,,,,,,,,,,
KOTAKBANK,393.5,434.9,C+D,434.9,434.9,390147.08,453.2,-9.519429753966424,9.519429753966424,5,8,"c04,c05,c06",False,OTHER,,,,,,,,,,,,,,,,,,,
IDEAFORGE,897.75,992.25,C+D,992.25,992.25,3976.06,992.25,-9.523809523809524,9.523809523809524,8,8,,True,OTHER,,,,,,,,,,,,,,,,,,,
GANDHITUBE,882.1,975.0,C+D,975.0,975.0,1076.53,1031.8,-9.528205128205126,9.528205128205126,7,8,c06,True,OTHER,,,,,,,,,,,,,,,,,,,
INDIAGLYCO,1084.8,1199.05,C+D,1199.05,1199.05,6875.24,1222.0,-9.528376631499938,9.528376631499938,7,8,c07,True,OTHER,,,,,,,,,,,,,,,,,,,
PODDARMENT,265.25,293.3,C+D,293.3,293.3,280.16,297.95,-9.563586771224006,9.563586771224006,3,8,"c04,c05,c06,c07,c12",False,OTHER,,,,,,,,,,,,,,,,,,,
SOMANYCERA,499.6,552.45,C+D,552.45,552.45,2059.92,552.45,-9.566476604217579,9.566476604217579,6,8,"c06,c08",False,OTHER,,,,,,,,,,,,,,,,,,,
NGIL,39.68,43.89,C+D,43.89,43.89,67.63,43.89,-9.592162223741173,9.592162223741173,3,8,"c06,c07,c08,c11,c12",False,OTHER,,,,,,,,,,,,,,,,,,,
SRM,513.9,568.45,C+D,568.45,568.45,1189.56,649.95,-9.596270560295551,9.596270560295551,7,8,c06,True,OTHER,,,,,,,,,,,,,,,,,,,
MEDICO,46.1,51.0,D,51.49,51.0,380.84,56.88,-9.6078431372549,9.6078431372549,3,8,"c04,c06,c07,c11,c12",False,OTHER,,,,,,,,,,,,,,,,,,,
CCL,1122.7,1242.2,C+D,1242.2,1242.2,15110.5,1242.2,-9.620028980840443,9.620028980840443,5,8,"c06,c07,c08",False,OTHER,,,,,,,,,,,,,,,,,,,
PAISALO,69.94,77.39,C+D,77.39,77.39,6330.06,77.39,-9.626566739888878,9.626566739888878,6,8,"c07,c11",True,OTHER,,,,,,,,,,,,,,,,,,,
ESTER,99.22,109.79,C+D,109.79,109.79,956.61,132.45,-9.627470625740054,9.627470625740054,3,8,"c04,c05,c06,c07,c11",False,OTHER,,,,,,,,,,,,,,,,,,,
VALIANTORG,297.75,329.5,C+D,329.5,329.5,840.7,397.0,-9.635811836115327,9.635811836115327,4,8,"c04,c05,c06,c12",False,OTHER,,,,,,,,,,,,,,,,,,,
SHIVAUM,428.2,474.0,C+D,474.0,474.0,583.62,474.0,-9.662447257383969,9.662447257383969,6,8,"c07,c12",False,OTHER,,,,,,,,,,,,,,,,,,,
NOVARTIND,1607.4,1780.0,C+D,1780.0,1780.0,4002.68,1780.0,-9.69662921348314,9.69662921348314,8,8,,True,OTHER,,,,,,,,,,,,,,,,,,,
OBEROIRLTY,1793.0,1986.1,C+D,1986.1,1986.1,65232.11,1986.1,-9.722571874527965,9.722571874527965,6,8,"c06,c07",True,OTHER,,,,,,,,,,,,,,,,,,,
CCAVENUE,17.54,19.43,C+D,19.43,19.43,5144.43,20.5,-9.727225939269173,9.727225939269173,5,8,"c04,c06,c11",True,OTHER,,,,,,,,,,,,,,,,,,,
TATAINVEST,687.9,762.25,C+D,762.25,762.25,34808.75,1184.7,-9.754017710724831,9.754017710724831,6,8,"c04,c06",True,OTHER,,,,,,,,,,,,,,,,,,,
ACCELYA,1143.6,1267.5,C,1267.5,1399.9,1720.43,1527.0,-9.775147928994091,9.775147928994091,5,8,"c04,c05,c06",False,OTHER,,,,,,,,,,,,,,,,,,,
RUPA,165.29,183.2,C+D,183.2,183.2,1311.63,218.0,-9.776200873362443,9.776200873362443,5,8,"c04,c05,c06",False,OTHER,,,,,,,,,,,,,,,,,,,
IVC,8.3,9.2,C+D,9.2,9.2,248.94,9.88,-9.78260869565216,9.78260869565216,3,8,"c04,c06,c07,c11,c12",False,OTHER,,,,,,,,,,,,,,,,,,,
SAMHI,169.8,188.23,C+D,188.23,188.23,3367.52,227.0,-9.79121287786218,9.79121287786218,5,8,"c04,c06,c07",True,OTHER,,,,,,,,,,,,,,,,,,,
RELIABLE,147.04,163.0,C,163.0,175.0,152.9,175.0,-9.791411042944791,9.791411042944791,6,8,"c06,c12",False,OTHER,,,,,,,,,,,,,,,,,,,
LODHA,1213.0,1344.95,C+D,1344.95,1344.95,122879.4,1344.95,-9.810773634707614,9.810773634707614,6,8,"c04,c07",True,OTHER,,,,,,,,,,,,,,,,,,,
DYCL,422.85,469.0,C+D,469.0,469.0,2013.17,520.0,-9.840085287846478,9.840085287846478,8,8,,True,OTHER,,,,,,,,,,,,,,,,,,,
DHANBANK,33.22,36.85,C+D,36.85,36.85,1286.62,36.85,-9.850746268656723,9.850746268656723,5,8,"c06,c08,c11",False,OTHER,,,,,,,,,,,,,,,,,,,
LAMBODHARA,113.48,125.94,C+D,125.94,125.94,120.71,162.0,-9.89360012704462,9.89360012704462,4,8,"c04,c05,c06,c12",False,OTHER,,,,,,,,,,,,,,,,,,,
FCL,42.51,47.18,C+D,47.18,47.18,3998.04,47.18,-9.898261975413314,9.898261975413314,7,8,c11,True,OTHER,,,,,,,,,,,,,,,,,,,
LAOPALA,193.7,215.0,C+D,215.0,215.0,2133.94,266.4,-9.906976744186052,9.906976744186052,5,8,"c04,c05,c06",False,OTHER,,,,,,,,,,,,,,,,,,,
GRAPHITE,722.9,802.4,C+D,802.4,802.4,14062.27,802.4,-9.90777666999003,9.90777666999003,6,8,"c06,c08",False,OTHER,,,,,,,,,,,,,,,,,,,
SALSTEEL,59.01,65.5,D,67.59,65.5,888.42,67.59,-9.908396946564888,9.908396946564888,5,8,"c08,c11,c12",False,OTHER,,,,,,,,,,,,,,,,,,,
RELIANCE,1327.3,1473.4,C,1473.4,1489.5,1795023.49,1611.8,-9.915840912175929,9.915840912175929,5,8,"c04,c05,c06",False,OTHER,,,,,,,,,,,,,,,,,,,
BHARATSE,237.05,263.18,C+D,263.18,263.18,1490.44,263.18,-9.92856600045596,9.92856600045596,8,8,,True,OTHER,,,,,,,,,,,,,,,,,,,
PRINCEPIPE,271.95,302.0,C+D,302.0,302.0,3012.51,358.0,-9.95033112582782,9.95033112582782,5,8,"c04,c05,c06",False,OTHER,,,,,,,,,,,,,,,,,,,
UTTAMSUGAR,258.72,287.4,C+D,287.4,287.4,983.2,299.0,-9.979123173277646,9.979123173277646,5,8,"c04,c05,c06",False,OTHER,,,,,,,,,,,,,,,,,,,
INDIANHUME,388.75,432.0,C+D,432.0,432.0,2065.86,432.0,-10.011574074074074,10.011574074074074,7,8,c04,True,OTHER,,,,,,,,,,,,,,,,,,,
EQUITASBNK,75.49,83.9,C+D,83.9,83.9,8670.58,83.9,-10.023837902264612,10.023837902264612,6,8,"c06,c11",True,OTHER,,,,,,,,,,,,,,,,,,,
SHAHALLOYS,69.89,77.7,C+D,77.7,77.7,140.2,83.85,-10.051480051480054,10.051480051480054,4,8,"c06,c08,c11,c12",False,OTHER,,,,,,,,,,,,,,,,,,,
JSL,732.75,814.95,C,814.95,819.5,60683.89,884.0,-10.086508374746922,10.086508374746922,5,8,"c04,c06,c07",True,OTHER,,,,,,,,,,,,,,,,,,,
ENRIN,3567.3,3968.0,C+D,3968.0,3968.0,127374.68,3968.0,-10.098286290322577,10.098286290322577,6,8,"c06,c08",False,OTHER,,,,,,,,,,,,,,,,,,,
IGCL,72.64,80.8,C+D,80.8,80.8,373.65,118.99,-10.099009900990096,10.099009900990096,2,8,"c04,c05,c06,c07,c11,c12",False,OTHER,,,,,,,,,,,,,,,,,,,
HISARMETAL,161.62,179.9,C+D,179.9,179.9,78.64,204.75,-10.161200667037242,10.161200667037242,4,8,"c04,c05,c06,c12",False,OTHER,,,,,,,,,,,,,,,,,,,
TIPSMUSIC,665.65,741.0,C+D,741.0,741.0,8398.1,741.0,-10.168690958164646,10.168690958164646,5,8,"c06,c07,c08",False,OTHER,,,,,,,,,,,,,,,,,,,
PARASPETRO,2.47,2.75,C,2.75,3.23,88.07,3.23,-10.181818181818175,10.181818181818175,5,8,"c04,c11,c12",False,OTHER,,,,,,,,,,,,,,,,,,,
INGERRAND,4271.9,4756.2,C+D,4756.2,4756.2,13574.43,4756.2,-10.182498633362773,10.182498633362773,5,8,"c06,c07,c08",False,OTHER,,,,,,,,,,,,,,,,,,,
AUTOIND,92.95,103.5,C+D,103.5,103.5,426.1,103.5,-10.193236714975843,10.193236714975843,6,8,"c11,c12",False,OTHER,,,,,,,,,,,,,,,,,,,
RANASUG,13.29,14.8,C+D,14.8,14.8,236.38,15.69,-10.202702702702712,10.202702702702712,2,8,"c04,c05,c06,c08,c11,c12",False,OTHER,,,,,,,,,,,,,,,,,,,
GPTHEALTH,157.14,175.0,C+D,175.0,175.0,1301.94,175.0,-10.205714285714294,10.205714285714294,6,8,"c06,c07",True,OTHER,,,,,,,,,,,,,,,,,,,
AMNPLST,199.28,222.0,C+D,222.0,222.0,1096.78,250.0,-10.234234234234235,10.234234234234235,5,8,"c04,c06,c07",True,OTHER,,,,,,,,,,,,,,,,,,,
MGL,1123.6,1252.0,C+D,1252.0,1252.0,11199.73,1378.0,-10.255591054313108,10.255591054313108,5,8,"c04,c05,c06",False,OTHER,,,,,,,,,,,,,,,,,,,
SEAMECLTD,1533.8,1709.2,C+D,1709.2,1709.2,3884.44,1709.2,-10.262110929089637,10.262110929089637,6,8,"c06,c08",False,OTHER,,,,,,,,,,,,,,,,,,,
RAIN,204.58,228.0,D,252.0,228.0,7258.91,252.0,-10.271929824561397,10.271929824561397,7,8,c07,True,OTHER,,,,,,,,,,,,,,,,,,,
SUVEN,332.6,371.0,C+D,371.0,371.0,7621.45,371.0,-10.350404312668458,10.350404312668458,8,8,,True,OTHER,,,,,,,,,,,,,,,,,,,
CARTRADE,2762.0,3081.5,C+D,3081.5,3081.5,13295.49,3290.5,-10.36832711341879,10.36832711341879,8,8,,True,OTHER,,,,,,,,,,,,,,,,,,,
HINDALCO,1054.05,1176.0,C+D,1176.0,1176.0,232786.65,1176.0,-10.369897959183676,10.369897959183676,7,8,c08,False,OTHER,,,,,,,,,,,,,,,,,,,
PTL,39.23,43.77,C+D,43.77,43.77,525.14,43.77,-10.372401188028343,10.372401188028343,3,8,"c05,c06,c08,c11,c12",False,OTHER,,,,,,,,,,,,,,,,,,,
CHOLAHLDNG,1622.1,1809.9,C+D,1809.9,1809.9,30549.52,2064.0,-10.376263881982439,10.376263881982439,5,8,"c04,c05,c06",False,OTHER,,,,,,,,,,,,,,,,,,,
TDPOWERSYS,1236.4,1379.6,C+D,1379.6,1379.6,19308.78,1379.6,-10.37982023775006,10.37982023775006,7,8,c08,False,OTHER,,,,,,,,,,,,,,,,,,,
CGPOWER,879.0,980.9,C+D,980.9,980.9,138251.33,980.9,-10.388418799062084,10.388418799062084,6,8,"c06,c08",False,OTHER,,,,,,,,,,,,,,,,,,,
BOROLTD,241.04,269.0,C,269.0,273.9,2897.08,397.95,-10.394052044609667,10.394052044609667,5,8,"c04,c05,c06",False,OTHER,,,,,,,,,,,,,,,,,,,
MAXIND,169.46,189.13,C+D,189.13,189.13,890.91,241.57,-10.400253793686876,10.400253793686876,3,8,"c04,c05,c06,c07,c12",False,OTHER,,,,,,,,,,,,,,,,,,,
ORIENTBELL,326.1,364.0,C+D,364.0,364.0,473.14,364.0,-10.412087912087905,10.412087912087905,4,8,"c06,c07,c08,c12",False,OTHER,,,,,,,,,,,,,,,,,,,
LTFOODS,422.75,471.95,C+D,471.95,471.95,14851.12,480.0,-10.424833139103717,10.424833139103717,6,8,"c04,c06",True,OTHER,,,,,,,,,,,,,,,,,,,
GODREJIND,1292.2,1443.0,C+D,1443.0,1443.0,43980.01,1443.0,-10.450450450450449,10.450450450450449,7,8,c07,True,OTHER,,,,,,,,,,,,,,,,,,,
SURYALAXMI,60.62,67.7,C+D,67.7,67.7,113.51,70.8,-10.457902511078295,10.457902511078295,3,8,"c04,c06,c07,c11,c12",False,OTHER,,,,,,,,,,,,,,,,,,,
GNA,538.7,601.65,C+D,601.65,601.65,2305.51,601.65,-10.462893708966996,10.462893708966996,7,8,c07,True,OTHER,,,,,,,,,,,,,,,,,,,
CERA,6033.5,6740.0,C+D,6740.0,6740.0,7821.3,6740.0,-10.48219584569733,10.48219584569733,6,8,"c06,c07",True,OTHER,,,,,,,,,,,,,,,,,,,
JKCEMENT,5387.5,6020.0,C+D,6020.0,6020.0,42030.02,7565.5,-10.506644518272426,10.506644518272426,4,8,"c04,c05,c06,c07",False,OTHER,,,,,,,,,,,,,,,,,,,
CAPITALSFB,289.55,323.7,C+D,323.7,323.7,1352.13,323.7,-10.549891875193074,10.549891875193074,7,8,c06,True,OTHER,,,,,,,,,,,,,,,,,,,
SHREDIGCEM,71.56,80.0,C+D,80.0,80.0,1059.42,107.7,-10.549999999999997,10.549999999999997,4,8,"c04,c05,c06,c11",False,OTHER,,,,,,,,,,,,,,,,,,,
ANUHPHR,77.64,86.81,C+D,86.81,86.81,781.75,94.89,-10.563299159083057,10.563299159083057,2,8,"c04,c05,c06,c07,c11,c12",False,OTHER,,,,,,,,,,,,,,,,,,,
IKS,1728.8,1933.0,C+D,1933.0,1933.0,29128.19,1933.0,-10.563890325918264,10.563890325918264,6,8,"c06,c07",True,OTHER,,,,,,,,,,,,,,,,,,,
DOMS,2250.1,2516.3,C,2516.3,2755.0,13678.12,2770.0,-10.579024758574107,10.579024758574107,5,8,"c04,c05,c06",False,OTHER,,,,,,,,,,,,,,,,,,,
UMIYA-MRO,88.52,99.0,C,99.0,99.85,164.07,110.9,-10.58585858585859,10.58585858585859,5,8,"c06,c11,c12",False,OTHER,,,,,,,,,,,,,,,,,,,
SMCGLOBAL,79.39,88.8,C,88.8,88.82,1654.28,94.9,-10.596846846846843,10.596846846846843,5,8,"c06,c07,c11",True,OTHER,,,,,,,,,,,,,,,,,,,
DATAPATTNS,4429.7,4955.9,C+D,4955.9,4955.9,25038.66,4955.9,-10.617647652293224,10.617647652293224,6,8,"c06,c08",False,OTHER,,,,,,,,,,,,,,,,,,,
CHEMCON,191.59,214.45,C+D,214.45,214.45,706.7,295.0,-10.659827465609693,10.659827465609693,4,8,"c04,c05,c06,c12",False,OTHER,,,,,,,,,,,,,,,,,,,
CLEAN,803.55,899.5,C+D,899.5,899.5,8642.54,1256.8,-10.667037242912734,10.667037242912734,5,8,"c04,c05,c06",False,OTHER,,,,,,,,,,,,,,,,,,,
JAYAGROGN,217.04,243.0,C+D,243.0,243.0,642.5,271.1,-10.683127572016463,10.683127572016463,4,8,"c04,c06,c07,c12",False,OTHER,,,,,,,,,,,,,,,,,,,
CUMMINSIND,5448.0,6100.0,C+D,6100.0,6100.0,151077.57,6100.0,-10.688524590163935,10.688524590163935,5,8,"c06,c07,c08",False,OTHER,,,,,,,,,,,,,,,,,,,
ONEPOINT,58.81,65.85,C+D,65.85,65.85,1564.4,65.85,-10.690964312832184,10.690964312832184,5,8,"c06,c08,c11",False,OTHER,,,,,,,,,,,,,,,,,,,
DBOL,116.71,130.73,C+D,130.73,130.73,774.99,130.73,-10.72439378872485,10.72439378872485,5,8,"c06,c08,c12",False,OTHER,,,,,,,,,,,,,,,,,,,
PCJEWELLER,9.82,11.0,C+D,11.0,11.0,7629.21,15.38,-10.727272727272725,10.727272727272725,4,8,"c04,c05,c06,c11",False,OTHER,,,,,,,,,,,,,,,,,,,
SUNDROP,662.4,742.0,C+D,742.0,742.0,2491.76,928.0,-10.727762803234505,10.727762803234505,5,8,"c04,c05,c06",False,OTHER,,,,,,,,,,,,,,,,,,,
QUINTEGRA,1.33,1.49,D,1.51,1.49,3.93,2.05,-10.73825503355704,10.73825503355704,2,8,"c04,c05,c06,c07,c11,c12",False,OTHER,,,,,,,,,,,,,,,,,,,
AHLUCONT,829.9,929.95,C+D,929.95,929.95,5554.86,1077.95,-10.758642937792361,10.758642937792361,5,8,"c04,c05,c06",False,OTHER,,,,,,,,,,,,,,,,,,,
SIMPLEXINF,260.55,292.0,C+D,292.0,292.0,1985.47,330.0,-10.770547945205475,10.770547945205475,5,8,"c04,c05,c06",False,OTHER,,,,,,,,,,,,,,,,,,,
EIMCOELECO,1800.3,2018.0,C+D,2018.0,2018.0,1044.13,2380.0,-10.787908820614472,10.787908820614472,6,8,"c04,c06",True,OTHER,,,,,,,,,,,,,,,,,,,
SKIPPER,529.0,593.0,C+D,593.0,593.0,5876.71,593.0,-10.792580101180437,10.792580101180437,6,8,"c06,c07",True,OTHER,,,,,,,,,,,,,,,,,,,
KROSS,206.06,231.0,C+D,231.0,231.0,1328.74,237.6,-10.796536796536795,10.796536796536795,7,8,c06,True,OTHER,,,,,,,,,,,,,,,,,,,
PHOENIXLTD,1935.0,2169.8,C+D,2169.8,2169.8,68800.75,2169.8,-10.821273850124442,10.821273850124442,7,8,c06,True,OTHER,,,,,,,,,,,,,,,,,,,
DJML,111.29,124.8,C+D,124.8,124.8,389.18,124.8,-10.825320512820506,10.825320512820506,5,8,"c06,c07,c12",False,OTHER,,,,,,,,,,,,,,,,,,,
HARIOMPIPE,400.3,448.9,C+D,448.9,448.9,1239.14,572.2,-10.826464691468026,10.826464691468026,6,8,"c04,c06",True,OTHER,,,,,,,,,,,,,,,,,,,
PARAGMILK,219.88,246.59,C,246.59,265.0,2768.52,376.95,-10.831745001824894,10.831745001824894,5,8,"c04,c05,c06",False,OTHER,,,,,,,,,,,,,,,,,,,
MOTILALOFS,882.0,989.75,C+D,989.75,989.75,52588.77,1097.1,-10.88658752210154,10.88658752210154,7,8,c06,True,OTHER,,,,,,,,,,,,,,,,,,,
AADHARHFC,501.65,563.0,C+D,563.0,563.0,21696.33,563.0,-10.896980461811728,10.896980461811728,7,8,c06,True,OTHER,,,,,,,,,,,,,,,,,,,
CHEMBONDCH,249.29,279.8,C+D,279.8,279.8,662.08,279.8,-10.904217298070057,10.904217298070057,7,8,c12,False,OTHER,,,,,,,,,,,,,,,,,,,
HAVELLS,1285.0,1442.3,C+D,1442.3,1442.3,80277.84,1621.1,-10.906191499687996,10.906191499687996,5,8,"c04,c05,c06",False,OTHER,,,,,,,,,,,,,,,,,,,
DBL,442.75,497.0,C+D,497.0,497.0,6856.8,585.0,-10.915492957746478,10.915492957746478,5,8,"c04,c05,c06",False,OTHER,,,,,,,,,,,,,,,,,,,
PRIMO,23.96,26.9,C+D,26.9,26.9,589.96,28.99,-10.92936802973977,10.92936802973977,3,8,"c04,c06,c07,c11,c12",False,OTHER,,,,,,,,,,,,,,,,,,,
BAJEL,191.93,215.5,C+D,215.5,215.5,2273.79,226.69,-10.937354988399068,10.937354988399068,4,8,"c04,c05,c06,c08",False,OTHER,,,,,,,,,,,,,,,,,,,
ROML,44.53,50.0,C+D,50.0,50.0,66.81,62.0,-10.939999999999998,10.939999999999998,3,8,"c04,c05,c06,c11,c12",False,OTHER,,,,,,,,,,,,,,,,,,,
PARACABLES,67.37,75.7,C+D,75.7,75.7,2111.72,75.7,-11.003963011889033,11.003963011889033,7,8,c11,True,OTHER,,,,,,,,,,,,,,,,,,,
GOKEX,796.15,894.7,C+D,894.7,894.7,5856.72,954.9,-11.014865317983688,11.014865317983688,6,8,"c06,c07",True,OTHER,,,,,,,,,,,,,,,,,,,
SUNFLAG,380.85,428.0,C+D,428.0,428.0,6909.91,428.0,-11.01635514018691,11.01635514018691,8,8,,True,OTHER,,,,,,,,,,,,,,,,,,,
TRENT,3025.0,3399.7,C+D,3399.7,3399.7,162197.65,3782.69,-11.021560725946403,11.021560725946403,5,8,"c04,c06,c07",True,OTHER,,,,,,,,,,,,,,,,,,,
ITCHOTELS,168.87,189.85,C,189.85,193.5,35297.92,253.67,-11.050829602317615,11.050829602317615,5,8,"c04,c05,c06",False,OTHER,,,,,,,,,,,,,,,,,,,
TIPSFILMS,386.8,434.9,C+D,434.9,434.9,168.31,574.1,-11.060013796274998,11.060013796274998,3,8,"c04,c05,c06,c07,c12",False,OTHER,,,,,,,,,,,,,,,,,,,
KIOCL,393.1,442.0,C+D,442.0,442.0,24000.09,634.55,-11.063348416289589,11.063348416289589,6,8,"c06,c08",False,OTHER,,,,,,,,,,,,,,,,,,,
JTLIND,77.55,87.2,C+D,87.2,87.2,2936.44,87.2,-11.066513761467895,11.066513761467895,6,8,"c06,c11",True,OTHER,,,,,,,,,,,,,,,,,,,
NHPC,77.2,86.83,C+D,86.83,86.83,77495.1,89.22,-11.090636876655529,11.090636876655529,3,8,"c04,c05,c06,c07,c11",False,OTHER,,,,,,,,,,,,,,,,,,,
GATEWAY,58.04,65.28,C+D,65.28,65.28,2894.31,70.5,-11.090686274509807,11.090686274509807,3,8,"c04,c05,c06,c07,c11",False,OTHER,,,,,,,,,,,,,,,,,,,
KPIL,1315.4,1479.6,C+D,1479.6,1479.6,22390.34,1479.6,-11.097593944309262,11.097593944309262,6,8,"c06,c08",False,OTHER,,,,,,,,,,,,,,,,,,,
BLACKBUCK,576.3,648.3,C+D,648.3,648.3,10422.19,748.0,-11.105969458583989,11.105969458583989,7,8,c06,True,OTHER,,,,,,,,,,,,,,,,,,,
HIKAL,224.72,252.8,C+D,252.8,252.8,2733.05,294.8,-11.107594936708866,11.107594936708866,5,8,"c04,c05,c06",False,OTHER,,,,,,,,,,,,,,,,,,,
ADANIPORTS,1681.0,1891.1,C+D,1891.1,1891.1,386905.76,1891.1,-11.109936016075297,11.109936016075297,5,8,"c06,c07,c08",False,OTHER,,,,,,,,,,,,,,,,,,,
JMA,87.08,98.0,C+D,98.0,98.0,202.92,98.0,-11.142857142857144,11.142857142857144,4,8,"c06,c08,c11,c12",False,OTHER,,,,,,,,,,,,,,,,,,,
SIS,427.35,480.95,C+D,480.95,480.95,6033.52,480.95,-11.144609626780323,11.144609626780323,8,8,,True,OTHER,,,,,,,,,,,,,,,,,,,
ICEMAKE,817.45,920.0,C+D,920.0,920.0,1298.43,920.0,-11.146739130434778,11.146739130434778,6,8,"c06,c07",True,OTHER,,,,,,,,,,,,,,,,,,,
STYRENIX,2264.8,2549.0,D,2653.0,2549.0,4016.44,2804.0,-11.149470380541382,11.149470380541382,5,8,"c04,c06,c07",True,OTHER,,,,,,,,,,,,,,,,,,,
MUNJALAU,102.11,114.99,C+D,114.99,114.99,893.77,114.99,-11.20097399773893,11.20097399773893,7,8,c12,False,OTHER,,,,,,,,,,,,,,,,,,,
AEGISVOPAK,276.55,311.49,C+D,311.49,311.49,30934.77,311.49,-11.217053516966837,11.217053516966837,7,8,c07,True,OTHER,,,,,,,,,,,,,,,,,,,
ALLDIGI,812.3,915.0,C,915.0,1000.0,1238.15,1060.0,-11.224043715847,11.224043715847,4,8,"c04,c05,c06,c07",False,OTHER,,,,,,,,,,,,,,,,,,,
PILITA,8.53,9.61,C+D,9.61,9.61,161.37,15.9,-11.238293444328825,11.238293444328825,2,8,"c04,c05,c06,c07,c11,c12",False,OTHER,,,,,,,,,,,,,,,,,,,
PUNJABCHEM,1112.2,1253.3,C+D,1253.3,1253.3,1357.67,1533.9,-11.258278145695359,11.258278145695359,5,8,"c04,c06,c07",True,OTHER,,,,,,,,,,,,,,,,,,,
AXISBANK,1247.3,1405.7,C,1405.7,1418.3,386589.71,1418.3,-11.26840719926016,11.26840719926016,5,8,"c05,c06,c08",False,OTHER,,,,,,,,,,,,,,,,,,,
CORALFINAC,33.45,37.7,C+D,37.7,37.7,133.76,50.9,-11.273209549071616,11.273209549071616,2,8,"c04,c05,c06,c07,c11,c12",False,OTHER,,,,,,,,,,,,,,,,,,,
RECLTD,343.75,387.45,C+D,387.45,387.45,91282.07,390.5,-11.278874693508838,11.278874693508838,5,8,"c04,c06,c07",True,OTHER,,,,,,,,,,,,,,,,,,,
BBTCL,222.65,251.0,C+D,251.0,251.0,459.04,251.0,-11.294820717131472,11.294820717131472,5,8,"c06,c07,c12",False,OTHER,,,,,,,,,,,,,,,,,,,
KIRLOSBROS,1941.6,2189.2,C+D,2189.2,2189.2,15439.45,2189.2,-11.310067604604418,11.310067604604418,7,8,c06,True,OTHER,,,,,,,,,,,,,,,,,,,
DCMSRIND,44.34,50.0,C+D,50.0,50.0,384.01,63.1,-11.319999999999993,11.319999999999993,3,8,"c04,c05,c06,c11,c12",False,OTHER,,,,,,,,,,,,,,,,,,,
LANCORHOL,26.78,30.2,C,30.2,30.3,198.77,33.8,-11.324503311258272,11.324503311258272,3,8,"c04,c06,c07,c11,c12",False,OTHER,,,,,,,,,,,,,,,,,,,
SPIC,67.78,76.44,C+D,76.44,76.44,1374.84,128.2,-11.329147043432753,11.329147043432753,4,8,"c04,c05,c06,c11",False,OTHER,,,,,,,,,,,,,,,,,,,
SHALBY,161.87,182.7,C+D,182.7,182.7,1727.96,274.7,-11.401204159824841,11.401204159824841,4,8,"c04,c05,c06,c07",False,OTHER,,,,,,,,,,,,,,,,,,,
KCPSUGIND,29.92,33.78,C+D,33.78,33.78,342.7,36.95,-11.426879810538779,11.426879810538779,4,8,"c04,c07,c11,c12",False,OTHER,,,,,,,,,,,,,,,,,,,
FAIRCHEMOR,750.0,846.8,C+D,846.8,846.8,957.29,869.05,-11.43127066603684,11.43127066603684,6,8,"c04,c07",True,OTHER,,,,,,,,,,,,,,,,,,,
PARKHOTELS,120.75,136.35,C+D,136.35,136.35,2545.71,164.1,-11.441144114411438,11.441144114411438,4,8,"c04,c05,c06,c07",False,OTHER,,,,,,,,,,,,,,,,,,,
AFIL,9.83,11.1,C+D,11.1,11.1,417.1,11.1,-11.44144144144144,11.44144144144144,3,8,"c06,c07,c08,c11,c12",False,OTHER,,,,,,,,,,,,,,,,,,,
AVL,624.3,705.0,C+D,705.0,705.0,8055.16,705.0,-11.446808510638304,11.446808510638304,6,8,"c06,c07",True,OTHER,,,,,,,,,,,,,,,,,,,
RAJRILTD,22.2,25.07,C+D,25.07,25.07,1234.82,28.9,-11.447945751894698,11.447945751894698,4,8,"c04,c05,c06,c11",False,OTHER,,,,,,,,,,,,,,,,,,,
MADRASFERT,66.58,75.19,C,75.19,75.88,1068.93,96.39,-11.450990823247773,11.450990823247773,3,8,"c04,c05,c06,c07,c11",False,OTHER,,,,,,,,,,,,,,,,,,,
BANCOINDIA,627.5,708.95,C+D,708.95,708.95,9235.24,879.8,-11.488821496579455,11.488821496579455,7,8,c06,True,OTHER,,,,,,,,,,,,,,,,,,,
ZUARI,227.46,257.0,C,257.0,285.8,960.96,393.55,-11.49416342412451,11.49416342412451,4,8,"c04,c05,c06,c07",False,OTHER,,,,,,,,,,,,,,,,,,,
ASTRAMICRO,1734.7,1960.0,C+D,1960.0,1960.0,17273.67,1960.0,-11.494897959183671,11.494897959183671,7,8,c07,True,OTHER,,,,,,,,,,,,,,,,,,,
ROSSARI,508.9,575.0,C+D,575.0,575.0,2826.7,690.3,-11.495652173913047,11.495652173913047,5,8,"c04,c05,c06",False,OTHER,,,,,,,,,,,,,,,,,,,
GOODLUCK,1479.6,1672.1,C+D,1672.1,1672.1,4508.83,1672.1,-11.512469349919263,11.512469349919263,7,8,c07,True,OTHER,,,,,,,,,,,,,,,,,,,
HAPPSTMNDS,401.8,454.3,C+D,454.3,454.3,6091.53,635.0,-11.556240369799692,11.556240369799692,5,8,"c04,c05,c06",False,OTHER,,,,,,,,,,,,,,,,,,,
BDL,1310.0,1481.2,C+D,1481.2,1481.2,47726.95,1654.0,-11.55819605725088,11.55819605725088,5,8,"c04,c05,c06",False,OTHER,,,,,,,,,,,,,,,,,,,
ATL,25.02,28.29,C+D,28.29,28.29,740.48,37.98,-11.558854718981971,11.558854718981971,3,8,"c04,c05,c06,c11,c12",False,OTHER,,,,,,,,,,,,,,,,,,,
ADROITINFO,10.08,11.4,C+D,11.4,11.4,55.95,12.2,-11.578947368421055,11.578947368421055,2,8,"c04,c05,c06,c07,c11,c12",False,OTHER,,,,,,,,,,,,,,,,,,,
SUPERHOUSE,161.54,182.7,C+D,182.7,182.7,145.55,201.95,-11.58182813355227,11.58182813355227,4,8,"c04,c06,c07,c12",False,OTHER,,,,,,,,,,,,,,,,,,,
VTL,608.3,688.0,C+D,688.0,688.0,17396.61,688.0,-11.584302325581403,11.584302325581403,6,8,"c06,c08",False,OTHER,,,,,,,,,,,,,,,,,,,
EDELWEISS,118.38,133.9,C+D,133.9,133.9,8972.9,133.9,-11.590739357729655,11.590739357729655,6,8,"c06,c08",False,OTHER,,,,,,,,,,,,,,,,,,,
JASH,506.45,572.85,C+D,572.85,572.85,3121.09,572.85,-11.591166972156767,11.591166972156767,6,8,"c06,c07",True,OTHER,,,,,,,,,,,,,,,,,,,
NSIL,5711.0,6460.0,C+D,6460.0,6460.0,2932.24,8730.0,-11.594427244582043,11.594427244582043,5,8,"c04,c05,c06",False,OTHER,,,,,,,,,,,,,,,,,,,
SRHHYPOLTD,498.35,563.95,C+D,563.95,563.95,859.86,640.0,-11.632236900434439,11.632236900434439,4,8,"c04,c05,c06,c12",False,OTHER,,,,,,,,,,,,,,,,,,,
KESORAMIND,12.6,14.26,C+D,14.26,14.26,391.36,14.26,-11.640953716690044,11.640953716690044,5,8,"c08,c11,c12",False,OTHER,,,,,,,,,,,,,,,,,,,
MASTEK,1802.5,2040.0,C,2040.0,2174.8,5624.72,2625.0,-11.642156862745098,11.642156862745098,4,8,"c04,c05,c06,c07",False,OTHER,,,,,,,,,,,,,,,,,,,
LYKALABS,68.07,77.05,C+D,77.05,77.05,239.99,106.04,-11.654769630110323,11.654769630110323,3,8,"c04,c05,c06,c11,c12",False,OTHER,,,,,,,,,,,,,,,,,,,
NEWGEN,563.2,637.5,C+D,637.5,637.5,8010.4,1041.95,-11.654901960784308,11.654901960784308,4,8,"c04,c05,c06,c07",False,OTHER,,,,,,,,,,,,,,,,,,,
INDIANB,884.15,1000.9,C+D,1000.9,1000.9,119367.8,1000.9,-11.664501948246578,11.664501948246578,6,8,"c06,c08",False,OTHER,,,,,,,,,,,,,,,,,,,
GNFC,544.1,616.0,C+D,616.0,616.0,8000.7,616.0,-11.672077922077918,11.672077922077918,7,8,c06,True,OTHER,,,,,,,,,,,,,,,,,,,
POLICYBZR,1630.0,1845.5,C+D,1845.5,1845.5,75252.41,1974.0,-11.677052289352478,11.677052289352478,5,8,"c04,c05,c06",False,OTHER,,,,,,,,,,,,,,,,,,,
WINDMACHIN,303.65,343.9,C+D,343.9,343.9,2631.48,345.45,-11.70398371619657,11.70398371619657,6,8,"c06,c08",False,OTHER,,,,,,,,,,,,,,,,,,,
VAISHALI,8.21,9.3,C+D,9.3,9.3,109.46,13.05,-11.720430107526878,11.720430107526878,3,8,"c04,c05,c06,c11,c12",False,OTHER,,,,,,,,,,,,,,,,,,,
YESBANK,22.75,25.78,C+D,25.78,25.78,71306.22,25.78,-11.7532971295578,11.7532971295578,4,8,"c06,c07,c08,c11",False,OTHER,,,,,,,,,,,,,,,,,,,
HDFCAMC,2560.0,2901.5,C+D,2901.5,2901.5,109769.9,2967.25,-11.769774254695847,11.769774254695847,4,8,"c05,c06,c07,c08",False,OTHER,,,,,,,,,,,,,,,,,,,
CREST,365.25,414.0,C+D,414.0,414.0,1051.71,418.0,-11.77536231884058,11.77536231884058,6,8,"c04,c06",True,OTHER,,,,,,,,,,,,,,,,,,,
KRYSTAL,602.55,683.0,C+D,683.0,683.0,840.67,729.5,-11.778916544655935,11.778916544655935,5,8,"c04,c06,c12",False,OTHER,,,,,,,,,,,,,,,,,,,
RUBYMILLS,374.85,424.9,C+D,424.9,424.9,1272.04,424.9,-11.779242174629315,11.779242174629315,8,8,,True,OTHER,,,,,,,,,,,,,,,,,,,
ROLEXRINGS,155.26,176.0,C+D,176.0,176.0,4233.15,176.0,-11.784090909090915,11.784090909090915,7,8,c06,True,OTHER,,,,,,,,,,,,,,,,,,,
CUB,216.42,245.38,C+D,245.38,245.38,21448.88,245.38,-11.80210286086886,11.80210286086886,7,8,c06,True,OTHER,,,,,,,,,,,,,,,,,,,
HEIDELBERG,155.22,176.0,C,176.0,180.98,3530.22,224.8,-11.806818181818182,11.806818181818182,5,8,"c04,c05,c06",False,OTHER,,,,,,,,,,,,,,,,,,,
PAGEIND,38660.0,43855.0,C+D,43855.0,43855.0,43734.34,47310.0,-11.845855660700035,11.845855660700035,6,8,"c06,c07",True,OTHER,,,,,,,,,,,,,,,,,,,
UNIONBANK,181.14,205.49,C+D,205.49,205.49,139175.31,205.49,-11.849725047447574,11.849725047447574,8,8,,True,OTHER,,,,,,,,,,,,,,,,,,,
MANINDS,549.5,623.7,C+D,623.7,623.7,4101.78,623.7,-11.89674523007857,11.89674523007857,6,8,"c06,c08",False,OTHER,,,,,,,,,,,,,,,,,,,
MAHSEAMLES,607.85,690.0,C+D,690.0,690.0,8231.76,698.0,-11.905797101449272,11.905797101449272,4,8,"c04,c05,c06,c08",False,OTHER,,,,,,,,,,,,,,,,,,,
INDOAMIN,131.26,149.0,C+D,149.0,149.0,970.07,167.9,-11.906040268456382,11.906040268456382,6,8,"c04,c06",True,OTHER,,,,,,,,,,,,,,,,,,,
MANGLMCEM,901.5,1023.45,C+D,1023.45,1023.45,2482.74,1023.45,-11.915579657042361,11.915579657042361,6,8,"c06,c07",True,OTHER,,,,,,,,,,,,,,,,,,,
JAGSNPHARM,232.97,264.5,C+D,264.5,264.5,1527.62,264.5,-11.920604914933838,11.920604914933838,8,8,,True,OTHER,,,,,,,,,,,,,,,,,,,
BHAGYANGR,380.65,432.3,C+D,432.3,432.3,1227.82,432.3,-11.947721489706229,11.947721489706229,8,8,,True,OTHER,,,,,,,,,,,,,,,,,,,
RAMRAT,457.8,520.0,C+D,520.0,520.0,4314.48,520.0,-11.96153846153846,11.96153846153846,8,8,,True,OTHER,,,,,,,,,,,,,,,,,,,
BLKASHYAP,54.97,62.45,C+D,62.45,62.45,1213.0,75.4,-11.977582065652529,11.977582065652529,4,8,"c04,c05,c06,c11",False,OTHER,,,,,,,,,,,,,,,,,,,
PRECOT,771.7,876.75,C+D,876.75,876.75,930.39,876.75,-11.981750784145989,11.981750784145989,7,8,c12,False,OTHER,,,,,,,,,,,,,,,,,,,
INDRAMEDCO,390.75,444.0,C+D,444.0,444.0,3570.64,640.85,-11.993243243243242,11.993243243243242,5,8,"c04,c05,c06",False,OTHER,,,,,,,,,,,,,,,,,,,
NAHARSPING,307.1,349.0,C,349.0,291.79,1147.99,349.0,-12.005730659025781,12.005730659025781,7,8,c03,False,OTHER,,,,,,,,,,,,,,,,,,,
AUTOAXLES,1821.4,2070.0,C,2070.0,2115.0,2765.49,2115.0,-12.009661835748787,12.009661835748787,6,8,"c04,c06",True,OTHER,,,,,,,,,,,,,,,,,,,
STYLAMIND,3651.2,4150.0,C+D,4150.0,4150.0,6244.12,4150.0,-12.019277108433739,12.019277108433739,8,8,,True,OTHER,,,,,,,,,,,,,,,,,,,
TSFINV,434.1,493.45,C+D,493.45,493.45,9660.96,701.5,-12.027561049751741,12.027561049751741,5,8,"c04,c06,c07",True,OTHER,,,,,,,,,,,,,,,,,,,
INDNIPPON,1124.3,1278.2,C+D,1278.2,1278.2,2589.25,1278.2,-12.040369269284938,12.040369269284938,7,8,c07,True,OTHER,,,,,,,,,,,,,,,,,,,
BIKAJI,623.3,708.75,C+D,708.75,708.75,15664.67,818.7,-12.05643738977073,12.05643738977073,3,8,"c04,c05,c06,c07,c08",False,OTHER,,,,,,,,,,,,,,,,,,,
OLECTRA,1368.3,1556.0,C+D,1556.0,1556.0,11274.23,1714.2,-12.062982005141391,12.062982005141391,7,8,c06,True,OTHER,,,,,,,,,,,,,,,,,,,
SHRIRAMPPS,86.95,98.89,C+D,98.89,98.89,1459.45,99.44,-12.074021640206288,12.074021640206288,3,8,"c04,c05,c06,c08,c11",False,OTHER,,,,,,,,,,,,,,,,,,,
LOTUSDEV,176.54,200.8,D,207.5,200.8,8912.16,218.49,-12.081673306772919,12.081673306772919,6,8,"c04,c07",True,OTHER,,,,,,,,,,,,,,,,,,,
GREENLAM,242.65,276.0,D,278.55,276.0,6021.99,278.63,-12.08333333333333,12.08333333333333,8,8,,True,OTHER,,,,,,,,,,,,,,,,,,,
FINCABLES,1058.05,1203.9,C+D,1203.9,1203.9,16172.25,1203.9,-12.114793587507279,12.114793587507279,6,8,"c06,c08",False,OTHER,,,,,,,,,,,,,,,,,,,
BANKA,84.85,96.58,C+D,96.58,96.58,92.93,97.88,-12.145371712569894,12.145371712569894,5,8,"c06,c11,c12",False,OTHER,,,,,,,,,,,,,,,,,,,
ASHIANA,382.95,435.9,C+D,435.9,435.9,3646.23,435.9,-12.14728148657949,12.14728148657949,6,8,"c06,c07",True,OTHER,,,,,,,,,,,,,,,,,,,
CGCL,232.39,264.53,C+D,264.53,264.53,22420.92,264.53,-12.149850678561974,12.149850678561974,7,8,c07,True,OTHER,,,,,,,,,,,,,,,,,,,
ADL,73.75,83.95,C+D,83.95,83.95,34.72,109.9,-12.1500893388922,12.1500893388922,2,8,"c04,c05,c06,c07,c11,c12",False,OTHER,,,,,,,,,,,,,,,,,,,
PARAS,1267.5,1443.0,C+D,1443.0,1443.0,10143.99,1443.0,-12.162162162162163,12.162162162162163,8,8,,True,OTHER,,,,,,,,,,,,,,,,,,,
ATLANTAA,45.19,51.45,C+D,51.45,51.45,337.26,73.39,-12.16715257531585,12.16715257531585,2,8,"c04,c05,c06,c08,c11,c12",False,OTHER,,,,,,,,,,,,,,,,,,,
MRF,133850.0,152450.0,C+D,152450.0,152450.0,56979.77,163600.0,-12.20072154804854,12.20072154804854,5,8,"c04,c05,c06",False,OTHER,,,,,,,,,,,,,,,,,,,
ENERGYDEV,16.24,18.5,C+D,18.5,18.5,79.51,29.69,-12.216216216216225,12.216216216216225,2,8,"c04,c05,c06,c07,c11,c12",False,OTHER,,,,,,,,,,,,,,,,,,,
FAZE3Q,570.6,650.05,C+D,650.05,650.05,1377.96,650.05,-12.222136758710858,12.222136758710858,7,8,c06,True,OTHER,,,,,,,,,,,,,,,,,,,
ABDL,624.7,711.7,C+D,711.7,711.7,17156.0,711.7,-12.224251791485177,12.224251791485177,6,8,"c06,c07",True,OTHER,,,,,,,,,,,,,,,,,,,
APLAPOLLO,2020.0,2301.4,C+D,2301.4,2301.4,55272.53,2301.4,-12.227339880073004,12.227339880073004,6,8,"c06,c08",False,OTHER,,,,,,,,,,,,,,,,,,,
ITI,286.0,325.85,C+D,325.85,325.85,35975.93,372.85,-12.229553475525554,12.229553475525554,4,8,"c04,c05,c06,c08",False,OTHER,,,,,,,,,,,,,,,,,,,
NBIFIN,2152.9,2453.0,C+D,2453.0,2453.0,642.13,2991.0,-12.233999184671825,12.233999184671825,4,8,"c04,c06,c07,c12",False,OTHER,,,,,,,,,,,,,,,,,,,
MATRIMONY,480.35,547.35,C+D,547.35,547.35,1028.07,573.0,-12.240796565269022,12.240796565269022,5,8,"c04,c05,c06",False,OTHER,,,,,,,,,,,,,,,,,,,
ACUTAAS,3282.0,3740.0,C+D,3740.0,3740.0,26805.69,3740.0,-12.245989304812834,12.245989304812834,7,8,c08,False,OTHER,,,,,,,,,,,,,,,,,,,
HINDZINC,595.15,678.25,C+D,678.25,678.25,253142.01,733.0,-12.252119424990788,12.252119424990788,6,8,"c06,c08",False,OTHER,,,,,,,,,,,,,,,,,,,
IMPAL,1087.1,1238.9,C+D,1238.9,1238.9,1367.17,1238.9,-12.252804907579318,12.252804907579318,7,8,c06,True,OTHER,,,,,,,,,,,,,,,,,,,
ASTRAZEN,8090.0,9220.0,C+D,9220.0,9220.0,20598.55,9849.5,-12.25596529284165,12.25596529284165,4,8,"c04,c05,c06,c08",False,OTHER,,,,,,,,,,,,,,,,,,,
COLPAL,2019.5,2301.6,C+D,2301.6,2301.6,54881.92,2504.0,-12.256690997566906,12.256690997566906,4,8,"c04,c05,c06,c07",False,OTHER,,,,,,,,,,,,,,,,,,,
THOMASCOOK,105.66,120.5,C,120.5,126.7,4976.97,181.55,-12.315352697095438,12.315352697095438,4,8,"c04,c05,c06,c07",False,OTHER,,,,,,,,,,,,,,,,,,,
NMDC,85.48,97.49,C+D,97.49,97.49,75375.03,97.49,-12.319212226895058,12.319212226895058,4,8,"c06,c07,c08,c11",False,OTHER,,,,,,,,,,,,,,,,,,,
SURYAROSNI,247.72,282.55,C+D,282.55,282.55,5388.85,326.0,-12.327021766059108,12.327021766059108,5,8,"c04,c05,c06",False,OTHER,,,,,,,,,,,,,,,,,,,
NPST,1564.9,1785.0,C+D,1785.0,1785.0,3580.26,2388.3,-12.33053221288515,12.33053221288515,4,8,"c04,c05,c06,c07",False,OTHER,,,,,,,,,,,,,,,,,,,
TVSSCS,128.42,146.5,C+D,146.5,146.5,5733.59,146.5,-12.341296928327655,12.341296928327655,6,8,"c06,c07",True,OTHER,,,,,,,,,,,,,,,,,,,
NH,1834.6,2092.9,C+D,2092.9,2092.9,37665.77,2093.3,-12.341726790577676,12.341726790577676,6,8,"c06,c07",True,OTHER,,,,,,,,,,,,,,,,,,,
WABAG,1973.7,2253.5,C+D,2253.5,2253.5,10302.69,2253.5,-12.416241402263143,12.416241402263143,7,8,c07,True,OTHER,,,,,,,,,,,,,,,,,,,
LINDEINDIA,7048.0,8049.0,C+D,8049.0,8049.0,60210.66,8049.0,-12.436327494098645,12.436327494098645,6,8,"c06,c08",False,OTHER,,,,,,,,,,,,,,,,,,,
MURUDCERA,31.52,36.0,C+D,36.0,36.0,165.2,47.5,-12.444444444444445,12.444444444444445,3,8,"c04,c05,c06,c11,c12",False,OTHER,,,,,,,,,,,,,,,,,,,
BLUEDART,5190.5,5929.0,C+D,5929.0,5929.0,12177.16,7036.0,-12.455726092089728,12.455726092089728,4,8,"c04,c05,c06,c07",False,OTHER,,,,,,,,,,,,,,,,,,,
WEALTH,939.35,1073.0,C+D,1073.0,1073.0,999.49,1300.5,-12.455731593662627,12.455731593662627,5,8,"c04,c05,c06",False,OTHER,,,,,,,,,,,,,,,,,,,
KFINTECH,928.5,1061.4,C+D,1061.4,1061.4,16057.15,1215.0,-12.52119841718486,12.52119841718486,4,8,"c04,c05,c06,c07",False,OTHER,,,,,,,,,,,,,,,,,,,
COROMANDEL,2098.3,2399.0,C+D,2399.0,2399.0,60624.89,2500.0,-12.53438932888703,12.53438932888703,5,8,"c04,c06,c07",True,OTHER,,,,,,,,,,,,,,,,,,,
SPLIL,32.61,37.29,C+D,37.29,37.29,95.58,45.2,-12.55028157683025,12.55028157683025,3,8,"c04,c05,c06,c11,c12",False,OTHER,,,,,,,,,,,,,,,,,,,
STARTECK,256.05,292.8,C,292.8,296.1,258.04,350.0,-12.551229508196721,12.551229508196721,3,8,"c04,c05,c06,c07,c12",False,OTHER,,,,,,,,,,,,,,,,,,,
APCOTEXIND,622.6,712.0,C+D,712.0,712.0,3255.02,712.0,-12.556179775280896,12.556179775280896,8,8,,True,OTHER,,,,,,,,,,,,,,,,,,,
PVSL,109.29,125.0,C+D,125.0,125.0,762.91,163.0,-12.567999999999996,12.567999999999996,3,8,"c04,c05,c06,c07,c12",False,OTHER,,,,,,,,,,,,,,,,,,,
FSL,279.7,320.0,D,341.9,320.0,19022.92,381.4,-12.593750000000004,12.593750000000004,5,8,"c04,c06,c07",True,OTHER,,,,,,,,,,,,,,,,,,,
SPAL,1067.95,1221.9,C+D,1221.9,1221.9,2647.73,1221.9,-12.599230706277112,12.599230706277112,8,8,,True,OTHER,,,,,,,,,,,,,,,,,,,
TCIEXP,546.2,625.0,C+D,625.0,625.0,1840.26,780.0,-12.607999999999992,12.607999999999992,5,8,"c04,c05,c06",False,OTHER,,,,,,,,,,,,,,,,,,,
AURUM,231.27,264.64,C+D,264.64,264.64,1753.19,264.64,-12.609582829504223,12.609582829504223,8,8,,True,OTHER,,,,,,,,,,,,,,,,,,,
WEL,134.78,154.3,C+D,154.3,154.3,1773.25,183.53,-12.650680492546993,12.650680492546993,6,8,"c04,c06",True,OTHER,,,,,,,,,,,,,,,,,,,
LXCHEM,177.97,203.8,C+D,203.8,203.8,4958.53,241.0,-12.67419038272817,12.67419038272817,5,8,"c04,c06,c07",True,OTHER,,,,,,,,,,,,,,,,,,,
MANAKCOAT,114.36,130.96,C+D,130.96,130.96,1227.63,182.82,-12.67562614538791,12.67562614538791,5,8,"c04,c06,c07",True,OTHER,,,,,,,,,,,,,,,,,,,
AAREYDRUGS,83.81,96.0,C+D,96.0,96.0,225.5,100.0,-12.697916666666664,12.697916666666664,4,8,"c06,c08,c11,c12",False,OTHER,,,,,,,,,,,,,,,,,,,
DMART,4054.0,4644.0,C+D,4644.0,4644.0,261162.54,4949.5,-12.704565030146425,12.704565030146425,3,8,"c04,c05,c06,c07,c08",False,OTHER,,,,,,,,,,,,,,,,,,,
SMLMAH,5227.0,5987.9,C+D,5987.9,5987.9,7829.49,5987.9,-12.707293040965942,12.707293040965942,7,8,c07,True,OTHER,,,,,,,,,,,,,,,,,,,
KRN,1226.4,1405.0,C+D,1405.0,1405.0,7693.1,1405.0,-12.711743772241988,12.711743772241988,6,8,"c06,c08",False,OTHER,,,,,,,,,,,,,,,,,,,
NILKAMAL,1731.3,1983.5,C+D,1983.5,1983.5,2586.25,1983.5,-12.714897907738848,12.714897907738848,6,8,"c04,c07",True,OTHER,,,,,,,,,,,,,,,,,,,
ASAHISONG,355.85,407.7,D,413.95,407.7,423.76,413.95,-12.7176845719892,12.7176845719892,6,8,"c07,c12",False,OTHER,,,,,,,,,,,,,,,,,,,
MVGJL,172.52,197.7,C+D,197.7,197.7,843.19,221.0,-12.736469398077885,12.736469398077885,4,8,"c04,c05,c06,c12",False,OTHER,,,,,,,,,,,,,,,,,,,
GLOSTERLTD,659.9,756.45,C+D,756.45,756.45,722.91,756.45,-12.763566660056853,12.763566660056853,6,8,"c06,c12",False,OTHER,,,,,,,,,,,,,,,,,,,
INTELLECT,727.85,834.4,C,834.4,877.9,10056.32,1244.6,-12.769654841802488,12.769654841802488,5,8,"c04,c05,c06",False,OTHER,,,,,,,,,,,,,,,,,,,
VISHNU,584.3,670.0,C+D,670.0,670.0,3911.26,670.0,-12.79104477611941,12.79104477611941,5,8,"c06,c07,c08",False,OTHER,,,,,,,,,,,,,,,,,,,
PATINTLOG,14.17,16.25,C+D,16.25,16.25,98.37,16.9,-12.8,12.8,4,8,"c04,c06,c11,c12",False,OTHER,,,,,,,,,,,,,,,,,,,
SANGAMIND,586.35,672.5,C+D,672.5,672.5,3036.03,672.5,-12.810408921933082,12.810408921933082,8,8,,True,OTHER,,,,,,,,,,,,,,,,,,,
ABREL,1393.2,1598.0,C+D,1598.0,1598.0,15494.56,1965.3,-12.816020025031285,12.816020025031285,4,8,"c04,c05,c06,c07",False,OTHER,,,,,,,,,,,,,,,,,,,
BANSALWIRE,322.55,370.0,C+D,370.0,370.0,5085.57,380.2,-12.824324324324321,12.824324324324321,6,8,"c04,c06",True,OTHER,,,,,,,,,,,,,,,,,,,
HEALTHX,303.2,347.85,C+D,347.85,347.85,975.66,363.0,-12.83599252551388,12.83599252551388,6,8,"c06,c07",True,OTHER,,,,,,,,,,,,,,,,,,,
EIEL,215.63,247.4,C+D,247.4,247.4,3805.16,276.1,-12.841552142279713,12.841552142279713,5,8,"c04,c06,c07",True,OTHER,,,,,,,,,,,,,,,,,,,
BALMLAWRIE,173.82,199.5,C+D,199.5,199.5,2975.19,238.2,-12.872180451127823,12.872180451127823,4,8,"c04,c05,c06,c08",False,OTHER,,,,,,,,,,,,,,,,,,,
INCREDIBLE,33.97,39.0,C,39.0,39.99,154.38,52.87,-12.8974358974359,12.8974358974359,2,8,"c04,c05,c06,c07,c11,c12",False,OTHER,,,,,,,,,,,,,,,,,,,
MANAKSIA,58.34,67.0,C+D,67.0,67.0,386.46,73.99,-12.925373134328352,12.925373134328352,3,8,"c04,c05,c06,c11,c12",False,OTHER,,,,,,,,,,,,,,,,,,,
NCLIND,174.08,200.0,C+D,200.0,200.0,745.42,225.0,-12.959999999999994,12.959999999999994,3,8,"c04,c05,c06,c07,c12",False,OTHER,,,,,,,,,,,,,,,,,,,
CHEMBOND,179.08,205.78,C+D,205.78,205.78,236.69,209.99,-12.975021868014377,12.975021868014377,4,8,"c04,c05,c06,c12",False,OTHER,,,,,,,,,,,,,,,,,,,
BHAGERIA,206.16,236.9,C+D,236.9,236.9,902.86,244.6,-12.975939214858595,12.975939214858595,5,8,"c06,c07,c12",False,OTHER,,,,,,,,,,,,,,,,,,,
SBILIFE,1855.0,2132.0,C+D,2132.0,2132.0,186596.78,2132.0,-12.992495309568481,12.992495309568481,5,8,"c04,c06,c07",True,OTHER,,,,,,,,,,,,,,,,,,,
PYRAMID,172.85,198.69,C+D,198.69,198.69,628.24,198.69,-13.005183954904629,13.005183954904629,5,8,"c06,c07,c12",False,OTHER,,,,,,,,,,,,,,,,,,,
ROSSELLIND,56.53,65.0,C+D,65.0,65.0,213.96,69.85,-13.030769230769229,13.030769230769229,2,8,"c04,c05,c06,c07,c11,c12",False,OTHER,,,,,,,,,,,,,,,,,,,
VENKEYS,1565.0,1800.0,C+D,1800.0,1800.0,2213.21,1800.0,-13.055555555555557,13.055555555555557,6,8,"c04,c06",True,OTHER,,,,,,,,,,,,,,,,,,,
SAGARDEEP,24.69,28.4,C+D,28.4,28.4,41.54,31.48,-13.063380281690131,13.063380281690131,3,8,"c04,c05,c06,c11,c12",False,OTHER,,,,,,,,,,,,,,,,,,,
SILINV,429.2,493.7,C+D,493.7,493.7,457.65,767.0,-13.06461413814057,13.06461413814057,4,8,"c04,c05,c06,c12",False,OTHER,,,,,,,,,,,,,,,,,,,
OPTIEMUS,559.1,643.35,D,661.0,643.35,4955.01,713.0,-13.095515660216057,13.095515660216057,6,8,"c06,c07",True,OTHER,,,,,,,,,,,,,,,,,,,
GANESHHOU,772.75,889.25,C+D,889.25,889.25,6426.15,920.15,-13.100927748102334,13.100927748102334,5,8,"c04,c05,c06",False,OTHER,,,,,,,,,,,,,,,,,,,
RUBFILA,71.42,82.2,C+D,82.2,82.2,350.81,89.24,-13.114355231143554,13.114355231143554,3,8,"c04,c05,c06,c11,c12",False,OTHER,,,,,,,,,,,,,,,,,,,
CLSEL,278.9,321.0,C+D,321.0,321.0,1376.55,321.0,-13.115264797507795,13.115264797507795,6,8,"c06,c07",True,OTHER,,,,,,,,,,,,,,,,,,,
GODFRYPHLP,2289.0,2635.0,C+D,2635.0,2635.0,35794.42,3947.0,-13.130929791271347,13.130929791271347,5,8,"c04,c05,c06",False,OTHER,,,,,,,,,,,,,,,,,,,
IMFA,1459.3,1679.9,C+D,1679.9,1679.9,7936.55,1679.9,-13.131734031787614,13.131734031787614,6,8,"c06,c08",False,OTHER,,,,,,,,,,,,,,,,,,,
GSFC,161.65,186.12,C+D,186.12,186.12,6504.89,220.59,-13.14743176445304,13.14743176445304,5,8,"c04,c05,c06",False,OTHER,,,,,,,,,,,,,,,,,,,
HINDOILEXP,163.84,188.65,C+D,188.65,188.65,2146.13,188.65,-13.151338457460907,13.151338457460907,3,8,"c04,c05,c06,c07,c08",False,OTHER,,,,,,,,,,,,,,,,,,,
ASAL,498.55,574.2,C+D,574.2,574.2,804.31,654.65,-13.17485196795542,13.17485196795542,5,8,"c04,c06,c12",False,OTHER,,,,,,,,,,,,,,,,,,,
COHANCE,447.0,514.9,C+D,514.9,514.9,17077.34,1038.9,-13.187026607108173,13.187026607108173,5,8,"c04,c05,c06",False,OTHER,,,,,,,,,,,,,,,,,,,
VINCOFE,147.11,169.5,C+D,169.5,169.5,2161.03,179.85,-13.209439528023593,13.209439528023593,6,8,"c06,c07",True,OTHER,,,,,,,,,,,,,,,,,,,
MANCREDIT,229.99,265.0,D,287.27,265.0,496.64,287.27,-13.211320754716976,13.211320754716976,6,8,"c07,c12",False,OTHER,,,,,,,,,,,,,,,,,,,
INDBANK,33.08,38.12,C+D,38.12,38.12,146.48,47.15,-13.221406086044071,13.221406086044071,2,8,"c04,c05,c06,c08,c11,c12",False,OTHER,,,,,,,,,,,,,,,,,,,
BLISSGVS,479.8,553.0,C+D,553.0,553.0,5070.19,553.0,-13.236889692585892,13.236889692585892,8,8,,True,OTHER,,,,,,,,,,,,,,,,,,,
SBIN,1071.0,1234.7,C+D,1234.7,1234.7,985851.43,1234.7,-13.258281363894067,13.258281363894067,8,8,,True,OTHER,,,,,,,,,,,,,,,,,,,
JINDRILL,601.5,693.5,C+D,693.5,693.5,1786.8,693.5,-13.266041816870944,13.266041816870944,7,8,c06,True,OTHER,,,,,,,,,,,,,,,,,,,
KNAGRI,202.83,233.9,C+D,233.9,233.9,517.09,256.7,-13.283454467721246,13.283454467721246,4,8,"c04,c06,c07,c12",False,OTHER,,,,,,,,,,,,,,,,,,,
NIITLTD,96.34,111.1,C+D,111.1,111.1,1321.5,117.75,-13.285328532853278,13.285328532853278,4,8,"c04,c06,c07,c11",True,OTHER,,,,,,,,,,,,,,,,,,,
DOLATALGO,71.86,82.87,C+D,82.87,82.87,1267.53,95.76,-13.28586943405334,13.28586943405334,3,8,"c04,c05,c06,c08,c11",False,OTHER,,,,,,,,,,,,,,,,,,,
SHANTI,6.72,7.75,C+D,7.75,7.75,7.64,12.26,-13.290322580645164,13.290322580645164,3,8,"c04,c05,c06,c11,c12",False,OTHER,,,,,,,,,,,,,,,,,,,
MITCON,79.5,91.7,C+D,91.7,91.7,116.61,91.7,-13.30425299890949,13.30425299890949,4,8,"c06,c08,c11,c12",False,OTHER,,,,,,,,,,,,,,,,,,,
GOKUL,39.44,45.5,C+D,45.5,45.5,395.42,45.89,-13.318681318681325,13.318681318681325,2,8,"c04,c05,c06,c08,c11,c12",False,OTHER,,,,,,,,,,,,,,,,,,,
INTLCONV,74.63,86.1,C+D,86.1,86.1,475.0,114.54,-13.32171893147503,13.32171893147503,2,8,"c04,c05,c06,c08,c11,c12",False,OTHER,,,,,,,,,,,,,,,,,,,
IPCALAB,1685.8,1944.9,C+D,1944.9,1944.9,42729.72,1944.9,-13.32202169777367,13.32202169777367,6,8,"c06,c07",True,OTHER,,,,,,,,,,,,,,,,,,,
SUBROS,778.15,897.9,C+D,897.9,897.9,5076.5,1213.7,-13.336674462635036,13.336674462635036,6,8,"c04,c06",True,OTHER,,,,,,,,,,,,,,,,,,,
BUTTERFLY,683.6,788.95,C+D,788.95,788.95,1230.04,823.85,-13.353190949996833,13.353190949996833,6,8,"c06,c07",True,OTHER,,,,,,,,,,,,,,,,,,,
MANOMAY,218.13,251.81,C+D,251.81,251.81,393.55,259.88,-13.375163813986738,13.375163813986738,5,8,"c04,c06,c12",False,OTHER,,,,,,,,,,,,,,,,,,,
SVPGLOB,3.88,4.48,C+D,4.48,4.48,49.97,6.89,-13.392857142857153,13.392857142857153,4,8,"c04,c06,c11,c12",False,OTHER,,,,,,,,,,,,,,,,,,,
PILANIINVS,4364.2,5039.4,C+D,5039.4,5039.4,4851.81,5980.0,-13.398420446878594,13.398420446878594,5,8,"c04,c05,c06",False,OTHER,,,,,,,,,,,,,,,,,,,
SYNCOMF,14.34,16.56,C+D,16.56,16.56,1365.01,18.8,-13.405797101449268,13.405797101449268,3,8,"c04,c05,c06,c08,c11",False,OTHER,,,,,,,,,,,,,,,,,,,
PNGJL,637.65,736.4,C+D,736.4,736.4,8776.33,736.4,-13.409831613253667,13.409831613253667,5,8,"c04,c06,c07",True,OTHER,,,,,,,,,,,,,,,,,,,
DYNAMATECH,11148.0,12875.0,C+D,12875.0,12875.0,7931.81,12875.0,-13.413592233009709,13.413592233009709,6,8,"c06,c08",False,OTHER,,,,,,,,,,,,,,,,,,,
REPCOHOME,380.85,439.9,C+D,439.9,439.9,2391.49,455.9,-13.423505342123201,13.423505342123201,3,8,"c04,c05,c06,c07,c08",False,OTHER,,,,,,,,,,,,,,,,,,,
JBMA,639.35,738.5,C+D,738.5,738.5,15291.57,790.0,-13.425863236289773,13.425863236289773,5,8,"c06,c07,c08",False,OTHER,,,,,,,,,,,,,,,,,,,
SRF,2610.0,3014.9,C,3014.9,3081.7,76954.16,3210.0,-13.42996450960231,13.42996450960231,4,8,"c04,c05,c06,c07",False,OTHER,,,,,,,,,,,,,,,,,,,
LICI,393.0,454.0,C+D,454.0,454.0,499991.07,468.48,-13.43612334801762,13.43612334801762,4,8,"c04,c05,c06,c07",False,OTHER,,,,,,,,,,,,,,,,,,,
JETFREIGHT,22.46,25.95,C+D,25.95,25.95,105.97,25.95,-13.448940269749512,13.448940269749512,6,8,"c11,c12",False,OTHER,,,,,,,,,,,,,,,,,,,
A2ZINFRA,16.6,19.18,C+D,19.18,19.18,300.82,22.64,-13.451511991657968,13.451511991657968,4,8,"c04,c06,c11,c12",False,OTHER,,,,,,,,,,,,,,,,,,,
UTKARSHBNK,14.02,16.2,C+D,16.2,16.2,2518.98,22.03,-13.456790123456788,13.456790123456788,3,8,"c04,c05,c06,c07,c11",False,OTHER,,,,,,,,,,,,,,,,,,,
JTEKTINDIA,142.62,164.8,C+D,164.8,164.8,3922.06,188.5,-13.458737864077674,13.458737864077674,5,8,"c04,c06,c07",True,OTHER,,,,,,,,,,,,,,,,,,,
PCBL,323.4,374.0,C+D,374.0,374.0,12757.49,425.95,-13.52941176470589,13.52941176470589,6,8,"c04,c06",True,OTHER,,,,,,,,,,,,,,,,,,,
TITAGARH,839.45,971.0,C+D,971.0,971.0,11447.81,971.0,-13.547888774459317,13.547888774459317,6,8,"c04,c06",True,OTHER,,,,,,,,,,,,,,,,,,,
BHARTIHEXA,1507.0,1743.3,C+D,1743.3,1743.3,75259.4,1955.6,-13.554752480926977,13.554752480926977,4,8,"c04,c05,c06,c07",False,OTHER,,,,,,,,,,,,,,,,,,,
ONWARDTEC,284.75,329.4,C,329.4,345.4,642.46,357.0,-13.55494839101396,13.55494839101396,4,8,"c04,c06,c07,c12",False,OTHER,,,,,,,,,,,,,,,,,,,
TATACONSUM,1108.7,1282.7,C+D,1282.7,1282.7,108587.65,1282.7,-13.56513604116317,13.56513604116317,3,8,"c04,c05,c06,c07,c08",False,OTHER,,,,,,,,,,,,,,,,,,,
JMFINANCIL,127.21,147.2,C+D,147.2,147.2,12185.03,199.8,-13.580163043478258,13.580163043478258,5,8,"c04,c05,c06",False,OTHER,,,,,,,,,,,,,,,,,,,
RHIM,423.35,489.9,C+D,489.9,489.9,8849.55,515.55,-13.584404980608278,13.584404980608278,5,8,"c04,c05,c06",False,OTHER,,,,,,,,,,,,,,,,,,,
VENUSPIPES,1619.6,1875.0,C+D,1875.0,1875.0,3504.52,1875.0,-13.621333333333338,13.621333333333338,6,8,"c06,c07",True,OTHER,,,,,,,,,,,,,,,,,,,
HITECH,83.93,97.17,C+D,97.17,97.17,1713.71,127.5,-13.62560461047648,13.62560461047648,3,8,"c04,c05,c06,c07,c11",False,OTHER,,,,,,,,,,,,,,,,,,,
ARIHANTCAP,75.79,87.75,C+D,87.75,87.75,832.17,120.0,-13.629629629629623,13.629629629629623,2,8,"c04,c05,c06,c07,c11,c12",False,OTHER,,,,,,,,,,,,,,,,,,,
HGS,412.5,477.6,C+D,477.6,477.6,1939.53,556.0,-13.630653266331663,13.630653266331663,5,8,"c04,c05,c06",False,OTHER,,,,,,,,,,,,,,,,,,,
SOFTTECH,423.0,489.9,C+D,489.9,489.9,585.71,489.9,-13.655848132271888,13.655848132271888,5,8,"c06,c08,c12",False,OTHER,,,,,,,,,,,,,,,,,,,
KUANTUM,86.29,99.95,C+D,99.95,99.95,767.92,122.09,-13.666833416708352,13.666833416708352,3,8,"c04,c05,c06,c11,c12",False,OTHER,,,,,,,,,,,,,,,,,,,
ADVANIHOTR,50.07,58.0,C+D,58.0,58.0,465.52,68.39,-13.672413793103447,13.672413793103447,1,8,"c04,c05,c06,c07,c08,c11,c12",False,OTHER,,,,,,,,,,,,,,,,,,,
EQUIPPP,22.35,25.89,C+D,25.89,25.89,221.54,25.89,-13.67323290845886,13.67323290845886,6,8,"c11,c12",False,OTHER,,,,,,,,,,,,,,,,,,,
TRIDENT,24.81,28.74,C,28.74,30.94,12738.99,30.94,-13.674321503131523,13.674321503131523,4,8,"c04,c05,c06,c11",False,OTHER,,,,,,,,,,,,,,,,,,,
SAMBHV,121.97,141.32,C+D,141.32,141.32,3551.53,141.32,-13.692329465043867,13.692329465043867,6,8,"c06,c07",True,OTHER,,,,,,,,,,,,,,,,,,,
HBSL,58.17,67.4,C+D,67.4,67.4,41.68,108.8,-13.69436201780416,13.69436201780416,3,8,"c04,c05,c06,c11,c12",False,OTHER,,,,,,,,,,,,,,,,,,,
UCOBANK,26.12,30.27,C+D,30.27,30.27,33043.19,34.2,-13.70994383878427,13.70994383878427,4,8,"c04,c05,c06,c11",False,OTHER,,,,,,,,,,,,,,,,,,,
ALANKIT,8.43,9.77,C,9.77,9.95,224.26,15.13,-13.715455475946776,13.715455475946776,3,8,"c04,c05,c06,c11,c12",False,OTHER,,,,,,,,,,,,,,,,,,,
HUHTAMAKI,284.7,330.0,C+D,330.0,330.0,2157.42,330.0,-13.72727272727273,13.72727272727273,7,8,c07,True,OTHER,,,,,,,,,,,,,,,,,,,
DIGJAMLMTD,49.0,56.8,C+D,56.8,56.8,97.8,59.75,-13.732394366197179,13.732394366197179,3,8,"c04,c06,c07,c11,c12",False,OTHER,,,,,,,,,,,,,,,,,,,
OBCL,53.48,62.0,C+D,62.0,62.0,112.95,64.84,-13.741935483870973,13.741935483870973,2,8,"c04,c05,c06,c08,c11,c12",False,OTHER,,,,,,,,,,,,,,,,,,,
TEGA,1633.6,1894.0,C+D,1894.0,1894.0,12365.58,2125.0,-13.748680042238654,13.748680042238654,4,8,"c04,c05,c06,c08",False,OTHER,,,,,,,,,,,,,,,,,,,
NIBL,32.86,38.1,C+D,38.1,38.1,84.63,40.8,-13.753280839895018,13.753280839895018,5,8,"c06,c11,c12",False,OTHER,,,,,,,,,,,,,,,,,,,
BANSWRAS,124.19,144.0,C+D,144.0,144.0,424.28,144.0,-13.756944444444446,13.756944444444446,5,8,"c06,c08,c12",False,OTHER,,,,,,,,,,,,,,,,,,,
JAYSREETEA,85.8,99.5,C+D,99.5,99.5,249.75,115.2,-13.76884422110553,13.76884422110553,2,8,"c04,c05,c06,c08,c11,c12",False,OTHER,,,,,,,,,,,,,,,,,,,
GRINDWELL,2116.5,2455.0,C+D,2455.0,2455.0,23406.12,2455.0,-13.788187372708757,13.788187372708757,8,8,,True,OTHER,,,,,,,,,,,,,,,,,,,
SONAMLTD,54.29,63.0,C+D,63.0,63.0,219.7,63.0,-13.825396825396826,13.825396825396826,3,8,"c06,c07,c08,c11,c12",False,OTHER,,,,,,,,,,,,,,,,,,,
AFFORDABLE,193.77,224.89,C+D,224.89,224.89,222.63,409.95,-13.837876295077583,13.837876295077583,4,8,"c04,c05,c06,c12",False,OTHER,,,,,,,,,,,,,,,,,,,
ALPA,67.97,78.89,C+D,78.89,78.89,144.44,101.0,-13.84205856255546,13.84205856255546,3,8,"c04,c05,c06,c11,c12",False,OTHER,,,,,,,,,,,,,,,,,,,
JINDALSTEL,1125.0,1306.2,C+D,1306.2,1306.2,113832.91,1306.2,-13.872301332108409,13.872301332108409,6,8,"c06,c08",False,OTHER,,,,,,,,,,,,,,,,,,,
BAJAJHIND,18.1,21.02,C+D,21.02,21.02,3084.99,23.65,-13.891531874405318,13.891531874405318,3,8,"c04,c05,c06,c08,c11",False,OTHER,,,,,,,,,,,,,,,,,,,
RUCHIRA,111.02,128.95,C+D,128.95,128.95,331.69,173.0,-13.904614191547108,13.904614191547108,4,8,"c04,c05,c06,c12",False,OTHER,,,,,,,,,,,,,,,,,,,
GILLETTE,7651.5,8887.5,C,8887.5,8925.0,25015.93,10740.0,-13.90717299578059,13.90717299578059,5,8,"c04,c05,c06",False,OTHER,,,,,,,,,,,,,,,,,,,
JUBLFOOD,495.0,575.0,C+D,575.0,575.0,32753.88,670.45,-13.91304347826087,13.91304347826087,5,8,"c04,c05,c06",False,OTHER,,,,,,,,,,,,,,,,,,,
INDOBORAX,429.5,499.0,C+D,499.0,499.0,1349.29,499.0,-13.927855711422845,13.927855711422845,8,8,,True,OTHER,,,,,,,,,,,,,,,,,,,
ZOTA,1272.1,1478.0,C+D,1478.0,1478.0,4381.51,1740.0,-13.930987821380251,13.930987821380251,6,8,"c06,c07",True,OTHER,,,,,,,,,,,,,,,,,,,
CORDSCABLE,223.24,259.4,C+D,259.4,259.4,291.59,259.4,-13.939861218195826,13.939861218195826,6,8,"c06,c12",False,OTHER,,,,,,,,,,,,,,,,,,,
ISFT,78.65,91.4,C,91.4,92.9,127.02,119.07,-13.949671772428884,13.949671772428884,2,8,"c04,c05,c06,c07,c11,c12",False,OTHER,,,,,,,,,,,,,,,,,,,
LFIC,139.72,162.4,C+D,162.4,162.4,42.59,240.9,-13.965517241379313,13.965517241379313,3,8,"c04,c05,c06,c07,c12",False,OTHER,,,,,,,,,,,,,,,,,,,
KHANDSE,17.63,20.5,C+D,20.5,20.5,27.05,29.0,-14.000000000000004,14.000000000000004,2,8,"c04,c05,c06,c07,c11,c12",False,OTHER,,,,,,,,,,,,,,,,,,,
HDBFS,676.4,786.55,C+D,786.55,786.55,54615.39,811.8,-14.004195537473777,14.004195537473777,4,8,"c04,c05,c06,c07",False,OTHER,,,,,,,,,,,,,,,,,,,
TERASOFT,407.7,474.15,C+D,474.15,474.15,510.03,598.0,-14.014552356849098,14.014552356849098,6,8,"c06,c12",False,OTHER,,,,,,,,,,,,,,,,,,,
NATIONALUM,382.7,445.15,C+D,445.15,445.15,70605.64,445.15,-14.028978995844096,14.028978995844096,6,8,"c06,c08",False,OTHER,,,,,,,,,,,,,,,,,,,
SOBHA,1355.7,1577.0,C+D,1577.0,1577.0,14584.77,1732.0,-14.032974001268228,14.032974001268228,4,8,"c04,c05,c06,c07",False,OTHER,,,,,,,,,,,,,,,,,,,
ANURAS,1216.3,1415.0,C+D,1415.0,1415.0,13824.78,1415.0,-14.042402826855128,14.042402826855128,5,8,"c05,c06,c08",False,OTHER,,,,,,,,,,,,,,,,,,,
SAGILITY,43.64,50.77,C,50.77,52.0,20691.31,57.89,-14.043726610202881,14.043726610202881,5,8,"c04,c06,c11",True,OTHER,,,,,,,,,,,,,,,,,,,
FEDFINA,149.9,174.4,C+D,174.4,174.4,5600.12,178.48,-14.04816513761468,14.04816513761468,5,8,"c06,c07,c08",False,OTHER,,,,,,,,,,,,,,,,,,,
EMBDL,65.28,75.97,C+D,75.97,75.97,8662.83,105.7,-14.071343951559822,14.071343951559822,4,8,"c04,c05,c06,c11",False,OTHER,,,,,,,,,,,,,,,,,,,
SAKHTISUG,17.58,20.46,C+D,20.46,20.46,208.93,24.75,-14.076246334310863,14.076246334310863,3,8,"c04,c05,c06,c11,c12",False,OTHER,,,,,,,,,,,,,,,,,,,
20MICRONS,188.53,219.45,C+D,219.45,219.45,666.54,246.61,-14.089769879243558,14.089769879243558,3,8,"c04,c05,c06,c07,c12",False,OTHER,,,,,,,,,,,,,,,,,,,
CYBERTECH,136.99,159.5,C+D,159.5,159.5,431.12,274.8,-14.112852664576797,14.112852664576797,3,8,"c04,c05,c06,c07,c12",False,OTHER,,,,,,,,,,,,,,,,,,,
BRIGHOTEL,59.91,69.78,C+D,69.78,69.78,2082.49,91.77,-14.144453998280316,14.144453998280316,4,8,"c04,c05,c06,c11",False,OTHER,,,,,,,,,,,,,,,,,,,
GENESYS,220.75,257.13,C+D,257.13,257.13,1349.37,441.89,-14.148485202037877,14.148485202037877,5,8,"c04,c05,c06",False,OTHER,,,,,,,,,,,,,,,,,,,
ARIS,136.5,159.0,C+D,159.0,159.0,1045.59,178.3,-14.150943396226415,14.150943396226415,5,8,"c04,c05,c06",False,OTHER,,,,,,,,,,,,,,,,,,,
EMSLIMITED,398.85,464.7,C+D,464.7,464.7,2215.68,593.85,-14.170432537120718,14.170432537120718,4,8,"c04,c05,c06,c07",False,OTHER,,,,,,,,,,,,,,,,,,,
RELCHEMQ,130.06,151.57,C+D,151.57,151.57,98.63,184.0,-14.191462690506032,14.191462690506032,4,8,"c04,c05,c06,c12",False,OTHER,,,,,,,,,,,,,,,,,,,
CANFINHOME,820.3,956.0,C+D,956.0,956.0,11067.09,971.5,-14.194560669456072,14.194560669456072,4,8,"c05,c06,c07,c08",False,OTHER,,,,,,,,,,,,,,,,,,,
MANBA,132.14,154.0,C+D,154.0,154.0,663.14,154.0,-14.194805194805205,14.194805194805205,4,8,"c04,c06,c07,c12",False,OTHER,,,,,,,,,,,,,,,,,,,
PETRONET,280.0,326.4,C+D,326.4,326.4,41407.15,326.4,-14.215686274509798,14.215686274509798,4,8,"c04,c05,c06,c07",False,OTHER,,,,,,,,,,,,,,,,,,,
CARBORUNIV,1121.0,1306.9,C+D,1306.9,1306.9,21257.42,1306.9,-14.224500726911016,14.224500726911016,6,8,"c06,c08",False,OTHER,,,,,,,,,,,,,,,,,,,
BIRLANU,1607.4,1874.0,C+D,1874.0,1874.0,1221.94,2086.9,-14.226254002134468,14.226254002134468,5,8,"c04,c05,c06",False,OTHER,,,,,,,,,,,,,,,,,,,
SUPREMEIND,3495.0,4074.8,C+D,4074.8,4074.8,43944.75,4664.9,-14.228919210758814,14.228919210758814,3,8,"c04,c05,c06,c07,c08",False,OTHER,,,,,,,,,,,,,,,,,,,
INOXGREEN,180.0,209.9,C+D,209.9,209.9,6908.36,279.0,-14.244878513577897,14.244878513577897,6,8,"c05,c06",False,OTHER,,,,,,,,,,,,,,,,,,,
SANOFICONR,4505.9,5255.0,C+D,5255.0,5255.0,10300.42,5357.0,-14.254995242626078,14.254995242626078,3,8,"c04,c05,c06,c07,c08",False,OTHER,,,,,,,,,,,,,,,,,,,
METROBRAND,967.2,1128.1,C+D,1128.1,1128.1,26664.72,1340.4,-14.262919953904785,14.262919953904785,4,8,"c04,c05,c06,c07",False,OTHER,,,,,,,,,,,,,,,,,,,
ZFCVINDIA,2609.6,3044.0,C+D,3044.0,3044.0,29723.72,3044.0,-14.270696452036796,14.270696452036796,7,8,c06,True,OTHER,,,,,,,,,,,,,,,,,,,
KALYANIFRG,631.75,737.1,C+D,737.1,737.1,231.13,849.65,-14.292497625830961,14.292497625830961,4,8,"c04,c05,c06,c12",False,OTHER,,,,,,,,,,,,,,,,,,,
SHIVATEX,161.13,188.0,C,188.0,197.0,212.95,217.92,-14.292553191489363,14.292553191489363,3,8,"c04,c05,c06,c07,c12",False,OTHER,,,,,,,,,,,,,,,,,,,
SANDHAR,654.1,763.2,C+D,763.2,763.2,4003.74,763.2,-14.295073375262056,14.295073375262056,6,8,"c06,c08",False,OTHER,,,,,,,,,,,,,,,,,,,
KIRLFER,439.6,513.0,C+D,513.0,513.0,7431.23,534.0,-14.30799220272904,14.30799220272904,6,8,"c06,c07",True,OTHER,,,,,,,,,,,,,,,,,,,
SRGHFL,287.05,335.0,C+D,335.0,335.0,453.82,335.0,-14.31343283582089,14.31343283582089,5,8,"c06,c07,c12",False,OTHER,,,,,,,,,,,,,,,,,,,
MAXESTATES,421.45,492.0,C+D,492.0,492.0,6502.11,502.15,-14.339430894308947,14.339430894308947,4,8,"c04,c05,c06,c08",False,OTHER,,,,,,,,,,,,,,,,,,,
LAGNAM,82.13,95.9,C+D,95.9,95.9,147.16,96.98,-14.358706986444222,14.358706986444222,3,8,"c04,c06,c07,c11,c12",False,OTHER,,,,,,,,,,,,,,,,,,,
APOLSINHOT,1233.2,1440.0,C+D,1440.0,1440.0,321.14,1491.2,-14.361111111111107,14.361111111111107,4,8,"c04,c05,c06,c12",False,OTHER,,,,,,,,,,,,,,,,,,,
RPGLIFE,2638.0,3082.0,C+D,3082.0,3082.0,4414.23,3082.0,-14.406229720960415,14.406229720960415,7,8,c07,True,OTHER,,,,,,,,,,,,,,,,,,,
ARIHANTSUP,261.9,306.0,C,306.0,322.5,1132.71,465.0,-14.41176470588236,14.41176470588236,5,8,"c04,c05,c06",False,OTHER,,,,,,,,,,,,,,,,,,,
GKWLIMITED,1651.5,1930.0,C+D,1930.0,1930.0,966.79,1985.4,-14.430051813471504,14.430051813471504,3,8,"c04,c05,c06,c07,c08",False,OTHER,,,,,,,,,,,,,,,,,,,
WILLAMAGOR,26.49,30.96,C+D,30.96,30.96,28.22,37.5,-14.437984496124038,14.437984496124038,3,8,"c04,c05,c06,c11,c12",False,OTHER,,,,,,,,,,,,,,,,,,,
SUMIT,52.18,61.0,C+D,61.0,61.0,257.09,104.9,-14.459016393442623,14.459016393442623,3,8,"c04,c05,c06,c11,c12",False,OTHER,,,,,,,,,,,,,,,,,,,
DBCORP,211.28,247.0,C,247.0,248.3,3760.7,287.9,-14.461538461538462,14.461538461538462,5,8,"c04,c05,c06",False,OTHER,,,,,,,,,,,,,,,,,,,
PGHL,5966.0,6975.0,C+D,6975.0,6975.0,10094.1,6975.0,-14.465949820788532,14.465949820788532,6,8,"c06,c07",True,OTHER,,,,,,,,,,,,,,,,,,,
PNB,113.5,132.73,C+D,132.73,132.73,130635.84,135.15,-14.488058464552092,14.488058464552092,6,8,"c04,c06",True,OTHER,,,,,,,,,,,,,,,,,,,
MAYURUNIQ,775.55,907.0,C+D,907.0,907.0,3332.97,907.0,-14.49283351708931,14.49283351708931,8,8,,True,OTHER,,,,,,,,,,,,,,,,,,,
PREMIER,2.83,3.31,C,3.31,3.33,8.52,3.88,-14.501510574018125,14.501510574018125,1,8,"c04,c05,c06,c07,c08,c11,c12",False,OTHER,,,,,,,,,,,,,,,,,,,
TIL,232.5,271.94,C+D,271.94,271.94,1583.25,365.47,-14.503199235125393,14.503199235125393,5,8,"c04,c06,c07",True,OTHER,,,,,,,,,,,,,,,,,,,
NAHARPOLY,247.5,289.5,C+D,289.5,289.5,582.44,338.8,-14.507772020725387,14.507772020725387,3,8,"c04,c05,c06,c07,c12",False,OTHER,,,,,,,,,,,,,,,,,,,
EKC,114.55,134.0,C+D,134.0,134.0,1263.65,156.79,-14.51492537313433,14.51492537313433,4,8,"c04,c05,c06,c08",False,OTHER,,,,,,,,,,,,,,,,,,,
OMINFRAL,87.53,102.41,C+D,102.41,102.41,800.37,144.0,-14.529831071184452,14.529831071184452,2,8,"c04,c05,c06,c07,c11,c12",False,OTHER,,,,,,,,,,,,,,,,,,,
EVERESTIND,481.9,564.0,C+D,564.0,564.0,750.12,750.0,-14.556737588652485,14.556737588652485,4,8,"c04,c05,c06,c12",False,OTHER,,,,,,,,,,,,,,,,,,,
SINDHUTRAD,24.47,28.64,C+D,28.64,28.64,4298.18,32.74,-14.560055865921791,14.560055865921791,5,8,"c06,c08,c11",False,OTHER,,,,,,,,,,,,,,,,,,,
NORTHARC,285.35,334.0,C+D,334.0,334.0,4630.46,334.0,-14.565868263473048,14.565868263473048,5,8,"c06,c07,c08",False,OTHER,,,,,,,,,,,,,,,,,,,
PRITIKAUTO,17.93,20.99,C+D,20.99,20.99,304.25,20.99,-14.578370652691753,14.578370652691753,6,8,"c11,c12",False,OTHER,,,,,,,,,,,,,,,,,,,
BEL,404.35,473.45,C+D,473.45,473.45,295325.03,473.45,-14.594994191572495,14.594994191572495,5,8,"c05,c06,c08",False,OTHER,,,,,,,,,,,,,,,,,,,
DOLPHIN,417.5,489.0,C+D,489.0,489.0,1687.21,501.95,-14.621676891615543,14.621676891615543,6,8,"c04,c06",True,OTHER,,,,,,,,,,,,,,,,,,,
DAMODARIND,29.0,33.97,C+D,33.97,33.97,68.15,39.0,-14.630556373270531,14.630556373270531,1,8,"c04,c05,c06,c07,c08,c11,c12",False,OTHER,,,,,,,,,,,,,,,,,,,
GRINFRA,885.2,1036.95,C+D,1036.95,1036.95,8456.63,1345.0,-14.634263947152707,14.634263947152707,4,8,"c04,c05,c06,c07",False,OTHER,,,,,,,,,,,,,,,,,,,
MGEL,14.84,17.39,C+D,17.39,17.39,469.77,18.4,-14.663599769982753,14.663599769982753,4,8,"c06,c07,c11,c12",False,OTHER,,,,,,,,,,,,,,,,,,,
ASHIMASYN,17.49,20.5,C+D,20.5,20.5,345.47,27.83,-14.6829268292683,14.6829268292683,3,8,"c04,c05,c06,c11,c12",False,OTHER,,,,,,,,,,,,,,,,,,,
OIL,453.0,531.0,C+D,531.0,531.0,74201.94,531.0,-14.689265536723164,14.689265536723164,5,8,"c06,c07,c08",False,OTHER,,,,,,,,,,,,,,,,,,,
SINTERCOM,86.99,102.0,C+D,102.0,102.0,240.91,130.0,-14.71568627450981,14.71568627450981,3,8,"c04,c05,c06,c11,c12",False,OTHER,,,,,,,,,,,,,,,,,,,
INDIANCARD,220.02,258.0,C+D,258.0,258.0,131.63,319.55,-14.720930232558135,14.720930232558135,3,8,"c04,c05,c06,c07,c12",False,OTHER,,,,,,,,,,,,,,,,,,,
NCC,146.45,171.77,C+D,171.77,171.77,9208.09,225.4,-14.740641555568503,14.740641555568503,5,8,"c04,c05,c06",False,OTHER,,,,,,,,,,,,,,,,,,,
BLUSPRING,112.36,131.82,C+D,131.82,131.82,1662.6,131.82,-14.762554999241386,14.762554999241386,7,8,c07,True,OTHER,,,,,,,,,,,,,,,,,,,
APOLLOTYRE,445.95,523.2,C,523.2,532.0,28499.92,540.5,-14.764908256880743,14.764908256880743,5,8,"c04,c05,c06",False,OTHER,,,,,,,,,,,,,,,,,,,
KANPRPLA,205.38,241.0,C+D,241.0,241.0,518.17,247.0,-14.780082987551868,14.780082987551868,6,8,"c06,c12",False,OTHER,,,,,,,,,,,,,,,,,,,
INDOFARM,150.81,177.0,C,177.0,184.4,733.02,271.69,-14.796610169491526,14.796610169491526,3,8,"c04,c05,c06,c07,c12",False,OTHER,,,,,,,,,,,,,,,,,,,
SANGINITA,57.92,68.02,C+D,68.02,68.02,150.23,68.02,-14.84857394883857,14.84857394883857,5,8,"c07,c11,c12",False,OTHER,,,,,,,,,,,,,,,,,,,
MAZDA,234.46,275.38,C+D,275.38,275.38,468.59,308.0,-14.85946691843997,14.85946691843997,4,8,"c04,c05,c06,c12",False,OTHER,,,,,,,,,,,,,,,,,,,
BANARBEADS,114.39,134.4,C+D,134.4,134.4,77.28,164.7,-14.88839285714286,14.88839285714286,3,8,"c04,c05,c06,c07,c12",False,OTHER,,,,,,,,,,,,,,,,,,,
AMBICAAGAR,24.51,28.8,C+D,28.8,28.8,42.0,29.68,-14.89583333333333,14.89583333333333,2,8,"c04,c05,c06,c07,c11,c12",False,OTHER,,,,,,,,,,,,,,,,,,,
DAMCAPITAL,151.0,177.43,C,177.43,183.58,944.38,286.0,-14.896015329989295,14.896015329989295,3,8,"c04,c05,c06,c07,c12",False,OTHER,,,,,,,,,,,,,,,,,,,
AAATECH,99.48,116.9,C+D,116.9,116.9,126.07,136.0,-14.901625320786998,14.901625320786998,2,8,"c04,c05,c06,c08,c11,c12",False,OTHER,,,,,,,,,,,,,,,,,,,
TMPV,347.1,408.0,C+D,408.0,408.0,128359.78,447.79,-14.926470588235288,14.926470588235288,4,8,"c04,c05,c06,c08",False,OTHER,,,,,,,,,,,,,,,,,,,
BOMDYEING,119.95,141.0,C+D,141.0,141.0,2482.76,195.45,-14.929078014184396,14.929078014184396,4,8,"c04,c05,c06,c07",False,OTHER,,,,,,,,,,,,,,,,,,,
SHAREINDIA,167.87,197.36,C+D,197.36,197.36,3714.11,211.0,-14.942237535468184,14.942237535468184,5,8,"c04,c06,c07",True,OTHER,,,,,,,,,,,,,,,,,,,
SUPRIYA,922.85,1085.0,C+D,1085.0,1085.0,7437.79,1085.0,-14.944700460829491,14.944700460829491,8,8,,True,OTHER,,,,,,,,,,,,,,,,,,,
ARIES,344.8,405.45,C+D,405.45,405.45,452.11,459.9,-14.958687877666785,14.958687877666785,4,8,"c05,c06,c08,c12",False,OTHER,,,,,,,,,,,,,,,,,,,
EASTSILK,66.15,77.79,C,77.79,80.61,33.08,99.25,-14.963362900115696,14.963362900115696,5,8,"c06,c11,c12",False,OTHER,,,,,,,,,,,,,,,,,,,
SCODATUBES,140.31,165.0,C+D,165.0,165.0,868.86,193.0,-14.963636363636363,14.963636363636363,3,8,"c04,c05,c06,c07,c12",False,OTHER,,,,,,,,,,,,,,,,,,,
KOKUYOCMLN,83.98,98.78,C+D,98.78,98.78,826.5,128.0,-14.982790038469323,14.982790038469323,2,8,"c04,c05,c06,c07,c11,c12",False,OTHER,,,,,,,,,,,,,,,,,,,
GOACARBON,380.85,448.0,C+D,448.0,448.0,349.14,494.9,-14.988839285714281,14.988839285714281,4,8,"c04,c05,c06,c12",False,OTHER,,,,,,,,,,,,,,,,,,,
IGL,152.15,179.0,C+D,179.0,179.0,21344.71,223.5,-14.999999999999996,14.999999999999996,4,8,"c04,c05,c06,c07",False,OTHER,,,,,,,,,,,,,,,,,,,
AEROENTER,127.11,149.55,C+D,149.55,149.55,1446.43,149.55,-15.005015045135414,15.005015045135414,8,8,,True,OTHER,,,,,,,,,,,,,,,,,,,
ZENTEC,1720.0,2024.0,C+D,2024.0,2024.0,15388.89,2024.0,-15.019762845849801,15.019762845849801,6,8,"c06,c08",False,OTHER,,,,,,,,,,,,,,,,,,,
KSL,834.9,982.55,C+D,982.55,982.55,3697.66,982.55,-15.027225077604193,15.027225077604193,6,8,"c06,c07",True,OTHER,,,,,,,,,,,,,,,,,,,
GENUSPOWER,305.0,358.95,C+D,358.95,358.95,8451.75,390.0,-15.02994846078841,15.02994846078841,6,8,"c06,c07",True,OTHER,,,,,,,,,,,,,,,,,,,
SNOWMAN,39.2,46.14,C+D,46.14,46.14,671.0,59.8,-15.041179020372775,15.041179020372775,3,8,"c04,c05,c06,c11,c12",False,OTHER,,,,,,,,,,,,,,,,,,,
GROBTEA,900.3,1060.0,C+D,1060.0,1060.0,106.0,1236.2,-15.066037735849061,15.066037735849061,3,8,"c04,c05,c06,c07,c12",False,OTHER,,,,,,,,,,,,,,,,,,,
AUSOMENT,140.04,164.9,C+D,164.9,164.9,192.86,178.0,-15.075803517283209,15.075803517283209,6,8,"c07,c12",False,OTHER,,,,,,,,,,,,,,,,,,,
SECMARK,125.04,147.27,C+D,147.27,147.27,132.32,147.27,-15.094723976369934,15.094723976369934,6,8,"c06,c12",False,OTHER,,,,,,,,,,,,,,,,,,,
NUVOCO,337.9,398.0,C+D,398.0,398.0,12167.85,477.5,-15.10050251256282,15.10050251256282,6,8,"c04,c06",True,OTHER,,,,,,,,,,,,,,,,,,,
LIBERTSHOE,251.45,296.2,C+D,296.2,296.2,444.96,404.95,-15.108035111411208,15.108035111411208,4,8,"c04,c05,c06,c12",False,OTHER,,,,,,,,,,,,,,,,,,,
MOBIKWIK,206.68,243.5,C+D,243.5,243.5,1604.86,334.0,-15.121149897330593,15.121149897330593,4,8,"c04,c05,c06,c07",False,OTHER,,,,,,,,,,,,,,,,,,,
DIGITIDE,104.1,122.66,C,122.66,126.3,1526.91,219.0,-15.131257133539869,15.131257133539869,5,8,"c04,c05,c06",False,OTHER,,,,,,,,,,,,,,,,,,,
ANDHRAPAP,61.0,71.89,C+D,71.89,71.89,1202.28,86.89,-15.148142996244262,15.148142996244262,2,8,"c04,c05,c06,c07,c08,c11",False,OTHER,,,,,,,,,,,,,,,,,,,
FUSION,206.16,243.0,C+D,243.0,243.0,2866.35,243.0,-15.160493827160495,15.160493827160495,6,8,"c06,c07",True,OTHER,,,,,,,,,,,,,,,,,,,
ANTELOPUS,792.1,933.65,C+D,933.65,933.65,2798.62,933.65,-15.160927542440952,15.160927542440952,6,8,"c06,c07",True,OTHER,,,,,,,,,,,,,,,,,,,
SOTL,691.0,814.8,C,814.8,666.6,4783.27,814.8,-15.193912616593025,15.193912616593025,7,8,c03,False,OTHER,,,,,,,,,,,,,,,,,,,
RELTD,166.57,196.45,C+D,196.45,196.45,3112.29,196.45,-15.20997709340799,15.20997709340799,6,8,"c06,c07",True,OTHER,,,,,,,,,,,,,,,,,,,
TINNARUBR,1120.8,1322.0,C+D,1322.0,1322.0,1988.03,1322.0,-15.21936459909229,15.21936459909229,7,8,c07,True,OTHER,,,,,,,,,,,,,,,,,,,
TATASTEEL,190.24,224.4,C+D,224.4,224.4,237693.2,224.4,-15.222816399286987,15.222816399286987,5,8,"c06,c07,c08",False,OTHER,,,,,,,,,,,,,,,,,,,
AVG,198.84,234.55,C+D,234.55,234.55,308.98,256.64,-15.224898742272439,15.224898742272439,4,8,"c04,c06,c07,c12",False,OTHER,,,,,,,,,,,,,,,,,,,
HUDCO,199.61,235.5,C+D,235.5,235.5,39912.05,246.85,-15.239915074309973,15.239915074309973,4,8,"c04,c05,c06,c08",False,OTHER,,,,,,,,,,,,,,,,,,,
ORIENTHOT,126.12,148.8,C+D,148.8,148.8,2241.02,149.5,-15.241935483870972,15.241935483870972,6,8,"c06,c07",True,OTHER,,,,,,,,,,,,,,,,,,,
KRISHNADEF,1186.2,1400.0,C+D,1400.0,1400.0,1782.02,1400.0,-15.271428571428569,15.271428571428569,5,8,"c06,c07,c08",False,OTHER,,,,,,,,,,,,,,,,,,,
TEAMLEASE,1253.5,1480.0,C,1480.0,1594.8,2106.12,1944.3,-15.304054054054053,15.304054054054053,5,8,"c04,c05,c06",False,OTHER,,,,,,,,,,,,,,,,,,,
TVTODAY,113.22,133.7,C+D,133.7,133.7,678.59,156.48,-15.317875841436043,15.317875841436043,4,8,"c04,c05,c06,c12",False,OTHER,,,,,,,,,,,,,,,,,,,
GODREJAGRO,556.05,656.7,C+D,656.7,656.7,10588.75,822.25,-15.32663316582916,15.32663316582916,3,8,"c04,c05,c06,c07,c08",False,OTHER,,,,,,,,,,,,,,,,,,,
ITDC,695.7,822.0,C+D,822.0,822.0,5976.81,822.0,-15.364963503649628,15.364963503649628,7,8,c06,True,OTHER,,,,,,,,,,,,,,,,,,,
JOCIL,148.2,175.12,C+D,175.12,175.12,131.9,175.12,-15.372316126084979,15.372316126084979,5,8,"c04,c06,c12",False,OTHER,,,,,,,,,,,,,,,,,,,
ASPINWALL,230.13,272.0,C+D,272.0,272.0,181.37,299.8,-15.39338235294118,15.39338235294118,4,8,"c04,c05,c06,c12",False,OTHER,,,,,,,,,,,,,,,,,,,
REDTAPE,134.49,158.99,C+D,158.99,158.99,7846.53,163.5,-15.409774199635196,15.409774199635196,6,8,"c04,c06",True,OTHER,,,,,,,,,,,,,,,,,,,
WONDERLA,484.5,572.9,C+D,572.9,572.9,3094.49,659.0,-15.430267062314536,15.430267062314536,5,8,"c04,c05,c06",False,OTHER,,,,,,,,,,,,,,,,,,,
ITC,282.65,334.25,C+D,334.25,334.25,354284.56,427.0,-15.437546746447275,15.437546746447275,5,8,"c04,c05,c06",False,OTHER,,,,,,,,,,,,,,,,,,,
AKASH,26.38,31.2,C+D,31.2,31.2,44.88,36.0,-15.448717948717949,15.448717948717949,1,8,"c04,c05,c06,c07,c08,c11,c12",False,OTHER,,,,,,,,,,,,,,,,,,,
GREENPLY,282.7,334.4,C+D,334.4,334.4,3564.99,334.4,-15.460526315789473,15.460526315789473,7,8,c06,True,OTHER,,,,,,,,,,,,,,,,,,,
SHEMAROO,120.84,143.0,C+D,143.0,143.0,347.55,143.0,-15.496503496503495,15.496503496503495,5,8,"c06,c07,c12",False,OTHER,,,,,,,,,,,,,,,,,,,
VAIBHAVGBL,238.45,282.3,C+D,282.3,282.3,4015.38,293.25,-15.53312079348212,15.53312079348212,6,8,"c06,c07",True,OTHER,,,,,,,,,,,,,,,,,,,
GICRE,352.8,417.95,C+D,417.95,417.95,62262.43,417.95,-15.587988993898785,15.587988993898785,4,8,"c04,c05,c06,c08",False,OTHER,,,,,,,,,,,,,,,,,,,
VRAJ,125.34,148.5,C+D,148.5,148.5,415.45,163.8,-15.595959595959593,15.595959595959593,4,8,"c04,c05,c06,c12",False,OTHER,,,,,,,,,,,,,,,,,,,
BIL,827.15,980.0,C+D,980.0,980.0,1085.77,980.0,-15.596938775510205,15.596938775510205,7,8,c06,True,OTHER,,,,,,,,,,,,,,,,,,,
TIINDIA,2815.0,3335.2,C+D,3335.2,3335.2,54295.55,3419.9,-15.597265531302465,15.597265531302465,4,8,"c04,c05,c06,c08",False,OTHER,,,,,,,,,,,,,,,,,,,
CMSINFO,279.35,331.0,C,331.0,336.9,4650.73,452.3,-15.60422960725075,15.60422960725075,5,8,"c04,c05,c06",False,OTHER,,,,,,,,,,,,,,,,,,,
SAMMAANCAP,162.3,192.34,C+D,192.34,192.34,13341.58,192.95,-15.6181761464074,15.6181761464074,6,8,"c06,c08",False,OTHER,,,,,,,,,,,,,,,,,,,
NDGL,2700.0,3200.0,C+D,3200.0,3200.0,267.0,4357.4,-15.625,15.625,3,8,"c04,c05,c06,c07,c12",False,OTHER,,,,,,,,,,,,,,,,,,,
BLS,260.71,309.0,C+D,309.0,309.0,10645.51,399.15,-15.627831715210364,15.627831715210364,5,8,"c04,c05,c06",False,OTHER,,,,,,,,,,,,,,,,,,,
RVHL,43.69,51.79,C+D,51.79,51.79,268.66,71.36,-15.640084958486197,15.640084958486197,2,8,"c04,c05,c06,c07,c11,c12",False,OTHER,,,,,,,,,,,,,,,,,,,
ZYDUSWELL,516.1,611.85,C+D,611.85,611.85,16487.04,611.85,-15.64926043965024,15.64926043965024,6,8,"c06,c07",True,OTHER,,,,,,,,,,,,,,,,,,,
HONDAPOWER,2104.4,2495.0,C+D,2495.0,2495.0,2142.99,3216.0,-15.655310621242483,15.655310621242483,3,8,"c04,c05,c06,c07,c08",False,OTHER,,,,,,,,,,,,,,,,,,,
GOYALALUM,6.45,7.65,C,7.65,7.89,92.88,11.37,-15.686274509803924,15.686274509803924,1,8,"c04,c05,c06,c07,c08,c11,c12",False,OTHER,,,,,,,,,,,,,,,,,,,
PLATIND,228.19,270.69,C+D,270.69,270.69,1260.55,342.4,-15.700616941889244,15.700616941889244,4,8,"c04,c05,c06,c07",False,OTHER,,,,,,,,,,,,,,,,,,,
SOUTHWEST,231.8,275.0,C+D,275.0,275.0,698.93,275.0,-15.709090909090905,15.709090909090905,4,8,"c06,c07,c08,c12",False,OTHER,,,,,,,,,,,,,,,,,,,
LORDSCHLO,142.43,169.0,C+D,169.0,169.0,411.71,233.0,-15.721893491124256,15.721893491124256,4,8,"c04,c05,c06,c12",False,OTHER,,,,,,,,,,,,,,,,,,,
V2RETAIL,218.48,259.25,C+D,259.25,259.25,7615.37,259.25,-15.726133076181295,15.726133076181295,6,8,"c06,c08",False,OTHER,,,,,,,,,,,,,,,,,,,
LTM,4795.0,5692.0,C,5692.0,6275.5,141916.26,6429.5,-15.758959943780745,15.758959943780745,5,8,"c04,c05,c06",False,OTHER,,,,,,,,,,,,,,,,,,,
3PLAND,31.5,37.4,C+D,37.4,37.4,56.26,52.9,-15.775401069518713,15.775401069518713,3,8,"c04,c05,c06,c11,c12",False,OTHER,,,,,,,,,,,,,,,,,,,
IDEA,12.92,15.34,C+D,15.34,15.34,140140.0,15.34,-15.77574967405476,15.77574967405476,4,8,"c06,c07,c08,c11",False,OTHER,,,,,,,,,,,,,,,,,,,
HINDUNILVR,2087.2,2479.6,C+D,2479.6,2479.6,492203.12,2705.09,-15.825133085981612,15.825133085981612,3,8,"c04,c05,c06,c07,c08",False,OTHER,,,,,,,,,,,,,,,,,,,
JAMNAAUTO,128.44,152.6,C+D,152.6,152.6,5160.23,152.6,-15.83224115334207,15.83224115334207,8,8,,True,OTHER,,,,,,,,,,,,,,,,,,,
LASA,7.7,9.15,C,9.15,9.45,39.74,14.08,-15.846994535519126,15.846994535519126,3,8,"c04,c05,c06,c11,c12",False,OTHER,,,,,,,,,,,,,,,,,,,
POWERMECH,2530.6,3007.5,C+D,3007.5,3007.5,7791.8,3260.0,-15.857024106400669,15.857024106400669,7,8,c06,True,OTHER,,,,,,,,,,,,,,,,,,,
IKIO,197.71,235.0,C+D,235.0,235.0,1514.86,252.9,-15.868085106382976,15.868085106382976,7,8,c04,True,OTHER,,,,,,,,,,,,,,,,,,,
MOIL,283.85,337.4,C,337.4,353.5,5761.11,404.9,-15.871369294605797,15.871369294605797,3,8,"c04,c05,c06,c07,c08",False,OTHER,,,,,,,,,,,,,,,,,,,
ROTO,66.34,78.87,C+D,78.87,78.87,1266.75,90.6,-15.886902497781161,15.886902497781161,4,8,"c04,c06,c07,c11",True,OTHER,,,,,,,,,,,,,,,,,,,
ALEMBICLTD,84.84,100.87,C+D,100.87,100.87,2199.09,110.56,-15.891741845940318,15.891741845940318,3,8,"c04,c05,c06,c07,c11",False,OTHER,,,,,,,,,,,,,,,,,,,
DCW,46.92,55.8,C+D,55.8,55.8,1389.31,81.31,-15.913978494623649,15.913978494623649,4,8,"c04,c05,c06,c11",False,OTHER,,,,,,,,,,,,,,,,,,,
BODALCHEM,68.86,81.9,C+D,81.9,81.9,867.32,81.9,-15.92185592185593,15.92185592185593,3,8,"c06,c07,c08,c11,c12",False,OTHER,,,,,,,,,,,,,,,,,,,
HECPROJECT,134.94,160.5,C+D,160.5,160.5,146.8,173.47,-15.925233644859816,15.925233644859816,6,8,"c06,c12",False,OTHER,,,,,,,,,,,,,,,,,,,
OMAXE,84.9,101.0,C+D,101.0,101.0,1566.43,101.0,-15.940594059405935,15.940594059405935,6,8,"c06,c11",True,OTHER,,,,,,,,,,,,,,,,,,,
TIRUPATIFL,70.5,83.9,C+D,83.9,83.9,895.66,83.9,-15.971394517282485,15.971394517282485,6,8,"c11,c12",False,OTHER,,,,,,,,,,,,,,,,,,,
HINDPETRO,393.15,467.9,C,467.9,475.75,83771.7,508.45,-15.975635819619576,15.975635819619576,5,8,"c04,c05,c06",False,OTHER,,,,,,,,,,,,,,,,,,,
IREDA,120.0,142.85,C+D,142.85,142.85,33262.67,163.35,-15.995799789989496,15.995799789989496,4,8,"c04,c05,c06,c08",False,OTHER,,,,,,,,,,,,,,,,,,,
MCLOUD,29.02,34.55,C+D,34.55,34.55,1720.44,90.5,-16.005788712011572,16.005788712011572,4,8,"c04,c05,c06,c11",False,OTHER,,,,,,,,,,,,,,,,,,,
EIDPARRY,791.25,942.15,C+D,942.15,942.15,14109.27,1196.4,-16.016557872950166,16.016557872950166,5,8,"c04,c05,c06",False,OTHER,,,,,,,,,,,,,,,,,,,
FISCHER,38.98,46.43,C+D,46.43,46.43,2508.62,124.7,-16.04566013353436,16.04566013353436,3,8,"c04,c05,c06,c07,c11",False,OTHER,,,,,,,,,,,,,,,,,,,
BAJAJELEC,363.1,432.55,C,432.55,442.0,4400.21,653.8,-16.05594728933071,16.05594728933071,5,8,"c04,c05,c06",False,OTHER,,,,,,,,,,,,,,,,,,,
KRITINUT,86.45,102.99,C+D,102.99,102.99,435.68,108.5,-16.05981163219729,16.05981163219729,2,8,"c04,c05,c06,c08,c11,c12",False,OTHER,,,,,,,,,,,,,,,,,,,
DCAL,188.3,224.4,C,224.4,233.85,2977.91,321.95,-16.087344028520494,16.087344028520494,5,8,"c04,c05,c06",False,OTHER,,,,,,,,,,,,,,,,,,,
ADANIGREEN,1369.0,1631.5,C+D,1631.5,1631.5,228735.64,1631.5,-16.089488201041984,16.089488201041984,5,8,"c06,c07,c08",False,OTHER,,,,,,,,,,,,,,,,,,,
RVTH,720.6,859.0,C+D,859.0,859.0,219.23,1300.0,-16.11175785797439,16.11175785797439,4,8,"c04,c05,c06,c12",False,OTHER,,,,,,,,,,,,,,,,,,,
BSL,124.0,147.85,C,147.85,151.0,128.39,208.0,-16.131214068312474,16.131214068312474,3,8,"c04,c05,c06,c07,c12",False,OTHER,,,,,,,,,,,,,,,,,,,
HATHWAY,10.81,12.89,C+D,12.89,12.89,1884.75,15.25,-16.13653995345229,16.13653995345229,4,8,"c04,c05,c06,c11",False,OTHER,,,,,,,,,,,,,,,,,,,
VMM,108.6,129.5,C+D,129.5,129.5,50996.51,157.6,-16.13899613899614,16.13899613899614,4,8,"c04,c05,c06,c08",False,OTHER,,,,,,,,,,,,,,,,,,,
TPLPLASTEH,75.74,90.33,C+D,90.33,90.33,597.55,90.33,-16.15188752352486,16.15188752352486,4,8,"c06,c07,c11,c12",False,OTHER,,,,,,,,,,,,,,,,,,,
INSECTICID,649.8,775.0,C+D,775.0,775.0,1896.74,1058.8,-16.154838709677424,16.154838709677424,4,8,"c04,c05,c06,c08",False,OTHER,,,,,,,,,,,,,,,,,,,
HPL,339.5,405.0,C+D,405.0,405.0,2205.3,597.65,-16.17283950617284,16.17283950617284,5,8,"c04,c05,c06",False,OTHER,,,,,,,,,,,,,,,,,,,
BAJAJHCARE,330.25,394.0,C+D,394.0,394.0,1101.06,515.9,-16.18020304568528,16.18020304568528,4,8,"c04,c05,c06,c07",False,OTHER,,,,,,,,,,,,,,,,,,,
GENUSPAPER,12.47,14.88,C+D,14.88,14.88,330.17,20.7,-16.196236559139784,16.196236559139784,3,8,"c04,c05,c06,c11,c12",False,OTHER,,,,,,,,,,,,,,,,,,,
KAMATHOTEL,167.26,199.6,C,199.6,223.81,475.86,329.8,-16.202404809619242,16.202404809619242,4,8,"c04,c05,c06,c12",False,OTHER,,,,,,,,,,,,,,,,,,,
HCLTECH,1357.2,1619.9,C,1619.9,1780.1,367539.01,1780.1,-16.21705043521205,16.21705043521205,5,8,"c04,c05,c06",False,OTHER,,,,,,,,,,,,,,,,,,,
MASFIN,300.65,358.85,C+D,358.85,358.85,5452.93,358.85,-16.21847568621988,16.21847568621988,5,8,"c06,c07,c08",False,OTHER,,,,,,,,,,,,,,,,,,,
EXICOM,153.22,182.9,C+D,182.9,182.9,2128.92,182.9,-16.227446692181523,16.227446692181523,7,8,c06,True,OTHER,,,,,,,,,,,,,,,,,,,
GUJALKALI,682.65,815.0,C+D,815.0,815.0,4987.84,815.0,-16.239263803680984,16.239263803680984,6,8,"c06,c08",False,OTHER,,,,,,,,,,,,,,,,,,,
SAGCEM,172.09,205.48,C+D,205.48,205.48,1859.55,299.4,-16.24975666731555,16.24975666731555,4,8,"c04,c05,c06,c07",False,OTHER,,,,,,,,,,,,,,,,,,,
TVSELECT,458.9,548.0,C+D,548.0,548.0,881.92,739.35,-16.259124087591246,16.259124087591246,6,8,"c06,c12",False,OTHER,,,,,,,,,,,,,,,,,,,
BALAMINES,2046.1,2443.6,C+D,2443.6,2443.6,6625.39,2443.6,-16.266983139630053,16.266983139630053,7,8,c07,True,OTHER,,,,,,,,,,,,,,,,,,,
HINDCOPPER,526.25,628.7,C,628.7,658.0,52562.27,760.05,-16.29553045967871,16.29553045967871,6,8,"c06,c08",False,OTHER,,,,,,,,,,,,,,,,,,,
POKARNA,959.0,1146.0,C,1146.0,1146.2,3038.85,1146.2,-16.31762652705061,16.31762652705061,7,8,c06,True,OTHER,,,,,,,,,,,,,,,,,,,
NDTV,76.14,91.0,C,91.0,92.0,859.14,134.5,-16.32967032967033,16.32967032967033,2,8,"c04,c05,c06,c07,c11,c12",False,OTHER,,,,,,,,,,,,,,,,,,,
TIMKEN,3283.9,3925.0,C+D,3925.0,3925.0,25049.42,3925.0,-16.333757961783437,16.333757961783437,5,8,"c05,c06,c08",False,OTHER,,,,,,,,,,,,,,,,,,,
COALINDIA,411.0,491.25,C+D,491.25,491.25,254035.83,491.25,-16.335877862595417,16.335877862595417,5,8,"c05,c06,c08",False,OTHER,,,,,,,,,,,,,,,,,,,
VINATIORGA,1321.6,1579.9,C,1579.9,1615.0,13724.65,1849.9,-16.34913602126718,16.34913602126718,5,8,"c04,c05,c06",False,OTHER,,,,,,,,,,,,,,,,,,,
EXPLEOSOL,835.5,999.0,C+D,999.0,999.0,1294.14,1175.1,-16.366366366366368,16.366366366366368,5,8,"c04,c05,c06",False,OTHER,,,,,,,,,,,,,,,,,,,
BPL,53.51,64.0,C+D,64.0,64.0,265.6,91.28,-16.390625000000004,16.390625000000004,3,8,"c04,c05,c06,c11,c12",False,OTHER,,,,,,,,,,,,,,,,,,,
NFL,72.47,86.68,C+D,86.68,86.68,3562.45,102.97,-16.393631748961706,16.393631748961706,4,8,"c04,c05,c06,c11",False,OTHER,,,,,,,,,,,,,,,,,,,
LICHSGFIN,500.0,598.2,C+D,598.2,598.2,27532.09,598.2,-16.415914409896363,16.415914409896363,3,8,"c04,c05,c06,c07,c08",False,OTHER,,,,,,,,,,,,,,,,,,,
HEMIPROP,136.91,163.85,C+D,163.85,163.85,3957.56,190.69,-16.441867561794325,16.441867561794325,4,8,"c04,c05,c06,c08",False,OTHER,,,,,,,,,,,,,,,,,,,
PALASHSECU,90.66,108.5,C+D,108.5,108.5,90.28,134.8,-16.442396313364057,16.442396313364057,3,8,"c04,c05,c06,c11,c12",False,OTHER,,,,,,,,,,,,,,,,,,,
LOVABLE,72.6,86.9,C+D,86.9,86.9,107.52,104.7,-16.45569620253166,16.45569620253166,3,8,"c04,c05,c06,c11,c12",False,OTHER,,,,,,,,,,,,,,,,,,,
ONELIFECAP,33.5,40.1,C+D,40.1,40.1,117.81,40.1,-16.458852867830426,16.458852867830426,5,8,"c07,c11,c12",False,OTHER,,,,,,,,,,,,,,,,,,,
INDIACEM,392.35,469.9,C,469.9,475.0,18368.36,485.8,-16.50351138540114,16.50351138540114,7,8,c06,True,OTHER,,,,,,,,,,,,,,,,,,,
MAHABANK,78.88,94.5,C+D,94.5,94.5,60384.18,94.5,-16.529100529100536,16.529100529100536,4,8,"c06,c07,c08,c11",False,OTHER,,,,,,,,,,,,,,,,,,,
PENIND,161.49,193.49,C+D,193.49,193.49,2179.3,279.9,-16.538322393922165,16.538322393922165,4,8,"c04,c05,c06,c07",False,OTHER,,,,,,,,,,,,,,,,,,,
DODLA,1050.8,1259.8,C+D,1259.8,1259.8,6346.23,1500.0,-16.58993491030322,16.58993491030322,5,8,"c04,c05,c06",False,OTHER,,,,,,,,,,,,,,,,,,,
CHEVIOT,1142.8,1370.5,C+D,1370.5,1370.5,680.44,1370.5,-16.61437431594309,16.61437431594309,6,8,"c06,c12",False,OTHER,,,,,,,,,,,,,,,,,,,
IFBAGRO,980.1,1175.4,C,1175.4,1223.8,918.19,1790.0,-16.615620214395104,16.615620214395104,5,8,"c06,c07,c12",False,OTHER,,,,,,,,,,,,,,,,,,,
PIIND,2751.6,3301.7,C,3301.7,3400.0,42058.68,3917.8,-16.661113971590392,16.661113971590392,5,8,"c04,c05,c06",False,OTHER,,,,,,,,,,,,,,,,,,,
GLOBAL,101.59,121.9,C+D,121.9,121.9,516.66,121.9,-16.661197703035278,16.661197703035278,4,8,"c06,c07,c08,c12",False,OTHER,,,,,,,,,,,,,,,,,,,
SICALLOG,102.07,122.5,C+D,122.5,122.5,625.73,122.5,-16.677551020408167,16.677551020408167,6,8,"c07,c12",False,OTHER,,,,,,,,,,,,,,,,,,,
INDTERRAIN,31.91,38.3,C,38.3,40.55,160.75,42.62,-16.684073107049603,16.684073107049603,2,8,"c04,c05,c06,c08,c11,c12",False,OTHER,,,,,,,,,,,,,,,,,,,
LIKHITHA,226.61,272.0,C+D,272.0,272.0,899.19,272.0,-16.687499999999993,16.687499999999993,4,8,"c04,c05,c06,c12",False,OTHER,,,,,,,,,,,,,,,,,,,
GUJTHEM,367.55,441.2,C+D,441.2,441.2,4015.59,479.0,-16.693109700815953,16.693109700815953,5,8,"c06,c07,c08",False,OTHER,,,,,,,,,,,,,,,,,,,
CENTRUM,26.25,31.52,C+D,31.52,31.52,1223.52,40.0,-16.71954314720812,16.71954314720812,4,8,"c04,c05,c06,c11",False,OTHER,,,,,,,,,,,,,,,,,,,
GODREJCP,1033.0,1240.4,C+D,1240.4,1240.4,105177.02,1309.0,-16.720412770074176,16.720412770074176,4,8,"c04,c05,c06,c07",False,OTHER,,,,,,,,,,,,,,,,,,,
VINYLINDIA,244.52,293.7,C+D,293.7,293.7,445.98,325.0,-16.74497786857337,16.74497786857337,3,8,"c04,c05,c06,c08,c12",False,OTHER,,,,,,,,,,,,,,,,,,,
APOLLO,388.25,466.5,C+D,466.5,466.5,13389.44,466.5,-16.773847802786708,16.773847802786708,8,8,,True,OTHER,,,,,,,,,,,,,,,,,,,
NAVKARCORP,100.66,120.95,C+D,120.95,120.95,1514.34,132.5,-16.775527077304673,16.775527077304673,4,8,"c04,c05,c06,c07",False,OTHER,,,,,,,,,,,,,,,,,,,
ALICON,722.9,868.95,C+D,868.95,868.95,1192.34,1022.0,-16.80764140629496,16.80764140629496,5,8,"c04,c05,c06",False,OTHER,,,,,,,,,,,,,,,,,,,
UFO,67.36,80.99,C+D,80.99,80.99,262.63,92.97,-16.82923817755278,16.82923817755278,2,8,"c04,c05,c06,c08,c11,c12",False,OTHER,,,,,,,,,,,,,,,,,,,
IZMO,977.5,1175.4,C+D,1175.4,1175.4,1448.56,1374.7,-16.836821507571898,16.836821507571898,6,8,"c06,c07",True,OTHER,,,,,,,,,,,,,,,,,,,
EMAMIPAP,111.18,133.7,C+D,133.7,133.7,690.07,133.7,-16.84367988032908,16.84367988032908,7,8,c12,False,OTHER,,,,,,,,,,,,,,,,,,,
PFS,28.77,34.6,C,34.6,34.92,1848.49,40.69,-16.849710982658962,16.849710982658962,3,8,"c04,c05,c06,c08,c11",False,OTHER,,,,,,,,,,,,,,,,,,,
ICICIGI,1648.8,1983.1,C+D,1983.1,1983.1,81971.25,2064.9,-16.857445413746152,16.857445413746152,4,8,"c04,c05,c06,c08",False,OTHER,,,,,,,,,,,,,,,,,,,
MUTHOOTMF,218.45,262.77,C+D,262.77,262.77,3633.16,262.77,-16.866461163755375,16.866461163755375,6,8,"c06,c07",True,OTHER,,,,,,,,,,,,,,,,,,,
SVLL,746.0,897.45,C+D,897.45,897.45,875.86,897.45,-16.87559195498357,16.87559195498357,6,8,"c06,c12",False,OTHER,,,,,,,,,,,,,,,,,,,
POWERGRID,270.1,324.95,C+D,324.95,324.95,252028.87,324.95,-16.87951992614247,16.87951992614247,3,8,"c04,c05,c06,c07,c08",False,OTHER,,,,,,,,,,,,,,,,,,,
DALBHARAT,1845.0,2219.9,C+D,2219.9,2219.9,34387.86,2496.3,-16.88814811477995,16.88814811477995,5,8,"c04,c05,c06",False,OTHER,,,,,,,,,,,,,,,,,,,
NSLNISP,44.67,53.75,C+D,53.75,53.75,13017.85,53.75,-16.89302325581395,16.89302325581395,5,8,"c06,c08,c11",False,OTHER,,,,,,,,,,,,,,,,,,,
PSB,23.67,28.49,C+D,28.49,28.49,16751.84,32.46,-16.918216918216906,16.918216918216906,4,8,"c04,c05,c06,c11",False,OTHER,,,,,,,,,,,,,,,,,,,
VISHWARAJ,5.4,6.5,C,6.5,6.67,110.94,10.2,-16.92307692307692,16.92307692307692,3,8,"c04,c05,c06,c11,c12",False,OTHER,,,,,,,,,,,,,,,,,,,
RIIL,754.3,908.0,C+D,908.0,908.0,1140.23,964.9,-16.927312775330403,16.927312775330403,4,8,"c04,c05,c06,c08",False,OTHER,,,,,,,,,,,,,,,,,,,
TCI,937.7,1129.0,C+D,1129.0,1129.0,7246.25,1242.0,-16.94419840566873,16.94419840566873,4,8,"c04,c05,c06,c07",False,OTHER,,,,,,,,,,,,,,,,,,,
SMSPHARMA,371.9,447.8,C+D,447.8,447.8,3535.31,447.8,-16.94953104064315,16.94953104064315,6,8,"c06,c08",False,OTHER,,,,,,,,,,,,,,,,,,,
ZIMLAB,111.17,133.9,C+D,133.9,133.9,551.13,133.9,-16.975354742345036,16.975354742345036,6,8,"c07,c12",False,OTHER,,,,,,,,,,,,,,,,,,,
VHLTD,127.01,153.0,C+D,153.0,153.0,865.71,155.36,-16.98692810457516,16.98692810457516,3,8,"c05,c06,c07,c08,c12",False,OTHER,,,,,,,,,,,,,,,,,,,
NBCC,94.85,114.29,C+D,114.29,114.29,25760.89,125.85,-17.009362148919426,17.009362148919426,3,8,"c04,c05,c06,c08,c11",False,OTHER,,,,,,,,,,,,,,,,,,,
MANUGRAPH,15.6,18.8,C+D,18.8,18.8,47.45,24.0,-17.021276595744688,17.021276595744688,3,8,"c04,c05,c06,c11,c12",False,OTHER,,,,,,,,,,,,,,,,,,,
AIROLAM,92.75,111.78,C+D,111.78,111.78,132.99,125.0,-17.024512435140455,17.024512435140455,3,8,"c04,c05,c06,c11,c12",False,OTHER,,,,,,,,,,,,,,,,,,,
EUROBOND,162.57,195.95,C+D,195.95,195.95,394.49,254.5,-17.03495789742281,17.03495789742281,3,8,"c04,c05,c06,c08,c12",False,OTHER,,,,,,,,,,,,,,,,,,,
MINDTECK,191.75,231.2,C+D,231.2,231.2,618.8,307.68,-17.063148788927332,17.063148788927332,2,8,"c04,c05,c06,c07,c08,c12",False,OTHER,,,,,,,,,,,,,,,,,,,
JKIL,498.65,601.3,C+D,601.3,601.3,3811.69,685.4,-17.071345418260435,17.071345418260435,5,8,"c04,c05,c06",False,OTHER,,,,,,,,,,,,,,,,,,,
HPIL,126.05,152.0,C+D,152.0,152.0,148.09,164.0,-17.072368421052634,17.072368421052634,3,8,"c04,c05,c06,c08,c12",False,OTHER,,,,,,,,,,,,,,,,,,,
INDOSTAR,242.1,292.0,C+D,292.0,292.0,3911.92,292.0,-17.089041095890412,17.089041095890412,4,8,"c04,c05,c06,c07",False,OTHER,,,,,,,,,,,,,,,,,,,
TVSSRICHAK,3954.5,4770.0,C+D,4770.0,4770.0,3031.24,4775.8,-17.09643605870021,17.09643605870021,7,8,c06,True,OTHER,,,,,,,,,,,,,,,,,,,
SOLARA,514.2,620.35,C+D,620.35,620.35,2396.92,712.0,-17.11130813250584,17.11130813250584,3,8,"c04,c05,c06,c07,c08",False,OTHER,,,,,,,,,,,,,,,,,,,
ADANIPOWER,210.65,254.2,C+D,254.2,254.2,402404.16,254.2,-17.132179386309986,17.132179386309986,5,8,"c06,c07,c08",False,OTHER,,,,,,,,,,,,,,,,,,,
RADAAN,3.09,3.73,C+D,3.73,3.73,16.81,3.99,-17.158176943699736,17.158176943699736,2,8,"c04,c05,c06,c07,c11,c12",False,OTHER,,,,,,,,,,,,,,,,,,,
DTIL,136.07,164.3,C+D,164.3,164.3,139.85,211.45,-17.181984175289113,17.181984175289113,4,8,"c04,c05,c06,c12",False,OTHER,,,,,,,,,,,,,,,,,,,
DUCON,3.37,4.07,C,4.07,4.3,103.18,6.45,-17.199017199017202,17.199017199017202,3,8,"c04,c05,c06,c11,c12",False,OTHER,,,,,,,,,,,,,,,,,,,
SATIN,226.89,274.14,C+D,274.14,274.14,2518.43,274.14,-17.235718975705844,17.235718975705844,6,8,"c06,c07",True,OTHER,,,,,,,,,,,,,,,,,,,
PSPPROJECT,945.9,1143.0,C+D,1143.0,1143.0,3763.62,1143.0,-17.24409448818898,17.24409448818898,6,8,"c06,c07",True,OTHER,,,,,,,,,,,,,,,,,,,
HINDCON,22.16,26.78,C+D,26.78,26.78,84.91,37.75,-17.251680358476477,17.251680358476477,2,8,"c04,c05,c06,c07,c11,c12",False,OTHER,,,,,,,,,,,,,,,,,,,
GMBREW,901.1,1089.0,C+D,1089.0,1089.0,2064.96,1328.8,-17.254361799816344,17.254361799816344,5,8,"c05,c06,c08",False,OTHER,,,,,,,,,,,,,,,,,,,
PANSARI,321.75,388.9,C+D,388.9,388.9,560.29,388.9,-17.2666495242993,17.2666495242993,5,8,"c06,c07,c12",False,OTHER,,,,,,,,,,,,,,,,,,,
BALKRISHNA,17.37,21.0,C+D,21.0,21.0,56.08,25.97,-17.28571428571428,17.28571428571428,3,8,"c04,c05,c06,c11,c12",False,OTHER,,,,,,,,,,,,,,,,,,,
PASUPTAC,65.27,78.95,C+D,78.95,78.95,581.72,78.95,-17.3274224192527,17.3274224192527,4,8,"c06,c08,c11,c12",False,OTHER,,,,,,,,,,,,,,,,,,,
EUREKAFORB,447.8,541.75,C,541.75,558.9,8781.78,668.3,-17.34194739270881,17.34194739270881,5,8,"c04,c05,c06",False,OTHER,,,,,,,,,,,,,,,,,,,
SATIA,62.3,75.39,C+D,75.39,75.39,623.83,90.7,-17.36304549675024,17.36304549675024,3,8,"c04,c05,c06,c11,c12",False,OTHER,,,,,,,,,,,,,,,,,,,
SIGMA,47.25,57.2,C+D,57.2,57.2,501.91,65.5,-17.3951048951049,17.3951048951049,3,8,"c04,c06,c07,c11,c12",False,OTHER,,,,,,,,,,,,,,,,,,,
RAYMONDREL,607.05,734.9,C+D,734.9,734.9,4248.47,734.9,-17.396924751666898,17.396924751666898,8,8,,True,OTHER,,,,,,,,,,,,,,,,,,,
ABSLAMC,1011.8,1224.9,C+D,1224.9,1224.9,29179.25,1224.9,-17.397338558249665,17.397338558249665,6,8,"c06,c08",False,OTHER,,,,,,,,,,,,,,,,,,,
MOTISONS,14.08,17.05,C+D,17.05,17.05,1389.81,20.81,-17.41935483870968,17.41935483870968,3,8,"c04,c05,c06,c07,c11",False,OTHER,,,,,,,,,,,,,,,,,,,
KMSUGAR,27.85,33.73,C+D,33.73,33.73,258.7,33.73,-17.432552623777042,17.432552623777042,4,8,"c04,c06,c11,c12",False,OTHER,,,,,,,,,,,,,,,,,,,
DREDGECORP,1061.8,1286.0,C+D,1286.0,1286.0,2682.97,1286.0,-17.433903576982896,17.433903576982896,5,8,"c06,c07,c08",False,OTHER,,,,,,,,,,,,,,,,,,,
MEGASTAR,323.65,392.0,C+D,392.0,392.0,362.36,392.0,-17.436224489795922,17.436224489795922,4,8,"c06,c07,c08,c12",False,OTHER,,,,,,,,,,,,,,,,,,,
PREMIERPOL,70.55,85.45,C+D,85.45,85.45,745.29,85.45,-17.437097717963727,17.437097717963727,6,8,"c11,c12",False,OTHER,,,,,,,,,,,,,,,,,,,
KIRLOSIND,3771.5,4574.8,C+D,4574.8,4574.8,3970.37,4574.8,-17.55923756229781,17.55923756229781,6,8,"c06,c07",True,OTHER,,,,,,,,,,,,,,,,,,,
TATACOMM,1739.4,2110.0,C+D,2110.0,2110.0,50235.08,2110.0,-17.563981042654024,17.563981042654024,5,8,"c06,c07,c08",False,OTHER,,,,,,,,,,,,,,,,,,,
AARON,139.99,169.85,C+D,169.85,169.85,289.0,258.0,-17.580217839269935,17.580217839269935,3,8,"c04,c05,c06,c07,c12",False,OTHER,,,,,,,,,,,,,,,,,,,
MONTECARLO,505.65,613.6,C,613.6,617.2,1062.12,860.95,-17.592894393741858,17.592894393741858,3,8,"c04,c05,c06,c07,c08",False,OTHER,,,,,,,,,,,,,,,,,,,
DEEDEV,626.2,760.0,C+D,760.0,760.0,4409.18,760.0,-17.605263157894733,17.605263157894733,6,8,"c07,c08",False,OTHER,,,,,,,,,,,,,,,,,,,
ZODIACLOTH,75.71,91.9,C+D,91.9,91.9,201.87,119.45,-17.616974972796527,17.616974972796527,3,8,"c04,c05,c06,c11,c12",False,OTHER,,,,,,,,,,,,,,,,,,,
NIACL,179.56,218.0,C+D,218.0,218.0,29208.79,218.0,-17.63302752293578,17.63302752293578,7,8,c06,True,OTHER,,,,,,,,,,,,,,,,,,,
JAICORPLTD,103.17,125.35,C+D,125.35,125.35,1804.73,178.24,-17.694455524531307,17.694455524531307,4,8,"c04,c05,c06,c08",False,OTHER,,,,,,,,,,,,,,,,,,,
KAYNES,3735.1,4538.6,C+D,4538.6,4538.6,24762.43,7705.0,-17.703697175340423,17.703697175340423,5,8,"c04,c05,c06",False,OTHER,,,,,,,,,,,,,,,,,,,
GTL,7.67,9.32,C+D,9.32,9.32,121.12,11.26,-17.703862660944207,17.703862660944207,3,8,"c04,c05,c06,c11,c12",False,OTHER,,,,,,,,,,,,,,,,,,,
SAIL,172.45,209.7,C+D,209.7,209.7,71301.37,209.7,-17.76347162613257,17.76347162613257,6,8,"c06,c08",False,OTHER,,,,,,,,,,,,,,,,,,,
KOTHARIPRO,68.52,83.35,C+D,83.35,83.35,418.9,109.0,-17.79244151169766,17.79244151169766,2,8,"c04,c05,c06,c08,c11,c12",False,OTHER,,,,,,,,,,,,,,,,,,,
PATELENG,29.54,35.95,C+D,35.95,35.95,2691.65,41.31,-17.830319888734362,17.830319888734362,4,8,"c04,c05,c06,c11",False,OTHER,,,,,,,,,,,,,,,,,,,
TATAPOWER,382.0,464.9,C+D,464.9,464.9,121315.71,464.9,-17.831791783179174,17.831791783179174,3,8,"c04,c05,c06,c07,c08",False,OTHER,,,,,,,,,,,,,,,,,,,
SANSTAR,112.96,137.49,C+D,137.49,137.49,2063.09,137.49,-17.841297548912657,17.841297548912657,6,8,"c06,c08",False,OTHER,,,,,,,,,,,,,,,,,,,
NTPC,340.45,414.4,C+D,414.4,414.4,328099.74,414.4,-17.84507722007722,17.84507722007722,4,8,"c05,c06,c07,c08",False,OTHER,,,,,,,,,,,,,,,,,,,
ONESOURCE,1575.4,1917.8,C+D,1917.8,1917.8,18158.37,1925.0,-17.853790801960574,17.853790801960574,3,8,"c04,c05,c06,c07,c08",False,OTHER,,,,,,,,,,,,,,,,,,,
BAYERCROP,4157.3,5063.0,C+D,5063.0,5063.0,18673.11,5706.0,-17.88860359470669,17.88860359470669,3,8,"c04,c05,c06,c07,c08",False,OTHER,,,,,,,,,,,,,,,,,,,
TEXRAIL,107.35,130.75,C+D,130.75,130.75,4394.37,153.0,-17.896749521988532,17.896749521988532,4,8,"c04,c05,c06,c07",False,OTHER,,,,,,,,,,,,,,,,,,,
ARFIN,87.15,106.2,C+D,106.2,106.2,1483.16,106.2,-17.93785310734463,17.93785310734463,4,8,"c06,c07,c08,c11",False,OTHER,,,,,,,,,,,,,,,,,,,
MALUPAPER,31.84,38.8,C+D,38.8,38.8,56.29,45.57,-17.9381443298969,17.9381443298969,3,8,"c04,c05,c06,c11,c12",False,OTHER,,,,,,,,,,,,,,,,,,,
AVANTEL,162.29,197.77,C+D,197.77,197.77,4377.72,215.0,-17.94003134954746,17.94003134954746,6,8,"c06,c08",False,OTHER,,,,,,,,,,,,,,,,,,,
JUSTDIAL,687.55,838.3,C+D,838.3,838.3,5823.23,878.6,-17.982822378623407,17.982822378623407,5,8,"c04,c06,c07",True,OTHER,,,,,,,,,,,,,,,,,,,
RACLGEAR,1387.6,1691.9,C+D,1691.9,1691.9,1631.92,1691.9,-17.985696554169877,17.985696554169877,8,8,,True,OTHER,,,,,,,,,,,,,,,,,,,
INDOCO,221.41,270.0,C+D,270.0,270.0,2004.15,332.2,-17.996296296296297,17.996296296296297,5,8,"c04,c05,c06",False,OTHER,,,,,,,,,,,,,,,,,,,
RELIGARE,229.6,280.0,C+D,280.0,280.0,7650.12,280.0,-18.000000000000004,18.000000000000004,6,8,"c06,c07",True,OTHER,,,,,,,,,,,,,,,,,,,
SWARAJENG,3602.3,4394.0,C+D,4394.0,4394.0,4393.92,4545.0,-18.017751479289938,18.017751479289938,4,8,"c05,c06,c07,c08",False,OTHER,,,,,,,,,,,,,,,,,,,
APTUS,253.25,309.0,C+D,309.0,309.0,12914.33,364.0,-18.042071197411,18.042071197411,4,8,"c04,c05,c06,c07",False,OTHER,,,,,,,,,,,,,,,,,,,
VINEETLAB,35.65,43.5,C+D,43.5,43.5,33.24,43.5,-18.04597701149426,18.04597701149426,4,8,"c06,c07,c11,c12",False,OTHER,,,,,,,,,,,,,,,,,,,
MANINFRA,113.64,138.69,C+D,138.69,138.69,4681.01,169.6,-18.06186459009301,18.06186459009301,5,8,"c04,c05,c06",False,OTHER,,,,,,,,,,,,,,,,,,,
QPOWER,1180.3,1441.0,C+D,1441.0,1441.0,9140.73,1441.0,-18.09160305343512,18.09160305343512,5,8,"c06,c07,c08",False,OTHER,,,,,,,,,,,,,,,,,,,
SPLPETRO,693.75,847.0,C+D,847.0,847.0,13017.89,979.0,-18.09327036599764,18.09327036599764,5,8,"c06,c07,c08",False,OTHER,,,,,,,,,,,,,,,,,,,
PRAKASH,130.23,159.0,C+D,159.0,159.0,2327.5,179.58,-18.094339622641517,18.094339622641517,4,8,"c04,c05,c06,c08",False,OTHER,,,,,,,,,,,,,,,,,,,
DRREDDY,1158.8,1414.9,C+D,1414.9,1414.9,97294.9,1414.9,-18.10021909675596,18.10021909675596,4,8,"c04,c05,c06,c08",False,OTHER,,,,,,,,,,,,,,,,,,,
MASKINVEST,158.57,193.64,C+D,193.64,193.64,49.42,246.09,-18.110927494319355,18.110927494319355,5,8,"c04,c06,c12",False,OTHER,,,,,,,,,,,,,,,,,,,
BORORENEW,548.5,669.9,C+D,669.9,669.9,7942.91,721.0,-18.12210777728019,18.12210777728019,6,8,"c06,c07",True,OTHER,,,,,,,,,,,,,,,,,,,
STARCEMENT,198.94,242.98,C,242.98,243.44,8109.8,308.95,-18.12494855543666,18.12494855543666,3,8,"c04,c05,c06,c07,c08",False,OTHER,,,,,,,,,,,,,,,,,,,
IRIS,238.2,290.95,C,290.95,306.35,499.53,388.1,-18.13026293177522,18.13026293177522,4,8,"c04,c05,c06,c12",False,OTHER,,,,,,,,,,,,,,,,,,,
LINC,100.45,122.75,C+D,122.75,122.75,589.37,139.6,-18.16700610997963,18.16700610997963,3,8,"c04,c05,c06,c07,c12",False,OTHER,,,,,,,,,,,,,,,,,,,
SBICARD,655.0,800.5,C+D,800.5,800.5,62350.75,965.0,-18.176139912554653,18.176139912554653,4,8,"c04,c05,c06,c07",False,OTHER,,,,,,,,,,,,,,,,,,,
GANECOS,1037.5,1268.0,C+D,1268.0,1268.0,2799.21,1489.0,-18.178233438485805,18.178233438485805,5,8,"c04,c06,c07",True,OTHER,,,,,,,,,,,,,,,,,,,
BFINVEST,478.4,584.7,C+D,584.7,584.7,1792.62,584.7,-18.18026338293143,18.18026338293143,6,8,"c04,c06",True,OTHER,,,,,,,,,,,,,,,,,,,
ASHAPURMIN,644.7,788.0,C+D,788.0,788.0,6302.25,924.9,-18.18527918781725,18.18527918781725,8,8,,True,OTHER,,,,,,,,,,,,,,,,,,,
SJVN,67.9,83.0,C+D,83.0,83.0,23103.04,101.45,-18.19277108433734,18.19277108433734,2,8,"c04,c05,c06,c07,c08,c11",False,OTHER,,,,,,,,,,,,,,,,,,,
ANGELONE,294.8,360.45,C+D,360.45,360.45,26669.99,360.45,-18.21334443057289,18.21334443057289,5,8,"c06,c07,c08",False,OTHER,,,,,,,,,,,,,,,,,,,
RTNPOWER,8.66,10.59,C+D,10.59,10.59,4421.98,12.9,-18.2247403210576,18.2247403210576,2,8,"c04,c05,c06,c07,c08,c11",False,OTHER,,,,,,,,,,,,,,,,,,,
ROUTE,535.5,655.0,C+D,655.0,655.0,3355.05,921.6,-18.244274809160306,18.244274809160306,4,8,"c04,c05,c06,c07",False,OTHER,,,,,,,,,,,,,,,,,,,
BORANA,343.35,420.0,C+D,420.0,420.0,911.47,420.0,-18.249999999999993,18.249999999999993,5,8,"c06,c08,c12",False,OTHER,,,,,,,,,,,,,,,,,,,
KIRIINDUS,429.7,525.9,C+D,525.9,525.9,2541.03,779.0,-18.292451036318692,18.292451036318692,5,8,"c04,c05,c06",False,OTHER,,,,,,,,,,,,,,,,,,,
SURAKSHA,265.5,324.95,C+D,324.95,324.95,1416.98,333.0,-18.295122326511766,18.295122326511766,3,8,"c04,c05,c06,c07,c08",False,OTHER,,,,,,,,,,,,,,,,,,,
NOCIL,167.06,204.5,C+D,204.5,204.5,2817.31,204.5,-18.3080684596577,18.3080684596577,4,8,"c04,c05,c06,c08",False,OTHER,,,,,,,,,,,,,,,,,,,
ARVEE,155.1,189.89,C+D,189.89,189.89,173.74,290.78,-18.321133287692874,18.321133287692874,2,8,"c04,c05,c06,c07,c08,c12",False,OTHER,,,,,,,,,,,,,,,,,,,
ICRA,5093.3,6239.0,C,6239.0,6329.5,4919.34,6982.0,-18.363519794838915,18.363519794838915,4,8,"c04,c05,c06,c08",False,OTHER,,,,,,,,,,,,,,,,,,,
BIRLAMONEY,133.46,163.49,C+D,163.49,163.49,756.89,197.39,-18.368095908006605,18.368095908006605,3,8,"c04,c05,c06,c07,c12",False,OTHER,,,,,,,,,,,,,,,,,,,
VASWANI,52.57,64.4,C+D,64.4,64.4,169.16,69.99,-18.36956521739131,18.36956521739131,3,8,"c05,c06,c08,c11,c12",False,OTHER,,,,,,,,,,,,,,,,,,,
NKIND,63.99,78.39,C+D,78.39,78.39,38.44,87.78,-18.369690011481055,18.369690011481055,2,8,"c04,c05,c06,c08,c11,c12",False,OTHER,,,,,,,,,,,,,,,,,,,
MMTC,63.95,78.35,C+D,78.35,78.35,9670.57,78.35,-18.379068283343962,18.379068283343962,4,8,"c05,c06,c08,c11",False,OTHER,,,,,,,,,,,,,,,,,,,
BIOFILCHEM,32.64,39.99,C,39.99,46.34,53.29,46.34,-18.379594898724683,18.379594898724683,2,8,"c04,c05,c06,c08,c11,c12",False,OTHER,,,,,,,,,,,,,,,,,,,
SURANASOL,26.51,32.5,C+D,32.5,32.5,130.53,39.08,-18.430769230769226,18.430769230769226,3,8,"c04,c05,c06,c11,c12",False,OTHER,,,,,,,,,,,,,,,,,,,
LUMAXIND,5655.5,6934.5,C+D,6934.5,6934.5,5287.08,6934.5,-18.444011824933305,18.444011824933305,6,8,"c06,c08",False,OTHER,,,,,,,,,,,,,,,,,,,
AHLEAST,142.96,175.3,C+D,175.3,175.3,247.29,175.3,-18.44837421563035,18.44837421563035,3,8,"c05,c06,c07,c08,c12",False,OTHER,,,,,,,,,,,,,,,,,,,
PNCINFRA,210.4,258.0,D,261.0,258.0,5809.92,325.0,-18.449612403100772,18.449612403100772,4,8,"c04,c05,c06,c07",False,OTHER,,,,,,,,,,,,,,,,,,,
FDC,360.35,442.0,C+D,442.0,442.0,5992.94,527.8,-18.472850678733028,18.472850678733028,4,8,"c04,c05,c06,c07",False,OTHER,,,,,,,,,,,,,,,,,,,
TTKPRESTIG,605.6,742.9,C+D,742.9,742.9,8300.72,771.2,-18.48162606003499,18.48162606003499,5,8,"c04,c06,c07",True,OTHER,,,,,,,,,,,,,,,,,,,
COCHINSHIP,1502.0,1842.8,C+D,1842.8,1842.8,39854.79,1979.9,-18.49359670067289,18.49359670067289,5,8,"c04,c05,c06",False,OTHER,,,,,,,,,,,,,,,,,,,
IRB,19.52,23.95,C+D,23.95,23.95,23962.56,23.95,-18.496868475991647,18.496868475991647,2,8,"c04,c05,c06,c07,c08,c11",False,OTHER,,,,,,,,,,,,,,,,,,,
BPCL,318.5,390.9,C,390.9,391.65,136604.49,391.65,-18.52136096188283,18.52136096188283,6,8,"c04,c06",True,OTHER,,,,,,,,,,,,,,,,,,,
STEL,535.55,657.3,C+D,657.3,657.3,1009.91,657.3,-18.522744561083222,18.522744561083222,6,8,"c06,c07",True,OTHER,,,,,,,,,,,,,,,,,,,
IXIGO,182.2,223.7,C+D,223.7,223.7,7436.29,339.15,-18.551631649530623,18.551631649530623,4,8,"c04,c05,c06,c07",False,OTHER,,,,,,,,,,,,,,,,,,,
KPRMILL,1086.0,1334.0,C+D,1334.0,1334.0,36727.91,1334.0,-18.590704647676162,18.590704647676162,7,8,c06,True,OTHER,,,,,,,,,,,,,,,,,,,
DHANUKA,1015.5,1248.0,C+D,1248.0,1248.0,4622.28,1665.0,-18.629807692307693,18.629807692307693,4,8,"c04,c05,c06,c07",False,OTHER,,,,,,,,,,,,,,,,,,,
PROTEAN,566.9,696.75,C+D,696.75,696.75,2334.88,945.5,-18.636526731252246,18.636526731252246,4,8,"c04,c05,c06,c07",False,OTHER,,,,,,,,,,,,,,,,,,,
GPPL,150.38,184.88,C+D,184.88,184.88,7244.97,200.09,-18.6607529208135,18.6607529208135,5,8,"c04,c05,c06",False,OTHER,,,,,,,,,,,,,,,,,,,
ORIENTCEM,137.27,168.78,C+D,168.78,168.78,2796.16,244.37,-18.669273610617367,18.669273610617367,5,8,"c04,c05,c06",False,OTHER,,,,,,,,,,,,,,,,,,,
ONMOBILE,68.31,84.0,C+D,84.0,84.0,732.69,84.0,-18.678571428571423,18.678571428571423,6,8,"c11,c12",False,OTHER,,,,,,,,,,,,,,,,,,,
RAJSREESUG,31.37,38.58,C+D,38.58,38.58,104.39,49.7,-18.68843960601347,18.68843960601347,2,8,"c04,c05,c06,c08,c11,c12",False,OTHER,,,,,,,,,,,,,,,,,,,
ABFRL,61.04,75.1,C+D,75.1,75.1,7453.36,94.95,-18.72170439414114,18.72170439414114,4,8,"c04,c05,c06,c11",False,OTHER,,,,,,,,,,,,,,,,,,,
MEDIASSIST,353.0,434.4,C+D,434.4,434.4,2581.43,594.1,-18.738489871086554,18.738489871086554,5,8,"c04,c05,c06",False,OTHER,,,,,,,,,,,,,,,,,,,
ASTRAL,1437.0,1768.7,C+D,1768.7,1768.7,38557.57,1768.7,-18.753887035675923,18.753887035675923,3,8,"c04,c05,c06,c07,c08",False,OTHER,,,,,,,,,,,,,,,,,,,
SFL,673.3,828.95,D,832.45,828.95,7394.95,832.45,-18.77676578804513,18.77676578804513,6,8,"c06,c07",True,OTHER,,,,,,,,,,,,,,,,,,,
SAURASHCEM,60.7,74.75,C,74.75,76.35,697.36,125.35,-18.795986622073574,18.795986622073574,3,8,"c04,c05,c06,c11,c12",False,OTHER,,,,,,,,,,,,,,,,,,,
EIHAHOTELS,295.0,363.3,C+D,363.3,363.3,1819.56,434.9,-18.799889898155797,18.799889898155797,4,8,"c04,c05,c06,c07",False,OTHER,,,,,,,,,,,,,,,,,,,
AMJLAND,38.16,47.0,C+D,47.0,47.0,159.56,61.0,-18.80851063829788,18.80851063829788,3,8,"c04,c05,c06,c11,c12",False,OTHER,,,,,,,,,,,,,,,,,,,
ENIL,101.49,125.02,C+D,125.02,125.02,485.13,174.58,-18.82098864181731,18.82098864181731,3,8,"c04,c05,c06,c07,c12",False,OTHER,,,,,,,,,,,,,,,,,,,
GTECJAINX,31.13,38.35,C+D,38.35,38.35,34.53,38.35,-18.826597131681883,18.826597131681883,5,8,"c04,c11,c12",False,OTHER,,,,,,,,,,,,,,,,,,,
TRANSWORLD,159.49,196.49,C+D,196.49,196.49,349.28,287.58,-18.83047483332485,18.83047483332485,4,8,"c04,c05,c06,c12",False,OTHER,,,,,,,,,,,,,,,,,,,
NITCO,96.91,119.4,C+D,119.4,119.4,2258.9,141.99,-18.83584589614741,18.83584589614741,5,8,"c06,c07,c11",True,OTHER,,,,,,,,,,,,,,,,,,,
AKSHOPTFBR,6.46,7.96,C+D,7.96,7.96,103.48,9.0,-18.84422110552764,18.84422110552764,2,8,"c04,c05,c06,c08,c11,c12",False,OTHER,,,,,,,,,,,,,,,,,,,
STAR,999.0,1231.0,C+D,1231.0,1231.0,9213.86,1231.0,-18.846466287571083,18.846466287571083,5,8,"c06,c07,c08",False,OTHER,,,,,,,,,,,,,,,,,,,
GANGESSECU,116.86,144.0,C+D,144.0,144.0,120.05,178.15,-18.847222222222225,18.847222222222225,4,8,"c04,c05,c06,c12",False,OTHER,,,,,,,,,,,,,,,,,,,
KOPRAN,177.71,219.0,C+D,219.0,219.0,851.12,219.0,-18.853881278538807,18.853881278538807,5,8,"c06,c07,c12",False,OTHER,,,,,,,,,,,,,,,,,,,
COMPUSOFT,13.2,16.27,C+D,16.27,16.27,105.48,21.89,-18.86908420405655,18.86908420405655,2,8,"c04,c05,c06,c07,c11,c12",False,OTHER,,,,,,,,,,,,,,,,,,,
RAILTEL,290.85,358.6,C+D,358.6,358.6,9324.72,412.9,-18.89291689905187,18.89291689905187,4,8,"c04,c05,c06,c08",False,OTHER,,,,,,,,,,,,,,,,,,,
MARALOVER,53.35,65.79,C+D,65.79,65.79,219.69,65.79,-18.90864873081016,18.90864873081016,3,8,"c04,c06,c07,c11,c12",False,OTHER,,,,,,,,,,,,,,,,,,,
ACI,518.75,639.8,C+D,639.8,639.8,6417.39,727.6,-18.91997499218505,18.91997499218505,3,8,"c04,c05,c06,c07,c08",False,OTHER,,,,,,,,,,,,,,,,,,,
ECLERX,1763.3,2174.8,C,2174.8,2497.5,16209.68,2497.5,-18.921280117711984,18.921280117711984,5,8,"c04,c06,c07",True,OTHER,,,,,,,,,,,,,,,,,,,
UTIAMC,907.85,1119.8,C+D,1119.8,1119.8,11660.56,1418.0,-18.92748705125915,18.92748705125915,4,8,"c04,c05,c06,c07",False,OTHER,,,,,,,,,,,,,,,,,,,
BFUTILITIE,563.05,694.55,C+D,694.55,694.55,2124.2,898.7,-18.933122165430856,18.933122165430856,4,8,"c04,c05,c06,c07",False,OTHER,,,,,,,,,,,,,,,,,,,
BEARDSELL,26.79,33.05,C+D,33.05,33.05,106.61,38.6,-18.940998487140693,18.940998487140693,3,8,"c04,c05,c06,c11,c12",False,OTHER,,,,,,,,,,,,,,,,,,,
DIGISPICE,17.79,21.95,C+D,21.95,21.95,438.94,35.5,-18.95216400911162,18.95216400911162,1,8,"c04,c05,c06,c07,c08,c11,c12",False,OTHER,,,,,,,,,,,,,,,,,,,
PNBGILTS,80.87,99.8,C+D,99.8,99.8,1464.09,109.99,-18.967935871743478,18.967935871743478,3,8,"c04,c05,c06,c07,c11",False,OTHER,,,,,,,,,,,,,,,,,,,
VALIANTLAB,67.81,83.7,C+D,83.7,83.7,372.68,100.98,-18.98446833930705,18.98446833930705,2,8,"c04,c05,c06,c08,c11,c12",False,OTHER,,,,,,,,,,,,,,,,,,,
CSLFINANCE,221.94,274.0,C,274.0,279.0,502.1,324.7,-19.0,19.0,4,8,"c04,c05,c06,c12",False,OTHER,,,,,,,,,,,,,,,,,,,
GILLANDERS,92.12,113.75,C+D,113.75,113.75,194.38,131.89,-19.015384615384612,19.015384615384612,3,8,"c04,c05,c06,c11,c12",False,OTHER,,,,,,,,,,,,,,,,,,,
SUNDARMFIN,4568.5,5642.0,C+D,5642.0,5642.0,50605.27,5642.0,-19.026940801134348,19.026940801134348,4,8,"c04,c05,c06,c07",False,OTHER,,,,,,,,,,,,,,,,,,,
EIHOTEL,303.15,374.55,C,374.55,374.65,19131.54,434.8,-19.062875450540655,19.062875450540655,4,8,"c04,c05,c06,c07",False,OTHER,,,,,,,,,,,,,,,,,,,
BALAXI,24.2,29.9,C+D,29.9,29.9,136.99,52.0,-19.06354515050167,19.06354515050167,3,8,"c04,c05,c06,c11,c12",False,OTHER,,,,,,,,,,,,,,,,,,,
BALUFORGE,461.2,569.9,C+D,569.9,569.9,5040.24,697.0,-19.0735216704685,19.0735216704685,5,8,"c04,c05,c06",False,OTHER,,,,,,,,,,,,,,,,,,,
RHL,169.44,209.38,C+D,209.38,209.38,297.49,309.9,-19.07536536440921,19.07536536440921,4,8,"c04,c05,c06,c12",False,OTHER,,,,,,,,,,,,,,,,,,,
DELTAMAGNT,59.37,73.38,C+D,73.38,73.38,65.24,93.45,-19.09239574816026,19.09239574816026,3,8,"c04,c05,c06,c11,c12",False,OTHER,,,,,,,,,,,,,,,,,,,
MOTOGENFIN,26.55,32.82,C+D,32.82,32.82,102.25,32.82,-19.104204753199266,19.104204753199266,3,8,"c06,c07,c08,c11,c12",False,OTHER,,,,,,,,,,,,,,,,,,,
TEJASNET,521.5,644.75,C+D,644.75,644.75,9251.99,647.0,-19.115936409461032,19.115936409461032,4,8,"c04,c05,c06,c08",False,OTHER,,,,,,,,,,,,,,,,,,,
KCP,152.12,188.1,C+D,188.1,188.1,1961.81,214.4,-19.12812333864965,19.12812333864965,4,8,"c04,c05,c06,c07",False,OTHER,,,,,,,,,,,,,,,,,,,
BSE,3596.1,4446.8,C+D,4446.8,4446.8,148278.61,4446.8,-19.130610776288574,19.130610776288574,5,8,"c06,c07,c08",False,OTHER,,,,,,,,,,,,,,,,,,,
ANIKINDS,42.2,52.19,C,52.19,52.57,95.07,98.85,-19.14159800728108,19.14159800728108,3,8,"c04,c05,c06,c11,c12",False,OTHER,,,,,,,,,,,,,,,,,,,
TRITURBINE,636.75,787.6,C+D,787.6,787.6,20432.38,787.6,-19.15312341289995,19.15312341289995,6,8,"c06,c08",False,OTHER,,,,,,,,,,,,,,,,,,,
ORIENTPPR,17.52,21.68,C+D,21.68,21.68,371.2,30.89,-19.18819188191882,19.18819188191882,3,8,"c04,c05,c06,c11,c12",False,OTHER,,,,,,,,,,,,,,,,,,,
ROHLTD,323.2,400.1,C+D,400.1,400.1,888.86,593.4,-19.220194951262194,19.220194951262194,4,8,"c04,c05,c06,c12",False,OTHER,,,,,,,,,,,,,,,,,,,
ASHOKLEY,174.0,215.42,C+D,215.42,215.42,103426.14,215.42,-19.227555473029426,19.227555473029426,7,8,c06,True,OTHER,,,,,,,,,,,,,,,,,,,
MODISONLTD,292.85,362.7,C+D,362.7,362.7,950.7,362.7,-19.25834022608215,19.25834022608215,8,8,,True,OTHER,,,,,,,,,,,,,,,,,,,
HALEOSLABS,1432.3,1774.0,C+D,1774.0,1774.0,423.91,1774.0,-19.26155580608794,19.26155580608794,4,8,"c06,c07,c08,c12",False,OTHER,,,,,,,,,,,,,,,,,,,
LOTUSEYE,115.61,143.2,C+D,143.2,143.2,233.66,147.0,-19.266759776536308,19.266759776536308,5,8,"c06,c08,c12",False,OTHER,,,,,,,,,,,,,,,,,,,
MAITHANALL,976.75,1210.1,C+D,1210.1,1210.1,2822.26,1210.1,-19.283530286753155,19.283530286753155,3,8,"c04,c05,c06,c07,c08",False,OTHER,,,,,,,,,,,,,,,,,,,
SANDUMA,204.9,253.9,C+D,253.9,253.9,9929.5,273.0,-19.29893658920835,19.29893658920835,5,8,"c06,c07,c08",False,OTHER,,,,,,,,,,,,,,,,,,,
MODIRUBBER,122.64,152.0,C+D,152.0,152.0,300.91,167.5,-19.315789473684212,19.315789473684212,4,8,"c05,c06,c08,c12",False,OTHER,,,,,,,,,,,,,,,,,,,
SHANTIGEAR,399.35,495.0,C+D,495.0,495.0,3077.74,598.9,-19.323232323232318,19.323232323232318,3,8,"c04,c05,c06,c07,c08",False,OTHER,,,,,,,,,,,,,,,,,,,
TGBHOTELS,9.18,11.38,C+D,11.38,11.38,25.91,13.4,-19.332161687170483,19.332161687170483,2,8,"c04,c05,c06,c07,c11,c12",False,OTHER,,,,,,,,,,,,,,,,,,,
TRIVENI,243.03,301.39,C+D,301.39,301.39,5320.2,301.39,-19.363615249344697,19.363615249344697,5,8,"c05,c06,c08",False,OTHER,,,,,,,,,,,,,,,,,,,
AEROFLEX,420.75,521.9,C+D,521.9,521.9,5516.17,521.9,-19.381107491856675,19.381107491856675,6,8,"c07,c08",False,OTHER,,,,,,,,,,,,,,,,,,,
DIAMINESQ,247.2,306.7,C+D,306.7,306.7,260.59,418.8,-19.40006521030323,19.40006521030323,4,8,"c04,c05,c06,c12",False,OTHER,,,,,,,,,,,,,,,,,,,
EBGNG,555.65,689.5,C+D,689.5,689.5,6281.45,689.5,-19.412617839013784,19.412617839013784,6,8,"c06,c07",True,OTHER,,,,,,,,,,,,,,,,,,,
SEJALLTD,715.0,887.4,C+D,887.4,887.4,815.51,1036.7,-19.427541131395085,19.427541131395085,4,8,"c06,c07,c08,c12",False,OTHER,,,,,,,,,,,,,,,,,,,
TCS,2425.7,3011.6,C,3011.6,3350.0,882155.46,3350.0,-19.454774870500735,19.454774870500735,5,8,"c04,c05,c06",False,OTHER,,,,,,,,,,,,,,,,,,,
MAHEPC,108.56,134.8,C+D,134.8,134.8,302.07,185.12,-19.465875370919886,19.465875370919886,3,8,"c04,c05,c06,c08,c12",False,OTHER,,,,,,,,,,,,,,,,,,,
FINPIPE,161.33,200.4,C+D,200.4,200.4,9952.82,222.5,-19.496007984031934,19.496007984031934,4,8,"c04,c05,c06,c08",False,OTHER,,,,,,,,,,,,,,,,,,,
BAIDFIN,9.98,12.4,C+D,12.4,12.4,154.11,12.98,-19.516129032258064,19.516129032258064,2,8,"c04,c05,c06,c08,c11,c12",False,OTHER,,,,,,,,,,,,,,,,,,,
ROLLT,3.01,3.74,C+D,3.74,3.74,81.54,3.74,-19.51871657754012,19.51871657754012,6,8,"c11,c12",False,OTHER,,,,,,,,,,,,,,,,,,,
CESC,164.58,204.5,C+D,204.5,204.5,21883.69,204.5,-19.520782396088013,19.520782396088013,4,8,"c05,c06,c07,c08",False,OTHER,,,,,,,,,,,,,,,,,,,
EPIGRAL,1126.6,1400.0,C+D,1400.0,1400.0,4871.6,1911.6,-19.528571428571436,19.528571428571436,5,8,"c04,c05,c06",False,OTHER,,,,,,,,,,,,,,,,,,,
PPAP,305.3,379.5,C+D,379.5,379.5,430.88,379.5,-19.55204216073781,19.55204216073781,7,8,c12,False,OTHER,,,,,,,,,,,,,,,,,,,
JYOTISTRUC,11.64,14.47,C+D,14.47,14.47,1377.37,17.99,-19.557705597788527,19.557705597788527,3,8,"c04,c05,c06,c08,c11",False,OTHER,,,,,,,,,,,,,,,,,,,
BIRLACORPN,897.5,1116.0,C+D,1116.0,1116.0,6954.58,1346.1,-19.578853046594983,19.578853046594983,5,8,"c04,c05,c06",False,OTHER,,,,,,,,,,,,,,,,,,,
TARIL,299.1,372.0,C+D,372.0,372.0,9014.93,552.0,-19.59677419354838,19.59677419354838,4,8,"c04,c05,c06,c08",False,OTHER,,,,,,,,,,,,,,,,,,,
RAMANEWS,33.76,42.0,C+D,42.0,42.0,494.52,42.0,-19.619047619047624,19.619047619047624,4,8,"c04,c06,c11,c12",False,OTHER,,,,,,,,,,,,,,,,,,,
SKFINDIA,1537.3,1914.0,C+D,1914.0,1914.0,7605.13,2330.13,-19.681295715778475,19.681295715778475,4,8,"c04,c05,c06,c08",False,OTHER,,,,,,,,,,,,,,,,,,,
VIVIDHA,0.53,0.66,C+D,0.66,0.66,16.1,0.91,-19.696969696969695,19.696969696969695,2,8,"c04,c05,c06,c07,c11,c12",False,OTHER,,,,,,,,,,,,,,,,,,,
XTGLOBAL,32.11,39.99,C+D,39.99,39.99,426.65,46.25,-19.704926231557895,19.704926231557895,3,8,"c04,c06,c07,c11,c12",False,OTHER,,,,,,,,,,,,,,,,,,,
SILGO,69.21,86.2,C+D,86.2,86.2,173.47,86.2,-19.70997679814386,19.70997679814386,4,8,"c06,c08,c11,c12",False,OTHER,,,,,,,,,,,,,,,,,,,
AMRUTANJAN,527.35,657.0,C,657.0,657.95,1526.61,790.95,-19.733637747336374,19.733637747336374,5,8,"c04,c05,c06",False,OTHER,,,,,,,,,,,,,,,,,,,
IRMENERGY,294.45,366.89,C+D,366.89,366.89,1224.95,393.0,-19.744337539862084,19.744337539862084,6,8,"c04,c06",True,OTHER,,,,,,,,,,,,,,,,,,,
SARDAEN,500.5,624.0,C+D,624.0,624.0,17695.5,639.75,-19.791666666666664,19.791666666666664,4,8,"c05,c06,c07,c08",False,OTHER,,,,,,,,,,,,,,,,,,,
IRCTC,522.25,651.25,C+D,651.25,651.25,41967.62,739.0,-19.808061420345492,19.808061420345492,5,8,"c04,c05,c06",False,OTHER,,,,,,,,,,,,,,,,,,,
VBL,445.5,555.8,C+D,555.8,555.8,150474.41,555.8,-19.845268082043894,19.845268082043894,3,8,"c04,c05,c06,c07,c08",False,OTHER,,,,,,,,,,,,,,,,,,,
EMAMILTD,409.5,511.0,C,511.0,528.0,17877.3,634.2,-19.863013698630137,19.863013698630137,5,8,"c04,c05,c06",False,OTHER,,,,,,,,,,,,,,,,,,,
OLAELEC,39.3,49.05,C+D,49.05,49.05,17707.96,71.25,-19.877675840978597,19.877675840978597,4,8,"c04,c05,c06,c11",False,OTHER,,,,,,,,,,,,,,,,,,,
VOLTAS,1267.9,1582.5,C+D,1582.5,1582.5,41972.73,1582.5,-19.879936808846757,19.879936808846757,4,8,"c04,c05,c06,c07",False,OTHER,,,,,,,,,,,,,,,,,,,
SPMLINFRA,188.11,234.8,C+D,234.8,234.8,1522.28,309.9,-19.885008517887563,19.885008517887563,3,8,"c04,c05,c06,c07,c08",False,OTHER,,,,,,,,,,,,,,,,,,,
SANOFI,3327.0,4153.3,C+D,4153.3,4153.3,7670.67,5291.0,-19.895023234536396,19.895023234536396,5,8,"c04,c05,c06",False,OTHER,,,,,,,,,,,,,,,,,,,
GSS,13.34,16.66,C+D,16.66,16.66,36.04,33.97,-19.92797118847539,19.92797118847539,3,8,"c04,c05,c06,c11,c12",False,OTHER,,,,,,,,,,,,,,,,,,,
KREBSBIO,57.23,71.5,C+D,71.5,71.5,122.32,82.49,-19.958041958041964,19.958041958041964,2,8,"c04,c05,c06,c08,c11,c12",False,OTHER,,,,,,,,,,,,,,,,,,,
MODTHREAD,46.26,57.8,C+D,57.8,57.8,164.0,62.0,-19.965397923875432,19.965397923875432,5,8,"c06,c11,c12",False,OTHER,,,,,,,,,,,,,,,,,,,
MFSL,1514.5,1892.5,C+D,1892.5,1892.5,51220.09,1892.5,-19.973579920739763,19.973579920739763,4,8,"c05,c06,c07,c08",False,OTHER,,,,,,,,,,,,,,,,,,,
TEXMOPIPES,43.52,54.4,C+D,54.4,54.4,128.53,62.0,-19.999999999999993,19.999999999999993,3,8,"c04,c05,c06,c11,c12",False,OTHER,,,,,,,,,,,,,,,,,,,
BLAL,171.98,215.0,C+D,215.0,215.0,736.18,233.8,-20.009302325581398,20.009302325581398,2,8,"c04,c05,c06,c07,c08,c12",False,OTHER,,,,,,,,,,,,,,,,,,,
SCI,294.95,368.75,C+D,368.75,368.75,13865.35,368.75,-20.013559322033903,20.013559322033903,6,8,"c06,c08",False,OTHER,,,,,,,,,,,,,,,,,,,
ELECTHERM,1021.4,1277.0,C+D,1277.0,1277.0,1313.58,1277.0,-20.01566170712608,20.01566170712608,6,8,"c06,c07",True,OTHER,,,,,,,,,,,,,,,,,,,
KRSNAA,567.6,709.75,C,709.75,733.1,1822.68,894.4,-20.02817893624515,20.02817893624515,5,8,"c04,c05,c06",False,OTHER,,,,,,,,,,,,,,,,,,,
JAGRAN,63.08,78.9,C+D,78.9,78.9,1372.87,78.9,-20.050697084917626,20.050697084917626,2,8,"c04,c05,c06,c07,c08,c11",False,OTHER,,,,,,,,,,,,,,,,,,,
AJMERA,123.04,153.9,C+D,153.9,153.9,2441.12,221.4,-20.05198180636777,20.05198180636777,4,8,"c04,c05,c06,c07",False,OTHER,,,,,,,,,,,,,,,,,,,
STERTOOLS,232.15,290.38,C+D,290.38,290.38,877.92,361.95,-20.053033955506574,20.053033955506574,3,8,"c04,c05,c06,c07,c12",False,OTHER,,,,,,,,,,,,,,,,,,,
TRF,234.55,293.45,C+D,293.45,293.45,258.99,405.0,-20.071562446754125,20.071562446754125,4,8,"c04,c05,c06,c12",False,OTHER,,,,,,,,,,,,,,,,,,,
MOSCHIP,204.42,255.78,C+D,255.78,255.78,3862.96,288.45,-20.07975604034718,20.07975604034718,6,8,"c06,c07",True,OTHER,,,,,,,,,,,,,,,,,,,
VOLTAMP,10279.5,12863.0,C+D,12863.0,12863.0,10319.09,12863.0,-20.084739174376118,20.084739174376118,6,8,"c06,c08",False,OTHER,,,,,,,,,,,,,,,,,,,
SARVESHWAR,3.42,4.28,C+D,4.28,4.28,375.22,8.45,-20.093457943925237,20.093457943925237,3,8,"c04,c05,c06,c11,c12",False,OTHER,,,,,,,,,,,,,,,,,,,
REFEX,296.7,371.4,C+D,371.4,371.4,4123.5,422.0,-20.11308562197092,20.11308562197092,4,8,"c04,c05,c06,c07",False,OTHER,,,,,,,,,,,,,,,,,,,
ALMONDZ,14.37,18.0,C+D,18.0,18.0,259.13,22.1,-20.16666666666667,20.16666666666667,2,8,"c04,c05,c06,c07,c11,c12",False,OTHER,,,,,,,,,,,,,,,,,,,
MTNL,27.51,34.48,C+D,34.48,34.48,1749.05,48.19,-20.21461716937354,20.21461716937354,4,8,"c04,c05,c06,c11",False,OTHER,,,,,,,,,,,,,,,,,,,
ZEEL,94.42,118.35,C+D,118.35,118.35,8930.61,124.14,-20.219687367976334,20.219687367976334,4,8,"c04,c06,c07,c11",True,OTHER,,,,,,,,,,,,,,,,,,,
GOPAL,273.6,343.0,C+D,343.0,343.0,3419.57,398.0,-20.233236151603492,20.233236151603492,5,8,"c04,c05,c06",False,OTHER,,,,,,,,,,,,,,,,,,,
JWL,257.4,322.75,C+D,322.75,322.75,11124.4,372.85,-20.24786986831914,20.24786986831914,4,8,"c04,c05,c06,c08",False,OTHER,,,,,,,,,,,,,,,,,,,
CROMPTON,247.55,310.5,C+D,310.5,310.5,15884.56,337.5,-20.273752012882444,20.273752012882444,3,8,"c04,c05,c06,c07,c08",False,OTHER,,,,,,,,,,,,,,,,,,,
WOCKPHARMA,1931.2,2422.3,C+D,2422.3,2422.3,32206.92,2422.3,-20.27411963836024,20.27411963836024,8,8,,True,OTHER,,,,,,,,,,,,,,,,,,,
PIGL,109.5,137.35,C+D,137.35,137.35,187.54,189.7,-20.276665453221693,20.276665453221693,4,8,"c04,c05,c06,c12",False,OTHER,,,,,,,,,,,,,,,,,,,
LEMONTREE,107.94,135.4,C+D,135.4,135.4,8506.59,180.68,-20.28064992614476,20.28064992614476,5,8,"c04,c05,c06",False,OTHER,,,,,,,,,,,,,,,,,,,
RML,1055.4,1323.9,C+D,1323.9,1323.9,2923.9,1323.9,-20.280987990029455,20.280987990029455,6,8,"c06,c07",True,OTHER,,,,,,,,,,,,,,,,,,,
NIRAJ,29.37,36.85,C+D,36.85,36.85,176.67,52.0,-20.29850746268657,20.29850746268657,3,8,"c04,c05,c06,c11,c12",False,OTHER,,,,,,,,,,,,,,,,,,,
CONTROLPR,579.9,727.95,C+D,727.95,727.95,930.83,899.0,-20.337935297753976,20.337935297753976,3,8,"c04,c05,c06,c08,c12",False,OTHER,,,,,,,,,,,,,,,,,,,
MIRZAINT,33.37,41.9,C,41.9,43.3,458.27,44.0,-20.357995226730313,20.357995226730313,2,8,"c04,c05,c06,c07,c11,c12",False,OTHER,,,,,,,,,,,,,,,,,,,
MTARTECH,6940.0,8714.0,C+D,8714.0,8714.0,21145.78,8714.0,-20.358044526050033,20.358044526050033,7,8,c08,False,OTHER,,,,,,,,,,,,,,,,,,,
DWARKESH,42.28,53.09,C+D,53.09,53.09,778.6,53.09,-20.361650028253912,20.361650028253912,2,8,"c04,c05,c06,c08,c11,c12",False,OTHER,,,,,,,,,,,,,,,,,,,
DLINKINDIA,437.35,549.2,C+D,549.2,549.2,1549.08,549.2,-20.365986890021855,20.365986890021855,4,8,"c05,c06,c07,c08",False,OTHER,,,,,,,,,,,,,,,,,,,
VAKRANGEE,6.02,7.56,C+D,7.56,7.56,654.25,9.77,-20.370370370370374,20.370370370370374,3,8,"c04,c05,c06,c11,c12",False,OTHER,,,,,,,,,,,,,,,,,,,
UNITEDTEA,469.75,590.0,C+D,590.0,590.0,235.38,590.0,-20.38135593220339,20.38135593220339,3,8,"c05,c06,c07,c08,c12",False,OTHER,,,,,,,,,,,,,,,,,,,
WIPRO,185.5,233.0,C,233.0,259.89,194292.73,273.1,-20.386266094420602,20.386266094420602,5,8,"c04,c05,c06",False,OTHER,,,,,,,,,,,,,,,,,,,
ADSL,115.36,144.9,C,144.9,147.8,651.99,209.53,-20.386473429951693,20.386473429951693,3,8,"c04,c05,c06,c07,c12",False,OTHER,,,,,,,,,,,,,,,,,,,
ESCORTS,3082.1,3872.3,C+D,3872.3,3872.3,34350.64,4180.0,-20.40647677091135,20.40647677091135,4,8,"c04,c05,c06,c07",False,OTHER,,,,,,,,,,,,,,,,,,,
RKDL,19.06,23.95,C+D,23.95,23.95,47.92,32.48,-20.417536534446768,20.417536534446768,2,8,"c04,c05,c06,c07,c11,c12",False,OTHER,,,,,,,,,,,,,,,,,,,
NAVNETEDUL,132.02,165.9,C+D,165.9,165.9,2932.84,168.5,-20.42194092827004,20.42194092827004,3,8,"c04,c05,c06,c07,c08",False,OTHER,,,,,,,,,,,,,,,,,,,
THEMISMED,108.98,137.0,C+D,137.0,137.0,1020.07,148.0,-20.452554744525546,20.452554744525546,5,8,"c04,c05,c06",False,OTHER,,,,,,,,,,,,,,,,,,,
SESHAPAPER,233.06,293.11,C+D,293.11,293.11,1406.45,293.11,-20.487189109890487,20.487189109890487,3,8,"c04,c05,c06,c07,c08",False,OTHER,,,,,,,,,,,,,,,,,,,
SIGNPOST,267.7,336.8,C+D,336.8,336.8,1436.35,336.8,-20.516627078384804,20.516627078384804,6,8,"c06,c07",True,OTHER,,,,,,,,,,,,,,,,,,,
SAMPANN,27.02,34.0,C,34.0,34.7,132.05,43.44,-20.529411764705884,20.529411764705884,3,8,"c04,c05,c06,c11,c12",False,OTHER,,,,,,,,,,,,,,,,,,,
MADHAV,34.96,44.0,C+D,44.0,44.0,31.37,49.95,-20.545454545454543,20.545454545454543,1,8,"c04,c05,c06,c07,c08,c11,c12",False,OTHER,,,,,,,,,,,,,,,,,,,
UNITEDPOLY,30.16,37.96,C+D,37.96,37.96,652.19,51.16,-20.547945205479454,20.547945205479454,3,8,"c06,c07,c08,c11,c12",False,OTHER,,,,,,,,,,,,,,,,,,,
JITFINFRA,344.05,433.15,C+D,433.15,433.15,883.73,478.0,-20.57024125591596,20.57024125591596,3,8,"c04,c05,c06,c07,c12",False,OTHER,,,,,,,,,,,,,,,,,,,
GUJRAFFIA,39.71,50.01,C+D,50.01,50.01,,88.0,-20.595880823835227,20.595880823835227,4,8,"c04,c05,c06,c11",False,OTHER,,,,,,,,,,,,,,,,,,,
HBLENGINE,694.55,875.0,C+D,875.0,875.0,19248.65,1122.0,-20.62285714285715,20.62285714285715,5,8,"c05,c06,c08",False,OTHER,,,,,,,,,,,,,,,,,,,
WEIZMANIND,78.98,99.5,C+D,99.5,99.5,121.16,122.5,-20.623115577889443,20.623115577889443,3,8,"c04,c05,c06,c11,c12",False,OTHER,,,,,,,,,,,,,,,,,,,
KANANIIND,1.5,1.89,C+D,1.89,1.89,27.19,2.27,-20.634920634920633,20.634920634920633,3,8,"c04,c05,c06,c11,c12",False,OTHER,,,,,,,,,,,,,,,,,,,
IFCI,76.02,95.8,C+D,95.8,95.8,20086.47,95.8,-20.647181628392484,20.647181628392484,4,8,"c06,c07,c08,c11",False,OTHER,,,,,,,,,,,,,,,,,,,
IONEXCHANG,385.65,486.0,C+D,486.0,486.0,4574.86,486.0,-20.648148148148152,20.648148148148152,4,8,"c04,c05,c06,c07",False,OTHER,,,,,,,,,,,,,,,,,,,
SHYAMCENT,5.07,6.39,C+D,6.39,6.39,102.71,9.75,-20.657276995305157,20.657276995305157,2,8,"c04,c05,c06,c07,c11,c12",False,OTHER,,,,,,,,,,,,,,,,,,,
PRECAM,142.02,179.0,C+D,179.0,179.0,1352.71,262.0,-20.659217877094964,20.659217877094964,4,8,"c04,c05,c06,c08",False,OTHER,,,,,,,,,,,,,,,,,,,
BBTC,1509.5,1903.0,C+D,1903.0,1903.0,10570.48,2135.0,-20.677877036258536,20.677877036258536,5,8,"c04,c05,c06",False,OTHER,,,,,,,,,,,,,,,,,,,
ARCHIES,13.92,17.55,C+D,17.55,17.55,47.75,24.38,-20.68376068376069,20.68376068376069,3,8,"c04,c05,c06,c11,c12",False,OTHER,,,,,,,,,,,,,,,,,,,
MCX,2759.3,3480.0,C+D,3480.0,3480.0,70282.25,3480.0,-20.709770114942526,20.709770114942526,5,8,"c06,c07,c08",False,OTHER,,,,,,,,,,,,,,,,,,,
DEN,27.26,34.39,C+D,34.39,34.39,1299.49,37.93,-20.732771154405345,20.732771154405345,3,8,"c04,c05,c06,c07,c11",False,OTHER,,,,,,,,,,,,,,,,,,,
TARC,131.38,165.76,C+D,165.76,165.76,4281.65,186.3,-20.740830115830114,20.740830115830114,4,8,"c04,c05,c06,c07",False,OTHER,,,,,,,,,,,,,,,,,,,
MUKTAARTS,55.0,69.4,C+D,69.4,69.4,122.28,84.2,-20.749279538904904,20.749279538904904,3,8,"c04,c05,c06,c11,c12",False,OTHER,,,,,,,,,,,,,,,,,,,
DCXINDIA,179.06,225.96,C+D,225.96,225.96,1815.02,286.0,-20.755885997521688,20.755885997521688,3,8,"c04,c05,c06,c07,c08",False,OTHER,,,,,,,,,,,,,,,,,,,
ACC,1357.6,1713.5,C+D,1713.5,1713.5,25583.26,1987.0,-20.770353078494317,20.770353078494317,5,8,"c04,c05,c06",False,OTHER,,,,,,,,,,,,,,,,,,,
NINSYS,740.7,935.0,C+D,935.0,935.0,1345.82,935.0,-20.7807486631016,20.7807486631016,7,8,c07,True,OTHER,,,,,,,,,,,,,,,,,,,
ASHOKAMET,14.02,17.7,C+D,17.7,17.7,35.19,21.0,-20.7909604519774,20.7909604519774,2,8,"c04,c05,c06,c08,c11,c12",False,OTHER,,,,,,,,,,,,,,,,,,,
CANBK,129.0,162.89,C+D,162.89,162.89,117867.96,162.89,-20.805451531708506,20.805451531708506,5,8,"c05,c06,c08",False,OTHER,,,,,,,,,,,,,,,,,,,
ATAM,65.04,82.15,C+D,82.15,82.15,75.09,111.0,-20.827754108338404,20.827754108338404,3,8,"c04,c05,c06,c11,c12",False,OTHER,,,,,,,,,,,,,,,,,,,
PFC,385.15,486.5,C+D,486.5,486.5,127755.8,486.5,-20.832476875642346,20.832476875642346,5,8,"c06,c07,c08",False,OTHER,,,,,,,,,,,,,,,,,,,
NUVAMA,1635.6,2066.0,C+D,2066.0,2066.0,29314.29,2066.0,-20.832526621490807,20.832526621490807,6,8,"c06,c07",True,OTHER,,,,,,,,,,,,,,,,,,,
ONIDA,38.97,49.23,C+D,49.23,49.23,1461.5,49.23,-20.840950639853745,20.840950639853745,4,8,"c06,c07,c08,c11",False,OTHER,,,,,,,,,,,,,,,,,,,
GHCL,434.45,549.0,C,549.0,568.0,3950.36,667.2,-20.865209471766853,20.865209471766853,4,8,"c04,c05,c06,c07",False,OTHER,,,,,,,,,,,,,,,,,,,
GALAPREC,997.0,1260.0,C+D,1260.0,1260.0,1277.81,1260.0,-20.873015873015873,20.873015873015873,6,8,"c06,c07",True,OTHER,,,,,,,,,,,,,,,,,,,
SPANDANA,252.7,319.4,C+D,319.4,319.4,2034.75,319.4,-20.88290544771446,20.88290544771446,4,8,"c04,c05,c06,c07",False,OTHER,,,,,,,,,,,,,,,,,,,
ACCURACY,4.77,6.03,C+D,6.03,6.03,71.36,7.88,-20.89552238805971,20.89552238805971,1,8,"c04,c05,c06,c07,c08,c11,c12",False,OTHER,,,,,,,,,,,,,,,,,,,
TAINWALCHM,203.27,257.0,C+D,257.0,257.0,189.76,257.0,-20.906614785992215,20.906614785992215,5,8,"c04,c06,c12",False,OTHER,,,,,,,,,,,,,,,,,,,
STCINDIA,118.63,150.0,C+D,150.0,150.0,720.36,150.7,-20.913333333333338,20.913333333333338,3,8,"c04,c05,c06,c07,c12",False,OTHER,,,,,,,,,,,,,,,,,,,
IRCON,130.01,164.4,C+D,164.4,164.4,12251.13,189.5,-20.918491484184923,20.918491484184923,4,8,"c04,c05,c06,c08",False,OTHER,,,,,,,,,,,,,,,,,,,
AMBER,7095.0,8974.0,C+D,8974.0,8974.0,25119.75,8974.0,-20.938266102072657,20.938266102072657,5,8,"c06,c07,c08",False,OTHER,,,,,,,,,,,,,,,,,,,
GREENPANEL,190.06,240.4,C+D,240.4,240.4,2338.67,333.8,-20.940099833610653,20.940099833610653,4,8,"c04,c05,c06,c07",False,OTHER,,,,,,,,,,,,,,,,,,,
BANKINDIA,141.0,178.36,C+D,178.36,178.36,64548.36,178.36,-20.946400538237278,20.946400538237278,6,8,"c06,c08",False,OTHER,,,,,,,,,,,,,,,,,,,
BAJAJCON,547.05,692.0,C+D,692.0,692.0,7125.42,692.0,-20.94653179190752,20.94653179190752,6,8,"c06,c08",False,OTHER,,,,,,,,,,,,,,,,,,,
MUFTI,86.95,110.0,C+D,110.0,110.0,577.17,130.7,-20.95454545454545,20.95454545454545,3,8,"c04,c05,c06,c11,c12",False,OTHER,,,,,,,,,,,,,,,,,,,
PALREDTEC,47.55,60.2,C+D,60.2,60.2,57.93,73.6,-21.013289036544858,21.013289036544858,3,8,"c04,c05,c06,c11,c12",False,OTHER,,,,,,,,,,,,,,,,,,,
DONEAR,84.12,106.5,C+D,106.5,106.5,434.71,116.51,-21.01408450704225,21.01408450704225,1,8,"c04,c05,c06,c07,c08,c11,c12",False,OTHER,,,,,,,,,,,,,,,,,,,
JUBLCPL,1782.0,2256.2,C+D,2256.2,2256.2,2696.48,3013.4,-21.017640280117007,21.017640280117007,6,8,"c05,c06",False,OTHER,,,,,,,,,,,,,,,,,,,
ACL,48.01,60.8,C,60.8,61.12,435.49,109.99,-21.036184210526315,21.036184210526315,2,8,"c04,c05,c06,c08,c11,c12",False,OTHER,,,,,,,,,,,,,,,,,,,
NESCO,1045.4,1323.9,C+D,1323.9,1323.9,7378.3,1638.9,-21.036332049248433,21.036332049248433,3,8,"c04,c05,c06,c07,c08",False,OTHER,,,,,,,,,,,,,,,,,,,
RGL,116.77,147.9,C+D,147.9,147.9,1260.73,147.9,-21.04800540906018,21.04800540906018,6,8,"c04,c06",True,OTHER,,,,,,,,,,,,,,,,,,,
AERONEU,83.26,105.5,C+D,105.5,105.5,194.71,125.37,-21.08056872037914,21.08056872037914,3,8,"c06,c07,c08,c11,c12",False,OTHER,,,,,,,,,,,,,,,,,,,
VIPIND,319.5,405.0,C+D,405.0,405.0,4544.95,454.3,-21.11111111111111,21.11111111111111,5,8,"c04,c05,c06",False,OTHER,,,,,,,,,,,,,,,,,,,
FACT,834.7,1058.6,C+D,1058.6,1058.6,54219.54,1058.6,-21.150576232760237,21.150576232760237,4,8,"c04,c05,c06,c08",False,OTHER,,,,,,,,,,,,,,,,,,,
STYLEBAAZA,336.65,427.0,C+D,427.0,427.0,2509.71,427.0,-21.1592505854801,21.1592505854801,5,8,"c05,c06,c08",False,OTHER,,,,,,,,,,,,,,,,,,,
CEIGALL,319.8,405.7,C+D,405.7,405.7,5533.2,405.7,-21.173280749322153,21.173280749322153,5,8,"c06,c07,c08",False,OTHER,,,,,,,,,,,,,,,,,,,
DABUR,414.2,525.5,C+D,525.5,525.5,73194.59,577.0,-21.179828734538535,21.179828734538535,3,8,"c04,c05,c06,c07,c08",False,OTHER,,,,,,,,,,,,,,,,,,,
RUCHINFRA,5.61,7.12,C+D,7.12,7.12,132.02,8.25,-21.20786516853932,21.20786516853932,1,8,"c04,c05,c06,c07,c08,c11,c12",False,OTHER,,,,,,,,,,,,,,,,,,,
VEDL,283.65,360.0,C+D,360.0,360.0,111489.93,360.0,-21.20833333333334,21.20833333333334,6,8,"c06,c08",False,OTHER,,,,,,,,,,,,,,,,,,,
MCL,58.8,74.64,C,74.64,82.55,161.74,93.2,-21.22186495176849,21.22186495176849,3,8,"c05,c06,c08,c11,c12",False,OTHER,,,,,,,,,,,,,,,,,,,
AMBUJACEM,430.85,547.0,C+D,547.0,547.0,107491.12,605.45,-21.234003656307127,21.234003656307127,5,8,"c04,c05,c06",False,OTHER,,,,,,,,,,,,,,,,,,,
GVPTECH,7.0,8.89,C+D,8.89,8.89,118.32,11.39,-21.259842519685044,21.259842519685044,2,8,"c04,c05,c06,c07,c11,c12",False,OTHER,,,,,,,,,,,,,,,,,,,
VETO,121.17,153.95,C+D,153.95,153.95,231.39,153.95,-21.292627476453386,21.292627476453386,5,8,"c06,c08,c12",False,OTHER,,,,,,,,,,,,,,,,,,,
HINDWAREAP,214.84,272.99,C+D,272.99,272.99,1837.86,392.7,-21.301146562145135,21.301146562145135,5,8,"c04,c05,c06",False,OTHER,,,,,,,,,,,,,,,,,,,
DBREALTY,116.71,148.3,C+D,148.3,148.3,6414.44,187.4,-21.301416048550244,21.301416048550244,5,8,"c04,c05,c06",False,OTHER,,,,,,,,,,,,,,,,,,,
JISLDVREQS,20.8,26.45,C+D,26.45,26.45,1720.26,35.48,-21.36105860113421,21.36105860113421,4,8,"c04,c05,c06,c11",False,OTHER,,,,,,,,,,,,,,,,,,,
DCM,82.0,104.3,C+D,104.3,104.3,152.89,105.0,-21.380632790028763,21.380632790028763,2,8,"c04,c05,c06,c07,c11,c12",False,OTHER,,,,,,,,,,,,,,,,,,,
FCSSOFT,1.47,1.87,C,1.87,1.88,253.01,2.59,-21.390374331550806,21.390374331550806,2,8,"c04,c05,c06,c07,c11,c12",False,OTHER,,,,,,,,,,,,,,,,,,,
DOLLAR,278.5,354.4,C+D,354.4,354.4,1575.05,396.0,-21.416478555304735,21.416478555304735,5,8,"c04,c05,c06",False,OTHER,,,,,,,,,,,,,,,,,,,
HGINFRA,553.95,704.95,C+D,704.95,704.95,3612.76,1049.95,-21.41995886233066,21.41995886233066,5,8,"c04,c05,c06",False,OTHER,,,,,,,,,,,,,,,,,,,
SUZLON,47.5,60.45,C+D,60.45,60.45,65802.66,64.95,-21.422663358147233,21.422663358147233,3,8,"c04,c05,c06,c08,c11",False,OTHER,,,,,,,,,,,,,,,,,,,
TIJARIA,5.9,7.51,C+D,7.51,7.51,17.05,8.59,-21.438082556591205,21.438082556591205,3,8,"c04,c05,c06,c11,c12",False,OTHER,,,,,,,,,,,,,,,,,,,
KOHINOOR,23.17,29.5,C+D,29.5,29.5,86.15,36.26,-21.457627118644062,21.457627118644062,1,8,"c04,c05,c06,c07,c08,c11,c12",False,OTHER,,,,,,,,,,,,,,,,,,,
RAMCOCEM,953.75,1214.5,C+D,1214.5,1214.5,22832.93,1214.5,-21.469740634005763,21.469740634005763,5,8,"c04,c05,c06",False,OTHER,,,,,,,,,,,,,,,,,,,
ASIANHOTNR,316.1,402.55,C+D,402.55,402.55,1140.05,402.55,-21.475593094025584,21.475593094025584,6,8,"c04,c06",True,OTHER,,,,,,,,,,,,,,,,,,,
ESABINDIA,5746.0,7319.5,C+D,7319.5,7319.5,8842.34,7319.5,-21.497370038937085,21.497370038937085,5,8,"c05,c06,c08",False,OTHER,,,,,,,,,,,,,,,,,,,
SUNCLAY,1234.5,1573.4,C+D,1573.4,1573.4,2734.12,1942.0,-21.539341553324014,21.539341553324014,3,8,"c04,c05,c06,c07,c08",False,OTHER,,,,,,,,,,,,,,,,,,,
TTML,39.02,49.74,C+D,49.74,49.74,7642.05,60.89,-21.552070767993563,21.552070767993563,2,8,"c04,c05,c06,c07,c08,c11",False,OTHER,,,,,,,,,,,,,,,,,,,
GMRP&UI,96.48,123.0,C+D,123.0,123.0,7355.28,136.95,-21.560975609756095,21.560975609756095,2,8,"c04,c05,c06,c07,c08,c11",False,OTHER,,,,,,,,,,,,,,,,,,,
CINEVISTA,14.87,18.96,C+D,18.96,18.96,85.52,22.8,-21.571729957805914,21.571729957805914,1,8,"c04,c05,c06,c07,c08,c11,c12",False,OTHER,,,,,,,,,,,,,,,,,,,
ATLASCYCLE,96.95,123.67,C+D,123.67,123.67,81.81,135.0,-21.605886633783456,21.605886633783456,3,8,"c04,c05,c06,c11,c12",False,OTHER,,,,,,,,,,,,,,,,,,,
KIRLOSENG,2131.2,2720.0,C+D,2720.0,2720.0,30543.76,2720.0,-21.64705882352942,21.64705882352942,7,8,c07,True,OTHER,,,,,,,,,,,,,,,,,,,
KSOLVES,277.25,353.99,C+D,353.99,353.99,663.92,354.85,-21.678578490917825,21.678578490917825,2,8,"c04,c05,c06,c07,c08,c12",False,OTHER,,,,,,,,,,,,,,,,,,,
HITECHGEAR,563.75,720.0,C+D,720.0,720.0,1042.45,897.45,-21.70138888888889,21.70138888888889,3,8,"c04,c05,c06,c07,c08",False,OTHER,,,,,,,,,,,,,,,,,,,
PROSTARM,146.4,187.0,C+D,187.0,187.0,874.17,237.0,-21.71122994652406,21.71122994652406,4,8,"c04,c05,c06,c12",False,OTHER,,,,,,,,,,,,,,,,,,,
MSTCLTD,582.25,743.9,C+D,743.9,743.9,4097.01,743.9,-21.73007124613523,21.73007124613523,6,8,"c06,c07",True,OTHER,,,,,,,,,,,,,,,,,,,
GINNIFILA,45.27,57.85,C+D,57.85,57.85,389.71,57.85,-21.745894554883314,21.745894554883314,4,8,"c06,c07,c11,c12",False,OTHER,,,,,,,,,,,,,,,,,,,
TATACHEM,668.9,854.85,C+D,854.85,854.85,17016.49,1026.65,-21.75235421418963,21.75235421418963,3,8,"c04,c05,c06,c07,c08",False,OTHER,,,,,,,,,,,,,,,,,,,
LAXMIDENTL,215.56,275.49,C+D,275.49,275.49,1197.53,406.8,-21.753965661185525,21.753965661185525,5,8,"c04,c05,c06",False,OTHER,,,,,,,,,,,,,,,,,,,
PREMEXPLN,649.15,829.8,C+D,829.8,829.8,3503.15,829.8,-21.770306097854903,21.770306097854903,5,8,"c06,c07,c08",False,OTHER,,,,,,,,,,,,,,,,,,,
KEEPLEARN,1.94,2.48,C+D,2.48,2.48,30.94,3.21,-21.7741935483871,21.7741935483871,3,8,"c04,c05,c06,c11,c12",False,OTHER,,,,,,,,,,,,,,,,,,,
SWSOLAR,203.96,260.8,C+D,260.8,260.8,4774.16,286.5,-21.79447852760736,21.79447852760736,5,8,"c04,c05,c06",False,OTHER,,,,,,,,,,,,,,,,,,,
JAYNECOIND,91.49,117.0,C+D,117.0,117.0,8889.29,117.0,-21.803418803418808,21.803418803418808,5,8,"c06,c08,c11",False,OTHER,,,,,,,,,,,,,,,,,,,
BANDHANBNK,172.62,220.76,C+D,220.76,220.76,27853.1,220.76,-21.80648668236999,21.80648668236999,5,8,"c05,c06,c08",False,OTHER,,,,,,,,,,,,,,,,,,,
TRIGYN,53.95,69.0,C,69.0,69.85,164.01,102.4,-21.811594202898547,21.811594202898547,2,8,"c04,c05,c06,c07,c11,c12",False,OTHER,,,,,,,,,,,,,,,,,,,
KSB,803.9,1028.3,C+D,1028.3,1028.3,14135.7,1028.3,-21.82242536224837,21.82242536224837,4,8,"c05,c06,c07,c08",False,OTHER,,,,,,,,,,,,,,,,,,,
HEADSUP,7.02,8.98,C+D,8.98,8.98,15.36,12.95,-21.826280623608028,21.826280623608028,3,8,"c04,c05,c06,c11,c12",False,OTHER,,,,,,,,,,,,,,,,,,,
GMDCLTD,603.15,771.9,C+D,771.9,771.9,19160.1,771.9,-21.861640108822385,21.861640108822385,6,8,"c06,c08",False,OTHER,,,,,,,,,,,,,,,,,,,
RAJMET,3.32,4.25,C+D,4.25,4.25,92.07,5.28,-21.882352941176475,21.882352941176475,2,8,"c04,c05,c06,c08,c11,c12",False,OTHER,,,,,,,,,,,,,,,,,,,
CALSOFT,21.74,27.83,C+D,27.83,27.83,135.28,27.83,-21.882860222781172,21.882860222781172,5,8,"c06,c11,c12",False,OTHER,,,,,,,,,,,,,,,,,,,
GANDHAR,236.82,303.17,C+D,303.17,303.17,2343.49,303.17,-21.8854108256094,21.8854108256094,8,8,,True,OTHER,,,,,,,,,,,,,,,,,,,
NILAINFRA,7.42,9.5,C+D,9.5,9.5,299.05,11.55,-21.894736842105264,21.894736842105264,3,8,"c04,c05,c06,c11,c12",False,OTHER,,,,,,,,,,,,,,,,,,,
WHEELS,1411.7,1808.0,C+D,1808.0,1808.0,3464.03,1808.0,-21.919247787610615,21.919247787610615,5,8,"c06,c07,c08",False,OTHER,,,,,,,,,,,,,,,,,,,
SULA,153.78,197.0,C+D,197.0,197.0,1298.22,296.8,-21.939086294416242,21.939086294416242,4,8,"c04,c05,c06,c07",False,OTHER,,,,,,,,,,,,,,,,,,,
NAVA,577.15,739.4,C+D,739.4,739.4,16360.3,739.4,-21.943467676494453,21.943467676494453,5,8,"c05,c06,c08",False,OTHER,,,,,,,,,,,,,,,,,,,
SURAJEST,208.47,267.08,C+D,267.08,267.08,969.46,349.35,-21.944735659727417,21.944735659727417,5,8,"c04,c05,c06",False,OTHER,,,,,,,,,,,,,,,,,,,
SHREYANIND,142.8,182.97,C+D,182.97,182.97,196.38,247.22,-21.9544187571733,21.9544187571733,4,8,"c04,c05,c06,c12",False,OTHER,,,,,,,,,,,,,,,,,,,
HCL-INSYS,11.42,14.64,C+D,14.64,14.64,377.32,16.5,-21.994535519125684,21.994535519125684,2,8,"c04,c05,c06,c08,c11,c12",False,OTHER,,,,,,,,,,,,,,,,,,,
BVCL,41.34,53.0,C,53.0,54.9,92.22,69.99,-21.999999999999993,21.999999999999993,2,8,"c04,c05,c06,c08,c11,c12",False,OTHER,,,,,,,,,,,,,,,,,,,
ONGC,239.84,307.5,C+D,307.5,307.5,300391.38,307.5,-22.003252032520322,22.003252032520322,3,8,"c04,c05,c06,c07,c08",False,OTHER,,,,,,,,,,,,,,,,,,,
CAMPUS,222.07,284.75,C+D,284.75,284.75,6827.6,297.0,-22.012291483757686,22.012291483757686,4,8,"c04,c05,c06,c08",False,OTHER,,,,,,,,,,,,,,,,,,,
PPL,260.75,334.4,C+D,334.4,334.4,616.98,360.95,-22.024521531100476,22.024521531100476,4,8,"c04,c06,c07,c12",False,OTHER,,,,,,,,,,,,,,,,,,,
INDIAMART,1782.7,2286.9,C,2286.9,2310.7,10795.23,2685.0,-22.047312956403868,22.047312956403868,3,8,"c04,c05,c06,c07,c08",False,OTHER,,,,,,,,,,,,,,,,,,,
WHIRLPOOL,802.75,1029.95,C+D,1029.95,1029.95,10237.26,1437.0,-22.059323268119815,22.059323268119815,5,8,"c04,c05,c06",False,OTHER,,,,,,,,,,,,,,,,,,,
CYIENT,855.0,1097.4,C,1097.4,1182.9,9469.56,1284.7,-22.08857299070531,22.08857299070531,5,8,"c04,c05,c06",False,OTHER,,,,,,,,,,,,,,,,,,,
PRABHA,157.56,202.24,C+D,202.24,202.24,2355.2,268.35,-22.092563291139243,22.092563291139243,5,8,"c04,c05,c06",False,OTHER,,,,,,,,,,,,,,,,,,,
BLUECOAST,26.2,33.65,C+D,33.65,33.65,41.81,86.31,-22.13967310549777,22.13967310549777,3,8,"c04,c05,c06,c11,c12",False,OTHER,,,,,,,,,,,,,,,,,,,
CIEINDIA,409.5,526.0,C+D,526.0,526.0,15626.09,526.0,-22.14828897338403,22.14828897338403,5,8,"c05,c06,c08",False,OTHER,,,,,,,,,,,,,,,,,,,
ANUP,1866.8,2398.8,C+D,2398.8,2398.8,3817.0,2576.0,-22.17775554443889,22.17775554443889,4,8,"c04,c05,c06,c07",False,OTHER,,,,,,,,,,,,,,,,,,,
BEDMUTHA,112.05,144.0,C+D,144.0,144.0,363.83,154.9,-22.1875,22.1875,4,8,"c04,c05,c06,c12",False,OTHER,,,,,,,,,,,,,,,,,,,
RPOWER,23.96,30.8,C,30.8,31.9,9908.96,50.85,-22.207792207792206,22.207792207792206,4,8,"c04,c05,c06,c11",False,OTHER,,,,,,,,,,,,,,,,,,,
MALLCOM,1005.25,1292.8,C+D,1292.8,1292.8,629.21,1520.0,-22.24241955445544,22.24241955445544,4,8,"c04,c05,c06,c12",False,OTHER,,,,,,,,,,,,,,,,,,,
MAGNUM,19.36,24.9,C+D,24.9,24.9,130.71,30.25,-22.24899598393574,22.24899598393574,2,8,"c04,c05,c06,c07,c11,c12",False,OTHER,,,,,,,,,,,,,,,,,,,
ACEINTEG,18.88,24.29,C+D,24.29,24.29,27.16,29.94,-22.2725401399753,22.2725401399753,2,8,"c04,c05,c06,c07,c11,c12",False,OTHER,,,,,,,,,,,,,,,,,,,
UBL,1382.8,1779.1,C+D,1779.1,1779.1,36690.44,1939.9,-22.27530773986847,22.27530773986847,4,8,"c04,c05,c06,c07",False,OTHER,,,,,,,,,,,,,,,,,,,
SWIGGY,279.0,359.0,C+D,359.0,359.0,75078.19,474.0,-22.284122562674096,22.284122562674096,4,8,"c04,c05,c06,c07",False,OTHER,,,,,,,,,,,,,,,,,,,
INFOMEDIA,5.51,7.09,C+D,7.09,7.09,27.1,8.05,-22.284908321579692,22.284908321579692,1,8,"c04,c05,c06,c07,c08,c11,c12",False,OTHER,,,,,,,,,,,,,,,,,,,
MADHUCON,5.35,6.89,C+D,6.89,6.89,39.7,8.55,-22.35123367198839,22.35123367198839,3,8,"c04,c05,c06,c11,c12",False,OTHER,,,,,,,,,,,,,,,,,,,
SYNGENE,402.6,518.55,C+D,518.55,518.55,16375.91,684.6,-22.360428116864323,22.360428116864323,5,8,"c04,c05,c06",False,OTHER,,,,,,,,,,,,,,,,,,,
ZENSARTECH,498.85,642.55,C,642.55,696.7,11338.49,868.95,-22.364018364329617,22.364018364329617,4,8,"c04,c05,c06,c07",False,OTHER,,,,,,,,,,,,,,,,,,,
GATECHDVR,0.52,0.67,C+D,0.67,0.67,63.21,0.67,-22.388059701492537,22.388059701492537,2,8,"c04,c05,c06,c07,c11,c12",False,OTHER,,,,,,,,,,,,,,,,,,,
PTC,177.99,229.51,C+D,229.51,229.51,5247.17,229.51,-22.447823624242947,22.447823624242947,7,8,c08,False,OTHER,,,,,,,,,,,,,,,,,,,
GRSE,2586.9,3339.0,C+D,3339.0,3339.0,29629.79,3339.0,-22.524707996406107,22.524707996406107,5,8,"c06,c07,c08",False,OTHER,,,,,,,,,,,,,,,,,,,
JAIBALAJI,68.54,88.5,C+D,88.5,88.5,6225.17,109.72,-22.553672316384173,22.553672316384173,3,8,"c04,c05,c06,c08,c11",False,OTHER,,,,,,,,,,,,,,,,,,,
ELECTCAST,74.27,95.9,C+D,95.9,95.9,4609.82,108.71,-22.554744525547456,22.554744525547456,3,8,"c04,c05,c06,c08,c11",False,OTHER,,,,,,,,,,,,,,,,,,,
INFY,1183.0,1528.0,C,1528.0,1728.0,479327.77,1728.0,-22.578534031413614,22.578534031413614,5,8,"c04,c05,c06",False,OTHER,,,,,,,,,,,,,,,,,,,
SELMC,26.99,34.9,C+D,34.9,34.9,91.97,43.36,-22.664756446991404,22.664756446991404,1,8,"c04,c05,c06,c07,c08,c11,c12",False,OTHER,,,,,,,,,,,,,,,,,,,
COUNCODOS,6.07,7.85,C+D,7.85,7.85,45.23,8.89,-22.675159235668783,22.675159235668783,4,8,"c04,c06,c11,c12",False,OTHER,,,,,,,,,,,,,,,,,,,
GLOBECIVIL,43.29,56.0,C,56.0,56.1,270.63,85.3,-22.696428571428573,22.696428571428573,3,8,"c04,c05,c06,c11,c12",False,OTHER,,,,,,,,,,,,,,,,,,,
KARMAENG,41.71,54.0,C+D,54.0,54.0,48.45,73.7,-22.759259259259256,22.759259259259256,2,8,"c04,c05,c06,c08,c11,c12",False,OTHER,,,,,,,,,,,,,,,,,,,
VASCONEQ,34.48,44.65,C,44.65,46.3,797.6,74.59,-22.77715565509519,22.77715565509519,3,8,"c04,c05,c06,c11,c12",False,OTHER,,,,,,,,,,,,,,,,,,,
LINCOLN,594.6,770.0,C+D,770.0,770.0,1187.19,770.0,-22.779220779220775,22.779220779220775,5,8,"c05,c06,c08",False,OTHER,,,,,,,,,,,,,,,,,,,
SHRADHA,33.74,43.7,C+D,43.7,43.7,274.46,60.0,-22.791762013729976,22.791762013729976,3,8,"c04,c05,c06,c11,c12",False,OTHER,,,,,,,,,,,,,,,,,,,
MSPL,35.6,46.12,C+D,46.12,46.12,2019.14,46.12,-22.8100607111882,22.8100607111882,4,8,"c05,c06,c08,c11",False,OTHER,,,,,,,,,,,,,,,,,,,
RPSGVENT,909.6,1179.0,C+D,1179.0,1179.0,3050.9,1179.0,-22.849872773536894,22.849872773536894,5,8,"c06,c07,c08",False,OTHER,,,,,,,,,,,,,,,,,,,
AGROPHOS,28.08,36.4,C,36.4,37.95,57.59,47.47,-22.857142857142858,22.857142857142858,2,8,"c04,c05,c06,c07,c11,c12",False,OTHER,,,,,,,,,,,,,,,,,,,
PFOCUS,283.05,367.0,C+D,367.0,367.0,22107.33,367.0,-22.874659400544957,22.874659400544957,7,8,c06,True,OTHER,,,,,,,,,,,,,,,,,,,
RADIANTCMS,38.56,50.0,C+D,50.0,50.0,417.76,62.3,-22.879999999999995,22.879999999999995,3,8,"c04,c05,c06,c11,c12",False,OTHER,,,,,,,,,,,,,,,,,,,
MTEDUCARE,1.95,2.53,C+D,2.53,2.53,15.06,2.53,-22.924901185770747,22.924901185770747,3,8,"c04,c06,c07,c11,c12",False,OTHER,,,,,,,,,,,,,,,,,,,
INSPIRISYS,103.2,133.9,C+D,133.9,133.9,401.2,133.9,-22.92755787901419,22.92755787901419,5,8,"c06,c08,c12",False,OTHER,,,,,,,,,,,,,,,,,,,
MANGALAM,27.28,35.4,C,35.4,37.9,42.6,86.9,-22.937853107344626,22.937853107344626,3,8,"c04,c05,c06,c11,c12",False,OTHER,,,,,,,,,,,,,,,,,,,
KAYA,276.95,359.45,C,359.45,364.95,421.3,487.9,-22.951731812491307,22.951731812491307,3,8,"c04,c05,c06,c07,c12",False,OTHER,,,,,,,,,,,,,,,,,,,
ZEELEARN,7.78,10.1,C+D,10.1,10.1,254.92,10.45,-22.970297029702966,22.970297029702966,4,8,"c06,c07,c11,c12",False,OTHER,,,,,,,,,,,,,,,,,,,
GLOBUSSPR,889.6,1155.0,C+D,1155.0,1155.0,2596.87,1264.5,-22.978354978354975,22.978354978354975,5,8,"c04,c05,c06",False,OTHER,,,,,,,,,,,,,,,,,,,
SURANAT&P,16.53,21.48,C+D,21.48,21.48,257.58,29.27,-23.044692737430164,23.044692737430164,1,8,"c04,c05,c06,c07,c08,c11,c12",False,OTHER,,,,,,,,,,,,,,,,,,,
HDFCBANK,731.0,950.0,C,950.0,994.0,1126930.58,1020.5,-23.05263157894737,23.05263157894737,4,8,"c04,c05,c06,c07",False,OTHER,,,,,,,,,,,,,,,,,,,
J&KBANK,155.15,201.75,C+D,201.75,201.75,17124.44,201.75,-23.09789343246592,23.09789343246592,7,8,c06,True,OTHER,,,,,,,,,,,,,,,,,,,
TNTELE,9.22,11.99,C+D,11.99,11.99,43.1,17.9,-23.102585487906584,23.102585487906584,2,8,"c04,c05,c06,c07,c11,c12",False,OTHER,,,,,,,,,,,,,,,,,,,
QUADFUTURE,369.85,481.25,C+D,481.25,481.25,1361.47,502.4,-23.148051948051943,23.148051948051943,5,8,"c04,c05,c06",False,OTHER,,,,,,,,,,,,,,,,,,,
VSTL,106.42,138.52,C+D,138.52,138.52,202.48,187.24,-23.173548946000583,23.173548946000583,2,8,"c04,c05,c06,c07,c08,c12",False,OTHER,,,,,,,,,,,,,,,,,,,
CCHHL,12.56,16.35,C+D,16.35,16.35,204.1,19.99,-23.18042813455658,23.18042813455658,2,8,"c04,c05,c06,c07,c11,c12",False,OTHER,,,,,,,,,,,,,,,,,,,
ASALCBR,735.0,956.9,C+D,956.9,956.9,1483.02,1277.0,-23.189465983906363,23.189465983906363,3,8,"c04,c05,c06,c07,c08",False,OTHER,,,,,,,,,,,,,,,,,,,
CEMPRO,1266.4,1649.2,C+D,1649.2,1649.2,20538.85,1649.2,-23.21125394130487,23.21125394130487,6,8,"c06,c07",True,OTHER,,,,,,,,,,,,,,,,,,,
TECHNOE,1062.55,1383.9,C+D,1383.9,1383.9,12332.42,1575.0,-23.220608425464278,23.220608425464278,4,8,"c04,c05,c06,c08",False,OTHER,,,,,,,,,,,,,,,,,,,
THERMAX,4052.2,5277.8,C+D,5277.8,5277.8,45907.5,5277.8,-23.221796960854906,23.221796960854906,5,8,"c06,c07,c08",False,OTHER,,,,,,,,,,,,,,,,,,,
ATGL,660.1,859.85,C+D,859.85,859.85,72354.1,859.85,-23.230796069081816,23.230796069081816,6,8,"c06,c08",False,OTHER,,,,,,,,,,,,,,,,,,,
SCHAND,141.63,184.5,C+D,184.5,184.5,503.57,200.87,-23.23577235772358,23.23577235772358,3,8,"c04,c05,c06,c08,c12",False,OTHER,,,,,,,,,,,,,,,,,,,
MRPL,162.96,212.31,C+D,212.31,212.31,28659.36,212.31,-23.244312561819978,23.244312561819978,6,8,"c06,c07",True,OTHER,,,,,,,,,,,,,,,,,,,
ORIENTLTD,78.5,102.3,C+D,102.3,102.3,76.22,102.3,-23.264907135874875,23.264907135874875,3,8,"c04,c06,c07,c11,c12",False,OTHER,,,,,,,,,,,,,,,,,,,
AWHCL,417.35,544.0,C+D,544.0,544.0,1183.02,635.8,-23.281249999999996,23.281249999999996,3,8,"c04,c05,c06,c07,c08",False,OTHER,,,,,,,,,,,,,,,,,,,
TRANSRAILL,479.0,624.4,C+D,624.4,624.4,6407.39,855.8,-23.286354900704673,23.286354900704673,4,8,"c04,c05,c06,c07",False,OTHER,,,,,,,,,,,,,,,,,,,
GODIGIT,268.4,350.0,C+D,350.0,350.0,24904.47,381.4,-23.31428571428572,23.31428571428572,4,8,"c04,c05,c06,c08",False,OTHER,,,,,,,,,,,,,,,,,,,
CSBBANK,325.1,423.95,C,423.95,428.0,5568.83,574.4,-23.316428824153785,23.316428824153785,3,8,"c04,c05,c06,c07,c08",False,OTHER,,,,,,,,,,,,,,,,,,,
DCMSHRIRAM,1016.0,1325.0,C+D,1325.0,1325.0,15916.72,1414.4,-23.32075471698113,23.32075471698113,3,8,"c04,c05,c06,c07,c08",False,OTHER,,,,,,,,,,,,,,,,,,,
GVT&D,4330.0,5650.0,C+D,5650.0,5650.0,109713.6,5650.0,-23.36283185840708,23.36283185840708,5,8,"c06,c07,c08",False,OTHER,,,,,,,,,,,,,,,,,,,
PRAJIND,327.65,427.65,C+D,427.65,427.65,6104.43,451.85,-23.3836080907284,23.3836080907284,4,8,"c04,c05,c06,c08",False,OTHER,,,,,,,,,,,,,,,,,,,
NTPCGREEN,91.88,119.95,C+D,119.95,119.95,78751.46,119.95,-23.401417257190502,23.401417257190502,3,8,"c04,c05,c06,c08,c11",False,OTHER,,,,,,,,,,,,,,,,,,,
ABLBL,91.55,119.55,C,119.55,125.58,11100.15,151.33,-23.42116269343371,23.42116269343371,3,8,"c04,c05,c06,c07,c11",False,OTHER,,,,,,,,,,,,,,,,,,,
VSTIND,219.6,286.78,C+D,286.78,286.78,3724.65,286.78,-23.425622428342276,23.425622428342276,3,8,"c04,c05,c06,c07,c08",False,OTHER,,,,,,,,,,,,,,,,,,,
NATHBIOGEN,156.17,204.0,C+D,204.0,204.0,297.84,204.0,-23.446078431372555,23.446078431372555,2,8,"c04,c05,c06,c07,c08,c12",False,OTHER,,,,,,,,,,,,,,,,,,,
GPTINFRA,114.82,150.0,C+D,150.0,150.0,1452.81,150.0,-23.453333333333337,23.453333333333337,5,8,"c06,c07,c08",False,OTHER,,,,,,,,,,,,,,,,,,,
OMAXAUTO,201.43,263.4,C+D,263.4,263.4,430.61,263.4,-23.52695520121487,23.52695520121487,4,8,"c06,c07,c08,c12",False,OTHER,,,,,,,,,,,,,,,,,,,
INDUSTOWER,368.0,481.5,C+D,481.5,481.5,98445.19,481.5,-23.572170301142265,23.572170301142265,4,8,"c05,c06,c07,c08",False,OTHER,,,,,,,,,,,,,,,,,,,
ARTNIRMAN,41.91,54.84,C+D,54.84,54.84,100.65,66.97,-23.577680525164123,23.577680525164123,3,8,"c04,c05,c06,c11,c12",False,OTHER,,,,,,,,,,,,,,,,,,,
TREJHARA,171.39,224.35,C+D,224.35,224.35,413.04,284.85,-23.60597281034099,23.60597281034099,4,8,"c04,c05,c06,c12",False,OTHER,,,,,,,,,,,,,,,,,,,
EPACK,231.28,302.8,C+D,302.8,302.8,2230.68,409.5,-23.619550858652577,23.619550858652577,4,8,"c04,c05,c06,c07",False,OTHER,,,,,,,,,,,,,,,,,,,
IITL,146.63,192.0,C+D,192.0,192.0,331.97,216.0,-23.630208333333336,23.630208333333336,4,8,"c04,c05,c06,c12",False,OTHER,,,,,,,,,,,,,,,,,,,
STEELXIND,10.65,13.95,C+D,13.95,13.95,1358.56,13.95,-23.655913978494617,23.655913978494617,4,8,"c06,c07,c08,c11",False,OTHER,,,,,,,,,,,,,,,,,,,
SPENCERS,32.02,41.95,C+D,41.95,41.95,290.27,64.0,-23.671036948748508,23.671036948748508,2,8,"c04,c05,c06,c07,c11,c12",False,OTHER,,,,,,,,,,,,,,,,,,,
UNIENTER,96.8,126.83,C+D,126.83,126.83,674.46,161.8,-23.67736339982654,23.67736339982654,3,8,"c04,c05,c06,c11,c12",False,OTHER,,,,,,,,,,,,,,,,,,,
NECCLTD,14.88,19.5,C+D,19.5,19.5,132.14,24.01,-23.692307692307686,23.692307692307686,3,8,"c04,c05,c06,c11,c12",False,OTHER,,,,,,,,,,,,,,,,,,,
ANTGRAPHIC,0.74,0.97,C,0.97,0.99,11.56,1.22,-23.711340206185564,23.711340206185564,1,8,"c04,c05,c06,c07,c08,c11,c12",False,OTHER,,,,,,,,,,,,,,,,,,,
MBLINFRA,24.81,32.53,C+D,32.53,32.53,377.8,52.48,-23.731939747924997,23.731939747924997,2,8,"c04,c05,c06,c07,c11,c12",False,OTHER,,,,,,,,,,,,,,,,,,,
RUSHIL,16.98,22.28,C+D,22.28,22.28,523.1,33.99,-23.788150807899463,23.788150807899463,3,8,"c04,c05,c06,c11,c12",False,OTHER,,,,,,,,,,,,,,,,,,,
BHARATGEAR,107.67,141.33,C+D,141.33,141.33,167.83,154.2,-23.816599448100195,23.816599448100195,4,8,"c06,c07,c08,c12",False,OTHER,,,,,,,,,,,,,,,,,,,
SAKSOFT,165.55,217.33,C+D,217.33,217.33,2130.28,229.68,-23.825518796300557,23.825518796300557,5,8,"c04,c06,c07",True,OTHER,,,,,,,,,,,,,,,,,,,
VESUVIUS,463.0,607.9,C+D,607.9,607.9,9299.53,607.9,-23.83615726270768,23.83615726270768,4,8,"c04,c05,c06,c08",False,OTHER,,,,,,,,,,,,,,,,,,,
GAYAPROJ,19.8,26.0,C+D,26.0,26.0,366.89,26.0,-23.846153846153843,23.846153846153843,4,8,"c06,c08,c11,c12",False,OTHER,,,,,,,,,,,,,,,,,,,
RAMKY,401.3,527.0,C+D,527.0,527.0,2803.59,705.0,-23.85199240986717,23.85199240986717,4,8,"c04,c05,c06,c08",False,OTHER,,,,,,,,,,,,,,,,,,,
RCOM,0.83,1.09,C,1.09,1.1,230.42,1.9,-23.85321100917432,23.85321100917432,3,8,"c04,c05,c06,c11,c12",False,OTHER,,,,,,,,,,,,,,,,,,,
BANKBARODA,247.81,325.5,C+D,325.5,325.5,128598.47,325.5,-23.867895545314898,23.867895545314898,4,8,"c04,c05,c06,c08",False,OTHER,,,,,,,,,,,,,,,,,,,
BOROSCI,137.63,180.8,C+D,180.8,180.8,1231.29,180.8,-23.87721238938054,23.87721238938054,6,8,"c06,c07",True,OTHER,,,,,,,,,,,,,,,,,,,
TOLINS,101.98,134.0,C+D,134.0,134.0,404.9,202.0,-23.895522388059696,23.895522388059696,3,8,"c04,c05,c06,c07,c12",False,OTHER,,,,,,,,,,,,,,,,,,,
GLOBALVECT,158.82,208.8,C+D,208.8,208.8,227.82,248.0,-23.93678160919541,23.93678160919541,3,8,"c04,c05,c06,c07,c12",False,OTHER,,,,,,,,,,,,,,,,,,,
HINDCOMPOS,418.2,550.0,C+D,550.0,550.0,615.94,550.0,-23.963636363636365,23.963636363636365,4,8,"c04,c05,c06,c12",False,OTHER,,,,,,,,,,,,,,,,,,,
MHLXMIRU,155.03,203.9,C,203.9,215.0,162.41,244.65,-23.96763119176067,23.96763119176067,3,8,"c04,c05,c06,c08,c12",False,OTHER,,,,,,,,,,,,,,,,,,,
GEEKAYWIRE,22.96,30.2,C,30.2,31.05,237.66,40.63,-23.97350993377483,23.97350993377483,3,8,"c04,c05,c06,c11,c12",False,OTHER,,,,,,,,,,,,,,,,,,,
PRSMJOHNSN,109.0,143.44,C+D,143.44,143.44,5637.59,176.0,-24.010039040713888,24.010039040713888,4,8,"c04,c05,c06,c08",False,OTHER,,,,,,,,,,,,,,,,,,,
WAAREEENER,2701.0,3557.0,C+D,3557.0,3557.0,78049.97,3865.0,-24.065223502951927,24.065223502951927,4,8,"c04,c05,c06,c08",False,OTHER,,,,,,,,,,,,,,,,,,,
AKSHAR,0.41,0.54,C+D,0.54,0.54,31.96,0.76,-24.074074074074083,24.074074074074083,2,8,"c04,c05,c06,c08,c11,c12",False,OTHER,,,,,,,,,,,,,,,,,,,
LPDC,6.3,8.3,C+D,8.3,8.3,80.99,9.46,-24.096385542168683,24.096385542168683,2,8,"c04,c05,c06,c08,c11,c12",False,OTHER,,,,,,,,,,,,,,,,,,,
BALAJEE,27.39,36.09,C+D,36.09,36.09,223.82,59.9,-24.106400665004163,24.106400665004163,2,8,"c04,c05,c06,c07,c11,c12",False,OTHER,,,,,,,,,,,,,,,,,,,
PRAENG,19.88,26.2,C+D,26.2,26.2,139.12,33.88,-24.122137404580155,24.122137404580155,2,8,"c04,c05,c06,c07,c11,c12",False,OTHER,,,,,,,,,,,,,,,,,,,
IRFC,88.5,116.7,C,116.7,119.79,115947.25,137.17,-24.164524421593832,24.164524421593832,2,8,"c04,c05,c06,c07,c08,c11",False,OTHER,,,,,,,,,,,,,,,,,,,
KAMOPAINTS,4.55,6.0,C+D,6.0,6.0,143.38,10.76,-24.16666666666667,24.16666666666667,3,8,"c04,c05,c06,c11,c12",False,OTHER,,,,,,,,,,,,,,,,,,,
WAAREERTL,911.25,1202.0,C+D,1202.0,1202.0,9503.6,1358.0,-24.18885191347754,24.18885191347754,3,8,"c04,c05,c06,c07,c08",False,OTHER,,,,,,,,,,,,,,,,,,,
CENTRALBK,31.02,40.92,C+D,40.92,40.92,28193.54,40.92,-24.19354838709678,24.19354838709678,3,8,"c04,c05,c06,c08,c11",False,OTHER,,,,,,,,,,,,,,,,,,,
AARTECH,46.22,60.98,C+D,60.98,60.98,165.45,66.49,-24.20465726467694,24.20465726467694,3,8,"c04,c05,c06,c11,c12",False,OTHER,,,,,,,,,,,,,,,,,,,
ADFFOODS,262.95,346.95,C+D,346.95,346.95,2880.13,346.95,-24.21098140942499,24.21098140942499,5,8,"c06,c07,c08",False,OTHER,,,,,,,,,,,,,,,,,,,
LGBBROSLTD,1551.6,2048.0,C+D,2048.0,2048.0,4903.25,2048.0,-24.238281250000004,24.238281250000004,4,8,"c05,c06,c07,c08",False,OTHER,,,,,,,,,,,,,,,,,,,
NIBE,1399.5,1848.0,C+D,1848.0,1848.0,2016.63,1848.0,-24.269480519480517,24.269480519480517,6,8,"c06,c08",False,OTHER,,,,,,,,,,,,,,,,,,,
BIGBLOC,46.93,61.99,C+D,61.99,61.99,694.4,80.0,-24.294241006613973,24.294241006613973,2,8,"c04,c05,c06,c08,c11,c12",False,OTHER,,,,,,,,,,,,,,,,,,,
EXXARO,6.22,8.22,C+D,8.22,8.22,255.78,10.33,-24.33090024330901,24.33090024330901,2,8,"c04,c05,c06,c08,c11,c12",False,OTHER,,,,,,,,,,,,,,,,,,,
NILASPACES,11.93,15.77,C,15.77,15.82,461.76,20.47,-24.35003170577045,24.35003170577045,2,8,"c04,c05,c06,c08,c11,c12",False,OTHER,,,,,,,,,,,,,,,,,,,
CYBERMEDIA,16.21,21.43,C+D,21.43,21.43,33.12,22.81,-24.358376108259446,24.358376108259446,2,8,"c04,c05,c06,c08,c11,c12",False,OTHER,,,,,,,,,,,,,,,,,,,
UMESLTD,5.4,7.14,C+D,7.14,7.14,15.64,7.14,-24.369747899159655,24.369747899159655,3,8,"c05,c06,c08,c11,c12",False,OTHER,,,,,,,,,,,,,,,,,,,
RTNINDIA,31.26,41.34,C+D,41.34,41.34,4332.66,64.0,-24.38316400580552,24.38316400580552,4,8,"c04,c05,c06,c11",False,OTHER,,,,,,,,,,,,,,,,,,,
EMMBI,85.22,112.7,C+D,112.7,112.7,163.14,116.9,-24.38331854480923,24.38331854480923,2,8,"c04,c05,c06,c07,c11,c12",False,OTHER,,,,,,,,,,,,,,,,,,,
ELECON,437.75,579.0,C+D,579.0,579.0,9907.25,634.9,-24.39550949913644,24.39550949913644,4,8,"c04,c05,c06,c08",False,OTHER,,,,,,,,,,,,,,,,,,,
SDBL,74.95,99.15,C+D,99.15,99.15,1493.37,155.74,-24.40746343923349,24.40746343923349,4,8,"c04,c05,c06,c11",False,OTHER,,,,,,,,,,,,,,,,,,,
MASTERTR,80.61,106.67,C+D,106.67,106.67,961.5,168.0,-24.4304865472954,24.4304865472954,3,8,"c04,c05,c06,c07,c11",False,OTHER,,,,,,,,,,,,,,,,,,,
SAMBHAAV,6.37,8.43,C+D,8.43,8.43,127.1,11.53,-24.43653618030842,24.43653618030842,3,8,"c04,c05,c06,c11,c12",False,OTHER,,,,,,,,,,,,,,,,,,,
GOLDTECH,52.89,70.0,C+D,70.0,70.0,278.56,76.9,-24.44285714285714,24.44285714285714,3,8,"c04,c06,c07,c11,c12",False,OTHER,,,,,,,,,,,,,,,,,,,
BRNL,17.67,23.4,C+D,23.4,23.4,150.02,26.5,-24.487179487179475,24.487179487179475,2,8,"c04,c05,c06,c08,c11,c12",False,OTHER,,,,,,,,,,,,,,,,,,,
GUJAPOLLO,357.9,474.9,C+D,474.9,474.9,457.84,556.0,-24.6367656348705,24.6367656348705,3,8,"c04,c05,c06,c08,c12",False,OTHER,,,,,,,,,,,,,,,,,,,
VINNY,1.04,1.38,C+D,1.38,1.38,49.35,1.53,-24.637681159420282,24.637681159420282,2,8,"c04,c05,c06,c08,c11,c12",False,OTHER,,,,,,,,,,,,,,,,,,,
PURVA,213.16,283.0,C+D,283.0,283.0,5021.26,305.0,-24.67844522968198,24.67844522968198,5,8,"c04,c05,c06",False,OTHER,,,,,,,,,,,,,,,,,,,
SHEKHAWATI,13.77,18.29,C+D,18.29,18.29,47.78,25.75,-24.71295790049207,24.71295790049207,3,8,"c04,c05,c06,c11,c12",False,OTHER,,,,,,,,,,,,,,,,,,,
SHAKTIPUMP,510.4,678.0,C+D,678.0,678.0,6319.16,915.0,-24.719764011799413,24.719764011799413,4,8,"c04,c05,c06,c07",False,OTHER,,,,,,,,,,,,,,,,,,,
SHIVALIK,255.06,339.0,C+D,339.0,339.0,408.39,584.0,-24.761061946902654,24.761061946902654,4,8,"c04,c05,c06,c12",False,OTHER,,,,,,,,,,,,,,,,,,,
VENTIVE,593.45,788.85,C,788.85,793.95,13988.02,793.95,-24.77023515243709,24.77023515243709,4,8,"c04,c05,c06,c07",False,OTHER,,,,,,,,,,,,,,,,,,,
VGL,60.92,81.0,C+D,81.0,81.0,316.85,98.48,-24.790123456790123,24.790123456790123,1,8,"c04,c05,c06,c07,c08,c11,c12",False,OTHER,,,,,,,,,,,,,,,,,,,
SALONA,240.63,320.0,C+D,320.0,320.0,126.57,320.0,-24.803125,24.803125,3,8,"c04,c05,c06,c08,c12",False,OTHER,,,,,,,,,,,,,,,,,,,
KHAICHEM,51.71,68.79,C,68.79,69.9,506.66,135.8,-24.82919028928624,24.82919028928624,3,8,"c04,c05,c06,c11,c12",False,OTHER,,,,,,,,,,,,,,,,,,,
INNOVANA,338.25,450.0,C+D,450.0,450.0,696.24,564.8,-24.833333333333332,24.833333333333332,4,8,"c04,c05,c06,c12",False,OTHER,,,,,,,,,,,,,,,,,,,
SADBHAV,8.86,11.79,C+D,11.79,11.79,154.39,17.85,-24.851569126378287,24.851569126378287,2,8,"c04,c05,c06,c07,c11,c12",False,OTHER,,,,,,,,,,,,,,,,,,,
IOC,142.0,188.96,C+D,188.96,188.96,196255.41,188.96,-24.851820491109233,24.851820491109233,5,8,"c04,c05,c06",False,OTHER,,,,,,,,,,,,,,,,,,,
UNIINFO,12.23,16.3,C+D,16.3,16.3,13.02,21.78,-24.969325153374232,24.969325153374232,3,8,"c04,c05,c06,c11,c12",False,OTHER,,,,,,,,,,,,,,,,,,,
WALCHANNAG,236.89,315.8,C+D,315.8,315.8,1609.96,315.8,-24.98733375554149,24.98733375554149,5,8,"c06,c07,c08",False,OTHER,,,,,,,,,,,,,,,,,,,
PRAKASHSTL,3.96,5.28,C+D,5.28,5.28,70.0,6.57,-25.000000000000007,25.000000000000007,1,8,"c04,c05,c06,c07,c08,c11,c12",False,OTHER,,,,,,,,,,,,,,,,,,,
APEX,385.85,514.5,C+D,514.5,514.5,1180.51,514.5,-25.004859086491738,25.004859086491738,6,8,"c06,c08",False,OTHER,,,,,,,,,,,,,,,,,,,
INDIASHLTR,642.6,858.0,C+D,858.0,858.0,7081.82,968.75,-25.104895104895103,25.104895104895103,3,8,"c04,c05,c06,c07,c08",False,OTHER,,,,,,,,,,,,,,,,,,,
GANGAFORGE,2.2,2.94,C,2.94,3.0,42.91,3.3,-25.170068027210878,25.170068027210878,3,8,"c04,c05,c06,c11,c12",False,OTHER,,,,,,,,,,,,,,,,,,,
GOCOLORS,329.25,440.0,C+D,440.0,440.0,1718.31,760.9,-25.170454545454547,25.170454545454547,4,8,"c04,c05,c06,c07",False,OTHER,,,,,,,,,,,,,,,,,,,
DPWIRES,164.49,219.99,C+D,219.99,219.99,254.98,306.95,-25.228419473612433,25.228419473612433,3,8,"c04,c05,c06,c08,c12",False,OTHER,,,,,,,,,,,,,,,,,,,
POCL,483.25,647.6,C+D,647.6,647.6,3714.2,647.6,-25.378319950586786,25.378319950586786,5,8,"c06,c07,c08",False,OTHER,,,,,,,,,,,,,,,,,,,
CARRARO,497.8,667.55,C+D,667.55,667.55,2832.34,667.55,-25.428806830948986,25.428806830948986,5,8,"c06,c07,c08",False,OTHER,,,,,,,,,,,,,,,,,,,
SCILAL,41.01,55.0,C+D,55.0,55.0,1901.19,55.0,-25.43636363636364,25.43636363636364,2,8,"c04,c05,c06,c07,c08,c11",False,OTHER,,,,,,,,,,,,,,,,,,,
JKLAKSHMI,558.7,749.7,C,749.7,790.0,6949.91,989.8,-25.476857409630515,25.476857409630515,5,8,"c04,c05,c06",False,OTHER,,,,,,,,,,,,,,,,,,,
VENUSREM,1522.6,2044.3,C+D,2044.3,2044.3,2012.21,2044.3,-25.519737807562493,25.519737807562493,5,8,"c06,c07,c08",False,OTHER,,,,,,,,,,,,,,,,,,,
KEC,475.85,638.9,C,638.9,655.65,12707.06,937.8,-25.520425731726398,25.520425731726398,5,8,"c04,c05,c06",False,OTHER,,,,,,,,,,,,,,,,,,,
KSCL,763.3,1025.0,C+D,1025.0,1025.0,3994.43,1225.0,-25.531707317073177,25.531707317073177,3,8,"c04,c05,c06,c07,c08",False,OTHER,,,,,,,,,,,,,,,,,,,
HERANBA,176.61,237.17,C,237.17,244.0,718.17,379.0,-25.534426782476693,25.534426782476693,3,8,"c04,c05,c06,c07,c12",False,OTHER,,,,,,,,,,,,,,,,,,,
INTERARCH,1697.0,2280.1,C,2280.1,2298.0,2855.96,2762.6,-25.57343976141397,25.57343976141397,4,8,"c04,c05,c06,c07",False,OTHER,,,,,,,,,,,,,,,,,,,
RACE,107.61,144.67,C+D,144.67,144.67,177.73,252.0,-25.616921269095176,25.616921269095176,3,8,"c04,c05,c06,c07,c12",False,OTHER,,,,,,,,,,,,,,,,,,,
INVENTURE,0.9,1.21,C+D,1.21,1.21,95.26,1.72,-25.6198347107438,25.6198347107438,2,8,"c04,c05,c06,c07,c11,c12",False,OTHER,,,,,,,,,,,,,,,,,,,
BATAINDIA,712.85,958.55,C+D,958.55,958.55,9319.06,1282.5,-25.632465703406183,25.632465703406183,5,8,"c04,c05,c06",False,OTHER,,,,,,,,,,,,,,,,,,,
SEMAC,306.0,411.55,C+D,411.55,411.55,99.56,568.0,-25.646944478192204,25.646944478192204,3,8,"c04,c05,c06,c07,c12",False,OTHER,,,,,,,,,,,,,,,,,,,
CRIZAC,186.62,251.0,C,251.0,262.0,3276.15,387.95,-25.649402390438247,25.649402390438247,4,8,"c04,c05,c06,c07",False,OTHER,,,,,,,,,,,,,,,,,,,
ELDEHSG,749.7,1008.8,C+D,1008.8,1008.8,747.93,1044.1,-25.683980967486114,25.683980967486114,2,8,"c04,c05,c06,c07,c08,c12",False,OTHER,,,,,,,,,,,,,,,,,,,
BLUESTARCO,1508.0,2029.6,C+D,2029.6,2029.6,30650.72,2040.0,-25.69964525029562,25.69964525029562,3,8,"c04,c05,c06,c07,c08",False,OTHER,,,,,,,,,,,,,,,,,,,
AURUS,4.79,6.45,C+D,6.45,6.45,13.6,7.49,-25.736434108527135,25.736434108527135,3,8,"c04,c05,c06,c11,c12",False,OTHER,,,,,,,,,,,,,,,,,,,
SMLT,70.5,94.94,C+D,94.94,94.94,93.47,122.85,-25.742574257425744,25.742574257425744,3,8,"c04,c05,c06,c11,c12",False,OTHER,,,,,,,,,,,,,,,,,,,
GTLINFRA,1.24,1.67,C+D,1.67,1.67,1628.54,1.67,-25.748502994011975,25.748502994011975,3,8,"c04,c05,c06,c08,c11",False,OTHER,,,,,,,,,,,,,,,,,,,
RAMAPHO,120.25,161.98,C,161.98,165.0,431.39,217.19,-25.762439807383625,25.762439807383625,3,8,"c04,c05,c06,c07,c12",False,OTHER,,,,,,,,,,,,,,,,,,,
PRAXIS,6.8,9.16,C+D,9.16,9.16,113.89,14.44,-25.764192139737997,25.764192139737997,3,8,"c04,c05,c06,c11,c12",False,OTHER,,,,,,,,,,,,,,,,,,,
SIGNATURE,824.65,1111.0,C+D,1111.0,1111.0,11635.09,1158.0,-25.774077407740776,25.774077407740776,4,8,"c04,c05,c06,c07",False,OTHER,,,,,,,,,,,,,,,,,,,
NATCOPHARM,910.5,1226.8,C+D,1226.8,1226.8,16440.21,1226.8,-25.782523638734915,25.782523638734915,4,8,"c05,c06,c07,c08",False,OTHER,,,,,,,,,,,,,,,,,,,
VITAL,51.45,69.4,C+D,69.4,69.4,122.28,69.4,-25.864553314121043,25.864553314121043,2,8,"c04,c05,c06,c08,c11,c12",False,OTHER,,,,,,,,,,,,,,,,,,,
KRITIKA,5.56,7.5,C+D,7.5,7.5,144.12,11.1,-25.86666666666667,25.86666666666667,2,8,"c04,c05,c06,c07,c11,c12",False,OTHER,,,,,,,,,,,,,,,,,,,
VIKASLIFE,1.26,1.7,C,1.7,1.75,238.11,2.37,-25.882352941176467,25.882352941176467,1,8,"c04,c05,c06,c07,c08,c11,c12",False,OTHER,,,,,,,,,,,,,,,,,,,
GPIL,237.15,320.0,C+D,320.0,320.0,14741.58,320.0,-25.890625,25.890625,4,8,"c05,c06,c07,c08",False,OTHER,,,,,,,,,,,,,,,,,,,
IPL,143.71,194.0,C+D,194.0,194.0,1659.97,245.84,-25.92268041237113,25.92268041237113,3,8,"c04,c05,c06,c07,c08",False,OTHER,,,,,,,,,,,,,,,,,,,
JNKINDIA,413.35,558.0,C+D,558.0,558.0,2282.25,558.0,-25.922939068100355,25.922939068100355,5,8,"c06,c07,c08",False,OTHER,,,,,,,,,,,,,,,,,,,
HAVISHA,1.4,1.89,C+D,1.89,1.89,43.26,2.42,-25.925925925925924,25.925925925925924,3,8,"c04,c05,c06,c11,c12",False,OTHER,,,,,,,,,,,,,,,,,,,
NUCLEUS,699.95,945.0,C,945.0,999.85,1853.41,1084.8,-25.931216931216927,25.931216931216927,4,8,"c04,c05,c06,c08",False,OTHER,,,,,,,,,,,,,,,,,,,
RENUKA,22.44,30.3,C+D,30.3,30.3,4801.57,33.5,-25.940594059405935,25.940594059405935,3,8,"c04,c05,c06,c08,c11",False,OTHER,,,,,,,,,,,,,,,,,,,
EIFFL,282.75,381.96,C+D,381.96,381.96,703.09,381.96,-25.973923971096447,25.973923971096447,5,8,"c06,c07,c12",False,OTHER,,,,,,,,,,,,,,,,,,,
HLVLTD,7.18,9.7,C+D,9.7,9.7,560.04,12.6,-25.979381443298966,25.979381443298966,3,8,"c04,c05,c06,c11,c12",False,OTHER,,,,,,,,,,,,,,,,,,,
DCI,351.5,475.0,C+D,475.0,475.0,566.47,475.0,-26.0,26.0,7,8,c12,False,OTHER,,,,,,,,,,,,,,,,,,,
SURYODAY,161.32,218.0,C+D,218.0,218.0,1718.29,218.0,-26.0,26.0,6,8,"c06,c08",False,OTHER,,,,,,,,,,,,,,,,,,,
BSHSL,90.28,122.0,C+D,122.0,122.0,951.56,150.0,-26.0,26.0,4,8,"c04,c05,c06,c11",False,OTHER,,,,,,,,,,,,,,,,,,,
DGCONTENT,25.9,35.0,C+D,35.0,35.0,154.14,42.07,-26.000000000000007,26.000000000000007,2,8,"c04,c05,c06,c08,c11,c12",False,OTHER,,,,,,,,,,,,,,,,,,,
JYOTHYLAB,205.44,277.8,C+D,277.8,277.8,7544.16,352.7,-26.047516198704106,26.047516198704106,5,8,"c04,c05,c06",False,OTHER,,,,,,,,,,,,,,,,,,,
GESHIP,1329.6,1798.0,C+D,1798.0,1798.0,18890.24,1798.0,-26.051167964404897,26.051167964404897,5,8,"c06,c07,c08",False,OTHER,,,,,,,,,,,,,,,,,,,
LIBAS,9.94,13.45,C+D,13.45,13.45,24.6,14.3,-26.096654275092934,26.096654275092934,1,8,"c04,c05,c06,c07,c08,c11,c12",False,OTHER,,,,,,,,,,,,,,,,,,,
MAANALU,124.89,169.0,C+D,169.0,169.0,728.54,184.74,-26.10059171597633,26.10059171597633,3,8,"c04,c05,c06,c08,c12",False,OTHER,,,,,,,,,,,,,,,,,,,
DELTACORP,63.82,86.4,C+D,86.4,86.4,1717.0,98.8,-26.134259259259263,26.134259259259263,3,8,"c04,c05,c06,c08,c11",False,OTHER,,,,,,,,,,,,,,,,,,,
BHANDARI,2.85,3.86,C+D,3.86,3.86,90.84,4.72,-26.165803108808284,26.165803108808284,2,8,"c04,c05,c06,c07,c11,c12",False,OTHER,,,,,,,,,,,,,,,,,,,
SUNTV,487.8,660.7,C+D,660.7,660.7,19145.58,660.7,-26.169214469502045,26.169214469502045,3,8,"c04,c05,c06,c07,c08",False,OTHER,,,,,,,,,,,,,,,,,,,
CCCL,15.17,20.55,C+D,20.55,20.55,703.38,28.87,-26.180048661800488,26.180048661800488,2,8,"c04,c05,c06,c07,c11,c12",False,OTHER,,,,,,,,,,,,,,,,,,,
UNICHEMLAB,507.15,687.2,C+D,687.2,687.2,3538.36,687.2,-26.200523864959262,26.200523864959262,6,8,"c06,c07",True,OTHER,,,,,,,,,,,,,,,,,,,
WSI,60.48,81.99,C+D,81.99,81.99,412.64,98.9,-26.234906695938527,26.234906695938527,1,8,"c04,c05,c06,c07,c08,c11,c12",False,OTHER,,,,,,,,,,,,,,,,,,,
ICICIPRULI,499.75,677.55,C+D,677.55,677.55,72053.06,706.8,-26.241605785550874,26.241605785550874,4,8,"c04,c05,c06,c07",False,OTHER,,,,,,,,,,,,,,,,,,,
APTECHT,94.73,128.48,C+D,128.48,128.48,556.17,144.3,-26.26867995018679,26.26867995018679,2,8,"c04,c05,c06,c08,c11,c12",False,OTHER,,,,,,,,,,,,,,,,,,,
DBEIL,7.21,9.78,C+D,9.78,9.78,33.5,18.56,-26.27811860940695,26.27811860940695,2,8,"c04,c05,c06,c07,c11,c12",False,OTHER,,,,,,,,,,,,,,,,,,,
VARDMNPOLY,6.7,9.09,C+D,9.09,9.09,296.99,10.56,-26.292629262926287,26.292629262926287,2,8,"c04,c05,c06,c08,c11,c12",False,OTHER,,,,,,,,,,,,,,,,,,,
MAPMYINDIA,985.0,1337.0,C+D,1337.0,1337.0,5454.44,1998.0,-26.327599102468213,26.327599102468213,4,8,"c04,c05,c06,c07",False,OTHER,,,,,,,,,,,,,,,,,,,
WEBELSOLAR,94.49,128.31,C+D,128.31,128.31,4112.64,157.3,-26.358039123996573,26.358039123996573,2,8,"c04,c05,c06,c07,c08,c11",False,OTHER,,,,,,,,,,,,,,,,,,,
TORNTPOWER,1342.9,1824.1,C+D,1824.1,1824.1,67512.54,1824.1,-26.380132668165114,26.380132668165114,4,8,"c05,c06,c07,c08",False,OTHER,,,,,,,,,,,,,,,,,,,
SHIVAMAUTO,17.59,23.9,C+D,23.9,23.9,231.69,35.79,-26.40167364016736,26.40167364016736,2,8,"c04,c05,c06,c07,c11,c12",False,OTHER,,,,,,,,,,,,,,,,,,,
NLCINDIA,285.35,387.8,C+D,387.8,387.8,39911.19,387.8,-26.418256833419285,26.418256833419285,6,8,"c06,c08",False,OTHER,,,,,,,,,,,,,,,,,,,
CANTABIL,233.21,316.95,C,316.95,321.5,1934.5,321.5,-26.420571067991794,26.420571067991794,4,8,"c04,c05,c06,c07",False,OTHER,,,,,,,,,,,,,,,,,,,
MITTAL,0.89,1.21,C+D,1.21,1.21,41.17,1.82,-26.44628099173553,26.44628099173553,2,8,"c04,c05,c06,c07,c11,c12",False,OTHER,,,,,,,,,,,,,,,,,,,
BELLACASA,241.95,328.95,C,328.95,344.0,315.84,497.35,-26.447788417692657,26.447788417692657,4,8,"c04,c05,c06,c12",False,OTHER,,,,,,,,,,,,,,,,,,,
SUMMITSEC,1466.8,1995.4,C+D,1995.4,1995.4,1613.71,2495.0,-26.49092913701514,26.49092913701514,4,8,"c04,c05,c06,c07",False,OTHER,,,,,,,,,,,,,,,,,,,
SERVOTECH,85.12,115.8,C+D,115.8,115.8,1903.33,143.0,-26.493955094991357,26.493955094991357,2,8,"c04,c05,c06,c07,c08,c11",False,OTHER,,,,,,,,,,,,,,,,,,,
PKTEA,698.3,950.0,C+D,950.0,950.0,212.11,998.0,-26.494736842105265,26.494736842105265,4,8,"c05,c06,c08,c12",False,OTHER,,,,,,,,,,,,,,,,,,,
UPL,567.0,771.9,C+D,771.9,771.9,47958.33,812.2,-26.544889234356777,26.544889234356777,3,8,"c04,c05,c06,c07,c08",False,OTHER,,,,,,,,,,,,,,,,,,,
ANMOL,10.43,14.2,C+D,14.2,14.2,58.88,17.74,-26.549295774647884,26.549295774647884,2,8,"c04,c05,c06,c08,c11,c12",False,OTHER,,,,,,,,,,,,,,,,,,,
FIRSTCRY,212.78,289.7,C+D,289.7,289.7,10273.45,438.7,-26.551605108733167,26.551605108733167,5,8,"c04,c05,c06",False,OTHER,,,,,,,,,,,,,,,,,,,
EMKAY,239.42,325.98,C+D,325.98,325.98,646.91,409.9,-26.553776305294814,26.553776305294814,3,8,"c05,c06,c07,c08,c12",False,OTHER,,,,,,,,,,,,,,,,,,,
BHARATWIRE,192.37,262.0,C+D,262.0,262.0,1330.52,262.0,-26.576335877862594,26.576335877862594,6,8,"c06,c08",False,OTHER,,,,,,,,,,,,,,,,,,,
SAKUMA,1.68,2.29,C+D,2.29,2.29,270.58,3.1,-26.637554585152845,26.637554585152845,1,8,"c04,c05,c06,c07,c08,c11,c12",False,OTHER,,,,,,,,,,,,,,,,,,,
CAPACITE,210.5,287.0,C+D,287.0,287.0,1770.85,334.0,-26.65505226480836,26.65505226480836,3,8,"c04,c05,c06,c07,c08",False,OTHER,,,,,,,,,,,,,,,,,,,
URJA,9.67,13.19,C+D,13.19,13.19,430.86,14.45,-26.686884003032596,26.686884003032596,2,8,"c04,c05,c06,c08,c11,c12",False,OTHER,,,,,,,,,,,,,,,,,,,
AROGRANITE,24.77,33.8,C+D,33.8,33.8,37.74,45.63,-26.71597633136094,26.71597633136094,2,8,"c04,c05,c06,c07,c11,c12",False,OTHER,,,,,,,,,,,,,,,,,,,
TARMAT,54.12,73.9,C+D,73.9,73.9,134.78,73.9,-26.765899864682012,26.765899864682012,2,8,"c04,c05,c06,c08,c11,c12",False,OTHER,,,,,,,,,,,,,,,,,,,
SALZERELEC,571.05,779.8,C+D,779.8,779.8,1012.62,952.5,-26.769684534496026,26.769684534496026,4,8,"c04,c05,c06,c08",False,OTHER,,,,,,,,,,,,,,,,,,,
TRACXN,29.79,40.68,C+D,40.68,40.68,328.1,55.9,-26.769911504424783,26.769911504424783,2,8,"c04,c05,c06,c07,c11,c12",False,OTHER,,,,,,,,,,,,,,,,,,,
SILLYMONKS,16.13,22.05,C+D,22.05,22.05,17.94,28.45,-26.848072562358283,26.848072562358283,3,8,"c04,c05,c06,c11,c12",False,OTHER,,,,,,,,,,,,,,,,,,,
JISLJALEQS,28.3,38.69,C+D,38.69,38.69,2244.87,59.0,-26.854484362884463,26.854484362884463,4,8,"c04,c05,c06,c11",False,OTHER,,,,,,,,,,,,,,,,,,,
SOMATEX,94.23,128.9,C+D,128.9,128.9,309.88,161.25,-26.896819239720713,26.896819239720713,2,8,"c05,c06,c07,c08,c11,c12",False,OTHER,,,,,,,,,,,,,,,,,,,
ASTEC,620.65,850.0,C+D,850.0,850.0,1383.75,941.75,-26.982352941176472,26.982352941176472,3,8,"c04,c05,c06,c07,c08",False,OTHER,,,,,,,,,,,,,,,,,,,
CHEMFAB,378.0,518.0,C+D,518.0,518.0,542.88,764.0,-27.027027027027028,27.027027027027028,3,8,"c04,c05,c06,c07,c12",False,OTHER,,,,,,,,,,,,,,,,,,,
TIRUMALCHM,164.68,225.71,C+D,225.71,225.71,2027.71,328.8,-27.03912099596828,27.03912099596828,4,8,"c04,c05,c06,c07",False,OTHER,,,,,,,,,,,,,,,,,,,
ESSENTIA,1.29,1.77,C+D,1.77,1.77,174.48,2.07,-27.11864406779661,27.11864406779661,2,8,"c04,c05,c06,c08,c11,c12",False,OTHER,,,,,,,,,,,,,,,,,,,
ORICONENT,53.29,73.12,C+D,73.12,73.12,839.62,73.12,-27.119803063457336,27.119803063457336,3,8,"c05,c06,c08,c11,c12",False,OTHER,,,,,,,,,,,,,,,,,,,
FLAIR,251.35,345.0,C+D,345.0,345.0,2675.0,348.8,-27.144927536231883,27.144927536231883,3,8,"c04,c05,c06,c07,c08",False,OTHER,,,,,,,,,,,,,,,,,,,
GREENPOWER,9.79,13.45,C+D,13.45,13.45,1147.58,15.04,-27.21189591078067,27.21189591078067,2,8,"c04,c05,c06,c07,c08,c11",False,OTHER,,,,,,,,,,,,,,,,,,,
KPIGREEN,369.25,507.3,C+D,507.3,507.3,7355.18,542.25,-27.212694657993296,27.212694657993296,3,8,"c04,c05,c06,c07,c08",False,OTHER,,,,,,,,,,,,,,,,,,,
ALOKINDS,11.91,16.39,C,16.39,17.0,5895.38,19.34,-27.33374008541794,27.33374008541794,4,8,"c04,c05,c06,c11",False,OTHER,,,,,,,,,,,,,,,,,,,
MHRIL,230.31,316.95,C+D,316.95,316.95,4632.08,368.9,-27.335541883577847,27.335541883577847,5,8,"c04,c05,c06",False,OTHER,,,,,,,,,,,,,,,,,,,
BROOKS,59.9,82.44,C+D,82.44,82.44,175.32,164.02,-27.341096555070354,27.341096555070354,2,8,"c04,c05,c06,c07,c11,c12",False,OTHER,,,,,,,,,,,,,,,,,,,
JPPOWER,17.8,24.5,C+D,24.5,24.5,12233.42,24.5,-27.3469387755102,27.3469387755102,4,8,"c06,c07,c08,c11",False,OTHER,,,,,,,,,,,,,,,,,,,
NACLIND,177.98,245.0,C+D,245.0,245.0,4205.47,280.34,-27.35510204081633,27.35510204081633,6,8,"c06,c07",True,OTHER,,,,,,,,,,,,,,,,,,,
CREATIVEYE,6.1,8.4,C+D,8.4,8.4,11.92,8.83,-27.38095238095239,27.38095238095239,2,8,"c04,c05,c06,c08,c11,c12",False,OTHER,,,,,,,,,,,,,,,,,,,
AHLADA,38.86,53.53,C+D,53.53,53.53,49.88,72.0,-27.405193349523632,27.405193349523632,3,8,"c04,c05,c06,c11,c12",False,OTHER,,,,,,,,,,,,,,,,,,,
AHLWEST,545.0,751.4,C+D,751.4,751.4,634.9,751.4,-27.468725046579717,27.468725046579717,5,8,"c07,c08,c12",False,OTHER,,,,,,,,,,,,,,,,,,,
NDL,2.32,3.2,C,3.2,3.23,335.61,3.75,-27.500000000000007,27.500000000000007,1,8,"c04,c05,c06,c07,c08,c11,c12",False,OTHER,,,,,,,,,,,,,,,,,,,
ISGEC,807.55,1113.9,C+D,1113.9,1113.9,5955.45,1113.9,-27.50246880330372,27.50246880330372,3,8,"c04,c05,c06,c07,c08",False,OTHER,,,,,,,,,,,,,,,,,,,
VIRINCHI,15.63,21.58,C,21.58,22.04,167.08,32.69,-27.57182576459684,27.57182576459684,3,8,"c04,c05,c06,c11,c12",False,OTHER,,,,,,,,,,,,,,,,,,,
HILTON,21.12,29.16,C+D,29.16,29.16,109.21,51.47,-27.572016460905346,27.572016460905346,2,8,"c04,c05,c06,c07,c11,c12",False,OTHER,,,,,,,,,,,,,,,,,,,
GTPL,59.02,81.5,C+D,81.5,81.5,659.56,120.38,-27.582822085889568,27.582822085889568,2,8,"c04,c05,c06,c07,c11,c12",False,OTHER,,,,,,,,,,,,,,,,,,,
HDFCLIFE,540.0,745.75,C+D,745.75,745.75,116374.46,815.0,-27.58967482400268,27.58967482400268,4,8,"c04,c05,c06,c07",False,OTHER,,,,,,,,,,,,,,,,,,,
S&SPOWER,322.1,444.95,C+D,444.95,444.95,393.88,468.9,-27.60984380267445,27.60984380267445,3,8,"c05,c06,c07,c08,c12",False,OTHER,,,,,,,,,,,,,,,,,,,
RUSTOMJEE,369.65,511.0,C,511.0,514.9,4724.54,668.0,-27.6614481409002,27.6614481409002,4,8,"c04,c05,c06,c07",False,OTHER,,,,,,,,,,,,,,,,,,,
SUVIDHAA,2.53,3.5,C+D,3.5,3.5,53.76,4.45,-27.71428571428572,27.71428571428572,3,8,"c04,c05,c06,c11,c12",False,OTHER,,,,,,,,,,,,,,,,,,,
KAKATCEM,114.09,157.9,C+D,157.9,157.9,91.69,165.55,-27.745408486383788,27.745408486383788,3,8,"c04,c05,c06,c07,c12",False,OTHER,,,,,,,,,,,,,,,,,,,
SUNDARAM,1.25,1.73,C,1.73,1.75,73.92,2.38,-27.74566473988439,27.74566473988439,2,8,"c04,c05,c06,c07,c11,c12",False,OTHER,,,,,,,,,,,,,,,,,,,
MKPL,4.19,5.8,C+D,5.8,5.8,160.5,8.85,-27.75862068965516,27.75862068965516,2,8,"c04,c05,c06,c08,c11,c12",False,OTHER,,,,,,,,,,,,,,,,,,,
SURAJLTD,223.04,308.99,C+D,308.99,308.99,404.98,354.95,-27.816434188808703,27.816434188808703,4,8,"c04,c05,c06,c12",False,OTHER,,,,,,,,,,,,,,,,,,,
VIPCLOTHNG,20.21,28.0,C+D,28.0,28.0,185.66,41.2,-27.82142857142857,27.82142857142857,1,8,"c04,c05,c06,c07,c08,c11,c12",False,OTHER,,,,,,,,,,,,,,,,,,,
SBGLP,25.2,34.93,C,34.93,35.32,443.98,44.75,-27.85571142284569,27.85571142284569,2,8,"c04,c05,c06,c07,c11,c12",False,OTHER,,,,,,,,,,,,,,,,,,,
BLBLIMITED,16.21,22.47,C+D,22.47,22.47,84.69,22.47,-27.859368046283926,27.859368046283926,2,8,"c04,c05,c06,c08,c11,c12",False,OTHER,,,,,,,,,,,,,,,,,,,
SUPERSPIN,6.24,8.65,C+D,8.65,8.65,34.24,10.78,-27.861271676300582,27.861271676300582,3,8,"c04,c05,c06,c11,c12",False,OTHER,,,,,,,,,,,,,,,,,,,
THEINVEST,99.31,137.8,C+D,137.8,137.8,520.75,164.8,-27.931785195936143,27.931785195936143,3,8,"c04,c05,c06,c11,c12",False,OTHER,,,,,,,,,,,,,,,,,,,
SEYAIND,12.75,17.7,C+D,17.7,17.7,33.17,23.99,-27.966101694915253,27.966101694915253,3,8,"c04,c05,c06,c11,c12",False,OTHER,,,,,,,,,,,,,,,,,,,
NELCAST,124.75,173.2,C+D,173.2,173.2,1080.86,175.43,-27.97344110854503,27.97344110854503,5,8,"c05,c06,c08",False,OTHER,,,,,,,,,,,,,,,,,,,
MARATHON,380.15,528.0,C+D,528.0,528.0,2415.4,685.4,-28.001893939393945,28.001893939393945,3,8,"c04,c05,c06,c07,c08",False,OTHER,,,,,,,,,,,,,,,,,,,
THANGAMAYL,5349.0,7430.0,C+D,7430.0,7430.0,16696.35,7430.0,-28.008075370121134,28.008075370121134,7,8,c06,True,OTHER,,,,,,,,,,,,,,,,,,,
ZENITHSTL,5.32,7.39,C+D,7.39,7.39,74.32,10.33,-28.01082543978348,28.01082543978348,2,8,"c04,c05,c06,c07,c11,c12",False,OTHER,,,,,,,,,,,,,,,,,,,
SWANCORP,307.5,427.2,C,427.2,438.9,10348.56,506.0,-28.019662921348313,28.019662921348313,5,8,"c04,c05,c06",False,OTHER,,,,,,,,,,,,,,,,,,,
PIONEEREMB,22.84,31.75,C+D,31.75,31.75,72.52,44.9,-28.062992125984255,28.062992125984255,2,8,"c04,c05,c06,c07,c11,c12",False,OTHER,,,,,,,,,,,,,,,,,,,
NAGREEKEXP,22.22,30.89,C+D,30.89,30.89,68.69,40.0,-28.06733570734866,28.06733570734866,2,8,"c04,c05,c06,c08,c11,c12",False,OTHER,,,,,,,,,,,,,,,,,,,
COFFEEDAY,31.07,43.26,C+D,43.26,43.26,657.13,51.46,-28.17845584835876,28.17845584835876,3,8,"c04,c05,c06,c11,c12",False,OTHER,,,,,,,,,,,,,,,,,,,
AFCONS,262.85,366.0,C+D,366.0,366.0,9720.33,479.4,-28.18306010928961,28.18306010928961,4,8,"c04,c05,c06,c08",False,OTHER,,,,,,,,,,,,,,,,,,,
FMNL,9.3,12.95,C+D,12.95,12.95,56.15,14.35,-28.185328185328174,28.185328185328174,1,8,"c04,c05,c06,c07,c08,c11,c12",False,OTHER,,,,,,,,,,,,,,,,,,,
SPARC,207.38,289.0,C+D,289.0,289.0,6892.82,289.0,-28.242214532871973,28.242214532871973,6,8,"c06,c08",False,OTHER,,,,,,,,,,,,,,,,,,,
GREAVESCOT,195.08,271.9,C+D,271.9,271.9,4553.86,271.9,-28.25303420375137,28.25303420375137,6,8,"c06,c07",True,OTHER,,,,,,,,,,,,,,,,,,,
TARACHAND,50.12,70.0,C+D,70.0,70.0,399.78,103.67,-28.400000000000002,28.400000000000002,1,8,"c04,c05,c06,c07,c08,c11,c12",False,OTHER,,,,,,,,,,,,,,,,,,,
NETWORK18,29.32,40.95,C+D,40.95,40.95,4516.68,58.55,-28.400488400488406,28.400488400488406,4,8,"c04,c05,c06,c11",False,OTHER,,,,,,,,,,,,,,,,,,,
CAMLINFINE,124.37,173.8,C,173.8,192.0,2371.71,235.0,-28.440736478711166,28.440736478711166,4,8,"c04,c05,c06,c07",False,OTHER,,,,,,,,,,,,,,,,,,,
RALLIS,213.14,298.4,C+D,298.4,298.4,4132.19,385.8,-28.57238605898123,28.57238605898123,3,8,"c04,c05,c06,c07,c08",False,OTHER,,,,,,,,,,,,,,,,,,,
APCL,102.85,144.0,C,144.0,148.78,308.41,152.0,-28.576388888888893,28.576388888888893,3,8,"c04,c05,c06,c08,c12",False,OTHER,,,,,,,,,,,,,,,,,,,
PLAZACABLE,46.4,65.0,C+D,65.0,65.0,207.93,65.0,-28.61538461538462,28.61538461538462,3,8,"c04,c05,c06,c11,c12",False,OTHER,,,,,,,,,,,,,,,,,,,
JUNIPER,196.13,275.0,C+D,275.0,275.0,4367.94,312.5,-28.68,28.68,4,8,"c04,c05,c06,c07",False,OTHER,,,,,,,,,,,,,,,,,,,
TOUCHWOOD,67.89,95.2,C,95.2,103.79,74.65,128.0,-28.68697478991597,28.68697478991597,3,8,"c04,c05,c06,c11,c12",False,OTHER,,,,,,,,,,,,,,,,,,,
HMAAGRO,22.09,30.98,C+D,30.98,30.98,1144.47,34.24,-28.69593285990962,28.69593285990962,4,8,"c04,c05,c06,c11",False,OTHER,,,,,,,,,,,,,,,,,,,
DEVIT,26.7,37.45,C+D,37.45,37.45,154.24,50.89,-28.704939919893196,28.704939919893196,2,8,"c04,c05,c06,c07,c11,c12",False,OTHER,,,,,,,,,,,,,,,,,,,
AXITA,7.3,10.24,C+D,10.24,10.24,277.68,12.2,-28.710937500000007,28.710937500000007,1,8,"c04,c05,c06,c07,c08,c11,c12",False,OTHER,,,,,,,,,,,,,,,,,,,
BGRENERGY,260.85,366.0,C+D,366.0,366.0,1905.12,490.8,-28.729508196721305,28.729508196721305,4,8,"c05,c06,c07,c08",False,OTHER,,,,,,,,,,,,,,,,,,,
ODIGMA,22.73,31.9,C,31.9,31.94,69.97,56.09,-28.746081504702193,28.746081504702193,3,8,"c04,c05,c06,c11,c12",False,OTHER,,,,,,,,,,,,,,,,,,,
GLFL,5.45,7.65,C+D,7.65,7.65,14.45,9.34,-28.758169934640527,28.758169934640527,1,8,"c04,c05,c06,c07,c08,c11,c12",False,OTHER,,,,,,,,,,,,,,,,,,,
SOMICONVEY,93.92,131.88,C+D,131.88,131.88,107.79,169.4,-28.783742796481647,28.783742796481647,1,8,"c04,c05,c06,c07,c08,c11,c12",False,OTHER,,,,,,,,,,,,,,,,,,,
KEYFINSERV,249.05,349.9,C+D,349.9,349.9,138.72,382.1,-28.822520720205763,28.822520720205763,2,8,"c04,c05,c06,c07,c08,c12",False,OTHER,,,,,,,,,,,,,,,,,,,
MUTHOOTFIN,2906.0,4082.9,C+D,4082.9,4082.9,116989.16,4149.5,-28.825099806510078,28.825099806510078,4,8,"c05,c06,c07,c08",False,OTHER,,,,,,,,,,,,,,,,,,,
ORIENTTECH,259.05,364.0,C+D,364.0,364.0,1174.18,466.73,-28.83241758241758,28.83241758241758,4,8,"c04,c05,c06,c07",False,OTHER,,,,,,,,,,,,,,,,,,,
HGM,48.25,67.8,C+D,67.8,67.8,59.87,82.4,-28.83480825958702,28.83480825958702,1,8,"c04,c05,c06,c07,c08,c11,c12",False,OTHER,,,,,,,,,,,,,,,,,,,
BHARATRAS,1370.3,1926.5,C,1926.5,1995.0,2285.4,3000.0,-28.871009602906827,28.871009602906827,5,8,"c04,c05,c06",False,OTHER,,,,,,,,,,,,,,,,,,,
RVNL,230.68,324.8,C,324.8,339.0,48022.95,400.7,-28.97783251231527,28.97783251231527,4,8,"c04,c05,c06,c08",False,OTHER,,,,,,,,,,,,,,,,,,,
WCIL,87.92,123.9,C+D,123.9,123.9,902.26,147.29,-29.039548022598872,29.039548022598872,1,8,"c04,c05,c06,c07,c08,c11,c12",False,OTHER,,,,,,,,,,,,,,,,,,,
DECCANCE,562.25,794.0,C+D,794.0,794.0,798.58,1164.9,-29.18765743073048,29.18765743073048,4,8,"c04,c05,c06,c12",False,OTHER,,,,,,,,,,,,,,,,,,,
HCC,20.18,28.5,C+D,28.5,28.5,4470.71,28.5,-29.192982456140353,29.192982456140353,3,8,"c05,c06,c07,c08,c11",False,OTHER,,,,,,,,,,,,,,,,,,,
SUNTECK,298.55,421.75,C+D,421.75,421.75,4360.63,473.0,-29.211618257261406,29.211618257261406,4,8,"c04,c05,c06,c07",False,OTHER,,,,,,,,,,,,,,,,,,,
PASHUPATI,83.76,118.35,C+D,118.35,118.35,1326.17,118.35,-29.226869455006327,29.226869455006327,4,8,"c06,c07,c08,c11",False,OTHER,,,,,,,,,,,,,,,,,,,
MANORG,449.3,635.0,C+D,635.0,635.0,388.69,637.85,-29.244094488188978,29.244094488188978,3,8,"c05,c06,c07,c08,c12",False,OTHER,,,,,,,,,,,,,,,,,,,
TEAMGTY,220.05,311.0,C+D,311.0,311.0,197.85,332.55,-29.244372990353696,29.244372990353696,3,8,"c04,c05,c06,c08,c12",False,OTHER,,,,,,,,,,,,,,,,,,,
HPAL,33.54,47.42,C+D,47.42,47.42,315.8,53.0,-29.27035006326445,29.27035006326445,3,8,"c04,c05,c06,c11,c12",False,OTHER,,,,,,,,,,,,,,,,,,,
CELEBRITY,6.91,9.77,C+D,9.77,9.77,36.53,14.2,-29.273285568065504,29.273285568065504,3,8,"c04,c05,c06,c11,c12",False,OTHER,,,,,,,,,,,,,,,,,,,
FOCUS,68.58,97.0,C+D,97.0,97.0,449.89,100.9,-29.298969072164947,29.298969072164947,1,8,"c04,c05,c06,c07,c08,c11,c12",False,OTHER,,,,,,,,,,,,,,,,,,,
VSTTILLERS,4489.0,6350.0,C+D,6350.0,6350.0,3884.91,6374.0,-29.30708661417323,29.30708661417323,4,8,"c04,c05,c06,c08",False,OTHER,,,,,,,,,,,,,,,,,,,
SECURKLOUD,19.41,27.46,C+D,27.46,27.46,64.25,34.18,-29.31536780772032,29.31536780772032,2,8,"c04,c05,c06,c08,c11,c12",False,OTHER,,,,,,,,,,,,,,,,,,,
DREAMFOLKS,70.33,99.5,C+D,99.5,99.5,371.56,160.0,-29.316582914572862,29.316582914572862,3,8,"c04,c05,c06,c11,c12",False,OTHER,,,,,,,,,,,,,,,,,,,
ASHOKA,117.98,166.96,C+D,166.96,166.96,3308.58,214.5,-29.336367992333496,29.336367992333496,4,8,"c04,c05,c06,c07",False,OTHER,,,,,,,,,,,,,,,,,,,
IDBI,83.0,117.55,C+D,117.55,117.55,89887.78,118.38,-29.39174819225861,29.39174819225861,4,8,"c04,c05,c06,c11",False,OTHER,,,,,,,,,,,,,,,,,,,
TFL,10.92,15.47,C,15.47,17.18,64.33,18.5,-29.411764705882355,29.411764705882355,2,8,"c04,c05,c06,c08,c11,c12",False,OTHER,,,,,,,,,,,,,,,,,,,
TATAELXSI,3808.0,5398.5,C,5398.5,5636.5,23853.91,5950.0,-29.461887561359635,29.461887561359635,4,8,"c04,c05,c06,c08",False,OTHER,,,,,,,,,,,,,,,,,,,
SUKHJITS,162.92,231.1,C+D,231.1,231.1,509.83,231.1,-29.502379922111643,29.502379922111643,2,8,"c04,c05,c06,c07,c08,c12",False,OTHER,,,,,,,,,,,,,,,,,,,
REPRO,354.3,503.45,C+D,503.45,503.45,528.29,590.0,-29.62558347402919,29.62558347402919,3,8,"c04,c05,c06,c07,c12",False,OTHER,,,,,,,,,,,,,,,,,,,
HUBTOWN,178.74,254.0,C+D,254.0,254.0,2540.27,365.7,-29.62992125984252,29.62992125984252,4,8,"c04,c05,c06,c07",False,OTHER,,,,,,,,,,,,,,,,,,,
NECLIFE,10.49,14.91,C+D,14.91,14.91,208.39,22.4,-29.64453386988598,29.64453386988598,2,8,"c04,c05,c06,c07,c11,c12",False,OTHER,,,,,,,,,,,,,,,,,,,
MOKSH,10.55,15.0,C+D,15.0,15.0,66.07,16.65,-29.666666666666664,29.666666666666664,2,8,"c04,c05,c06,c08,c11,c12",False,OTHER,,,,,,,,,,,,,,,,,,,
PGHH,8482.0,12060.0,C,12060.0,12079.0,27568.41,14509.0,-29.66832504145937,29.66832504145937,4,8,"c04,c05,c06,c07",False,OTHER,,,,,,,,,,,,,,,,,,,
AXISCADES,1554.8,2211.0,C+D,2211.0,2211.0,6718.02,2211.0,-29.678878335594757,29.678878335594757,6,8,"c06,c08",False,OTHER,,,,,,,,,,,,,,,,,,,
BBL,2299.5,3270.0,C+D,3270.0,3270.0,2595.64,3411.0,-29.678899082568805,29.678899082568805,3,8,"c04,c05,c06,c07,c08",False,OTHER,,,,,,,,,,,,,,,,,,,
RESPONIND,169.38,240.9,C+D,240.9,240.9,4502.46,240.9,-29.68866749688668,29.68866749688668,4,8,"c04,c05,c06,c07",False,OTHER,,,,,,,,,,,,,,,,,,,
TOKYOPLAST,80.0,113.8,C+D,113.8,113.8,77.56,140.85,-29.701230228470997,29.701230228470997,3,8,"c04,c05,c06,c11,c12",False,OTHER,,,,,,,,,,,,,,,,,,,
ADVENZYMES,294.55,419.0,C+D,419.0,419.0,3353.13,419.0,-29.701670644391402,29.701670644391402,5,8,"c05,c06,c08",False,OTHER,,,,,,,,,,,,,,,,,,,
KALAMANDIR,86.96,123.74,C+D,123.74,123.74,1292.31,223.03,-29.723614029416524,29.723614029416524,2,8,"c04,c05,c06,c07,c08,c11",False,OTHER,,,,,,,,,,,,,,,,,,,
PAKKA,71.86,102.26,C+D,102.26,102.26,323.36,184.0,-29.72814394680227,29.72814394680227,3,8,"c04,c05,c06,c11,c12",False,OTHER,,,,,,,,,,,,,,,,,,,
UNIVAFOODS,9.03,12.86,C,12.86,13.53,12.93,14.24,-29.782270606531885,29.782270606531885,2,8,"c04,c05,c06,c07,c11,c12",False,OTHER,,,,,,,,,,,,,,,,,,,
DRCSYSTEMS,12.98,18.5,C+D,18.5,18.5,179.53,23.68,-29.83783783783783,29.83783783783783,2,8,"c04,c05,c06,c08,c11,c12",False,OTHER,,,,,,,,,,,,,,,,,,,
AGARIND,514.2,732.95,C,732.95,744.95,770.65,1006.0,-29.845146326488848,29.845146326488848,4,8,"c04,c05,c06,c12",False,OTHER,,,,,,,,,,,,,,,,,,,
KALPATARU,287.2,409.8,C+D,409.8,409.8,5692.44,429.3,-29.917032698877506,29.917032698877506,3,8,"c04,c05,c06,c07,c08",False,OTHER,,,,,,,,,,,,,,,,,,,
USK,21.65,30.9,C+D,30.9,30.9,110.64,37.8,-29.93527508090615,29.93527508090615,2,8,"c04,c05,c06,c07,c11,c12",False,OTHER,,,,,,,,,,,,,,,,,,,
AURIONPRO,730.0,1042.55,C+D,1042.55,1042.55,3956.53,1507.0,-29.979377487890268,29.979377487890268,4,8,"c04,c05,c06,c07",False,OTHER,,,,,,,,,,,,,,,,,,,
VIKASECO,1.12,1.6,C,1.6,1.66,156.88,2.25,-30.0,30.0,2,8,"c04,c05,c06,c08,c11,c12",False,OTHER,,,,,,,,,,,,,,,,,,,
OSWALSEEDS,10.49,14.99,C+D,14.99,14.99,96.29,20.28,-30.020013342228154,30.020013342228154,2,8,"c04,c05,c06,c07,c11,c12",False,OTHER,,,,,,,,,,,,,,,,,,,
JPOLYINVST,1040.7,1487.7,C+D,1487.7,1487.7,1114.19,1487.7,-30.04638031861262,30.04638031861262,6,8,"c06,c08",False,OTHER,,,,,,,,,,,,,,,,,,,
AGRITECH,108.31,154.88,C+D,154.88,154.88,62.69,187.19,-30.068440082644628,30.068440082644628,4,8,"c04,c05,c06,c12",False,OTHER,,,,,,,,,,,,,,,,,,,
REMSONSIND,88.71,127.0,C+D,127.0,127.0,312.98,152.45,-30.149606299212607,30.149606299212607,3,8,"c04,c05,c06,c11,c12",False,OTHER,,,,,,,,,,,,,,,,,,,
AJOONI,3.84,5.5,C+D,5.5,5.5,67.0,5.94,-30.181818181818183,30.181818181818183,2,8,"c04,c05,c06,c07,c11,c12",False,OTHER,,,,,,,,,,,,,,,,,,,
VPRPL,37.11,53.2,C+D,53.2,53.2,462.69,163.37,-30.244360902255647,30.244360902255647,3,8,"c04,c05,c06,c11,c12",False,OTHER,,,,,,,,,,,,,,,,,,,
ABMINTLLTD,43.8,62.85,C+D,62.85,62.85,41.54,62.85,-30.310262529832944,30.310262529832944,1,8,"c04,c05,c06,c07,c08,c11,c12",False,OTHER,,,,,,,,,,,,,,,,,,,
PENINLAND,15.8,22.68,C+D,22.68,22.68,537.57,39.9,-30.335097001763668,30.335097001763668,3,8,"c04,c05,c06,c11,c12",False,OTHER,,,,,,,,,,,,,,,,,,,
PNC,19.47,27.95,C,27.95,30.49,27.9,40.64,-30.33989266547406,30.33989266547406,3,8,"c04,c05,c06,c11,c12",False,OTHER,,,,,,,,,,,,,,,,,,,
RAYMONDLSL,728.55,1047.6,C,1047.6,1081.0,4503.39,1350.0,-30.455326460481096,30.455326460481096,5,8,"c04,c05,c06",False,OTHER,,,,,,,,,,,,,,,,,,,
MBEL,267.7,385.0,C,385.0,387.0,1673.65,535.9,-30.46753246753247,30.46753246753247,5,8,"c04,c05,c06",False,OTHER,,,,,,,,,,,,,,,,,,,
AIRAN,15.07,21.68,C+D,21.68,21.68,187.4,29.21,-30.488929889298888,30.488929889298888,2,8,"c04,c05,c06,c07,c11,c12",False,OTHER,,,,,,,,,,,,,,,,,,,
ARENTERP,36.74,52.9,C+D,52.9,52.9,11.76,60.79,-30.548204158790167,30.548204158790167,2,8,"c04,c05,c06,c07,c11,c12",False,OTHER,,,,,,,,,,,,,,,,,,,
BAJAJINDEF,231.25,333.0,C+D,333.0,333.0,746.05,442.6,-30.555555555555557,30.555555555555557,2,8,"c04,c05,c06,c07,c08,c12",False,OTHER,,,,,,,,,,,,,,,,,,,
BAGFILMS,4.36,6.28,C+D,6.28,6.28,89.73,8.0,-30.573248407643312,30.573248407643312,1,8,"c04,c05,c06,c07,c08,c11,c12",False,OTHER,,,,,,,,,,,,,,,,,,,
NIPPOBATRY,325.4,469.0,C+D,469.0,469.0,245.51,505.9,-30.618336886993607,30.618336886993607,4,8,"c04,c05,c06,c12",False,OTHER,,,,,,,,,,,,,,,,,,,
CELLO,360.15,519.25,C,519.25,525.0,8177.49,673.8,-30.64034665382764,30.64034665382764,5,8,"c04,c05,c06",False,OTHER,,,,,,,,,,,,,,,,,,,
OSWALAGRO,38.84,56.0,C+D,56.0,56.0,516.5,83.44,-30.64285714285714,30.64285714285714,3,8,"c04,c05,c06,c11,c12",False,OTHER,,,,,,,,,,,,,,,,,,,
AVONMORE,11.09,15.99,C+D,15.99,15.99,306.96,23.9,-30.64415259537211,30.64415259537211,2,8,"c04,c05,c06,c07,c11,c12",False,OTHER,,,,,,,,,,,,,,,,,,,
INDOWIND,9.0,13.0,C+D,13.0,13.0,145.77,18.94,-30.76923076923077,30.76923076923077,2,8,"c04,c05,c06,c07,c11,c12",False,OTHER,,,,,,,,,,,,,,,,,,,
RAMCOSYS,669.75,967.5,C+D,967.5,967.5,2507.38,967.5,-30.775193798449614,30.775193798449614,7,8,c06,True,OTHER,,,,,,,,,,,,,,,,,,,
FORCEMOT,18300.0,26450.0,C+D,26450.0,26450.0,24513.86,26450.0,-30.812854442344044,30.812854442344044,5,8,"c05,c06,c08",False,OTHER,,,,,,,,,,,,,,,,,,,
JINDALPHOT,1059.9,1532.0,C+D,1532.0,1532.0,1092.01,1616.6,-30.815926892950387,30.815926892950387,5,8,"c04,c05,c06",False,OTHER,,,,,,,,,,,,,,,,,,,
GVPIL,749.3,1084.0,C+D,1084.0,1084.0,5022.18,1084.0,-30.876383763837644,30.876383763837644,6,8,"c06,c08",False,OTHER,,,,,,,,,,,,,,,,,,,
LATENTVIEW,297.8,430.9,C,430.9,484.7,6187.06,517.5,-30.888837317242974,30.888837317242974,4,8,"c04,c05,c06,c07",False,OTHER,,,,,,,,,,,,,,,,,,,
MFML,18.82,27.25,C+D,27.25,27.25,20.39,36.99,-30.935779816513758,30.935779816513758,2,8,"c04,c05,c06,c08,c11,c12",False,OTHER,,,,,,,,,,,,,,,,,,,
FOODSIN,53.49,77.45,C+D,77.45,77.45,386.95,102.4,-30.93608779857973,30.93608779857973,3,8,"c04,c05,c06,c11,c12",False,OTHER,,,,,,,,,,,,,,,,,,,
BALAJITELE,90.43,131.0,C+D,131.0,131.0,1101.03,141.32,-30.969465648854953,30.969465648854953,3,8,"c04,c05,c06,c08,c11",False,OTHER,,,,,,,,,,,,,,,,,,,
CROWN,109.44,158.6,C+D,158.6,158.6,128.29,191.0,-30.996216897856243,30.996216897856243,3,8,"c04,c05,c06,c07,c12",False,OTHER,,,,,,,,,,,,,,,,,,,
OSWALGREEN,21.72,31.5,C+D,31.5,31.5,562.08,43.79,-31.04761904761905,31.04761904761905,3,8,"c04,c05,c06,c11,c12",False,OTHER,,,,,,,,,,,,,,,,,,,
RAJOOENG,51.5,74.75,C+D,74.75,74.75,1027.11,109.5,-31.103678929765888,31.103678929765888,3,8,"c04,c05,c06,c07,c11",False,OTHER,,,,,,,,,,,,,,,,,,,
NOVAAGRI,24.32,35.31,C,35.31,36.45,264.48,53.74,-31.124327386009632,31.124327386009632,3,8,"c04,c05,c06,c11,c12",False,OTHER,,,,,,,,,,,,,,,,,,,
JHS,7.92,11.5,C,11.5,12.0,69.29,13.9,-31.130434782608695,31.130434782608695,3,8,"c04,c05,c06,c11,c12",False,OTHER,,,,,,,,,,,,,,,,,,,
ICDSLTD,41.15,59.88,C+D,59.88,59.88,55.7,62.32,-31.279225116900474,31.279225116900474,2,8,"c04,c05,c06,c08,c11,c12",False,OTHER,,,,,,,,,,,,,,,,,,,
AGIIL,298.45,434.4,C+D,434.4,434.4,3778.87,434.4,-31.29604051565377,31.29604051565377,5,8,"c06,c07,c08",False,OTHER,,,,,,,,,,,,,,,,,,,
ORTINGLOBE,14.63,21.3,C+D,21.3,21.3,12.33,21.3,-31.314553990610328,31.314553990610328,3,8,"c06,c07,c08,c11,c12",False,OTHER,,,,,,,,,,,,,,,,,,,
BBOX,757.55,1103.0,C+D,1103.0,1103.0,12987.98,1103.0,-31.319129646418865,31.319129646418865,5,8,"c06,c07,c08",False,OTHER,,,,,,,,,,,,,,,,,,,
JAIPURKURT,29.33,42.74,C+D,42.74,42.74,56.31,42.8,-31.375760411792243,31.375760411792243,2,8,"c04,c05,c06,c08,c11,c12",False,OTHER,,,,,,,,,,,,,,,,,,,
WANBURY,246.15,358.85,C+D,358.85,358.85,758.77,358.85,-31.405879894106175,31.405879894106175,5,8,"c06,c07,c12",False,OTHER,,,,,,,,,,,,,,,,,,,
SGL,9.87,14.4,C+D,14.4,14.4,26.82,20.79,-31.45833333333334,31.45833333333334,2,8,"c04,c05,c06,c08,c11,c12",False,OTHER,,,,,,,,,,,,,,,,,,,
SASKEN,1902.9,2780.2,C+D,2780.2,2780.2,2898.61,2780.2,-31.5552837925329,31.5552837925329,6,8,"c06,c08",False,OTHER,,,,,,,,,,,,,,,,,,,
NORBTEAEXP,66.93,97.8,C+D,97.8,97.8,95.09,99.35,-31.564417177914102,31.564417177914102,2,8,"c05,c06,c07,c08,c11,c12",False,OTHER,,,,,,,,,,,,,,,,,,,
INTENTECH,79.95,116.9,C,116.9,119.02,191.55,149.9,-31.608212147134303,31.608212147134303,2,8,"c04,c05,c06,c08,c11,c12",False,OTHER,,,,,,,,,,,,,,,,,,,
DIGIDRIVE,17.3,25.3,C,25.3,25.4,68.52,34.37,-31.620553359683797,31.620553359683797,2,8,"c04,c05,c06,c07,c11,c12",False,OTHER,,,,,,,,,,,,,,,,,,,
DISHTV,2.83,4.14,C+D,4.14,4.14,557.88,5.99,-31.642512077294676,31.642512077294676,3,8,"c04,c05,c06,c11,c12",False,OTHER,,,,,,,,,,,,,,,,,,,
LUXIND,1244.9,1823.35,C+D,1823.35,1823.35,3786.66,1823.35,-31.7245729015274,31.7245729015274,5,8,"c04,c06,c08",False,OTHER,,,,,,,,,,,,,,,,,,,
SSDL,53.87,78.99,C+D,78.99,78.99,213.84,98.0,-31.801493859982276,31.801493859982276,3,8,"c04,c05,c06,c11,c12",False,OTHER,,,,,,,,,,,,,,,,,,,
BOHRAIND,14.96,21.94,C+D,21.94,21.94,30.12,35.58,-31.814038286235185,31.814038286235185,1,8,"c04,c05,c06,c07,c08,c11,c12",False,OTHER,,,,,,,,,,,,,,,,,,,
OSWALPUMPS,306.3,449.4,C+D,449.4,449.4,3350.16,888.4,-31.84245660881174,31.84245660881174,4,8,"c04,c05,c06,c07",False,OTHER,,,,,,,,,,,,,,,,,,,
SAFARI,1503.6,2207.0,C+D,2207.0,2207.0,7372.11,2507.1,-31.87131853194382,31.87131853194382,4,8,"c04,c05,c06,c07",False,OTHER,,,,,,,,,,,,,,,,,,,
ASIANTILES,53.84,79.06,C+D,79.06,79.06,1611.89,79.06,-31.899822919301794,31.899822919301794,3,8,"c04,c05,c06,c08,c11",False,OTHER,,,,,,,,,,,,,,,,,,,
GODAVARIB,240.1,353.0,C+D,353.0,353.0,1243.79,353.0,-31.98300283286119,31.98300283286119,4,8,"c05,c06,c07,c08",False,OTHER,,,,,,,,,,,,,,,,,,,
PRUDMOULI,13.24,19.49,C,19.49,19.8,40.83,42.49,-32.06772703950743,32.06772703950743,3,8,"c04,c05,c06,c11,c12",False,OTHER,,,,,,,,,,,,,,,,,,,
DNAMEDIA,2.7,3.98,C,3.98,4.12,32.07,5.44,-32.1608040201005,32.1608040201005,2,8,"c04,c05,c06,c07,c11,c12",False,OTHER,,,,,,,,,,,,,,,,,,,
RATNAMANI,2269.1,3345.0,C+D,3345.0,3345.0,15889.86,3345.0,-32.1644245142003,32.1644245142003,3,8,"c04,c05,c06,c07,c08",False,OTHER,,,,,,,,,,,,,,,,,,,
XPROINDIA,1068.1,1574.8,C+D,1574.8,1574.8,2458.8,1574.8,-32.1755143510287,32.1755143510287,6,8,"c06,c07",True,OTHER,,,,,,,,,,,,,,,,,,,
VIVIANA,703.8,1038.0,C+D,1038.0,1038.0,672.46,1162.5,-32.19653179190752,32.19653179190752,3,8,"c05,c06,c07,c08,c12",False,OTHER,,,,,,,,,,,,,,,,,,,
KIRLPNU,1486.6,2197.1,C+D,2197.1,2197.1,9633.47,2197.1,-32.3380820172045,32.3380820172045,5,8,"c06,c07,c08",False,OTHER,,,,,,,,,,,,,,,,,,,
DBSTOCKBRO,32.81,48.5,C+D,48.5,48.5,108.38,48.5,-32.350515463917525,32.350515463917525,4,8,"c06,c07,c11,c12",False,OTHER,,,,,,,,,,,,,,,,,,,
SUPREME,43.53,64.45,C,64.45,68.4,191.56,97.84,-32.459270752521334,32.459270752521334,2,8,"c04,c05,c06,c07,c11,c12",False,OTHER,,,,,,,,,,,,,,,,,,,
INFOBEAN,162.92,241.33,C+D,241.33,241.33,1584.56,257.5,-32.490780259395855,32.490780259395855,6,8,"c06,c08",False,OTHER,,,,,,,,,,,,,,,,,,,
AAKASH,9.04,13.4,C+D,13.4,13.4,89.75,13.4,-32.53731343283583,32.53731343283583,3,8,"c04,c05,c06,c11,c12",False,OTHER,,,,,,,,,,,,,,,,,,,
ISHANCH,48.56,71.99,C+D,71.99,71.99,126.87,83.37,-32.54618697041255,32.54618697041255,1,8,"c04,c05,c06,c07,c08,c11,c12",False,OTHER,,,,,,,,,,,,,,,,,,,
ORIENTALTL,5.18,7.69,C,7.69,8.35,38.37,11.99,-32.63979193758128,32.63979193758128,2,8,"c04,c05,c06,c08,c11,c12",False,OTHER,,,,,,,,,,,,,,,,,,,
NAVKARURB,0.99,1.47,C+D,1.47,1.47,112.21,2.93,-32.6530612244898,32.6530612244898,2,8,"c04,c05,c06,c07,c11,c12",False,OTHER,,,,,,,,,,,,,,,,,,,
PEARLPOLY,16.35,24.3,C+D,24.3,24.3,28.0,35.02,-32.716049382716044,32.716049382716044,2,8,"c04,c05,c06,c07,c11,c12",False,OTHER,,,,,,,,,,,,,,,,,,,
LATTEYS,20.07,29.86,C+D,29.86,29.86,116.31,37.0,-32.78633623576691,32.78633623576691,2,8,"c04,c05,c06,c08,c11,c12",False,OTHER,,,,,,,,,,,,,,,,,,,
GLOBALE,10.35,15.4,C+D,15.4,15.4,11.04,15.4,-32.7922077922078,32.7922077922078,1,8,"c04,c05,c06,c07,c08,c11,c12",False,OTHER,,,,,,,,,,,,,,,,,,,
KPEL,291.6,434.0,C+D,434.0,434.0,2013.0,463.25,-32.81105990783409,32.81105990783409,3,8,"c04,c05,c06,c07,c08",False,OTHER,,,,,,,,,,,,,,,,,,,
SKMEGGPROD,249.77,372.0,C+D,372.0,372.0,1239.09,372.0,-32.857526881720425,32.857526881720425,6,8,"c06,c07",True,OTHER,,,,,,,,,,,,,,,,,,,
MEDPLUS,686.3,1022.2,C+D,1022.2,1022.2,8258.54,1022.2,-32.86049696732539,32.86049696732539,3,8,"c04,c05,c06,c07,c08",False,OTHER,,,,,,,,,,,,,,,,,,,
VIPULLTD,12.48,18.6,C+D,18.6,18.6,154.0,18.6,-32.903225806451616,32.903225806451616,2,8,"c04,c05,c06,c07,c11,c12",False,OTHER,,,,,,,,,,,,,,,,,,,
STANLEY,143.19,213.6,C+D,213.6,213.6,828.23,339.35,-32.96348314606741,32.96348314606741,3,8,"c04,c05,c06,c07,c12",False,OTHER,,,,,,,,,,,,,,,,,,,
KAVDEFENCE,60.26,90.0,C+D,90.0,90.0,358.04,162.87,-33.04444444444445,33.04444444444445,1,8,"c04,c05,c06,c07,c08,c11,c12",False,OTHER,,,,,,,,,,,,,,,,,,,
SHAH,3.91,5.84,C+D,5.84,5.84,366.1,5.84,-33.047945205479444,33.047945205479444,3,8,"c05,c06,c08,c11,c12",False,OTHER,,,,,,,,,,,,,,,,,,,
BSOFT,317.25,474.0,C+D,474.0,474.0,9004.01,474.0,-33.06962025316456,33.06962025316456,4,8,"c04,c05,c06,c08",False,OTHER,,,,,,,,,,,,,,,,,,,
DPSCLTD,7.36,11.0,C+D,11.0,11.0,715.74,13.31,-33.090909090909086,33.090909090909086,2,8,"c04,c05,c06,c08,c11,c12",False,OTHER,,,,,,,,,,,,,,,,,,,
JSLL,539.95,809.0,C+D,809.0,809.0,6803.89,849.5,-33.257107540173045,33.257107540173045,4,8,"c04,c05,c06,c08",False,OTHER,,,,,,,,,,,,,,,,,,,
PAVNAIND,19.02,28.5,C+D,28.5,28.5,265.41,46.0,-33.26315789473684,33.26315789473684,3,8,"c04,c05,c06,c11,c12",False,OTHER,,,,,,,,,,,,,,,,,,,
ZEEMEDIA,6.9,10.35,C+D,10.35,10.35,446.5,13.26,-33.33333333333333,33.33333333333333,1,8,"c04,c05,c06,c07,c08,c11,c12",False,OTHER,,,,,,,,,,,,,,,,,,,
SYMPHONY,645.7,969.0,C,969.0,970.45,4492.89,991.5,-33.36429308565531,33.36429308565531,4,8,"c04,c05,c06,c07",False,OTHER,,,,,,,,,,,,,,,,,,,
CUBEXTUB,81.34,122.29,C,122.29,130.35,115.92,143.69,-33.48597595878649,33.48597595878649,2,8,"c04,c05,c06,c08,c11,c12",False,OTHER,,,,,,,,,,,,,,,,,,,
PRITI,36.2,54.5,C+D,54.5,54.5,49.19,104.9,-33.57798165137614,33.57798165137614,2,8,"c04,c05,c06,c07,c11,c12",False,OTHER,,,,,,,,,,,,,,,,,,,
TVVISION,4.25,6.4,C,6.4,6.99,16.59,12.4,-33.59375000000001,33.59375000000001,1,8,"c04,c05,c06,c07,c08,c11,c12",False,OTHER,,,,,,,,,,,,,,,,,,,
KRITI,67.62,101.84,C+D,101.84,101.84,367.6,161.8,-33.60172820109976,33.60172820109976,3,8,"c04,c05,c06,c11,c12",False,OTHER,,,,,,,,,,,,,,,,,,,
GLOBE,2.03,3.06,C+D,3.06,3.06,100.92,3.29,-33.66013071895426,33.66013071895426,1,8,"c04,c05,c06,c07,c08,c11,c12",False,OTHER,,,,,,,,,,,,,,,,,,,
ZAGGLE,203.98,308.0,C+D,308.0,308.0,2757.58,417.6,-33.77272727272727,33.77272727272727,5,8,"c04,c05,c06",False,OTHER,,,,,,,,,,,,,,,,,,,
VISACHROME,37.53,56.69,C+D,56.69,56.69,454.06,73.68,-33.797847944963834,33.797847944963834,3,8,"c05,c06,c08,c11,c12",False,OTHER,,,,,,,,,,,,,,,,,,,
CIFL,21.94,33.33,C,33.33,34.0,857.2,39.69,-34.173417341734165,34.173417341734165,2,8,"c04,c05,c06,c08,c11,c12",False,OTHER,,,,,,,,,,,,,,,,,,,
GENCON,39.42,59.96,C+D,59.96,59.96,219.16,59.96,-34.25617078052034,34.25617078052034,1,8,"c04,c05,c06,c07,c08,c11,c12",False,OTHER,,,,,,,,,,,,,,,,,,,
LCCINFOTEC,3.7,5.63,C,5.63,5.85,49.24,5.89,-34.280639431616336,34.280639431616336,1,8,"c04,c05,c06,c07,c08,c11,c12",False,OTHER,,,,,,,,,,,,,,,,,,,
RSYSTEMS,245.05,372.9,C,372.9,387.5,2925.26,496.9,-34.285331187986046,34.285331187986046,4,8,"c04,c05,c06,c07",False,OTHER,,,,,,,,,,,,,,,,,,,
PATANJALI,355.0,540.3,C+D,540.3,540.3,38399.85,614.99,-34.29576161391819,34.29576161391819,4,8,"c04,c05,c06,c08",False,OTHER,,,,,,,,,,,,,,,,,,,
FINOPB,157.57,239.9,C,239.9,240.0,1308.66,339.0,-34.31846602751147,34.31846602751147,4,8,"c04,c05,c06,c07",False,OTHER,,,,,,,,,,,,,,,,,,,
MCLEODRUSS,51.43,78.41,C+D,78.41,78.41,537.99,78.41,-34.40887641882412,34.40887641882412,3,8,"c06,c07,c08,c11,c12",False,OTHER,,,,,,,,,,,,,,,,,,,
DSSL,1259.8,1924.8,C+D,1924.8,1924.8,1581.17,1924.8,-34.549044056525354,34.549044056525354,5,8,"c06,c07,c08",False,OTHER,,,,,,,,,,,,,,,,,,,
BCG,9.88,15.1,C+D,15.1,15.1,2008.42,17.7,-34.56953642384105,34.56953642384105,2,8,"c04,c05,c06,c07,c08,c11",False,OTHER,,,,,,,,,,,,,,,,,,,
KAUSHALYA,934.0,1435.95,C+D,1435.95,1435.95,32.31,1841.9,-34.95595250531007,34.95595250531007,5,8,"c04,c06,c12",False,OTHER,,,,,,,,,,,,,,,,,,,
JSWHL,11852.0,18250.0,C,18250.0,18257.0,13232.67,22790.0,-35.057534246575344,35.057534246575344,5,8,"c04,c05,c06",False,OTHER,,,,,,,,,,,,,,,,,,,
UGROCAP,96.45,148.59,C,148.59,164.0,1460.76,192.5,-35.089844538663435,35.089844538663435,3,8,"c04,c05,c06,c07,c11",False,OTHER,,,,,,,,,,,,,,,,,,,
BANG,30.46,47.0,C+D,47.0,47.0,40.94,62.07,-35.191489361702125,35.191489361702125,2,8,"c04,c05,c06,c08,c11,c12",False,OTHER,,,,,,,,,,,,,,,,,,,
INOXWIND,73.5,113.5,C+D,113.5,113.5,11162.42,159.3,-35.24229074889868,35.24229074889868,3,8,"c04,c05,c06,c07,c11",False,OTHER,,,,,,,,,,,,,,,,,,,
GAYAHWS,1.95,3.02,C+D,3.02,3.02,46.87,4.76,-35.43046357615894,35.43046357615894,1,8,"c04,c05,c06,c07,c08,c11,c12",False,OTHER,,,,,,,,,,,,,,,,,,,
GVKPIL,2.35,3.65,C+D,3.65,3.65,352.5,4.06,-35.61643835616438,35.61643835616438,1,8,"c04,c05,c06,c07,c08,c11,c12",False,OTHER,,,,,,,,,,,,,,,,,,,
SALASAR,5.84,9.08,C+D,9.08,9.08,914.94,10.99,-35.68281938325991,35.68281938325991,2,8,"c04,c05,c06,c08,c11,c12",False,OTHER,,,,,,,,,,,,,,,,,,,
MICEL,37.03,57.6,C+D,57.6,57.6,871.75,82.97,-35.71180555555556,35.71180555555556,1,8,"c04,c05,c06,c07,c08,c11,c12",False,OTHER,,,,,,,,,,,,,,,,,,,
SPCENET,3.87,6.02,C,6.02,6.1,201.61,11.24,-35.71428571428571,35.71428571428571,3,8,"c04,c05,c06,c11,c12",False,OTHER,,,,,,,,,,,,,,,,,,,
MEDICAMEQ,236.45,368.0,C,368.0,377.0,317.56,447.65,-35.747282608695656,35.747282608695656,4,8,"c04,c05,c06,c12",False,OTHER,,,,,,,,,,,,,,,,,,,
DANGEE,2.98,4.65,C+D,4.65,4.65,45.08,5.08,-35.91397849462366,35.91397849462366,2,8,"c04,c05,c06,c08,c11,c12",False,OTHER,,,,,,,,,,,,,,,,,,,
ZODIAC,250.8,391.41,C+D,391.41,391.41,,449.95,-35.92396719552388,35.92396719552388,3,8,"c04,c05,c06,c07,c08",False,OTHER,,,,,,,,,,,,,,,,,,,
LOYALTEX,214.0,333.99,C+D,333.99,333.99,102.11,358.4,-35.92622533608791,35.92622533608791,4,8,"c04,c05,c06,c12",False,OTHER,,,,,,,,,,,,,,,,,,,
COASTCORP,42.71,66.7,C+D,66.7,66.7,286.44,66.7,-35.96701649175412,35.96701649175412,2,8,"c05,c06,c07,c08,c11,c12",False,OTHER,,,,,,,,,,,,,,,,,,,
ALKALI,66.27,103.5,C+D,103.5,103.5,67.01,107.38,-35.971014492753625,35.971014492753625,1,8,"c04,c05,c06,c07,c08,c11,c12",False,OTHER,,,,,,,,,,,,,,,,,,,
JAYBARMARU,132.36,207.0,C+D,207.0,207.0,1433.29,207.0,-36.05797101449274,36.05797101449274,6,8,"c06,c07",True,OTHER,,,,,,,,,,,,,,,,,,,
KELLTONTEC,14.04,22.0,C+D,22.0,22.0,749.78,29.05,-36.18181818181819,36.18181818181819,2,8,"c04,c05,c06,c07,c11,c12",False,OTHER,,,,,,,,,,,,,,,,,,,
UNIECOM,84.39,132.4,C+D,132.4,132.4,996.67,155.8,-36.26132930513595,36.26132930513595,3,8,"c04,c05,c06,c07,c11",False,OTHER,,,,,,,,,,,,,,,,,,,
RETAIL,17.4,27.3,C+D,27.3,27.3,17.43,44.13,-36.26373626373627,36.26373626373627,2,8,"c04,c05,c06,c07,c11,c12",False,OTHER,,,,,,,,,,,,,,,,,,,
AWFIS,269.6,424.0,C+D,424.0,424.0,1923.31,639.4,-36.415094339622634,36.415094339622634,4,8,"c04,c05,c06,c07",False,OTHER,,,,,,,,,,,,,,,,,,,
VERTOZ,35.66,56.17,C,56.17,59.7,305.98,92.52,-36.51415346270252,36.51415346270252,3,8,"c04,c05,c06,c11,c12",False,OTHER,,,,,,,,,,,,,,,,,,,
HIMATSEIDE,79.14,124.67,C,124.67,126.97,999.94,134.7,-36.520413892676665,36.520413892676665,4,8,"c04,c05,c06,c11",False,OTHER,,,,,,,,,,,,,,,,,,,
EMAMIREAL,73.19,115.3,C+D,115.3,115.3,320.04,129.0,-36.52211621856028,36.52211621856028,1,8,"c04,c05,c06,c07,c08,c11,c12",False,OTHER,,,,,,,,,,,,,,,,,,,
MAHAPEXLTD,47.87,75.48,C+D,75.48,75.48,127.12,75.48,-36.579226285108646,36.579226285108646,1,8,"c04,c05,c06,c07,c08,c11,c12",False,OTHER,,,,,,,,,,,,,,,,,,,
FIBERWEB,29.49,46.5,C+D,46.5,46.5,85.17,52.47,-36.58064516129033,36.58064516129033,3,8,"c04,c05,c06,c11,c12",False,OTHER,,,,,,,,,,,,,,,,,,,
DHRUV,24.19,38.16,C,38.16,39.15,47.38,68.95,-36.60901467505241,36.60901467505241,2,8,"c04,c05,c06,c07,c11,c12",False,OTHER,,,,,,,,,,,,,,,,,,,
KPITTECH,627.9,993.9,C,993.9,1063.0,17261.95,1328.0,-36.824630244491395,36.824630244491395,5,8,"c04,c05,c06",False,OTHER,,,,,,,,,,,,,,,,,,,
RPPINFRA,60.83,96.35,C+D,96.35,96.35,303.56,169.9,-36.86559418785677,36.86559418785677,2,8,"c04,c05,c06,c07,c11,c12",False,OTHER,,,,,,,,,,,,,,,,,,,
TPHQ,0.41,0.65,C+D,0.65,0.65,43.66,0.86,-36.923076923076934,36.923076923076934,1,8,"c04,c05,c06,c07,c08,c11,c12",False,OTHER,,,,,,,,,,,,,,,,,,,
RSSOFTWARE,30.06,47.75,C+D,47.75,47.75,76.17,82.0,-37.04712041884817,37.04712041884817,2,8,"c04,c05,c06,c07,c11,c12",False,OTHER,,,,,,,,,,,,,,,,,,,
DCMFINSERV,5.38,8.55,C+D,8.55,8.55,11.23,8.55,-37.076023391812875,37.076023391812875,2,8,"c04,c05,c06,c08,c11,c12",False,OTHER,,,,,,,,,,,,,,,,,,,
JKTYRE,385.0,611.9,C+D,611.9,611.9,11006.9,611.9,-37.08122242196437,37.08122242196437,4,8,"c04,c05,c06,c07",False,OTHER,,,,,,,,,,,,,,,,,,,
SRD,37.06,59.0,C+D,59.0,59.0,237.6,91.0,-37.1864406779661,37.1864406779661,2,8,"c04,c05,c06,c07,c11,c12",False,OTHER,,,,,,,,,,,,,,,,,,,
SHARDACROP,812.6,1297.0,C+D,1297.0,1297.0,7315.86,1297.0,-37.347725520431766,37.347725520431766,4,8,"c05,c06,c07,c08",False,OTHER,,,,,,,,,,,,,,,,,,,
HYBRIDFIN,16.91,27.0,C+D,27.0,27.0,49.05,33.62,-37.370370370370374,37.370370370370374,2,8,"c05,c06,c07,c08,c11,c12",False,OTHER,,,,,,,,,,,,,,,,,,,
SETCO,17.92,28.62,C+D,28.62,28.62,240.08,28.62,-37.3864430468204,37.3864430468204,3,8,"c05,c06,c08,c11,c12",False,OTHER,,,,,,,,,,,,,,,,,,,
PANACEABIO,404.3,647.0,C+D,647.0,647.0,2690.35,647.0,-37.51159196290572,37.51159196290572,4,8,"c05,c06,c07,c08",False,OTHER,,,,,,,,,,,,,,,,,,,
NIITMTS,249.81,400.0,C+D,400.0,400.0,3382.29,443.9,-37.5475,37.5475,5,8,"c04,c05,c06",False,OTHER,,,,,,,,,,,,,,,,,,,
REPL,67.08,107.46,C,107.46,111.4,122.41,182.8,-37.57677275265215,37.57677275265215,3,8,"c04,c05,c06,c11,c12",False,OTHER,,,,,,,,,,,,,,,,,,,
GALLANTT,591.2,948.0,C+D,948.0,948.0,14591.29,948.0,-37.63713080168776,37.63713080168776,4,8,"c05,c06,c07,c08",False,OTHER,,,,,,,,,,,,,,,,,,,
CEWATER,275.6,442.0,C+D,442.0,442.0,571.06,579.0,-37.647058823529406,37.647058823529406,3,8,"c04,c05,c06,c07,c12",False,OTHER,,,,,,,,,,,,,,,,,,,
PROZONER,42.94,69.0,C+D,69.0,69.0,647.39,72.77,-37.76811594202899,37.76811594202899,2,8,"c04,c05,c06,c08,c11,c12",False,OTHER,,,,,,,,,,,,,,,,,,,
KITEX,137.94,221.86,C,221.86,230.9,2739.66,232.7,-37.82565581898495,37.82565581898495,3,8,"c04,c05,c06,c07,c08",False,OTHER,,,,,,,,,,,,,,,,,,,
QUICKHEAL,151.17,243.25,C+D,243.25,243.25,876.26,371.4,-37.8540596094553,37.8540596094553,4,8,"c04,c05,c06,c12",False,OTHER,,,,,,,,,,,,,,,,,,,
ESSARSHPNG,20.02,32.29,C+D,32.29,32.29,414.64,43.26,-37.99938061319294,37.99938061319294,1,8,"c04,c05,c06,c07,c08,c11,c12",False,OTHER,,,,,,,,,,,,,,,,,,,
UNITECH,4.08,6.59,C+D,6.59,6.59,1069.65,7.93,-38.08801213960546,38.08801213960546,2,8,"c04,c05,c06,c07,c08,c11",False,OTHER,,,,,,,,,,,,,,,,,,,
AKI,4.33,7.0,C+D,7.0,7.0,44.9,10.62,-38.14285714285714,38.14285714285714,3,8,"c04,c05,c06,c11,c12",False,OTHER,,,,,,,,,,,,,,,,,,,
ECOSMOBLTY,131.55,213.0,C,213.0,217.5,783.86,303.25,-38.239436619718305,38.239436619718305,3,8,"c04,c05,c06,c07,c12",False,OTHER,,,,,,,,,,,,,,,,,,,
SOLEX,903.4,1464.0,C+D,1464.0,1464.0,974.8,1985.0,-38.29234972677596,38.29234972677596,4,8,"c04,c05,c06,c08",False,OTHER,,,,,,,,,,,,,,,,,,,
EASEMYTRIP,6.54,10.6,C+D,10.6,10.6,2244.76,10.6,-38.30188679245283,38.30188679245283,2,8,"c04,c05,c06,c07,c08,c11",False,OTHER,,,,,,,,,,,,,,,,,,,
BYKE,32.99,53.73,C,53.73,54.56,172.89,76.73,-38.60040945468081,38.60040945468081,2,8,"c04,c05,c06,c07,c11,c12",False,OTHER,,,,,,,,,,,,,,,,,,,
REGENCERAM,32.71,53.3,C+D,53.3,53.3,86.64,54.99,-38.63039399624765,38.63039399624765,1,8,"c04,c05,c06,c07,c08,c11,c12",False,OTHER,,,,,,,,,,,,,,,,,,,
LANDSMILL,0.79,1.29,C,1.29,1.33,111.44,1.74,-38.75968992248062,38.75968992248062,2,8,"c04,c05,c06,c07,c11,c12",False,OTHER,,,,,,,,,,,,,,,,,,,
JINDALPOLY,628.5,1026.45,C+D,1026.45,1026.45,2734.95,1026.45,-38.76954552097034,38.76954552097034,4,8,"c05,c06,c07,c08",False,OTHER,,,,,,,,,,,,,,,,,,,
GUJENERGY,265.45,433.8,C,433.8,435.3,18262.99,452.0,-38.808206546795766,38.808206546795766,3,8,"c04,c05,c06,c07,c08",False,OTHER,,,,,,,,,,,,,,,,,,,
NAGREEKCAP,23.18,38.0,C+D,38.0,38.0,32.25,42.75,-39.0,39.0,1,8,"c04,c05,c06,c07,c08,c11,c12",False,OTHER,,,,,,,,,,,,,,,,,,,
DAVANGERE,3.08,5.05,C+D,5.05,5.05,443.3,5.5,-39.009900990099005,39.009900990099005,1,8,"c04,c05,c06,c07,c08,c11,c12",False,OTHER,,,,,,,,,,,,,,,,,,,
VCL,1.4,2.31,C+D,2.31,2.31,27.6,2.66,-39.3939393939394,39.3939393939394,2,8,"c04,c05,c06,c08,c11,c12",False,OTHER,,,,,,,,,,,,,,,,,,,
NARMADA,13.67,22.59,C+D,22.59,22.59,103.93,22.59,-39.486498450641875,39.486498450641875,3,8,"c06,c07,c08,c11,c12",False,OTHER,,,,,,,,,,,,,,,,,,,
BLUECHIP,1.69,2.81,C+D,2.81,2.81,7.48,4.7,-39.85765124555161,39.85765124555161,2,8,"c04,c05,c06,c07,c11,c12",False,OTHER,,,,,,,,,,,,,,,,,,,
LGHL,197.8,330.9,C+D,330.9,330.9,1007.05,399.59,-40.22363251737684,40.22363251737684,3,8,"c04,c05,c06,c07,c08",False,OTHER,,,,,,,,,,,,,,,,,,,
YATRA,104.53,175.35,C+D,175.35,175.35,1643.87,202.0,-40.38779583689763,40.38779583689763,5,8,"c04,c05,c06",False,OTHER,,,,,,,,,,,,,,,,,,,
LAXMICOT,14.55,24.44,C+D,24.44,24.44,25.52,26.98,-40.46644844517185,40.46644844517185,3,8,"c04,c05,c06,c11,c12",False,OTHER,,,,,,,,,,,,,,,,,,,
SEPC,6.25,10.54,C+D,10.54,10.54,1113.6,13.73,-40.70208728652751,40.70208728652751,4,8,"c04,c05,c06,c11",False,OTHER,,,,,,,,,,,,,,,,,,,
SHREERAMA,37.91,64.0,C,64.0,65.0,544.41,71.99,-40.76562500000001,40.76562500000001,1,8,"c04,c05,c06,c07,c08,c11,c12",False,OTHER,,,,,,,,,,,,,,,,,,,
TRU,4.44,7.5,C,7.5,8.08,54.08,13.82,-40.8,40.8,2,8,"c04,c05,c06,c07,c11,c12",False,OTHER,,,,,,,,,,,,,,,,,,,
AVROIND,8.64,14.6,C+D,14.6,14.6,119.0,16.45,-40.82191780821917,40.82191780821917,2,8,"c04,c05,c06,c08,c11,c12",False,OTHER,,,,,,,,,,,,,,,,,,,
RELINFRA,72.74,123.0,C,123.0,132.66,2952.95,303.0,-40.861788617886184,40.861788617886184,4,8,"c04,c05,c06,c11",False,OTHER,,,,,,,,,,,,,,,,,,,
RAMASTEEL,4.76,8.1,C+D,8.1,8.1,685.15,11.58,-41.23456790123457,41.23456790123457,3,8,"c04,c05,c06,c11,c12",False,OTHER,,,,,,,,,,,,,,,,,,,
ELIN,95.74,163.22,C,163.22,169.5,461.28,234.0,-41.34297267491729,41.34297267491729,2,8,"c04,c05,c06,c07,c11,c12",False,OTHER,,,,,,,,,,,,,,,,,,,
NEXTMEDIA,3.8,6.5,C+D,6.5,6.5,26.4,8.48,-41.53846153846154,41.53846153846154,3,8,"c04,c05,c06,c11,c12",False,OTHER,,,,,,,,,,,,,,,,,,,
WEWIN,45.5,78.0,C+D,78.0,78.0,47.86,78.0,-41.66666666666667,41.66666666666667,2,8,"c04,c05,c06,c08,c11,c12",False,OTHER,,,,,,,,,,,,,,,,,,,
CURAA,73.55,126.18,C+D,126.18,126.18,72.97,337.0,-41.71025519099699,41.71025519099699,1,8,"c04,c05,c06,c07,c08,c11,c12",False,OTHER,,,,,,,,,,,,,,,,,,,
SHYAMTEL,14.77,25.42,C+D,25.42,25.42,17.65,25.42,-41.896144767899294,41.896144767899294,3,8,"c06,c07,c08,c11,c12",False,OTHER,,,,,,,,,,,,,,,,,,,
KRIDHANINF,2.3,3.99,C,3.99,4.45,23.73,4.78,-42.355889724310785,42.355889724310785,1,8,"c04,c05,c06,c07,c08,c11,c12",False,OTHER,,,,,,,,,,,,,,,,,,,
AKG,8.58,14.9,C,14.9,15.0,29.59,15.34,-42.41610738255034,42.41610738255034,1,8,"c04,c05,c06,c07,c08,c11,c12",False,OTHER,,,,,,,,,,,,,,,,,,,
WAAREEINDO,311.25,540.85,C+D,540.85,540.85,1302.69,725.0,-42.45169640380882,42.45169640380882,4,8,"c04,c05,c06,c08",False,OTHER,,,,,,,,,,,,,,,,,,,
TTL,5.85,10.17,C,10.17,10.25,135.34,12.2,-42.47787610619469,42.47787610619469,1,8,"c04,c05,c06,c07,c08,c11,c12",False,OTHER,,,,,,,,,,,,,,,,,,,
BILVYAPAR,4.25,7.4,C,7.4,7.43,13.36,14.7,-42.56756756756757,42.56756756756757,3,8,"c04,c05,c06,c11,c12",False,OTHER,,,,,,,,,,,,,,,,,,,
EUROTEXIND,13.63,23.8,C+D,23.8,23.8,11.71,23.8,-42.73109243697479,42.73109243697479,3,8,"c05,c06,c08,c11,c12",False,OTHER,,,,,,,,,,,,,,,,,,,
NOIDATOLL,4.22,7.43,C+D,7.43,7.43,79.52,7.43,-43.203230148048455,43.203230148048455,1,8,"c04,c05,c06,c07,c08,c11,c12",False,OTHER,,,,,,,,,,,,,,,,,,,
GOODYEAR,795.6,1401.8,C,1401.8,1410.0,1845.14,1451.0,-43.24440005706948,43.24440005706948,4,8,"c04,c05,c06,c07",False,OTHER,,,,,,,,,,,,,,,,,,,
AVANTIFEED,903.75,1593.8,C+D,1593.8,1593.8,12321.37,1593.8,-43.29589659932237,43.29589659932237,5,8,"c05,c06,c08",False,OTHER,,,,,,,,,,,,,,,,,,,
TREEHOUSE,6.23,11.0,C+D,11.0,11.0,26.66,11.0,-43.36363636363636,43.36363636363636,1,8,"c04,c05,c06,c07,c08,c11,c12",False,OTHER,,,,,,,,,,,,,,,,,,,
XELPMOC,81.89,144.98,C+D,144.98,144.98,119.98,155.5,-43.516347082356184,43.516347082356184,2,8,"c04,c05,c06,c08,c11,c12",False,OTHER,,,,,,,,,,,,,,,,,,,
UMAEXPORTS,20.01,35.5,C+D,35.5,35.5,66.84,57.81,-43.6338028169014,43.6338028169014,2,8,"c04,c05,c06,c07,c11,c12",False,OTHER,,,,,,,,,,,,,,,,,,,
HARDWYN,11.26,20.2,C+D,20.2,20.2,774.36,20.2,-44.257425742574256,44.257425742574256,2,8,"c05,c06,c07,c08,c11,c12",False,OTHER,,,,,,,,,,,,,,,,,,,
SADBHIN,2.67,4.79,C+D,4.79,4.79,92.48,5.02,-44.258872651356995,44.258872651356995,2,8,"c04,c05,c06,c07,c11,c12",False,OTHER,,,,,,,,,,,,,,,,,,,
GRAUWEIL,67.6,121.7,C+D,121.7,121.7,3098.71,121.7,-44.453574363188174,44.453574363188174,4,8,"c06,c07,c08,c11",False,OTHER,,,,,,,,,,,,,,,,,,,
VLEGOV,10.74,19.4,C+D,19.4,19.4,128.62,47.6,-44.63917525773196,44.63917525773196,3,8,"c04,c05,c06,c11,c12",False,OTHER,,,,,,,,,,,,,,,,,,,
VIVIMEDLAB,4.88,8.85,C,8.85,9.74,39.89,29.4,-44.85875706214689,44.85875706214689,1,8,"c04,c05,c06,c07,c08,c11,c12",False,OTHER,,,,,,,,,,,,,,,,,,,
URAVIDEF,107.46,194.93,C+D,194.93,194.93,122.21,510.0,-44.8725183399169,44.8725183399169,3,8,"c04,c05,c06,c07,c12",False,OTHER,,,,,,,,,,,,,,,,,,,
KHADIM,93.07,172.5,C,172.5,174.0,174.48,295.8,-46.04637681159421,46.04637681159421,2,8,"c04,c05,c06,c07,c11,c12",False,OTHER,,,,,,,,,,,,,,,,,,,
TCIFINANCE,14.94,27.88,C+D,27.88,27.88,19.75,38.46,-46.41319942611191,46.41319942611191,3,8,"c05,c06,c08,c11,c12",False,OTHER,,,,,,,,,,,,,,,,,,,
RKEC,26.6,50.48,C+D,50.48,50.48,64.87,81.5,-47.30586370839936,47.30586370839936,3,8,"c04,c05,c06,c11,c12",False,OTHER,,,,,,,,,,,,,,,,,,,
CHEMPLASTS,178.57,338.95,C+D,338.95,338.95,2846.13,460.8,-47.31671337955451,47.31671337955451,4,8,"c04,c05,c06,c07",False,OTHER,,,,,,,,,,,,,,,,,,,
BCONCEPTS,170.91,324.95,C+D,324.95,324.95,212.3,449.0,-47.40421603323588,47.40421603323588,3,8,"c04,c05,c06,c07,c12",False,OTHER,,,,,,,,,,,,,,,,,,,
INDOUS,80.77,154.39,C+D,154.39,154.39,163.23,174.06,-47.68443552043526,47.68443552043526,2,8,"c04,c05,c06,c08,c11,c12",False,OTHER,,,,,,,,,,,,,,,,,,,
ORCHASP,1.52,2.93,C+D,2.93,2.93,58.56,4.16,-48.122866894197955,48.122866894197955,1,8,"c04,c05,c06,c07,c08,c11,c12",False,OTHER,,,,,,,,,,,,,,,,,,,
FILATFASH,0.18,0.35,C+D,0.35,0.35,148.96,0.68,-48.57142857142857,48.57142857142857,3,8,"c04,c05,c06,c11,c12",False,OTHER,,,,,,,,,,,,,,,,,,,
NIRAJISPAT,199.41,397.48,C+D,397.48,397.48,12.05,485.75,-49.831438059776595,49.831438059776595,3,8,"c04,c05,c06,c07,c12",False,OTHER,,,,,,,,,,,,,,,,,,,
GRMOVER,90.55,180.78,C+D,180.78,180.78,1865.93,185.45,-49.91149463436221,49.91149463436221,3,8,"c04,c05,c06,c08,c11",False,OTHER,,,,,,,,,,,,,,,,,,,
TECILCHEM,8.57,17.25,C,17.25,18.14,15.58,22.87,-50.31884057971014,50.31884057971014,2,8,"c04,c05,c06,c07,c11,c12",False,OTHER,,,,,,,,,,,,,,,,,,,
ASMS,7.35,15.37,C,15.37,16.7,213.49,17.6,-52.17957059206246,52.17957059206246,3,8,"c04,c05,c06,c11,c12",False,OTHER,,,,,,,,,,,,,,,,,,,
TARAPUR,14.24,30.45,C,30.45,32.0,26.15,39.99,-53.234811165845656,53.234811165845656,1,8,"c04,c05,c06,c07,c08,c11,c12",False,OTHER,,,,,,,,,,,,,,,,,,,
SUMEETINDS,16.42,35.67,C+D,35.67,35.67,953.71,35.67,-53.96691897953462,53.96691897953462,3,8,"c05,c06,c07,c08,c11",False,OTHER,,,,,,,,,,,,,,,,,,,
TAKE,22.99,50.14,C+D,50.14,50.14,345.63,50.14,-54.14838452333467,54.14838452333467,2,8,"c04,c05,c06,c08,c11,c12",False,OTHER,,,,,,,,,,,,,,,,,,,
ABCOTS,201.66,455.0,C+D,455.0,455.0,444.38,504.0,-55.67912087912088,55.67912087912088,3,8,"c04,c05,c06,c07,c12",False,OTHER,,,,,,,,,,,,,,,,,,,
ABINFRA,10.18,23.56,C+D,23.56,23.56,683.94,23.56,-56.79117147707979,56.79117147707979,1,8,"c04,c05,c06,c07,c08,c11,c12",False,OTHER,,,,,,,,,,,,,,,,,,,
GICL,20.74,52.4,C+D,52.4,52.4,225.59,52.4,-60.41984732824428,60.41984732824428,2,8,"c04,c05,c06,c08,c11,c12",False,OTHER,,,,,,,,,,,,,,,,,,,
KSHITIJPOL,2.8,7.2,C+D,7.2,7.2,44.77,7.2,-61.111111111111114,61.111111111111114,2,8,"c05,c06,c07,c08,c11,c12",False,OTHER,,,,,,,,,,,,,,,,,,,
LEXUS,14.69,39.25,C+D,39.25,39.25,29.91,39.25,-62.57324840764332,62.57324840764332,3,8,"c04,c05,c06,c11,c12",False,OTHER,,,,,,,,,,,,,,,,,,,
TICL,10.12,27.14,C+D,27.14,27.14,150.02,33.99,-62.71186440677967,62.71186440677967,2,8,"c04,c05,c06,c08,c11,c12",False,OTHER,,,,,,,,,,,,,,,,,,,
DELPHIFX,6.74,18.25,C+D,18.25,18.25,175.16,18.25,-63.06849315068494,63.06849315068494,2,8,"c04,c05,c06,c08,c11,c12",False,OTHER,,,,,,,,,,,,,,,,,,,
FLEXITUFF,3.51,10.98,C,10.98,11.29,11.81,29.49,-68.0327868852459,68.0327868852459,2,8,"c04,c05,c06,c07,c11,c12",False,OTHER,,,,,,,,,,,,,,,,,,,
INDOTHAI,94.62,320.0,C+D,320.0,320.0,1213.13,466.35,-70.43125,70.43125,2,8,"c04,c05,c06,c07,c08,c11",False,OTHER,,,,,,,,,,,,,,,,,,,
GSLSU,26.81,92.95,C,92.95,93.0,121.61,139.67,-71.15653577192037,71.15653577192037,2,8,"c04,c05,c06,c08,c11,c12",False,OTHER,,,,,,,,,,,,,,,,,,,
RAJTV,10.33,42.0,C,42.0,42.5,56.72,46.9,-75.40476190476191,75.40476190476191,2,8,"c04,c05,c06,c07,c11,c12",False,OTHER,,,,,,,,,,,,,,,,,,,
RMDRIP,17.76,72.22,C+D,72.22,72.22,759.4,72.22,-75.40847410689558,75.40847410689558,2,8,"c04,c05,c06,c07,c11,c12",False,OTHER,,,,,,,,,,,,,,,,,,,
LEMERITE,23.15,100.0,C+D,100.0,100.0,268.97,107.57,-76.85,76.85,2,8,"c04,c05,c06,c08,c11,c12",False,OTHER,,,,,,,,,,,,,,,,,,,
OSIAHYPER,2.68,14.5,C+D,14.5,14.5,48.36,33.08,-81.51724137931035,81.51724137931035,2,8,"c04,c05,c06,c07,c11,c12",False,OTHER,,,,,,,,,,,,,,,,,,,
PARSVNATH,1.62,9.8,C+D,9.8,9.8,73.6,18.75,-83.46938775510203,83.46938775510203,1,8,"c04,c05,c06,c07,c08,c11,c12",False,OTHER,,,,,,,,,,,,,,,,,,,
AQYLON,26.73,208.45,C,208.45,1808.6,692.96,2050.0,-87.17678100263852,87.17678100263852,3,8,"c04,c05,c06,c11,c12",False,OTHER,,,,,,,,,,,,,,,,,,,
