symbol,security_id,exchange_segment,week_start,entry_level,level_52,hi_short2,close_1,ema_fast_prev,ema_fast_len,ema_slow_prev,ema_slow_len,ema_slow_2,rsi_len,rsi_avg_gain,rsi_avg_loss,rsi_prev_close,rsi_1,macd_fast,macd_slow,macd_signal,macd_ema_fast,macd_ema_slow,macd_sig,vol_sma_len,vol_sma_sum_prev,g_ema_fast,g_ema_slow,g_ema_slow_2,g_rsi,g_rsi_1,g_hist,prev_daily_close,prev_daily_open,mcap,logic_version
20MICRONS,16921,NSE_EQ,2026-09-28,233.52999877929688,237.39999389648438,233.52999877929688,217.5800018310547,200.3183547010313,20,196.96448581006425,50,196.12303617655445,14,4.610318011637572,3.087052969726749,217.5800018310547,59.894709801558975,12,26,9,205.77443940317812,198.03224150678096,5.53151264696538,10,8674816.0,200.3183547010313,196.96448581006425,195.6268336213405,59.894709801558975,56.106702134597604,2.210685249431778,217.5800018310547,215.00999450683594,753.6,3
21STCENMGM,4,NSE_EQ,2026-09-28,46.4900016784668,53.790000915527344,46.4900016784668,39.869998931884766,38.09017921858761,20,41.37201155409461,50,41.43331819173583,14,0.9078745373736185,0.780302297007308,39.869998931884766,53.77840276469298,12,26,9,38.819322738653895,38.155408284130054,0.026137492172126464,10,342390.0,38.09017921858761,41.37201155409461,41.53345364681744,53.77840276469298,51.96973534142769,0.6377769623517144,39.869998931884766,40.15999984741211,41.9,3
360ONE,13061,NSE_EQ,2026-09-28,1222.9000244140625,1236.199951171875,1222.9000244140625,1073.0,1116.3056846294273,20,1099.851224997318,50,1100.9471933645555,14,13.245101100159127,16.307633406088623,1073.0,44.81852972813388,12,26,9,1118.7217675556562,1113.3062034747663,12.896818879270567,10,39682227.0,1116.3056846294273,1099.851224997318,1102.0838144983766,44.81852972813388,44.82936228084761,-7.481254798380659,1073.0,1080.0,42842.87,3
3IINFOLTD,6240,NSE_EQ,2026-09-28,27.799999237060547,27.799999237060547,27.799999237060547,24.350000381469727,21.445316512393166,20,20.266216840415613,50,20.099531797923607,14,0.7327501456458878,0.4533126838951023,24.350000381469727,61.780044648179754,12,26,9,22.76529581915394,20.79858423463581,1.5990625755370582,10,37305266.0,21.445316512393166,20.266216840415613,19.879104524369467,61.780044648179754,66.37710575774352,0.3676490089810718,24.350000381469727,24.940000534057617,502.21,3
3MINDIA,474,NSE_EQ,2026-09-28,37300.0,38030.0,37300.0,33925.0,33837.36416482064,20,33266.06993542652,50,33239.17483075005,14,476.9178298780175,460.6405975869955,33925.0,50.868064955430704,12,26,9,33935.94989532844,33732.142629790476,320.69663272517175,10,172597.0,33837.36416482064,33266.06993542652,33204.243191188834,50.868064955430704,51.535531189732716,-116.88936718720618,33925.0,34595.0,37906.26,3
3PLAND,2595,NSE_EQ,2026-09-28,37.400001525878906,45.4900016784668,37.400001525878906,30.989999771118164,32.22078937860027,20,34.771514041228656,50,34.925861562457655,14,0.29182812878855774,0.4290805262458511,30.989999771118164,40.48059719502589,12,26,9,31.756994682700427,32.68857092171014,-1.0541930170814,10,278609.0,32.22078937860027,34.771514041228656,35.08242733428907,40.48059719502589,40.885699593771605,0.12261677807168869,30.989999771118164,29.420000076293945,54.67,3
5PAISA,445,NSE_EQ,2026-09-28,416.95001220703125,416.95001220703125,416.95001220703125,308.8999938964844,342.35052794098516,20,344.99869653020687,50,346.4721129642363,14,6.015830580300303,8.509952977426945,308.8999938964844,41.41484386293279,12,26,9,342.3692862198326,341.42332076303364,6.702798269987237,10,2595260.0,342.35052794098516,344.99869653020687,347.4975050810004,41.41484386293279,44.115659563218706,-5.756832813188292,308.8999938964844,310.0,1368.08,3
63MOONS,11868,NSE_EQ,2026-09-28,957.9500122070312,957.9500122070312,957.9500122070312,857.6500244140625,779.0696594382872,20,739.7784579931767,50,734.967373649467,14,26.467088125279425,19.044962251087888,857.6500244140625,58.15402273992645,12,26,9,816.0687084310858,763.0991003202205,37.0573160704144,10,44942222.0,779.0696594382872,739.7784579931767,728.8537970637309,58.15402273992645,60.73729331223463,15.91229204045095,857.6500244140625,867.5,3848.36,3
A2ZINFRA,20906,NSE_EQ,2026-09-28,17.950000762939453,19.389999389648438,17.979999542236328,14.720000267028809,15.151995965463605,20,15.673414819446013,50,15.71232969913651,14,0.4147999169559054,0.4559086211989823,14.720000267028809,47.63935332883091,12,26,9,15.118097187409969,15.237362892278423,-0.21844457366386613,10,18300560.0,15.151995965463605,15.673414819446013,15.745894162639111,47.63935332883091,48.313126038280295,0.09917886879541235,14.720000267028809,14.5600004196167,261.67,3
AAATECH,12533,NSE_EQ,2026-09-28,110.0,136.0,110.0,101.5,93.99694268116068,20,94.35622673756444,50,94.0646441554242,14,2.1675507090299897,1.608493695913743,101.5,57.40268059856909,12,26,9,93.65844474988145,94.20805984668833,-0.8712783588121283,10,2681084.0,93.99694268116068,94.35622673756444,94.35503791898265,57.40268059856909,41.22631894727048,0.32166326200525364,101.5,93.19999694824219,126.15,3
AADHARHFC,23729,NSE_EQ,2026-09-28,563.0,563.0,563.0,444.5,481.46956139849567,20,480.9292892811446,50,482.4161990477219,14,6.1676138639432585,9.11111245602614,444.5,40.36732993824325,12,26,9,476.3146455896714,482.6789273046767,0.4547793105677136,10,15537307.0,481.46956139849567,480.9292892811446,483.2637992579765,40.36732993824325,43.885966840352246,-6.819061025573005,444.5,446.54998779296875,19095.3,3
AAKASH,235,NSE_EQ,2026-09-28,10.600000381469727,13.399999618530273,10.600000381469727,8.920000076293945,8.878949871722252,20,8.950201250551233,50,8.951433951541325,14,0.11137323980696669,0.10777318246090896,8.920000076293945,50.821381729348325,12,26,9,8.893811443015197,8.873088381151192,0.028342791244768746,10,5963861.0,8.878949871722252,8.950201250551233,8.95434961836175,50.821381729348325,50.171741569060536,-0.007619729380763003,8.920000076293945,9.050000190734863,92.36,3
AAREYDRUGS,5245,NSE_EQ,2026-09-28,103.98999786376953,103.98999786376953,103.5,101.56999969482422,87.16128982552269,20,79.79772154039455,50,78.90905712592803,14,2.7291633555920654,1.4509506934179517,101.56999969482422,65.2892079879595,12,26,9,90.8821808756351,85.23548976862038,3.6470478137291797,10,8196502.0,87.16128982552269,79.79772154039455,77.96126365133661,65.2892079879595,65.92000143786625,1.999643293285538,101.56999969482422,98.5,287.99,3
AARON,1030,NSE_EQ,2026-09-28,154.8000030517578,228.0,154.8000030517578,124.11000061035156,130.4166114446751,20,143.86636792679943,50,144.67275026624628,14,1.8955729277592506,2.6312208807790127,124.11000061035156,41.874514456211685,12,26,9,127.99988126601541,133.1768627583084,-6.423031002632756,10,1346398.0,130.4166114446751,143.86636792679943,145.683066678381,41.874514456211685,37.759528056373846,1.2460495103397609,124.11000061035156,118.5,254.14,3
AARTECH,17164,NSE_EQ,2026-09-28,60.97999954223633,64.75,60.97999954223633,50.11000061035156,48.412801801774606,20,49.61978882313749,50,49.59978017876141,14,1.1252178311076144,0.9853250912845042,50.11000061035156,53.31414107571321,12,26,9,49.143120138673325,48.28385584941961,0.3211718789305368,10,2700903.0,48.412801801774606,49.61978882313749,49.52915888683107,53.31414107571321,55.61025221462031,0.5380924103231789,50.11000061035156,50.20000076293945,161.93,3
AARTIDRUGS,4481,NSE_EQ,2026-09-28,453.6499938964844,534.0,453.6499938964844,427.3999938964844,408.8055840325681,20,407.8641125788402,50,407.0667296679159,14,5.256978685560618,3.584310718286191,427.3999938964844,59.45941191873357,12,26,9,417.08721491059123,405.9197403824555,7.14053073591211,10,8333485.0,408.8055840325681,407.8641125788402,406.05720892811786,59.45941191873357,61.65094572692057,4.026943792223646,427.3999938964844,440.0,3962.03,3
AARTIIND,7,NSE_EQ,2026-09-28,551.75,551.75,551.75,489.25,486.8879533164849,20,461.6405900465864,50,460.5136753546103,14,7.774828696514574,6.937127007918762,489.25,52.8470099605567,12,26,9,496.12051195656653,479.5133697987665,19.990381794422518,10,51952303.0,486.8879533164849,461.6405900465864,459.2632133733093,52.8470099605567,53.33904839137897,-3.3832396366225055,489.25,487.8500061035156,17449.3,3
AARTIPHARM,13868,NSE_EQ,2026-09-28,962.0,962.0,932.5999755859375,939.5499877929688,774.1879684793777,20,749.4051757117818,50,741.6441629737741,14,24.861800360324803,11.211210040995793,939.5499877929688,68.92078061612135,12,26,9,804.5322372137018,763.3240007583441,18.481222102481937,10,43750670.0,774.1879684793777,749.4051757117818,738.4296380170276,68.92078061612135,59.32411098852186,22.72701435287574,939.5499877929688,930.0,8437.34,3
AARTISURF,19263,NSE_EQ,2026-09-28,677.7000122070312,677.7000122070312,677.7000122070312,515.7000122070312,476.6532418854847,20,456.7549922301317,50,454.3490730474011,14,18.10021426079049,14.13201607858945,515.7000122070312,56.15563698263981,12,26,9,501.89000077483377,465.46392528332456,26.948834469877404,10,2469104.0,476.6532418854847,456.7549922301317,451.01842246945694,56.15563698263981,58.794032382918715,9.477241021631805,515.7000122070312,525.0,428.24,3
AARVI,19073,NSE_EQ,2026-09-28,168.39999389648438,168.39999389648438,168.39999389648438,136.91000366210938,142.2565477017502,20,135.70946922955005,50,135.6604678241395,14,1.7008085423877302,1.9748794883342384,136.91000366210938,46.27184157556652,12,26,9,143.61322418105982,140.7295577836307,4.825267112268357,10,1207022.0,142.2565477017502,135.70946922955005,135.48538500274753,46.27184157556652,49.176986888782416,-1.9416007148392325,136.91000366210938,135.85000610351562,201.61,3
AAVAS,5385,NSE_EQ,2026-09-28,1544.9000244140625,1771.9000244140625,1544.9000244140625,1267.699951171875,1350.7656310415557,20,1420.3635125751346,50,1426.5946783466961,14,16.856436336046603,24.34501157676493,1267.699951171875,40.91224262729155,12,26,9,1331.2513813883495,1362.904666211708,-17.937327353659363,10,4438675.0,1350.7656310415557,1420.3635125751346,1432.3903805001964,40.91224262729155,42.147093311337336,-13.715957469699127,1267.699951171875,1246.0999755859375,9943.06,3
ABAN,7759,NSE_EQ,2026-09-28,22.1299991607666,43.29999923706055,23.290000915527344,13.850000381469727,16.500256780341022,20,22.73274626403865,50,23.095307320470035,14,0.4400669009086042,0.7381052187211214,13.850000381469727,37.35166480148145,12,26,9,15.49737405634892,17.53336551813335,-2.352810277930423,10,1329296.0,16.500256780341022,22.73274626403865,23.444503539189093,37.35166480148145,38.982388940227914,0.3168188161459926,13.850000381469727,13.800000190734863,82.48,3
ABB,13,NSE_EQ,2026-09-28,7924.5,7924.5,7924.5,7052.5,7131.647920367788,20,6634.278669376273,50,6617.208410983467,14,102.07651299260843,97.27699197628563,7052.5,51.20377141527351,12,26,9,7263.060810542866,7010.118894276558,327.6542276010034,10,10188744.0,7131.647920367788,6634.278669376273,6590.543448166465,51.20377141527351,55.54214806663059,-74.71231133469541,7052.5,7111.0,147569.94,3
ABBOTINDIA,17903,NSE_EQ,2026-09-28,28940.0,30655.0,28940.0,26955.0,26789.398602873633,20,27424.529843108452,50,27443.69432650063,14,270.72526764532466,267.55678209318967,26955.0,50.294314621272825,12,26,9,26718.66150302276,26893.010338016622,-214.39317430355604,10,374558.0,26789.398602873633,27424.529843108452,27450.783890847597,50.294314621272825,52.48830737373936,40.04433930969262,26955.0,26860.0,57267.75,3
ABCAPITAL,21614,NSE_EQ,2026-09-28,430.70001220703125,430.70001220703125,430.70001220703125,390.0,388.30787009786627,20,354.51159942205754,50,353.06309327601906,14,5.141836900434747,4.3905459408361045,390.0,53.940730099225014,12,26,9,397.017711419852,381.3865739313079,17.86976353933869,10,142511013.0,388.30787009786627,354.51159942205754,350.7370975814497,53.940730099225014,63.477580380696565,-2.2386260507946076,390.0,390.8999938964844,101008.4,3
ABCOTS,759130,NSE_EQ,2026-09-28,443.95001220703125,474.8999938964844,443.95001220703125,203.07000732421875,229.1267456496045,20,291.51846260884946,50,295.1286036408752,14,2.7117199736803,6.097115866226868,203.07000732421875,30.784090235797578,12,26,9,211.06484186730938,244.56858797264124,-40.512466823471314,10,703154.0,229.1267456496045,291.51846260884946,298.60936272403274,30.784090235797578,32.57497287368115,7.0087207181394575,203.07000732421875,203.0,443.17,3
ABDL,24308,NSE_EQ,2026-09-28,753.7999877929688,753.7999877929688,711.7000122070312,715.0499877929688,612.114256238388,20,564.994686042348,50,558.8699798484452,14,15.772289886581783,6.8734236365254855,715.0499877929688,69.64801471363677,12,26,9,630.2656104646536,601.0492548862296,24.449238784031927,10,28573374.0,612.114256238388,564.994686042348,555.2483473693637,69.64801471363677,61.44559488202032,4.767116794392059,715.0499877929688,725.0,20522.89,3
ABFRL,30108,NSE_EQ,2026-09-28,69.08999633789062,88.98999786376953,69.08999633789062,49.13999938964844,57.12285107676936,20,74.97549270499948,50,76.03000263623831,14,0.8028629668732024,1.6249646755935188,49.13999938964844,33.069191273293086,12,26,9,54.44345034758362,59.39036517253103,-4.6556173533166945,10,260050056.0,57.12285107676936,74.97549270499948,77.08592111741488,33.069191273293086,34.092273264297575,-0.2912974716307115,49.13999938964844,48.02000045776367,5863.77,3
ABINFRA,27016,NSE_EQ,2026-09-28,18.239999771118164,23.559999465942383,18.239999771118164,12.579999923706055,12.090350114004222,20,13.591150448294842,50,13.632421898278057,14,0.3370976139167352,0.3406912225846996,12.579999923706055,49.734902046593625,12,26,9,11.611253177037048,12.5536083325753,-1.3468896064311129,10,223596306.0,12.090350114004222,13.591150448294842,13.716602396378214,49.734902046593625,43.74746247930582,0.4045344508928612,12.579999923706055,12.699999809265137,820.82,3
ABLBL,756843,NSE_EQ,2026-09-28,119.55000305175781,150.7899932861328,119.55000305175781,78.72000122070312,91.69735596399816,20,107.14777573919044,50,108.30809306647564,14,0.679547236101338,1.9577683282373124,78.72000122070312,25.766625931688452,12,26,9,87.51404819196154,94.66029007055936,-6.421873104394815,10,37764572.0,91.69735596399816,107.14777573919044,109.41577040923197,25.766625931688452,27.597891423198945,-0.7243687742030049,78.72000122070312,78.16999816894531,9390.39,3
ABMINTLLTD,5551,NSE_EQ,2026-09-28,72.80000305175781,72.80000305175781,72.80000305175781,45.20000076293945,47.937522068959524,20,47.20379233452686,50,47.28557974561206,14,1.5740142870588032,1.7349859749965446,45.20000076293945,47.56766885479551,12,26,9,49.26067746316423,47.35907128537831,1.5271963998728875,10,144459.0,47.937522068959524,47.20379233452686,47.1756034273825,47.56766885479551,53.04047904833362,0.37440977791302754,45.20000076293945,45.20000076293945,42.7,3
ABREL,625,NSE_EQ,2026-09-28,1598.0,1914.0,1598.0,1230.9000244140625,1346.6449730865618,20,1459.7612086843667,50,1469.1024815117262,14,17.07966592533008,27.455151336201364,1230.9000244140625,38.35126531457278,12,26,9,1331.1975011225259,1362.5750852099468,-25.39392360023178,10,7975160.0,1346.6449730865618,1459.7612086843667,1477.384217443965,38.35126531457278,40.65290692098408,-5.983660487189148,1230.9000244140625,1215.9000244140625,13143.56,3
ABSLAMC,6018,NSE_EQ,2026-09-28,1224.9000244140625,1224.9000244140625,1224.9000244140625,1014.5,1044.5505508686083,20,969.9472681096325,50,968.1287892569645,14,17.406557184018947,18.479109331252385,1014.5,48.50559812400724,12,26,9,1053.8402712528505,1030.9436825514772,36.14153942488073,10,9152747.0,1044.5505508686083,969.9472681096325,964.3626163934094,48.50559812400724,53.382731790909716,-13.244950723507458,1014.5,1020.0,28515.23,3
ACC,22,NSE_EQ,2026-09-28,1459.5999755859375,1987.0,1459.5999755859375,1236.4000244140625,1338.684320794371,20,1489.6227237783546,50,1499.9583441605707,14,7.316933544899067,17.86754778829631,1236.4000244140625,29.05334220742796,12,26,9,1302.0152070975062,1368.4669797205038,-67.1148753905815,10,6452436.0,1338.684320794371,1489.6227237783546,1509.7648091805174,29.05334220742796,31.109145671879915,0.6631027675838794,1236.4000244140625,1236.0999755859375,22879.81,3
ACCELYA,7053,NSE_EQ,2026-09-28,1220.0,1527.0,1220.0,1110.0,1140.3739826021435,20,1206.4122196573458,50,1210.347412296421,14,6.023375273027709,9.406879035422397,1110.0,39.03613740007586,12,26,9,1129.5649630521013,1151.884141383393,-26.646076544943995,10,251625.0,1140.3739826021435,1206.4122196573458,1213.9126127983156,39.03613740007586,41.53569846286764,4.326898213652399,1110.0,1120.9000244140625,1659.66,3
ACCURACY,1472,NSE_EQ,2026-09-28,6.03000020980835,7.400000095367432,6.03000020980835,4.28000020980835,4.813746852889279,20,5.461256762595553,50,5.50947131577054,14,0.08706925828023467,0.13795599403424733,4.28000020980835,38.69310550024484,12,26,9,4.652024402622527,4.922616365692999,-0.21591158568483068,10,2527457.0,4.813746852889279,5.461256762595553,5.544551773746177,38.69310550024484,43.842250690198824,-0.05468037738564116,4.28000020980835,4.389999866485596,48.02,3
ACE,13587,NSE_EQ,2026-09-28,1268.0,1268.0,1241.5,1226.5999755859375,1069.3004223629932,20,1027.0991997133497,50,1018.9563109022237,14,22.76131086241599,8.797785776675493,1226.5999755859375,72.12282126675993,12,26,9,1117.5217946316186,1047.7074905199295,48.53187260021804,10,17222402.0,1069.3004223629932,1027.0991997133497,1010.374937829993,72.12282126675993,72.54974723756125,21.28243151147109,1226.5999755859375,1242.0,14474.48,3
ACEINTEG,11779,NSE_EQ,2026-09-28,24.290000915527344,27.290000915527344,24.290000915527344,17.579999923706055,18.713049157340574,20,20.262524225132445,50,20.372015012945766,14,0.21811813790390092,0.32951866573487554,17.579999923706055,39.828977244519265,12,26,9,18.292309167024897,18.982205784872555,-0.5066861771548041,10,174638.0,18.713049157340574,20.262524225132445,20.494546203709536,39.828977244519265,38.13446178955799,-0.1832104406928543,17.579999923706055,17.030000686645508,17.79,3
ACI,12024,NSE_EQ,2026-09-28,639.7999877929688,704.25,639.7999877929688,482.54998779296875,516.0971343989374,20,550.7159741726934,50,553.4982593310496,14,6.37520925147576,9.754928824496533,482.54998779296875,39.52358759391137,12,26,9,500.80208703490143,525.1247583833574,-20.269589437250556,10,15956253.0,516.0971343989374,550.7159741726934,557.0226783283788,39.52358759391137,35.09754539687924,-4.053081911205414,482.54998779296875,494.0,5851.48,3
ACL,15420,NSE_EQ,2026-09-28,59.5,85.7300033569336,59.5,42.630001068115234,48.0833697907271,20,55.502173242424185,50,56.02756802504904,14,0.4050092458633739,0.9741740654770776,42.630001068115234,29.365874900975882,12,26,9,45.68068904918145,49.75996066270892,-3.8520851751912843,10,645787.0,48.0833697907271,55.502173242424185,56.57318305270769,29.365874900975882,29.411570225401974,-0.22718643833618302,42.630001068115234,42.95000076293945,376.44,3
ACMESOLAR,27061,NSE_EQ,2026-09-28,476.8999938964844,476.8999938964844,440.70001220703125,442.8999938964844,372.54312394146433,20,320.4532724462975,50,315.45544708098373,14,10.876583675446003,4.2113064059857965,442.8999938964844,72.08816883436525,12,26,9,395.867162343259,358.3828310464862,33.114103219647944,10,111129513.0,372.54312394146433,320.4532724462975,310.56587349245245,72.08816883436525,71.03931900634441,4.370228077124835,442.8999938964844,446.8999938964844,27865.36,3
ACUTAAS,5578,NSE_EQ,2026-09-28,3740.0,3740.0,3740.0,3272.5,3139.5839170217723,20,2615.9410770272675,50,2589.142753640625,14,85.96975118761497,65.70318082485255,3272.5,56.68101094040185,12,26,9,3263.5927692925716,3027.881541636422,284.7753567937358,10,14389815.0,3139.5839170217723,2615.9410770272675,2554.401639551339,56.68101094040185,61.544466797444485,-49.064129137586065,3272.5,3294.89990234375,26330.81,3
ADANIENSOL,10217,NSE_EQ,2026-09-28,1789.0,1789.0,1789.0,1338.5,1454.552330932101,20,1288.2731878074528,50,1286.22311384041,14,28.174500145016527,33.94249359631406,1338.5,45.357153410130586,12,26,9,1477.920991495905,1419.6442583009666,107.97720598800638,10,128695932.0,1454.552330932101,1288.2731878074528,1280.1056909120211,45.357153410130586,51.09114244681839,-49.70047279306809,1338.5,1341.4000244140625,156714.01,3
ADANIENT,25,NSE_EQ,2026-09-28,3245.0,3245.0,3245.0,2916.5,2907.4729465214286,20,2684.549265847735,50,2675.081888943561,14,49.645311161687495,43.27839400002774,2916.5,53.42588425126797,12,26,9,2988.6545512251937,2843.537167810011,180.47668423391156,10,67292291.0,2907.4729465214286,2684.549265847735,2661.003598696359,53.42588425126797,58.04374949110939,-35.3593008187288,2916.5,2920.0,369763.09,3
ADANIGREEN,3563,NSE_EQ,2026-09-28,1631.5,1631.5,1631.5,1296.5999755859375,1327.5814221405965,20,1234.3526422426105,50,1231.8119347592094,14,18.797098584095703,19.165629346280387,1296.5999755859375,49.514615015469154,12,26,9,1340.92982072368,1305.278618913959,67.93400661557742,10,64730796.0,1327.5814221405965,1234.3526422426105,1227.6205851575446,49.514615015469154,53.31665741702744,-32.28280480585643,1296.5999755859375,1279.9000244140625,209493.07,3
ADANIPORTS,15083,NSE_EQ,2026-09-28,1891.0999755859375,1891.0999755859375,1891.0999755859375,1788.0,1729.9791114487073,20,1622.7107491473173,50,1615.964249112514,14,21.128082413466093,14.649715072467815,1788.0,59.05361396763629,12,26,9,1753.6832434766525,1707.599778191047,55.44067683393397,10,101600424.0,1729.9791114487073,1622.7107491473173,1607.4729939742492,59.05361396763629,63.62659665639274,-9.3572115483286,1788.0,1791.800048828125,403843.98,3
ADANIPOWER,17388,NSE_EQ,2026-09-28,254.1999969482422,254.1999969482422,254.1999969482422,202.75,206.66222153388333,20,185.46043280927145,50,184.75473618924173,14,2.644934040541821,2.5914580792258612,202.75,50.51061838087033,12,26,9,209.09589292033758,202.77418753486788,10.574262220780273,10,779228828.0,206.66222153388333,185.46043280927145,183.86309251927136,50.51061838087033,53.31032518913753,-4.252556835310575,202.75,200.0,383625.3,3
ADFFOODS,19761,NSE_EQ,2026-09-28,346.95001220703125,346.95001220703125,346.95001220703125,270.6000061035156,268.7202910286728,20,253.05860162617125,50,252.34262593321841,14,5.937447627759588,5.430761789577803,270.6000061035156,52.2285208671871,12,26,9,271.9018101349377,264.6795177362403,12.33257303717555,10,6872220.0,268.7202910286728,253.05860162617125,251.97089588122606,52.2285208671871,49.31455851050837,-5.110280638478159,270.6000061035156,270.0,2935.73,3
ADL,245,NSE_EQ,2026-09-28,83.94999694824219,109.9000015258789,83.94999694824219,69.80999755859375,71.3164078911548,20,74.18053701007973,50,74.3589263754465,14,1.0226117358047642,1.1739427164010654,69.80999755859375,46.555264531586474,12,26,9,71.1061253214343,71.69700961333338,-0.7758075954266841,10,43639.0,71.3164078911548,74.18053701007973,74.53439285776702,46.555264531586474,46.936843012417825,0.18492330352761122,69.80999755859375,69.80999755859375,38.71,3
ADOR,34,NSE_EQ,2026-09-28,1766.4000244140625,1766.4000244140625,1766.4000244140625,1638.9000244140625,1426.8496650587308,20,1249.8611317624377,50,1233.9819932868613,14,32.327728556588,11.196052796683043,1638.9000244140625,74.27601084150378,12,26,9,1523.0566161307538,1372.0457602102579,132.7911298291681,10,2151348.0,1426.8496650587308,1249.8611317624377,1219.3649327848582,74.27601084150378,72.13589784576419,18.21972609132783,1638.9000244140625,1612.9000244140625,2844.58,3
ADROITINFO,4953,NSE_EQ,2026-09-28,14.289999961853027,14.289999961853027,11.699999809265137,13.180000305175781,10.245701847033441,20,10.406859102567738,50,10.293669665726593,14,0.33426948732727857,0.10012816985756724,13.180000305175781,76.95011282831102,12,26,9,10.617725427849386,10.143615152957668,0.10358110334960119,10,2492751.0,10.245701847033441,10.406859102567738,10.259125556436953,76.95011282831102,65.31557449865008,0.3705291715421167,13.180000305175781,12.729999542236328,71.74,3
ADSL,14813,NSE_EQ,2026-09-28,144.89999389648438,204.64999389648438,144.89999389648438,115.5199966430664,113.52314906234547,20,129.38163671378823,50,129.94741794116462,14,2.7039405761916186,2.807109319694024,115.5199966430664,49.06398285760915,12,26,9,110.04234132033086,116.35652784391277,-6.125951117447868,10,6447124.0,113.52314906234547,129.38163671378823,131.32119006466002,49.06398285760915,32.15410944562588,-0.18823540613404166,115.5199966430664,97.9800033569336,682.65,3
ADVANIHOTR,14745,NSE_EQ,2026-09-28,56.0,65.5,56.0,47.939998626708984,50.97510429248392,20,53.73910933672645,50,53.97580773305369,14,0.3588356914918768,0.6468856928159207,47.939998626708984,35.67943339882852,12,26,9,50.01621793829534,51.58686463857126,-1.303292077820345,10,1261588.0,50.97510429248392,53.73910933672645,54.22420807360084,35.67943339882852,35.45021342003112,-0.2673546224555705,47.939998626708984,47.75,443.15,3
ADVENZYMES,18039,NSE_EQ,2026-09-28,419.0,419.0,419.0,291.1499938964844,311.60303435172284,20,316.7411289836749,50,317.7856651096827,14,3.5875557047071838,5.3192117556877685,291.1499938964844,40.278986968725704,12,26,9,305.38102189225737,313.45870107762505,-2.436649280863546,10,12450808.0,311.60303435172284,316.7411289836749,319.0095703062833,40.278986968725704,38.630248334513034,-5.64102990450414,291.1499938964844,292.75,3188.77,3
AEGISLOG,40,NSE_EQ,2026-09-28,1528.699951171875,1528.699951171875,1497.800048828125,1365.4000244140625,1188.7734782800635,20,986.9583601474515,50,971.5117616059571,14,44.07571323860862,25.23750097753876,1365.4000244140625,63.589192532844095,12,26,9,1285.7241400543496,1129.1934168161815,152.17253053457506,10,44488343.0,1188.7734782800635,986.9583601474515,953.3938733280752,63.589192532844095,67.04368128484097,4.3581927035930335,1365.4000244140625,1375.5999755859375,47148.65,3
AEGISVOPAK,757336,NSE_EQ,2026-09-28,320.95001220703125,320.95001220703125,317.0,287.5,265.27823454808515,20,252.6055507004543,50,251.18128746373813,14,8.150840797660562,5.875074473163133,287.5,58.11271949300668,12,26,9,278.6971614049206,258.55716586708536,16.57006576996411,10,63345920.0,265.27823454808515,252.6055507004543,248.57848237217516,58.11271949300668,67.55661506813752,3.5699297678711517,287.5,291.1499938964844,32867.5,3
AEROENTER,12015,NSE_EQ,2026-09-28,159.60000610351562,159.60000610351562,159.60000610351562,125.63999938964844,122.56488550399771,20,108.33343024655463,50,107.6270396692855,14,3.437809774487397,2.8303425816563257,125.63999938964844,54.845663907927054,12,26,9,128.71235346231174,118.36887310040701,11.29140598787325,10,38141852.0,122.56488550399771,108.33343024655463,106.89793933481675,54.845663907927054,54.76834769919388,-0.9479256259685247,125.63999938964844,126.25,1375.31,3
AEROFLEX,18268,NSE_EQ,2026-09-28,584.1500244140625,584.1500244140625,584.1500244140625,525.7000122070312,454.10619249893983,20,357.7644186242167,50,350.9099046004284,14,16.988290640444525,9.265785594219114,525.7000122070312,64.70724960421435,12,26,9,490.6565130132967,429.1712394357646,60.065313818289546,10,68451007.0,454.10619249893983,357.7644186242167,344.37969687405877,64.70724960421435,63.22653262462373,1.419959759242552,525.7000122070312,530.9500122070312,6784.71,3
AERONEU,13689,NSE_EQ,2026-09-28,105.5,105.5,105.5,80.22000122070312,81.40394527375244,20,83.40146585000294,50,83.53132154915804,14,1.941727498883171,2.0734044318415217,80.22000122070312,48.36024151596702,12,26,9,79.90222580171418,81.86821100452293,-0.1753008496396589,10,2332719.0,81.40394527375244,83.40146585000294,84.20239604757711,48.36024151596702,32.6220500355783,-1.790684353169094,80.22000122070312,93.0,175.49,3
AETHER,9810,NSE_EQ,2026-09-28,1798.0,1798.0,1717.0,1767.0,1477.5666685606209,20,1240.9789527198636,50,1219.508705892103,14,43.48479928137997,15.563544506177587,1767.0,73.6427078087547,12,26,9,1580.23891888119,1413.6770316128768,151.04112394200342,10,14379712.0,1477.5666685606209,1240.9789527198636,1202.7539591938214,73.6427078087547,68.40699600577504,15.520763326309861,1767.0,1653.0,22534.39,3
AFCONS,25977,NSE_EQ,2026-09-28,366.0,479.3999938964844,366.0,252.5,289.2730615482757,20,328.4615976404992,50,331.5620710135808,14,4.476733321522337,8.029354781803109,252.5,35.79643198205157,12,26,9,277.790640688576,297.40441893910344,-17.860920130431495,10,84158519.0,289.2730615482757,328.4615976404992,334.344196610197,35.79643198205157,38.17289950854494,-1.7528581200959508,252.5,255.60000610351562,9398.3,3
AFFLE,11343,NSE_EQ,2026-09-28,1748.199951171875,2016.699951171875,1748.199951171875,1578.0,1562.4653029817744,20,1577.5979962025947,50,1577.581587884333,14,24.383951717776036,22.994955449803673,1578.0,51.465838229509465,12,26,9,1580.89449428979,1559.7391335755692,9.593610964134097,10,18118481.0,1562.4653029817744,1577.5979962025947,1576.5236935122648,51.465838229509465,53.52348828153998,11.561749750086609,1578.0,1584.199951171875,21762.88,3
AFFORDABLE,25855,NSE_EQ,2026-09-28,213.10000610351562,297.0,213.10000610351562,178.25,175.31402153294584,20,216.7907345006146,50,218.3638257047213,14,4.634433235947926,4.788588241603804,178.25,49.18202985091821,12,26,9,172.85074864766554,179.39569716410804,-8.127127834523243,10,812569.0,175.31402153294584,216.7907345006146,220.24357379231836,49.18202985091821,46.78598793900245,1.5821793180807404,178.25,183.0,205.23,3
AFIL,24159,NSE_EQ,2026-09-28,11.100000381469727,11.100000381469727,11.100000381469727,8.039999961853027,9.065111159554268,20,8.669259097202234,50,8.694943143543018,14,0.15391185576738325,0.2244696267167113,8.039999961853027,40.67637104145365,12,26,9,9.052718649378262,8.974511921383685,0.3307655374157128,10,27319109.0,9.065111159554268,8.669259097202234,8.698410224639579,40.67637104145365,45.580929182307415,-0.2525588094211364,8.039999961853027,8.279999732971191,340.79,3
AFSL,13288,NSE_EQ,2026-09-28,223.0,227.0,223.0,201.0,202.33815243905596,20,208.07065308278678,50,208.35925116779848,14,1.01672297700011,1.1466851292962486,201.0,46.996356075446464,12,26,9,202.29933202666638,202.60991155138518,-0.40186375442003486,10,684609.0,202.33815243905596,208.07065308278678,208.65962876648413,46.996356075446464,46.996356075446464,0.09128422970123073,201.0,201.61000061035156,1025.81,3
AGARIND,3389,NSE_EQ,2026-09-28,609.9000244140625,951.5999755859375,609.9000244140625,397.8999938964844,475.60583472125506,20,576.2176146452038,50,583.4958848798453,14,8.674647582571128,16.22059460481872,397.8999938964844,34.84460009376845,12,26,9,456.71753610802614,492.8304592747946,-34.1501518348712,10,5841410.0,475.60583472125506,576.2176146452038,590.4691865526356,34.84460009376845,36.384394660607406,-1.9627713318972368,397.8999938964844,407.45001220703125,589.32,3
AGARWALEYE,29452,NSE_EQ,2026-09-28,567.75,568.0,567.75,500.0,489.915384337456,20,469.78295529228654,50,468.54960652870636,14,7.144339801357582,5.97135864421309,500.0,54.47166867251595,12,26,9,498.005354868023,485.3881512113916,11.492984886882251,10,63209443.0,489.915384337456,469.78295529228654,467.2475491540809,54.47166867251595,54.605494883965335,1.1242187697491808,500.0,503.0,15743.52,3
AGASTYAEN,11033,NSE_EQ,2026-09-28,76.88999938964844,76.88999938964844,71.05999755859375,72.41999816894531,51.53150244222694,20,35.535696303336465,50,34.030214594536105,14,2.745198459351538,0.7375721320025018,72.41999816894531,78.82225909930672,12,26,9,58.927305909526,46.99540858272709,10.76463438096216,10,15418947.0,51.53150244222694,35.535696303336465,32.518794881717426,78.82225909930672,78.21461190056017,1.1672629458367503,69.55000305175781,69.55000305175781,222.81,3
AGI,1412,NSE_EQ,2026-09-28,851.0,896.1500244140625,806.7999877929688,803.3499755859375,708.8990536376336,20,702.0636888015032,50,697.9295546470364,14,18.38689425768769,10.33263611098339,803.3499755859375,64.02226645650576,12,26,9,733.6222064422643,699.5707658178874,22.585765480550794,10,8981907.0,708.8990536376336,702.0636888015032,696.0062716614881,64.02226645650576,57.920860127789105,11.465675143826143,803.3499755859375,822.0,5206.17,3
AGIIL,24445,NSE_EQ,2026-09-28,434.3999938964844,434.3999938964844,434.3999938964844,264.54998779296875,307.8595821734349,20,296.2466761557845,50,297.5404185379402,14,3.9138942442561975,7.394872290639502,264.54998779296875,34.60938230689449,12,26,9,296.5207740683753,309.8159949483457,-2.37263949044342,10,64561512.0,307.8595821734349,296.2466761557845,298.6461494085895,34.60938230689449,35.94905278306918,-10.922581389526952,264.54998779296875,273.0,3236.1,3
AGRITECH,11072,NSE_EQ,2026-09-28,154.8800048828125,187.19000244140625,154.8800048828125,96.02999877929688,107.6676016011588,20,119.8991983089185,50,120.87345135094387,14,1.1963539384010191,2.3173517200681815,96.02999877929688,34.04821162288901,12,26,9,103.99776280960052,110.18875691683084,-5.445540988883538,10,117700.0,107.6676016011588,119.8991983089185,121.79359214767405,34.04821162288901,35.71824483633861,-0.7454531183467861,96.02999877929688,97.25,54.89,3
AGROPHOS,9046,NSE_EQ,2026-09-28,35.900001525878906,45.88999938964844,35.900001525878906,24.200000762939453,27.982736800743247,20,31.63858210053937,50,31.942197665339368,14,0.31853791668836795,0.6932612636074839,24.200000762939453,31.48232602790081,12,26,9,26.472648051268568,28.926662210574047,-2.0967672414818965,10,1144674.0,27.982736800743247,31.63858210053937,32.28106290108185,31.48232602790081,28.66207878737079,-0.3572469178235833,24.200000762939453,24.270000457763672,49.39,3
AHCL,758968,NSE_EQ,2026-09-28,31.510000228881836,31.510000228881836,24.780000686645508,31.510000228881836,17.364076053255303,20,15.045196211546518,50,14.373163394512423,14,1.365476386564177,0.2008916050062555,31.510000228881836,87.17468653040831,12,26,9,19.054889329419055,16.664418630681883,1.0204486036099347,10,1171617824.0,17.364076053255303,15.045196211546518,14.025129262919858,87.17468653040831,78.883921259478,1.370022095127237,31.510000228881836,28.780000686645508,1443.18,3
AHLADA,2004,NSE_EQ,2026-09-28,50.0099983215332,66.44000244140625,50.0099983215332,39.15999984741211,39.23861223237042,20,45.94933129475005,50,46.22644686402915,14,0.6346957532253288,0.738877358954455,39.15999984741211,46.20764250532701,12,26,9,38.12740574771887,40.31816827720072,-2.6222885895405272,10,853368.0,39.23861223237042,45.94933129475005,46.58956706945668,46.20764250532701,40.550184865162315,0.43152606005867566,39.15999984741211,38.95000076293945,49.92,3
AHLEAST,19438,NSE_EQ,2026-09-28,175.3000030517578,175.3000030517578,175.3000030517578,137.4199981689453,143.72935924558135,20,146.95861717196453,50,147.34794855984288,14,1.3172118100518302,1.9168677375522363,137.4199981689453,40.72910980274658,12,26,9,140.67911552408336,145.0504138656882,-3.0019843160108723,10,110969.0,143.72935924558135,146.95861717196453,147.82786497706542,40.72910980274658,38.23260697420106,-1.3693140255939693,137.4199981689453,140.0,236.87,3
AHLUCONT,17833,NSE_EQ,2026-09-28,905.0,1077.949951171875,905.0,585.5499877929688,731.2881824406245,20,805.9586841280374,50,814.9549574478361,14,7.451166932120656,20.511488912367923,585.5499877929688,26.646849904242103,12,26,9,689.2002872291404,752.3011190387072,-38.57791221413284,10,3574080.0,731.2881824406245,805.9586841280374,824.353118478073,26.646849904242103,26.48723893568301,-24.522919595433947,585.5499877929688,585.5499877929688,3852.38,3
AHLWEST,19370,NSE_EQ,2026-09-28,751.4000244140625,751.4000244140625,751.4000244140625,520.2999877929688,504.3032746962599,20,385.9415876907398,50,380.4575713600366,14,13.626220949078274,9.950221917610605,520.2999877929688,57.79591529615666,12,26,9,531.6009328529954,477.06334156628293,74.5342739437487,10,28543.0,504.3032746962599,385.9415876907398,373.7721661094258,57.79591529615666,62.317710759026745,-19.996682657036274,520.2999877929688,520.0,605.86,3
AIAENG,13086,NSE_EQ,2026-09-28,5180.0,5180.0,5180.0,3919.39990234375,4258.587678301686,20,4054.500896229716,50,4060.015222510776,14,50.454449813160416,73.32830897640318,3919.39990234375,40.76048256359782,12,26,9,4250.672325457922,4223.796400948888,132.5545472767902,10,2624243.0,4258.587678301686,4054.500896229716,4063.5546173549656,40.76048256359782,42.0689515726346,-105.67862276775608,3919.39990234375,3954.0,36046.65,3
AIIL,23553,NSE_EQ,2026-09-28,607.7000122070312,683.0,607.7000122070312,559.5999755859375,536.7040786944701,20,518.4531132338129,50,516.7736494643384,14,12.459642436312791,10.358954200426535,559.5999755859375,54.60301803245871,12,26,9,544.7634061433358,532.8260623489126,9.88993216774828,10,23513008.0,536.7040786944701,518.4531132338129,515.0501249526787,54.60301803245871,54.51759794645123,2.0474116266749345,559.5999755859375,551.5999755859375,46931.17,3
AIRAN,9897,NSE_EQ,2026-09-28,18.5,26.59000015258789,18.5,17.030000686645508,16.166038929680877,20,18.05437837462943,50,18.096189708832856,14,0.31268499492146967,0.2687947513016911,17.030000686645508,53.77401310233549,12,26,9,16.077301184125595,16.407879578742506,-0.6411059414214975,10,4321091.0,16.166038929680877,18.05437837462943,18.15358518535429,53.77401310233549,51.75921830589611,0.3105275468045867,17.030000686645508,16.700000762939453,214.85,3
AIROLAM,6068,NSE_EQ,2026-09-28,111.77999877929688,117.5,111.77999877929688,92.29000091552734,88.3852737540216,20,92.43185497209737,50,92.43764493359002,14,1.484149281623458,1.2302913381272231,92.29000091552734,54.676063673103144,12,26,9,88.30961758588249,88.88124250999829,-1.2359960328864277,10,157633.0,88.3852737540216,92.43185497209737,92.57795697169574,54.676063673103144,50.38028494105848,0.6643711087706323,92.29000091552734,91.0,168.85,3
AJANTPHARM,8124,NSE_EQ,2026-09-28,3796.0,3796.0,3796.0,3547.800048828125,3362.6689082045536,20,3096.452934523232,50,3078.030603327114,14,46.911776637897596,26.443512996841815,3547.800048828125,63.95145717709938,12,26,9,3468.3745288068826,3292.4462062869825,175.29112950722975,10,4001903.0,3362.6689082045536,3096.452934523232,3058.2114402932716,63.95145717709938,64.95072747081156,0.637193012670366,3547.800048828125,3547.0,43993.35,3
AJAXENGG,29624,NSE_EQ,2026-09-28,625.0499877929688,697.5499877929688,625.0499877929688,607.75,566.4112013594735,20,570.5433110706547,50,569.0246707061915,14,12.325575246189885,8.886640164948911,607.75,58.10602526560037,12,26,9,574.747140990941,563.3597437484142,8.005441162076899,10,5024746.0,566.4112013594735,570.5433110706547,569.4032286941992,58.10602526560037,50.0291381582979,3.381956080449946,607.75,592.0,6726.01,3
AJMERA,17307,NSE_EQ,2026-09-28,146.0,221.39999389648438,146.0,120.81999969482422,124.00737738206733,20,138.51771452415255,50,139.2400702314721,14,1.846648408882929,2.366299622351458,120.81999969482422,43.83268901472454,12,26,9,120.82519380342701,127.04226212922285,-6.964038568757849,10,14622994.0,124.00737738206733,138.51771452415255,140.20497111952722,43.83268901472454,38.37907109848117,0.7469702429620133,120.81999969482422,119.5999984741211,2365.15,3
AJOONI,3403,NSE_EQ,2026-09-28,4.5,5.570000171661377,4.5,3.190000057220459,3.7892105620851027,20,4.266001091512842,50,4.309919501075797,14,0.04338808049248939,0.09811302127620171,3.190000057220459,30.662715660981206,12,26,9,3.6446239710793598,3.8854859711646883,-0.19661764696970538,10,14476374.0,3.7892105620851027,4.266001091512842,4.351957032899716,30.662715660981206,32.12205946975929,-0.044244353115623164,3.190000057220459,3.2200000286102295,54.95,3
AKASH,13510,NSE_EQ,2026-09-28,29.489999771118164,34.7400016784668,29.489999771118164,25.040000915527344,25.77151325229972,20,26.570873272866486,50,26.633357858880327,14,0.41142391084858954,0.4822837828138731,25.040000915527344,46.0356237018115,12,26,9,25.431324035015916,25.936455581855668,-0.31154741265871827,10,291890.0,25.77151325229972,26.570873272866486,26.729005081058,46.0356237018115,42.59457627845472,-0.19358413418103432,25.040000915527344,24.510000228881836,48.02,3
AKG,2176,NSE_EQ,2026-09-28,13.300000190734863,15.069999694824219,13.300000190734863,9.59000015258789,10.237484422284245,20,11.428945312352138,50,11.504004298464965,14,0.19755930207504077,0.268836809788122,9.59000015258789,42.358694047819,12,26,9,9.930887711331476,10.477206065875226,-0.6258732455986726,10,2078544.0,10.237484422284245,11.428945312352138,11.550290192869285,42.358694047819,48.10519490289921,0.07955489105492242,9.59000015258789,9.760000228881836,28.38,3
AKI,14895,NSE_EQ,2026-09-28,8.34000015258789,9.779999732971191,8.34000015258789,6.630000114440918,5.302043738626983,20,6.20844497938835,50,6.191238647345388,14,0.2632607262973381,0.1670081868475589,6.630000114440918,61.185160780760995,12,26,9,5.444191961747562,5.3602410770851305,-0.24896946537950346,10,17151179.0,5.302043738626983,6.20844497938835,6.194554505052776,61.185160780760995,57.517904570558485,0.33292035004193454,6.630000114440918,7.099999904632568,64.65,3
AKSHAR,9558,NSE_EQ,2026-09-28,0.5400000214576721,0.7599999904632568,0.5400000214576721,0.4099999964237213,0.4283583669651653,20,0.5081609677876092,50,0.5121675380473597,14,0.004325599941087806,0.00650795109572816,0.4099999964237213,39.92781246322647,12,26,9,0.4184670369955102,0.4368011220232411,-0.01966087297992599,10,45753103.0,0.4283583669651653,0.5081609677876092,0.5163376417871,39.92781246322647,39.92781246322647,0.0013267879521950618,0.4099999964237213,0.4099999964237213,24.52,3
AKSHARCHEM,20194,NSE_EQ,2026-09-28,472.0,472.0,472.0,394.3999938964844,304.8094189694065,20,266.8458246643226,50,261.63953204260173,14,14.374690106101607,6.203795229889317,394.3999938964844,69.85300361713632,12,26,9,338.09513928694287,290.07258039826564,30.249418589476296,10,676587.0,304.8094189694065,266.8458246643226,256.31257441591265,69.85300361713632,69.61570773512389,17.77314029920093,394.3999938964844,375.0,313.24,3
AKSHOPTFBR,8595,NSE_EQ,2026-09-28,9.010000228881836,9.010000228881836,9.010000228881836,7.039999961853027,6.888020829146883,20,6.835350217634283,50,6.826997166849845,14,0.3015979882320362,0.2807459470713404,7.039999961853027,51.790354453492576,12,26,9,7.158376236383287,6.780077654377418,0.24951180882217425,10,16230520.0,6.888020829146883,6.835350217634283,6.785650106207475,51.790354453492576,57.42524313010379,0.12878677318369416,7.039999961853027,7.139999866485596,113.16,3
AKUMS,24715,NSE_EQ,2026-09-28,838.7999877929688,838.7999877929688,796.5499877929688,819.5499877929688,687.1002229680337,20,607.5541381671438,50,598.9012463456816,14,17.71761687348047,5.187269133627887,819.5499877929688,77.35300174810712,12,26,9,733.2581788035336,660.5673838946984,62.235949544371934,10,16198362.0,687.1002229680337,607.5541381671438,591.3584395758305,77.35300174810712,74.50243362067846,10.454845364463253,819.5499877929688,817.0,12380.26,3
ALANKIT,9921,NSE_EQ,2026-09-28,9.720000267028809,13.399999618530273,9.720000267028809,7.849999904632568,8.24761146269671,20,9.642236266617747,50,9.715388771188572,14,0.08118344455082169,0.13099201239592997,7.849999904632568,38.26241061009983,12,26,9,8.050641180954074,8.457466985592516,-0.47414433489725855,10,5029970.0,8.24761146269671,9.642236266617747,9.796016893640424,38.26241061009983,35.888263813369264,0.06731853025881601,7.849999904632568,7.920000076293945,212.59,3
ALBERTDAVD,17256,NSE_EQ,2026-09-28,931.8499755859375,931.8499755859375,931.8499755859375,873.7999877929688,789.112327313467,20,783.2706975553427,50,779.5756244844192,14,17.667611060154716,10.30077868375849,873.7999877929688,63.16992584101035,12,26,9,815.2716569208401,779.0863498079226,21.437037146267983,10,616814.0,789.112327313467,783.2706975553427,777.3705489292552,63.16992584101035,58.95607053444167,14.748269966649502,873.7999877929688,872.0,493.78,3
ALEMBICLTD,79,NSE_EQ,2026-09-28,117.72000122070312,117.72000122070312,117.72000122070312,106.52999877929688,95.64963378364317,20,95.75895134906156,50,95.31931676007235,14,2.348817232007211,1.4513210249502364,106.52999877929688,61.80873097727171,12,26,9,98.19284756863016,94.92133882657582,1.0415723852935592,10,69735438.0,95.64963378364317,95.75895134906156,95.02092163789497,61.80873097727171,58.78763230702873,2.2299363567607777,106.52999877929688,107.18000030517578,2746.67,3
ALICON,13656,NSE_EQ,2026-09-28,782.0,1022.0,782.0,730.0499877929688,698.6459322144639,20,733.2806550498085,50,733.4125190194754,14,12.862555771577686,10.738689754014008,730.0499877929688,54.499478672133414,12,26,9,703.8020486097541,701.5964630393739,-9.536163199132986,10,2072728.0,698.6459322144639,733.2806550498085,733.5783371188036,54.499478672133414,54.40287801373271,11.741748769513194,730.0499877929688,737.7999877929688,1173.28,3
ALIVUS,5265,NSE_EQ,2026-09-28,1493.800048828125,1493.800048828125,1493.800048828125,1365.5999755859375,1237.8998940235215,20,1115.2775138076797,50,1105.0602704697917,14,25.222908942970687,12.127886005279738,1365.5999755859375,67.5297780888387,12,26,9,1304.1063335012616,1200.6983116333618,86.62115904805776,10,7854424.0,1237.8998940235215,1115.2775138076797,1091.7647693123088,67.5297780888387,77.14926710791201,16.78686281984207,1365.5999755859375,1370.0,16801.84,3
ALKALI,16963,NSE_EQ,2026-09-28,106.30000305175781,107.37999725341797,103.5,93.93000030517578,76.18391822528676,20,77.84645299726898,50,77.18998167857892,14,2.675203028523767,1.2858620273920132,93.93000030517578,67.53746759418655,12,26,9,77.55317126454145,75.87537610990084,0.05280690023565582,10,2145076.0,76.18391822528676,77.84645299726898,76.76263384251645,67.53746759418655,63.399207463619994,1.62498825440495,93.93000030517578,98.98999786376953,93.1,3
ALKEM,11703,NSE_EQ,2026-09-28,5882.5,5933.5,5882.5,5274.0,5410.396689818563,20,5418.39260155309,50,5424.286177126684,14,63.80625017260529,75.29098741061031,5274.0,45.87168751962661,12,26,9,5377.766246285144,5422.068324590837,-17.14819224152364,10,6072137.0,5410.396689818563,5418.39260155309,5422.563163948182,45.87168751962661,50.903595007624766,-27.153886064169065,5274.0,5322.5,62307.92,3
ALKYLAMINE,4487,NSE_EQ,2026-09-28,2115.0,2115.0,2115.0,1847.699951171875,1835.21625368544,20,1777.9113170950254,50,1775.0628014184194,14,29.73526482481289,26.458765204708435,1847.699951171875,52.91534493822845,12,26,9,1882.312334799445,1808.565009757649,77.77970416254304,10,5081276.0,1835.21625368544,1777.9113170950254,1771.4735280069265,52.91534493822845,53.96485255970701,-4.032379120747166,1847.699951171875,1862.5999755859375,9289.09,3
ALLCARGO,13501,NSE_EQ,2026-09-28,13.720000267028809,36.54999923706055,13.720000267028809,10.670000076293945,10.350203068943173,20,14.321862256532834,50,14.470917855726258,14,0.3104885120857788,0.3155759913875694,10.670000076293945,49.5936936790406,12,26,9,10.579589322311318,10.652012662583134,-0.6780225362739013,10,1220975696.0,10.350203068943173,14.321862256532834,14.60809819038132,49.5936936790406,52.21488976758091,0.6055991960020847,10.670000076293945,11.050000190734863,1666.0,3
ALLDIGI,11798,NSE_EQ,2026-09-28,893.9000244140625,1000.0,893.9000244140625,776.9500122070312,806.8103023858887,20,831.7833618436298,50,834.0214577471644,14,4.729658162849165,7.430621418344387,776.9500122070312,38.89432090166583,12,26,9,800.864084067012,811.2631997167341,-8.022858336555366,10,504865.0,806.8103023858887,831.7833618436298,836.3774361126418,38.89432090166583,38.66011327003037,-2.376257313166782,776.9500122070312,775.5,1181.76,3
ALLTIME,758448,NSE_EQ,2026-09-28,275.3399963378906,314.70001220703125,275.3399963378906,201.00999450683594,220.6226963358243,20,239.7300837010684,50,241.31049550491463,14,4.036961344391615,5.84823287630084,201.00999450683594,40.83846259632546,12,26,9,215.10598143267774,224.6760729834843,-8.254015344026413,10,4511578.0,220.6226963358243,239.7300837010684,242.65378128485054,40.83846259632546,43.14220265876113,-1.3160762067801386,201.00999450683594,202.0,1269.69,3
ALMONDZ,16723,NSE_EQ,2026-09-28,21.649999618530273,21.649999618530273,20.0,21.3799991607666,16.105346970076134,20,16.493145821448966,50,16.293682419844163,14,0.6902558928904179,0.2705540241710555,21.3799991607666,71.84104583365314,12,26,9,16.891569428352412,15.93187774155609,0.08297529627328001,10,16153604.0,16.105346970076134,16.493145821448966,16.202812295847448,71.84104583365314,64.23723258994323,0.8767163905230423,21.3799991607666,20.040000915527344,384.98,3
ALOKINDS,17675,NSE_EQ,2026-09-28,14.800000190734863,18.450000762939453,14.800000190734863,7.5,10.758322449510015,20,13.22253900812522,50,13.456112028865025,14,0.13826218338449187,0.44339849364305695,7.5,23.770247645250976,12,26,9,9.668933554398452,11.373610212787636,-1.2522739168927544,10,903967856.0,10.758322449510015,13.22253900812522,13.717585981441765,23.770247645250976,19.31135504520269,-0.4524027414964298,7.5,7.539999961853027,3589.56,3
ALPA,14848,NSE_EQ,2026-09-28,78.88999938964844,93.8499984741211,78.88999938964844,59.099998474121094,65.01137430430084,20,71.67325674721444,50,72.18645096244273,14,0.5849659267787137,1.1459466847621178,59.099998474121094,33.795231652855435,12,26,9,63.42399912423636,66.1841992846776,-2.2425898711379477,10,891274.0,65.01137430430084,71.67325674721444,72.71038779870075,33.795231652855435,34.14751813192606,-0.5176102893032959,59.099998474121094,59.11000061035156,118.85,3
ALPHAGEO,14601,NSE_EQ,2026-09-28,368.0,368.0,368.0,283.1499938964844,258.5366449003589,20,246.1112992995195,50,244.59951584658214,14,8.234002260742242,5.7417522714466305,283.1499938964844,58.916334297212636,12,26,9,274.81027344182644,251.58577786067625,15.483335394709268,10,2242665.0,258.5366449003589,246.1112992995195,242.66072032589096,58.916334297212636,61.74050201372043,7.741160186440926,283.1499938964844,290.0,173.59,3
AMANTA,758910,NSE_EQ,2026-09-28,209.9499969482422,209.9499969482422,209.9499969482422,186.0,167.51984107589166,20,139.15881484153533,50,137.24692973302658,14,5.0059482680472955,3.065940640872873,186.0,62.01706099442559,12,26,9,178.2852562250991,161.27745128634706,15.375441341147233,10,2837038.0,167.51984107589166,139.15881484153533,135.09578413240553,62.01706099442559,64.2633032539264,1.6323635976047974,186.0,186.0,713.12,3
AMBER,1185,NSE_EQ,2026-09-28,8974.0,8974.0,8974.0,6960.0,7396.605022528443,20,7280.5922192872795,50,7293.677615992882,14,123.85441916573266,157.38793175099923,6960.0,44.03832451336696,12,26,9,7345.578578084361,7397.461980607806,28.48710712408517,10,10159325.0,7396.605022528443,7280.5922192872795,7300.562416645653,44.03832451336696,45.964508692110485,-80.37050964753068,6960.0,6916.0,24418.4,3
AMBICAAGAR,11496,NSE_EQ,2026-09-28,28.350000381469727,29.68000030517578,28.350000381469727,25.219999313354492,24.941074715644877,20,25.168297776003786,50,25.166187509173145,14,0.29467571515795477,0.2697325111009215,25.219999313354492,52.20967757879495,12,26,9,25.110862459652566,24.896720408840196,0.13485130464450157,10,1215603.0,24.941074715644877,25.168297776003786,25.17746049364354,52.20967757879495,50.12682022813679,0.07929074616786858,25.219999313354492,25.5,43.59,3
AMBIKCO,15234,NSE_EQ,2026-09-28,1931.0,1931.0,1931.0,1546.0999755859375,1616.812272656917,20,1540.5298281350063,50,1540.3024751778255,14,26.43084657643508,30.06613012261162,1546.0999755859375,46.78276276132323,12,26,9,1633.0037542128555,1596.663407208945,64.89804192147912,10,785728.0,1616.812272656917,1540.5298281350063,1537.784208858553,46.78276276132323,50.34052123475376,-28.557694917568682,1546.0999755859375,1553.0,877.07,3
AMBUJACEM,1270,NSE_EQ,2026-09-28,468.79998779296875,588.75,468.79998779296875,383.79998779296875,421.4874440079325,20,460.6670017177142,50,463.8044308574997,14,2.6161564145849945,6.311667102958485,383.79998779296875,29.303406473528042,12,26,9,409.35456859363836,430.3843742088435,-19.61344401549068,10,96027030.0,421.4874440079325,460.6670017177142,466.8862448601336,29.303406473528042,30.397819655789533,-1.416361599714456,383.79998779296875,382.20001220703125,93737.63,3
AMDIND,14402,NSE_EQ,2026-09-28,74.38999938964844,74.38999938964844,74.38999938964844,58.79999923706055,52.40642978295342,20,50.05909870482328,50,49.70232725452788,14,1.6353408363807276,1.0441168199625324,58.79999923706055,61.03253143445934,12,26,9,55.160406603701546,51.2544885628311,2.312631750062104,10,4213481.0,52.40642978295342,50.05909870482328,49.14895292526235,61.03253143445934,69.26808974723028,1.5932862908083423,58.79999923706055,56.20000076293945,109.83,3
AMJLAND,2598,NSE_EQ,2026-09-28,47.0,57.38999938964844,47.0,37.70000076293945,38.931475568616044,20,42.28250487717368,50,42.46954586142814,14,0.43051497055720306,0.5809471424718305,37.70000076293945,42.563627941331035,12,26,9,38.43178491254126,39.541459073426026,-1.3966996269422616,10,519980.0,38.931475568616044,42.28250487717368,42.68544568005068,42.563627941331035,40.374044907941446,0.28702546605749646,37.70000076293945,37.31999969482422,156.14,3
AMNPLST,19867,NSE_EQ,2026-09-28,222.0,250.0,222.0,163.14999389648438,181.97425397480123,20,188.54683946061184,50,189.5834454020048,14,2.7877099875052407,4.313834065912587,163.14999389648438,39.254984078618406,12,26,9,179.80248179242597,182.82774083442493,0.5428663880278397,10,354821.0,181.97425397480123,188.54683946061184,190.321137275277,39.254984078618406,42.85882623271624,-3.568125430026804,163.14999389648438,164.08999633789062,949.33,3
AMRUTANJAN,17547,NSE_EQ,2026-09-28,598.0,760.1500244140625,598.0,506.3500061035156,526.4903745077576,20,572.3026587760436,50,574.9946037830855,14,5.557577274553403,8.00156031644982,506.3500061035156,40.987689941585764,12,26,9,513.949078395163,536.4554717741714,-23.246566141842816,10,4571043.0,526.4903745077576,572.3026587760436,578.3086697418657,40.987689941585764,36.8100370107239,0.7401727628344297,506.3500061035156,510.20001220703125,1494.75,3
ANANDRATHI,7145,NSE_EQ,2026-09-28,2268.39990234375,2268.39990234375,2268.39990234375,2126.800048828125,2039.1535564867063,20,1787.065344264691,50,1773.1986216294488,14,27.809372915857104,15.829579813551536,2126.800048828125,63.726031851163434,12,26,9,2122.936574727601,1980.3863094162207,145.54886305677584,10,10490176.0,2039.1535564867063,1787.065344264691,1754.5781611921302,63.726031851163434,76.58791757632179,-2.9985977453954717,2126.800048828125,2169.60009765625,35476.85,3
ANANTRAJ,13620,NSE_EQ,2026-09-28,649.0,743.6500244140625,649.0,617.4000244140625,584.2223267129971,20,563.2247183372303,50,561.0134813545025,14,12.315957080820384,9.079311297558679,617.4000244140625,57.56392891648064,12,26,9,599.9067482093449,576.3444821044559,20.66035521138725,10,106834806.0,584.2223267129971,563.2247183372303,559.1711734745204,57.56392891648064,55.90790152123186,2.901910893501725,617.4000244140625,622.5499877929688,21726.58,3
ANDHRAPAP,166,NSE_EQ,2026-09-28,79.79000091552734,86.88999938964844,79.79000091552734,74.05000305175781,65.510107108726,20,67.54062236308118,50,67.2749333553801,14,1.2287393563465485,0.5684244290692538,74.05000305175781,68.37102807868233,12,26,9,66.64781624163571,65.44015179291902,-0.5927191188071219,10,79843747.0,65.510107108726,67.54062236308118,66.9751346047188,68.37102807868233,69.95585932337868,1.8003835675238065,74.05000305175781,73.62000274658203,1451.76,3
ANDHRSUGAR,136,NSE_EQ,2026-09-28,107.2300033569336,107.2300033569336,107.2300033569336,95.41000366210938,90.57708697480346,20,85.81450777393502,50,85.42285488054014,14,1.9863322584466019,1.47771146837371,95.41000366210938,57.34143143365805,12,26,9,93.19064128488687,89.0238984565559,3.670759059268251,10,42410992.0,90.57708697480346,85.81450777393502,85.06868575427153,57.34143143365805,56.1571346659572,0.49598376906271646,95.41000366210938,93.88999938964844,1295.38,3
ANDREWYU,5206,NSE_EQ,2026-09-28,40.70000076293945,40.70000076293945,40.70000076293945,27.0,29.074337143535686,20,27.781062275575305,50,27.81294236845593,14,0.5675973166607293,0.714064478130514,27.0,44.28604480273046,12,26,9,28.653616443809145,28.9431211125825,0.6325824870129932,10,3506580.0,29.074337143535686,27.781062275575305,27.875919589300512,44.28604480273046,41.923264678893915,-0.9220871557863473,27.0,27.0,1225.27,3
ANGELONE,324,NSE_EQ,2026-09-28,360.45001220703125,360.45001220703125,360.45001220703125,288.0,302.26320018599785,20,289.257572877408,50,289.30890238260827,14,4.74788395878901,5.643028466772413,288.0,45.692656855709,12,26,9,301.6968546523641,300.0841606903653,7.016645457249758,10,238881180.0,302.26320018599785,289.257572877408,288.90926549604063,45.692656855709,49.467147610666075,-5.403951495250971,288.0,290.70001220703125,25517.55,3
ANIKINDS,16657,NSE_EQ,2026-09-28,49.70000076293945,83.4000015258789,49.70000076293945,43.279998779296875,44.60797210392366,20,52.05072560480629,50,52.40871445482708,14,0.6459518278175654,0.8412854476653748,43.279998779296875,43.433004165916294,12,26,9,44.14651750414084,45.60549174291634,-2.181373822338635,10,441207.0,44.60797210392366,52.05072560480629,52.72784565083684,43.433004165916294,46.34912125556728,0.7223995835631314,43.279998779296875,43.75,128.0,3
ANMOL,3732,NSE_EQ,2026-09-28,18.549999237060547,18.549999237060547,18.549999237060547,13.25,11.835427852606447,20,13.044956014065328,50,13.03658687178228,14,0.5267775950345933,0.42268282151554,13.25,55.481785849339666,12,26,9,12.098293784445618,11.87702198281755,-0.29307735359852594,10,8563680.0,11.835427852606447,13.044956014065328,12.987876150539257,55.481785849339666,59.897815244028465,0.5143491552265945,13.25,13.449999809265137,76.17,3
ANNAPURNA,764471,NSE_EQ,2026-09-28,202.0,287.0,202.0,131.97000122070312,144.7592949130887,20,176.3724230803209,50,178.18476682969305,14,2.1941783763876352,3.6770779587351865,131.97000122070312,37.371530915141605,12,26,9,139.6596503616655,150.2438225744653,-13.019038747413008,10,3072192.0,144.7592949130887,176.3724230803209,180.0474102492006,37.371530915141605,37.63710549525143,2.4348665346132226,131.97000122070312,131.8000030517578,257.72,3
ANTELOPUS,13598,NSE_EQ,2026-09-28,1290.9000244140625,1290.9000244140625,1218.300048828125,1261.699951171875,880.883818147519,20,744.9179730081488,50,723.8248310422824,14,48.01650121932588,15.038295882639295,1261.699951171875,76.15043331545252,12,26,9,958.7375970492147,838.9883381049173,84.1249073700667,10,90860283.0,880.883818147519,744.9179730081488,708.2727843262148,76.15043331545252,70.99722295554615,35.624351574230786,1261.699951171875,1135.0,4224.65,3
ANTGRAPHIC,5194,NSE_EQ,2026-09-28,0.9399999976158142,1.1699999570846558,0.9399999976158142,0.7099999785423279,0.7693590773179848,20,0.8673608118586239,50,0.8737837030143911,14,0.007574968414221375,0.013836054881601823,0.7099999785423279,35.37882477433517,12,26,9,0.7454994836743798,0.7881798552980143,-0.043625258151044205,10,9941653.0,0.7693590773179848,0.8673608118586239,0.8804687529928427,35.37882477433517,35.37882477433517,0.0009448865274097329,0.7099999785423279,0.7099999785423279,11.25,3
ANTHEM,757885,NSE_EQ,2026-09-28,977.5499877929688,977.5499877929688,977.5499877929688,873.5999755859375,835.6205778729043,20,776.9339169024821,50,772.9883634868308,14,14.51001506492369,9.954188538945525,873.5999755859375,59.31120955283748,12,26,9,867.7125034892094,818.9679698334018,39.8101774444758,10,36431914.0,835.6205778729043,776.9339169024821,766.6409497515995,59.31120955283748,70.63318501884399,8.934356211331888,873.5999755859375,888.0,48790.08,3
ANUHPHR,28314,NSE_EQ,2026-09-28,99.5,99.5,99.5,90.41999816894531,82.59284833381915,20,82.43214035710997,50,82.106105344382,14,1.8036583585641002,1.1514383223232403,90.41999816894531,61.035510960761776,12,26,9,84.54413295625355,81.94924052636091,0.8956602072574674,10,7390154.0,82.59284833381915,82.43214035710997,81.64186460917581,61.035510960761776,65.91054116101259,1.699232222635171,90.41999816894531,90.0,908.18,3
ANUP,9014,NSE_EQ,2026-09-28,2398.800048828125,2524.0,2398.800048828125,1677.0999755859375,1892.8383054322017,20,2032.9590496015828,50,2047.4839097654867,14,29.781840903737653,49.05730159762817,1677.0999755859375,37.77545006050987,12,26,9,1833.6970459490772,1922.8693313147792,-44.749185602118736,10,1785754.0,1892.8383054322017,2032.9590496015828,2064.1852918445625,37.77545006050987,35.50838366343024,-44.423099763583274,1677.0999755859375,1677.800048828125,3316.32,3
ANURAS,2829,NSE_EQ,2026-09-28,1415.0,1415.0,1415.0,1192.4000244140625,1245.0059749799177,20,1218.6990381568614,50,1219.7724672892207,14,8.50129661868588,12.700077696632032,1192.4000244140625,40.09785635709344,12,26,9,1232.8258890100533,1247.1430660374683,-5.253392647183425,10,18375267.0,1245.0059749799177,1218.6990381568614,1220.2652230491124,40.09785635709344,42.27708256164821,-9.063784380231603,1192.4000244140625,1177.0,13584.06,3
APARINDS,11491,NSE_EQ,2026-09-28,19265.0,19265.0,19080.0,17776.0,15561.1287995677,20,12914.495013229176,50,12716.066238258936,14,449.0594884420021,216.9933810199103,17776.0,67.42099749600752,12,26,9,16646.972724339685,14865.384536894926,1632.8428486024748,10,6946831.0,15561.1287995677,12914.495013229176,12465.375064310321,67.42099749600752,76.27115142107642,148.7453388422839,17776.0,18000.0,70071.31,3
APCL,20453,NSE_EQ,2026-09-28,127.0,148.77999877929688,127.0,95.5199966430664,105.04145597861339,20,115.51473254973517,50,116.33084421939512,14,0.9688212881063031,1.9104330748284082,95.5199966430664,33.648339673568174,12,26,9,101.58735361853391,107.3885954505421,-5.523705649354332,10,337216.0,105.04145597861339,115.51473254973517,117.0851644538961,33.648339673568174,35.71262621610616,-0.27753618265385605,95.5199966430664,94.25,283.17,3
APCOTEXIND,154,NSE_EQ,2026-09-28,712.0,712.0,712.0,599.4000244140625,557.8427016309114,20,486.24574103617744,50,481.6271988574882,14,11.749531623207277,6.78348698257554,599.4000244140625,63.397829965708326,12,26,9,587.9521951996558,537.8567838074945,51.173485005942865,10,16562366.0,557.8427016309114,486.24574103617744,476.59769776653104,63.397829965708326,64.75805962802566,-1.0780736137815836,599.4000244140625,607.9000244140625,3052.61,3
APEX,21623,NSE_EQ,2026-09-28,514.5,514.5,514.5,347.6000061035156,384.4147284535819,20,360.590046866616,50,361.12025261204866,14,7.182541467974362,9.845341284424139,347.6000061035156,42.181060161238484,12,26,9,378.41518442250714,382.8001685599183,5.879831393046804,10,16491000.0,384.4147284535819,360.590046866616,361.7639361430092,42.181060161238484,41.630147918007026,-10.264815530457955,347.6000061035156,353.0,1067.63,3
APLAPOLLO,25780,NSE_EQ,2026-09-28,2281.0,2301.39990234375,2281.0,2214.699951171875,2043.409093964901,20,1939.7358948056217,50,1928.512872096795,14,40.58458113236103,25.06620256945484,2214.699951171875,61.81888294996618,12,26,9,2101.2874338500283,2016.8054012576206,45.39541883738744,10,30630515.0,2043.409093964901,1939.7358948056217,1914.5705363596744,61.81888294996618,65.78407022150031,39.08661375502024,2214.699951171875,2179.10009765625,60623.54,3
APLLTD,25328,NSE_EQ,2026-09-28,869.7999877929688,998.0,860.0,863.75,808.4992803408209,20,818.039010547202,50,816.1732558756592,14,10.898198637501753,6.414171788555762,863.75,62.9503549733343,12,26,9,820.1072545143493,805.5574028331206,7.167638983646279,10,6805150.0,808.4992803408209,818.039010547202,814.9660418297677,62.9503549733343,59.978103152724195,7.382212697582409,863.75,855.0,16783.86,3
APOLLO,1134,NSE_EQ,2026-09-28,466.5,466.5,466.5,395.6000061035156,376.19214518977276,20,321.83482973322447,50,318.8240062079065,14,12.247915735163929,9.681504722288969,395.6000061035156,55.85152493622499,12,26,9,389.98770741707335,364.20994913031643,32.22337886143831,10,266550640.0,376.19214518977276,321.83482973322447,316.70661820794226,55.85152493622499,51.95485560458213,-6.445620574681392,395.6000061035156,401.29998779296875,14245.95,3
APOLLOHOSP,157,NSE_EQ,2026-09-28,9070.5,9070.5,9050.0,8889.0,8608.166907015759,20,8113.052844506196,50,8081.381532037061,14,82.29130788761631,49.99202277427237,8889.0,62.208373100273576,12,26,9,8769.852499461178,8488.051368295484,310.20479033116726,10,14886969.0,8608.166907015759,8113.052844506196,8046.152206814084,62.208373100273576,64.13023719216321,-28.403659165473528,8889.0,8891.0,127296.8,3
APOLLOPIPE,14361,NSE_EQ,2026-09-28,668.7999877929688,668.7999877929688,668.7999877929688,511.45001220703125,518.0967415341788,20,465.3338823907143,50,463.45159137780337,14,11.749901257726908,10.897722059971041,511.45001220703125,51.881387697511585,12,26,9,539.0376835597538,502.7325073752704,40.23030503898656,10,17827442.0,518.0967415341788,465.3338823907143,460.1802287570632,51.881387697511585,57.73567544301246,-3.925128854503214,511.45001220703125,507.5,1725.38,3
APOLLOTYRE,163,NSE_EQ,2026-09-28,467.3999938964844,540.5,467.3999938964844,400.1000061035156,426.26723392363067,20,440.0124243783593,50,441.6415026752917,14,4.203951240416623,6.480846685195581,400.1000061035156,39.34516375213291,12,26,9,423.01451054354163,429.19081092465535,-5.363597026040868,10,36847780.0,426.26723392363067,440.0124243783593,442.9615645072232,39.34516375213291,41.923567009386424,-0.812703355072852,400.1000061035156,399.5,24774.97,3
APOLSINHOT,6302,NSE_EQ,2026-09-28,1440.0,1440.0,1440.0,1202.4000244140625,1213.6864226866105,20,1242.9033389214778,50,1244.5565354319845,14,14.71583034606046,15.765999731259981,1202.4000244140625,48.27738462137008,12,26,9,1214.2563629154622,1215.5008876069103,-1.3890262598098393,10,39294.0,1213.6864226866105,1242.9033389214778,1245.7670052694507,48.27738462137008,49.73417082997303,0.14450156836176165,1202.4000244140625,1202.0,309.83,3
APTECHT,10755,NSE_EQ,2026-09-28,128.47999572753906,128.47999572753906,128.47999572753906,91.22000122070312,94.49108876111568,20,102.70867886055683,50,103.17760447851003,14,1.4984097255627635,1.8368159853697879,91.22000122070312,44.92678623372084,12,26,9,93.11845851651647,95.43492243407763,-1.5994041870602587,10,2771964.0,94.49108876111568,102.70867886055683,103.63179229184685,44.92678623372084,45.73984221076884,-0.7170597305009068,91.22000122070312,92.25,523.02,3
APTUS,5435,NSE_EQ,2026-09-28,309.0,332.0,309.0,244.60000610351562,258.5517751578864,20,268.9162798279274,50,269.9087807962707,14,4.205231400381853,5.431531942661031,244.60000610351562,43.637383742724744,12,26,9,255.6362412654338,260.23649685733574,-1.7148676819229125,10,62139619.0,258.5517751578864,268.9162798279274,271.2242415358825,43.637383742724744,40.59014708014678,-2.8853879099790287,244.60000610351562,240.89999389648438,12006.29,3
AQYLON,23365,NSE_EQ,2026-09-28,66.9800033569336,1714.9000244140625,66.9800033569336,18.559999465942383,58.614624118303134,20,249.79587578488113,50,259.2340748183072,14,4.738072014132513,11.105577879923795,18.559999465942383,29.905179966833188,12,26,9,28.92354404487718,94.69945821507392,-86.32629089464128,10,168577859.0,58.614624118303134,249.79587578488113,269.0811799316162,29.905179966833188,29.72141289913803,20.550376724444533,18.559999465942383,19.5,452.86,3
ARCHIDPLY,16795,NSE_EQ,2026-09-28,124.77999877929688,124.77999877929688,124.77999877929688,106.26000213623047,92.44214410321848,20,90.02366015701855,50,89.36095232113234,14,2.1741086552247,0.9790595457012611,106.26000213623047,68.94997401617364,12,26,9,96.6191378585911,90.89486914736943,3.012444670076941,10,2049593.0,92.44214410321848,90.02366015701855,88.73078698518844,68.94997401617364,67.88792191920408,2.7118240411447276,106.26000213623047,106.47000122070312,208.92,3
ARCHIES,5688,NSE_EQ,2026-09-28,16.770000457763672,21.5,16.770000457763672,12.300000190734863,13.682805704868157,20,15.453754368130046,50,15.582479028431889,14,0.15250201473116215,0.29033107986386053,12.300000190734863,34.437808870321106,12,26,9,13.200890009627695,14.033004311148394,-0.7521890822597304,10,771234.0,13.682805704868157,15.453754368130046,15.716865929108577,34.437808870321106,34.331884378603036,-0.07992521926096852,12.300000190734863,12.970000267028809,41.14,3
ARE&M,100,NSE_EQ,2026-09-28,1017.2999877929688,1023.0,1017.2999877929688,791.9500122070312,859.9893405712825,20,885.6523471691397,50,889.4769322696338,14,10.525963514144218,16.006794627304373,791.9500122070312,39.67157676570724,12,26,9,855.4222010958758,862.6179819230246,2.597461252670781,10,37597427.0,859.9893405712825,885.6523471691397,893.2923172602311,39.67157676570724,40.10888114610856,-9.793242079819505,791.9500122070312,795.4000244140625,14271.07,3
ARENTERP,181,NSE_EQ,2026-09-28,52.900001525878906,60.790000915527344,52.900001525878906,34.70000076293945,37.314598290472276,20,40.2191017153239,50,40.44437114195184,14,0.7597592329090751,1.0217680545538614,34.70000076293945,42.64651112872058,12,26,9,36.27510326004378,37.99684304605741,-1.4012728830921062,10,171557.0,37.314598290472276,40.2191017153239,40.74740668008197,42.64651112872058,38.50428604642127,-0.3204669029215226,34.70000076293945,34.70000076293945,10.47,3
ARFIN,758700,NSE_EQ,2026-09-28,106.19999694824219,106.19999694824219,106.19999694824219,90.30999755859375,87.32202639474076,20,75.4885021748027,50,74.88354317954592,14,1.6806901646580508,1.3090992691004673,90.30999755859375,56.21433220951701,12,26,9,88.18262551649575,85.69644588844477,3.613070540411046,10,59029958.0,87.32202639474076,75.4885021748027,74.28205503395262,56.21433220951701,55.4804472630015,-1.1268909123600697,90.30999755859375,89.9000015258789,1499.93,3
ARIES,15208,NSE_EQ,2026-09-28,524.75,524.75,524.75,473.29998779296875,407.28418180047953,20,372.1944518665113,50,368.0676952980845,14,10.469109641863682,4.432469974705698,473.29998779296875,70.25503276325725,12,26,9,431.2790440985168,396.3094624392652,21.57786753248475,10,3909341.0,407.28418180047953,372.1944518665113,363.8235200942117,70.25503276325725,70.07573571017026,13.391714126766868,473.29998779296875,476.0,610.77,3
ARIHANTCAP,3813,NSE_EQ,2026-09-28,98.80000305175781,120.0,84.80000305175781,93.33999633789062,77.67284626200737,20,79.12612498977197,50,78.54596697556303,14,2.2551631950755247,1.0382558332894931,93.33999633789062,68.47483346797435,12,26,9,79.40881291393404,77.49715069966662,-0.1981624901383613,10,27593050.0,77.67284626200737,79.12612498977197,78.47478191678897,68.47483346797435,56.02989170973324,2.1098247044057845,93.33999633789062,92.63999938964844,1003.2,3
ARIHANTSUP,20159,NSE_EQ,2026-09-28,306.0,465.0,306.0,242.6999969482422,251.38567310576516,20,281.26284242103463,50,282.83683611380167,14,4.672193046128584,5.851940764581492,242.6999969482422,44.39503649577167,12,26,9,244.75474775069011,257.0288807734424,-11.697663397088125,10,693864.0,251.38567310576516,281.26284242103463,285.1077275083143,44.39503649577167,37.85763633589626,-0.5764696256641422,242.6999969482422,244.75,1039.87,3
ARIS,757614,NSE_EQ,2026-09-28,159.0,178.3000030517578,159.0,140.2899932861328,128.70276749093355,20,132.13048490983127,50,131.79744375161488,14,4.311181304002592,3.3926460894534847,140.2899932861328,55.96155110724149,12,26,9,131.46211238173396,128.0447569066681,1.649245874941851,10,81853143.0,128.70276749093355,132.13048490983127,131.73489036061733,55.96155110724149,52.923625489264175,1.7681096001239958,140.2899932861328,141.9199981689453,1107.49,3
ARKADE,25398,NSE_EQ,2026-09-28,144.5,180.0,144.5,125.4800033569336,126.06618250356321,20,131.4787056847101,50,131.72355067768055,14,2.0116928833102308,2.104847483384691,125.4800033569336,48.868532896845466,12,26,9,126.3339262179256,126.54500707674356,0.03138950152424446,10,14464133.0,126.06618250356321,131.4787056847101,132.24900178802991,48.868532896845466,42.22164062744298,-0.2424703603422096,125.4800033569336,124.98999786376953,2304.26,3
ARMANFIN,17263,NSE_EQ,2026-09-28,2158.60009765625,2158.60009765625,2158.60009765625,1885.5999755859375,1865.921988693322,20,1733.678559708983,50,1727.4776855915563,14,34.13211234552943,29.184806979277393,1885.5999755859375,53.90677990891586,12,26,9,1927.6363363559853,1827.0291666985581,101.70227609785863,10,1819958.0,1865.921988693322,1733.678559708983,1717.9461625544768,53.90677990891586,58.918355573565805,-1.0951064404314081,1885.5999755859375,1890.0,1826.31,3
AROGRANITE,14557,NSE_EQ,2026-09-28,33.79999923706055,40.0,33.79999923706055,24.139999389648438,25.087151377497143,20,28.0637263659534,50,28.223878487435233,14,0.3281800444206624,0.4438065476585402,24.139999389648438,42.511106771527,12,26,9,24.584496405146414,25.556215837815557,-1.0009106724584287,10,413849.0,25.087151377497143,28.0637263659534,28.430975584125232,42.511106771527,36.71409332950693,0.029191239789285284,24.139999389648438,24.0,37.03,3
ARROWGREEN,9260,NSE_EQ,2026-09-28,952.75,952.75,952.75,905.7999877929688,712.2617061362641,20,629.313574632865,50,618.0284149120444,14,28.87824064326607,11.413037815689458,905.7999877929688,71.6736766560638,12,26,9,769.8768057709051,682.7507522760692,66.70774627067004,10,1886173.0,712.2617061362641,629.313574632865,606.9581461329441,71.6736766560638,70.8174640384817,20.418307224165858,905.7999877929688,900.0,1345.24,3
ARTEMISMED,16913,NSE_EQ,2026-09-28,378.79998779296875,378.79998779296875,362.0,357.70001220703125,302.4306233500384,20,276.87178792179594,50,273.5726767264802,14,7.46433734438454,2.4888099565240034,357.70001220703125,74.99474406154101,12,26,9,318.78088401032295,294.15809933883594,18.05364221419691,10,38810708.0,302.4306233500384,276.87178792179594,270.9225818989896,74.99474406154101,70.99869748881751,6.569142457290102,357.70001220703125,346.0,,3
ARTNIRMAN,6156,NSE_EQ,2026-09-28,54.84000015258789,66.97000122070312,54.84000015258789,39.970001220703125,40.68316312214821,20,43.32849319909083,50,43.465574504331144,14,0.779678077141258,0.874548196527581,39.970001220703125,47.132492667526236,12,26,9,40.255587642824466,41.1220046304487,-0.9779193960405991,10,67022.0,40.68316312214821,43.32849319909083,43.6478428514467,47.132492667526236,44.82138529031662,0.11150240841636505,39.970001220703125,39.970001220703125,91.57,3
ARVEE,2814,NSE_EQ,2026-09-28,255.0,290.7799987792969,224.99000549316406,213.19000244140625,170.37481179504545,20,168.08238588067718,50,166.2412586741168,14,6.07804421311765,2.6879890926247705,213.19000244140625,69.33631211663396,12,26,9,174.26246195742078,169.23963091414524,0.5740250372863352,10,833470.0,170.37481179504545,168.08238588067718,165.92212647475037,69.33631211663396,54.982846150814986,4.448806005989209,213.19000244140625,225.5,256.27,3
ARVIND,193,NSE_EQ,2026-09-28,607.1500244140625,607.1500244140625,607.1500244140625,549.0499877929688,517.6196760241803,20,450.25571262595275,50,446.22329323138064,14,10.763207783327342,6.800062994996915,549.0499877929688,61.282479323901185,12,26,9,540.9610998605128,500.248888327563,44.7589740597312,10,32679829.0,517.6196760241803,450.25571262595275,441.8813878291538,61.282479323901185,62.1802090474358,-4.046762526781379,549.0499877929688,566.0,14417.09,3
ARVINDFASN,9111,NSE_EQ,2026-09-28,495.0,569.0,495.0,417.20001220703125,449.2084327016889,20,459.784815241359,50,461.52297046724993,14,4.4143590838358495,7.112615875235574,417.20001220703125,38.295902433290756,12,26,9,444.3561453634669,451.8634676794382,-4.056402018390301,10,9161460.0,449.2084327016889,459.784815241359,462.8871730943411,38.295902433290756,41.06990300707416,-3.4509202975809927,417.20001220703125,415.8999938964844,5460.88,3
ARVSMART,10457,NSE_EQ,2026-09-28,707.8499755859375,707.8499755859375,707.8499755859375,614.0499877929688,610.6339167562095,20,610.3769316903075,50,610.2270110330561,14,12.673328585249587,12.215095578265478,614.0499877929688,50.92057456907186,12,26,9,613.9854127379244,608.3445997533115,9.362951606315438,10,17945817.0,610.6339167562095,610.3769316903075,612.6811757451834,50.92057456907186,39.888015477213294,-3.7221386217025163,614.0499877929688,628.7999877929688,2728.84,3
ASAHIINDIA,5378,NSE_EQ,2026-09-28,995.0,1074.0,995.0,959.9500122070312,921.6748469175096,20,891.3887142892362,50,888.5902939660609,14,12.656089059574052,9.105314499377677,959.9500122070312,58.158422664644114,12,26,9,937.1562333228559,914.7738455281615,13.649193872554635,10,8301953.0,921.6748469175096,891.3887142892362,885.6327554425137,58.158422664644114,58.369164902420046,8.733193922139774,959.9500122070312,969.9500122070312,24082.15,3
ASAHISONG,25092,NSE_EQ,2026-09-28,413.95001220703125,413.95001220703125,413.95001220703125,402.75,327.1604898815942,20,300.7544427785814,50,296.5913588103602,14,10.769050309415823,3.9394215028799855,402.75,73.21664987937933,12,26,9,351.5724061487577,315.4541169563959,27.853285657918168,10,2096553.0,327.1604898815942,300.7544427785814,293.4808025253558,73.21664987937933,68.65809969363615,8.265003534443604,402.75,388.0,457.23,3
ASAL,10634,NSE_EQ,2026-09-28,574.2000122070312,627.7000122070312,574.2000122070312,438.5,483.6354285909478,20,494.36573700315034,50,496.6459711665442,14,4.682499213971575,8.294210714296502,438.5,36.08387056391973,12,26,9,478.0982550604505,485.2142359730434,1.1671712840165258,10,772014.0,483.6354285909478,494.36573700315034,498.5621327567284,36.08387056391973,38.45455444740715,-8.2831521966094,438.5,441.95001220703125,691.52,3
ASALCBR,17598,NSE_EQ,2026-09-28,956.9000244140625,1277.0,956.9000244140625,644.9500122070312,755.6741140079273,20,834.4716092313693,50,842.2071846201177,14,7.5591927229867135,17.839893466821476,644.9500122070312,29.76167200070357,12,26,9,722.4057102935571,775.5068756152402,-40.83810955476114,10,1438094.0,755.6741140079273,834.4716092313693,849.6625804089808,29.76167200070357,31.035970992022683,-12.263055766921944,644.9500122070312,652.0,1298.18,3
ASHAPURMIN,203,NSE_EQ,2026-09-28,788.0,924.9000244140625,788.0,506.5,608.9647930324193,20,607.524829203092,50,611.6482916195448,14,10.359728428890781,18.73811669285735,506.5,35.60307777275155,12,26,9,589.0506653757775,614.8842014980578,-5.544794436863712,10,21207707.0,608.9647930324193,607.524829203092,615.1706718658145,35.60307777275155,37.33044675076293,-20.288741685416582,506.5,513.0,4866.35,3
ASHIANA,24403,NSE_EQ,2026-09-28,435.8999938964844,435.8999938964844,435.8999938964844,389.70001220703125,362.9131363173635,20,344.3087913645963,50,342.45608847306835,14,7.121828540335796,4.666134601086328,389.70001220703125,60.41610798145577,12,26,9,367.3543591228013,358.50765144324896,11.79052674704003,10,2933939.0,362.9131363173635,344.3087913645963,341.95429616584664,60.41610798145577,49.780792356603094,-2.943819067487663,389.70001220703125,388.5,3692.01,3
ASHIMASYN,206,NSE_EQ,2026-09-28,20.5,23.579999923706055,20.5,15.960000038146973,16.666291302532805,20,17.94205166648763,50,18.022951732950514,14,0.3865383892975898,0.4493800231286723,15.960000038146973,46.24116224161854,12,26,9,16.744341152481358,16.750074303206326,-0.0538984644296835,10,4960336.0,16.666291302532805,17.94205166648763,18.119806921294195,46.24116224161854,44.77838062811577,0.04816531370471567,15.960000038146973,15.84000015258789,305.13,3
ASHOKA,20182,NSE_EQ,2026-09-28,141.19000244140625,214.5,141.19000244140625,113.12000274658203,121.28084351738964,20,139.30639410238655,50,140.37522640262347,14,1.273041013278439,2.2113317488231163,113.12000274658203,36.53572967636851,12,26,9,117.28032731397676,124.71464494417857,-7.810097151995536,10,135466027.0,121.28084351738964,139.30639410238655,141.47503154945804,36.53572967636851,36.769393832986694,0.3757795217937181,113.12000274658203,113.05000305175781,3099.43,3
ASHOKAMET,16943,NSE_EQ,2026-09-28,19.399999618530273,19.399999618530273,19.399999618530273,15.670000076293945,14.90076888578222,20,15.479576109439755,50,15.47180370262938,14,0.36653178346204224,0.3135469669315841,15.670000076293945,53.89549125743091,12,26,9,14.893614277061266,14.966924439776887,-0.24126085018763527,10,3943003.0,14.90076888578222,15.479576109439755,15.486979348390998,53.89549125743091,50.95958978594851,0.16795068747201364,15.670000076293945,15.979999542236328,39.74,3
ASHOKLEY,212,NSE_EQ,2026-09-28,182.6999969482422,215.4199981689453,182.6999969482422,159.0800018310547,165.05579103137254,20,160.3523925141693,50,160.40432682776583,14,2.7531301607196275,3.192007472438278,159.0800018310547,46.308939012018044,12,26,9,165.00382081676025,164.86013643762342,0.23480367405729935,10,688184776.0,165.05579103137254,160.3523925141693,160.29838098400114,46.308939012018044,48.59776188039632,-0.09111929492047038,159.0800018310547,157.52000427246094,91702.91,3
ASIANENE,7030,NSE_EQ,2026-09-28,565.7000122070312,565.7000122070312,565.7000122070312,487.75,416.347036725383,20,363.4270834055406,50,358.35267864658306,14,14.981014960269658,8.007011366252218,487.75,65.1687741586831,12,26,9,448.88768033746555,399.4436990566503,37.539508318294224,10,28456319.0,416.347036725383,363.4270834055406,352.88748185664764,65.1687741586831,66.092913996779,11.904472962521027,487.75,472.8999938964844,2284.33,3
ASIANHOTNR,18422,NSE_EQ,2026-09-28,423.79998779296875,423.79998779296875,423.79998779296875,394.3500061035156,330.3537076468668,20,316.9008670356997,50,313.73967768599294,14,9.343424784341494,3.992372215079869,394.3500061035156,70.06274004281036,12,26,9,343.44600923604463,325.3869440755691,7.770357899425162,10,2902853.0,330.3537076468668,316.9008670356997,311.24333824883,70.06274004281036,66.58126869694955,10.28870726105038,394.3500061035156,386.04998779296875,1628.41,3
ASIANPAINT,236,NSE_EQ,2026-09-28,2864.0,2985.699951171875,2864.0,2444.0,2579.406798463429,20,2567.4191703558035,50,2572.456687513183,14,20.257343943432605,30.54104852631873,2444.0,39.87792321478508,12,26,9,2566.0786544672746,2578.185024152609,21.677141978615904,10,32928507.0,2579.406798463429,2567.4191703558035,2577.4018564391035,39.87792321478508,40.29150485231379,-33.783511663950264,2444.0,2401.89990234375,232219.73,3
ASIANTILES,14889,NSE_EQ,2026-09-28,79.05999755859375,79.05999755859375,79.05999755859375,50.689998626708984,53.86083011802217,20,58.387406649545085,50,58.70158656884452,14,0.9596132147295345,1.3262398292454274,50.689998626708984,41.98052964335907,12,26,9,51.66390846392698,55.2544514559098,-3.6839558707670577,10,435992718.0,53.86083011802217,58.387406649545085,59.03022269304719,41.98052964335907,41.90792421935925,0.09341287878423543,50.689998626708984,50.29999923706055,1509.97,3
ASKAUTOLTD,20152,NSE_EQ,2026-09-28,687.7000122070312,687.7000122070312,687.7000122070312,645.1500244140625,559.47037429287,20,506.68848221378784,50,501.03699069540926,14,13.434676876207032,5.34940138663479,645.1500244140625,71.52161893822154,12,26,9,594.173216129351,542.3637694068361,38.7029436905768,10,43144464.0,559.47037429287,506.68848221378784,494.7017658258341,71.52161893822154,74.67350595275143,13.106503031938047,645.1500244140625,642.75,12733.52,3
ASMS,14064,NSE_EQ,2026-09-28,9.569999694824219,16.700000762939453,9.569999694824219,6.380000114440918,7.3403253314112975,20,9.190124943002617,50,9.304823915596973,14,0.0983479792271819,0.203369663349342,6.380000114440918,32.596031967947695,12,26,9,6.9740259822494375,7.6844635330726945,-0.8136902085205625,10,8163648.0,7.3403253314112975,9.190124943002617,9.412775918380028,32.596031967947695,34.91012194661893,0.10325265769730552,6.380000114440918,6.489999771118164,195.66,3
ASPINWALL,17270,NSE_EQ,2026-09-28,272.0,299.79998779296875,272.0,253.75,246.09999201432885,20,244.69164000063844,50,244.32191102107268,14,3.603353998178283,2.8724514463195883,253.75,55.64333315850079,12,26,9,249.94487111954933,244.42792437446454,4.296638244837313,10,104510.0,246.09999201432885,244.69164000063844,244.0268868565549,55.64333315850079,54.54020043777184,1.2203085002474818,253.75,259.70001220703125,192.89,3
ASTEC,17728,NSE_EQ,2026-09-28,850.0,941.75,850.0,739.0,672.3571075336861,20,702.6626515482201,50,701.1794944685555,14,19.0765292586604,14.26978445913978,739.0,57.20731058940825,12,26,9,669.8159085303156,675.8172184907445,-12.258371801086566,10,12175501.0,672.3571075336861,702.6626515482201,700.1378406833117,57.20731058940825,56.049349077608795,6.257061840657668,739.0,731.0,1593.21,3
ASTERDM,1508,NSE_EQ,2026-09-28,891.2999877929688,891.2999877929688,891.2999877929688,759.4000244140625,766.0010398990671,20,709.9748065326448,50,707.9574507007502,14,12.844020863484683,12.372361524368184,759.4000244140625,50.93522403781381,12,26,9,775.216705406743,755.1646709282661,31.338609394548214,10,139301438.0,766.0010398990671,709.9748065326448,706.0353063296392,50.93522403781381,50.32310406983108,-11.286574916071302,759.4000244140625,768.6500244140625,64948.31,3
ASTRAL,14418,NSE_EQ,2026-09-28,1661.5,1768.699951171875,1678.0,1399.0,1475.860208581184,20,1497.8254076902585,50,1501.859097800065,14,18.00654568451325,24.496181204685904,1399.0,42.36562451970369,12,26,9,1461.06368503494,1482.5270406396528,-15.0976186299892,10,44896789.0,1475.860208581184,1497.8254076902585,1504.886001744073,42.36562451970369,44.51255951510678,-6.3657369747236885,1399.0,1389.800048828125,36834.9,3
ASTRAMICRO,11618,NSE_EQ,2026-09-28,1960.0,1960.0,1960.0,1622.4000244140625,1588.2988081653161,20,1347.9985236096977,50,1336.7984623523766,14,32.5462659003597,24.563475068782527,1622.4000244140625,56.98899232960141,12,26,9,1663.2026562209312,1528.120512403916,168.27394910811435,10,20231422.0,1588.2988081653161,1347.9985236096977,1324.7820750536216,56.98899232960141,57.623209913127596,-33.19180529109926,1622.4000244140625,1599.199951171875,15123.82,3
ASTRAZEN,5610,NSE_EQ,2026-09-28,9150.0,9849.5,9150.0,6505.0,7633.606924659089,20,8054.372591658332,50,8117.612289277039,14,38.26948585134573,138.46132305103814,6505.0,21.654111181307172,12,26,9,7323.473048881371,7786.491172250845,-306.10768210900574,10,555735.0,7633.606924659089,8054.372591658332,8173.371974553653,21.654111181307172,24.050153445097976,-156.91044126046813,6505.0,6600.0,15784.58,3
ATALREAL,15649,NSE_EQ,2026-09-28,36.70000076293945,36.70000076293945,36.70000076293945,13.520000457763672,26.117512630738478,20,25.418522422286117,50,25.904176380021728,14,0.6987769375893655,1.688653366795773,13.520000457763672,29.26899839990635,12,26,9,24.52796172647544,26.38121630072204,0.5669161992889462,10,511162836.0,26.117512630738478,25.418522422286117,26.375367266688848,29.26899839990635,30.02353793766393,-2.420170773535548,13.520000457763672,15.010000228881836,153.25,3
ATAM,15404,NSE_EQ,2026-09-28,82.1500015258789,111.0,82.1500015258789,57.06999969482422,62.42249052847053,20,72.64902208081021,50,73.28490054554433,14,0.92365326759345,1.5016686564025006,57.06999969482422,38.08373884121917,12,26,9,59.69632819704093,64.27353312597748,-4.018930820785642,10,890336.0,62.42249052847053,72.64902208081021,73.92591681960513,38.08373884121917,38.66448561205585,-0.5582741081509104,57.06999969482422,57.54999923706055,64.11,3
ATGL,6066,NSE_EQ,2026-09-28,859.8499755859375,859.8499755859375,859.8499755859375,611.6500244140625,645.9260095701254,20,638.1795060104317,50,639.2623419939571,14,10.703446052619512,13.104888989418297,611.6500244140625,44.95671803055817,12,26,9,643.4817150882851,643.367685707105,11.42827729633995,10,77041402.0,645.9260095701254,638.1795060104317,638.3873350464846,44.95671803055817,52.713963071658554,-11.314247915159847,611.6500244140625,615.0,65822.9,3
ATHERENERG,757645,NSE_EQ,2026-09-28,1744.0,1744.0,1744.0,1497.0,1316.1851722067495,20,1001.791733613356,50,981.5791513118602,14,43.93585893214909,23.032953932290543,1497.0,65.60644731912066,12,26,9,1444.1081894658244,1236.2784561091648,189.5457269200804,10,210302511.0,1316.1851722067495,1001.791733613356,954.7048309572422,65.60644731912066,77.41384016099575,18.28400643657912,1497.0,1489.9000244140625,56583.14,3
ATL,17778,NSE_EQ,2026-09-28,28.290000915527344,40.400001525878906,28.290000915527344,25.600000381469727,24.79021951320199,20,26.125836150280552,50,26.14729883472181,14,0.5529265220043932,0.5027299450105941,25.600000381469727,52.377505304151484,12,26,9,24.827276901146266,24.916867125247236,-0.3439233201590856,10,11424386.0,24.79021951320199,26.125836150280552,26.225147776093387,52.377505304151484,47.55108715216137,0.25433309605811555,25.600000381469727,25.780000686645508,668.85,3
ATLANTAA,13585,NSE_EQ,2026-09-28,49.95000076293945,73.38999938964844,49.95000076293945,35.72999954223633,38.48113352693935,20,39.623399663812414,50,39.78231395448899,14,0.7320267182722848,0.9785238142865251,35.72999954223633,42.79480227791033,12,26,9,37.75571928987167,38.87871634864275,-0.891462510513268,10,3548611.0,38.48113352693935,39.623399663812414,39.93506142546701,42.79480227791033,43.35604317960989,-0.23153454825780873,35.72999954223633,35.599998474121094,293.71,3
ATLASCYCLE,4568,NSE_EQ,2026-09-28,123.66999816894531,124.87999725341797,123.66999816894531,94.31999969482422,96.42661805539714,20,97.59321747870914,50,97.72681820458199,14,1.2507234140550776,1.4584603037251196,94.31999969482422,46.166061232638484,12,26,9,95.57348657239007,96.93929219069008,-0.8190924143461829,10,1935454.0,96.42661805539714,97.59321747870914,98.11607599083406,46.166061232638484,35.78817798136623,-0.5467132039538327,94.31999969482422,96.0,60.08,3
ATUL,263,NSE_EQ,2026-09-28,7180.0,7180.0,7180.0,6070.5,6439.515194568195,20,6457.7691481673355,50,6473.576052174165,14,51.24585485105895,80.55826137145648,6070.5,38.880314454325735,12,26,9,6385.316559654011,6450.762310726073,-0.4824972403556469,10,2005016.0,6439.515194568195,6457.7691481673355,6485.946503283314,38.880314454325735,41.108083801971674,-64.96325383170655,6070.5,6164.0,17648.23,3
ATULAUTO,30023,NSE_EQ,2026-09-28,596.5499877929688,596.5499877929688,596.5499877929688,448.25,474.3376257333702,20,473.84521152853176,50,474.8899140399004,14,8.923272763178728,10.880552875653441,448.25,45.05832825391879,12,26,9,472.1628741932316,473.8085885877041,5.359069908901377,10,11283844.0,474.3376257333702,473.84521152853176,476.0507263596093,45.05832825391879,44.699304633149886,-7.0047843033738975,448.25,449.79998779296875,1223.6,3
AUBANK,21238,NSE_EQ,2026-09-28,1144.0999755859375,1144.0999755859375,1144.0999755859375,1018.0,1037.3861641070168,20,970.4602299972901,50,968.5198312216693,14,12.193350476409373,12.59704979056062,1018.0,49.18577491729909,12,26,9,1049.9824337118382,1025.3855115991444,30.840736773922856,10,67816292.0,1037.3861641070168,970.4602299972901,964.8430906353725,49.18577491729909,55.70181155364792,-6.24381466122901,1018.0,1001.0,74765.66,3
AURIONPRO,12022,NSE_EQ,2026-09-28,934.0,1240.0,934.0,669.7000122070312,765.1855108626484,20,901.8581013651569,50,911.333941738958,14,9.898236291175593,19.738159540704352,669.7000122070312,33.39892052773851,12,26,9,727.7245482830623,792.9249596956884,-61.064061847625645,10,9143869.0,765.1855108626484,901.8581013651569,920.5475730105097,33.39892052773851,34.729819940208614,-4.1363495650004225,669.7000122070312,676.5999755859375,3519.69,3
AUROPHARMA,275,NSE_EQ,2026-09-28,1740.0,1740.0,1734.0,1712.0,1577.5745499181276,20,1430.8446916102973,50,1419.368964737248,14,23.519246653694076,9.790622888249032,1712.0,70.60744150942747,12,26,9,1634.2997926277778,1539.4306613173896,90.37895839937148,10,39391345.0,1577.5745499181276,1430.8446916102973,1406.5268816652988,70.60744150942747,74.10334576781446,4.4901729110167,1712.0,1716.0,97804.13,3
AURUM,10310,NSE_EQ,2026-09-28,264.6400146484375,264.6400146484375,264.6400146484375,222.4499969482422,213.98237254755776,20,199.25411052529458,50,198.30733965088854,14,3.7850142669379783,2.752369474439338,222.4499969482422,57.89799737441357,12,26,9,220.51051527503304,209.66376591739953,11.616863696221781,10,7423384.0,213.98237254755776,199.25411052529458,197.43090458442288,57.89799737441357,56.63285386221402,-0.770114338588268,222.4499969482422,220.8800048828125,1681.67,3
AURUS,31468,NSE_EQ,2026-09-28,6.320000171661377,6.949999809265137,6.320000171661377,4.650000095367432,4.834850417178372,20,5.208924704476558,50,5.231737953827951,14,0.06133285110564456,0.0811467998252935,4.650000095367432,43.046744363076435,12,26,9,4.7795419736798515,4.896049306320464,-0.14669573420337115,10,893859.0,4.834850417178372,5.208924704476558,5.246502772940965,43.046744363076435,48.382966238451715,0.030188401562758843,4.650000095367432,4.630000114440918,11.61,3
AUSOMENT,4037,NSE_EQ,2026-09-28,166.58999633789062,178.0,166.58999633789062,143.1199951171875,137.7591049534471,20,125.35577117431598,50,124.6307008093008,14,3.47957158965044,2.771865887631038,143.1199951171875,55.66034375766609,12,26,9,143.40699566437988,134.41804719129374,7.834665315830916,10,286092.0,137.7591049534471,125.35577117431598,123.5074643567627,55.66034375766609,62.063860510975815,1.1542831572552235,143.1199951171875,145.66000366210938,197.29,3
AUTOAXLES,278,NSE_EQ,2026-09-28,1974.300048828125,2115.0,1974.300048828125,1709.800048828125,1753.8179827492868,20,1777.2166706319172,50,1779.9683694810515,14,17.54694082492693,21.607070626477615,1709.800048828125,44.815180295651366,12,26,9,1737.8451681737215,1761.5477179938848,-15.294663175055039,10,448684.0,1753.8179827492868,1777.2166706319172,1783.1834069630586,44.815180295651366,43.9355778382956,-8.407886645108274,1709.800048828125,1695.5999755859375,2552.44,3
AUTOIND,14106,NSE_EQ,2026-09-28,104.0,104.0,104.0,81.7300033569336,83.87764510909217,20,80.82886428128435,50,80.79208309452316,14,2.239881493023496,2.2993477546693093,81.7300033569336,49.344974020908516,12,26,9,85.29050646146835,82.67856926826437,4.003208880115141,10,9666576.0,83.87764510909217,80.82886428128435,80.89216826826326,49.344974020908516,46.49053302718887,-1.3912716869111552,81.7300033569336,84.5,381.69,3
AVADHSUGAR,21406,NSE_EQ,2026-09-28,884.7999877929688,884.7999877929688,884.7999877929688,796.5,632.3751547287219,20,538.0771809232151,50,527.5293107568157,14,25.459808091934146,10.048757614736699,796.5,71.70046884532742,12,26,9,693.5794292004907,600.5649279762379,71.45585178435566,10,16452207.0,632.3751547287219,538.0771809232151,519.2468331466029,71.70046884532742,67.36431930642289,21.558649439897195,796.5,724.0999755859375,1574.5,3
AVALON,15058,NSE_EQ,2026-09-28,2618.0,2618.0,2618.0,2328.5,1906.987965696037,20,1500.1308607361825,50,1466.3198754601083,14,68.50484959978274,26.10119403860867,2328.5,72.41064837424749,12,26,9,2096.8301376802933,1793.9943080450435,262.47764283255725,10,27655049.0,1906.987965696037,1500.1308607361825,1422.5900764514647,72.41064837424749,85.99310373358153,40.358186802692614,2328.5,2350.0,15522.72,3
AVANTEL,24610,NSE_EQ,2026-09-28,197.77000427246094,215.0,197.77000427246094,155.94000244140625,159.40028391128527,20,158.0320174772362,50,158.11740584604559,14,3.025828415338465,3.2773179638951113,155.94000244140625,48.00504753161686,12,26,9,158.4796994694927,159.2521390182886,1.418802072019973,10,55309797.0,159.40028391128527,158.0320174772362,158.5617899325152,48.00504753161686,42.310927500642855,-2.1912416208158887,155.94000244140625,155.75,4138.47,3
AVANTIFEED,7936,NSE_EQ,2026-09-28,1593.800048828125,1593.800048828125,1593.800048828125,753.1500244140625,928.8312595854823,20,956.4551407636355,50,964.7533087779037,14,13.820542825560656,29.379031146288465,753.1500244140625,31.992312781988943,12,26,9,866.2888384142464,952.870924360293,-57.84930611088277,10,16004576.0,928.8312595854823,956.4551407636355,972.5207902705924,31.992312781988943,33.16016680600066,-28.732779835163846,753.1500244140625,755.7000122070312,10147.04,3
AVG,15638,NSE_EQ,2026-09-28,234.5500030517578,264.42999267578125,234.5500030517578,164.05999755859375,180.13045314478862,20,192.2110687647836,50,193.36009207932196,14,4.481083439848557,5.750622586317662,164.05999755859375,43.796053447868665,12,26,9,179.79190902544306,180.41183894444234,2.5664324566370778,10,573054.0,180.13045314478862,192.2110687647836,194.30907540458605,43.796053447868665,45.72738051927806,-3.1863623756363535,164.05999755859375,163.0,257.57,3
AVL,25984,NSE_EQ,2026-09-28,705.0,705.0,705.0,619.5,596.8845253010991,20,552.3760714010276,50,549.6363192133144,14,10.709424917344224,8.006930881050755,619.5,57.219605315809446,12,26,9,611.2210838228667,586.1896440697687,27.94718233078347,10,8533871.0,596.8845253010991,552.3760714010276,546.0724950094892,57.219605315809446,61.302061037351166,-2.9157425776854993,619.5,633.1500244140625,7831.12,3
AVONMORE,13557,NSE_EQ,2026-09-28,14.670000076293945,20.389999389648438,14.670000076293945,13.34000015258789,12.29981281516099,20,13.52415574324223,50,13.531672297962816,14,0.4162702941835804,0.3515230005747991,13.34000015258789,54.21645344201377,12,26,9,12.438619360056638,12.459962213526001,-0.5098894471374822,10,14444648.0,12.29981281516099,13.52415574324223,13.575414022853257,54.21645344201377,50.134064808146604,0.4885465936681188,13.34000015258789,13.039999961853027,378.43,3
AVROIND,8827,NSE_EQ,2026-09-28,13.890000343322754,15.989999771118164,13.890000343322754,6.889999866485596,9.33710996508798,20,11.116747846022603,50,11.28926817171799,14,0.15900902160186478,0.38655225150658923,6.889999866485596,29.14595104888518,12,26,9,8.64153499463877,9.77940506673428,-1.0077871307203838,10,21677547.0,9.33710996508798,11.116747846022603,11.42597299271789,29.14595104888518,33.791354132307305,-0.13008294137512566,6.889999866485596,7.150000095367432,9.38,3
AVTNPL,14008,NSE_EQ,2026-09-28,102.0,102.0,97.0,92.58000183105469,78.67391534563122,20,73.29648653791517,50,72.50940428105233,14,2.1173676487907263,0.8778723133715612,92.58000183105469,70.69108570727607,12,26,9,82.71501836945505,76.72810412733612,4.1218447439487065,10,20975271.0,78.67391534563122,73.29648653791517,71.971012743616,70.69108570727607,64.9385557192899,1.8650694981702216,92.58000183105469,92.93000030517578,1342.5,3
AWFIS,23864,NSE_EQ,2026-09-28,424.0,639.4000244140625,424.0,257.20001220703125,291.2774913830318,20,364.05516564281766,50,368.41660047693136,14,5.619788154434539,9.446834395304185,257.20001220703125,37.29958811858597,12,26,9,277.19296161323007,304.624196777835,-31.364057418282723,10,40837569.0,291.2774913830318,364.05516564281766,372.1989107004796,37.29958811858597,40.89610071523679,3.9328222536778092,257.20001220703125,260.3500061035156,1827.34,3
AWHCL,1797,NSE_EQ,2026-09-28,542.75,605.0,542.75,378.3500061035156,418.85488298153155,20,464.92536523711374,50,468.4590533650157,14,4.73894807313899,8.89763190976087,378.3500061035156,34.751734519077246,12,26,9,398.93838717380453,430.62254372843904,-26.330707906512753,10,12232486.0,418.85488298153155,464.92536523711374,472.6859537514863,34.751734519077246,29.806509990279594,-5.353448648121759,378.3500061035156,377.70001220703125,1054.31,3
AWL,8110,NSE_EQ,2026-09-28,216.00999450683594,282.8999938964844,216.00999450683594,184.33999633789062,191.11643173066363,20,208.5154115321945,50,209.5021631727783,14,1.9989118213302925,2.766506365568777,184.33999633789062,41.94619953450538,12,26,9,188.81012577288914,193.80633843147595,-5.968704581890405,10,123992564.0,191.11643173066363,208.5154115321945,210.42143531340028,41.94619953450538,43.6744314992129,0.9724919233035916,184.33999633789062,184.38999938964844,23461.0,3
AXISBANK,5900,NSE_EQ,2026-09-28,1400.0999755859375,1418.300048828125,1400.0999755859375,1222.4000244140625,1267.4898394266256,20,1256.45674054502,50,1257.8468105911816,14,11.625094325131675,15.223090207109777,1222.4000244140625,43.299368384373736,12,26,9,1258.6215117062516,1269.198871123389,-3.391945540945124,10,226186909.0,1267.4898394266256,1256.45674054502,1257.8813742887808,43.299368384373736,47.68925574914521,-7.185413876192235,1222.4000244140625,1191.5,376330.4,3
AXISCADES,9436,NSE_EQ,2026-09-28,2211.0,2211.0,2211.0,1892.0999755859375,1705.579832413429,20,1581.3409655058038,50,1568.656924278043,14,48.50992267744829,32.45618306694235,1892.0999755859375,59.913864241654075,12,26,9,1725.809868993463,1686.9404483908006,28.24005271035415,10,7912796.0,1705.579832413429,1581.3409655058038,1558.7572088946213,59.913864241654075,56.83302542761271,10.629367892308181,1892.0999755859375,1928.0,8110.23,3
AXITA,9902,NSE_EQ,2026-09-28,9.609999656677246,12.199999809265137,9.609999656677246,7.949999809265137,7.873333539099063,20,8.326719288194827,50,8.342095593457264,14,0.08862481825755245,0.08973451669305689,7.949999809265137,49.688914954798484,12,26,9,7.81214915308634,7.950919365836294,-0.24140379967822093,10,38026302.0,7.873333539099063,8.326719288194827,8.35646685151192,49.688914954798484,50.49784041124509,0.10263358692826632,7.949999809265137,8.050000190734863,315.56,3
AYMSYNTEX,10285,NSE_EQ,2026-09-28,330.0,330.0,330.0,293.95001220703125,252.497753763063,20,225.09234646983117,50,222.28182950096584,14,9.480115031544866,5.568573552350299,293.95001220703125,62.996286877052626,12,26,9,266.9188153630947,244.28218484411548,18.793039041558394,10,5601847.0,252.497753763063,225.09234646983117,219.79741462767936,62.996286877052626,60.99689956190466,3.8435914774208513,293.95001220703125,284.04998779296875,1698.65,3
AZAD,20905,NSE_EQ,2026-09-28,2986.60009765625,2986.60009765625,2986.60009765625,2728.0,2462.576600566086,20,2111.129209702067,50,2085.9508100980697,14,67.42603692539134,38.41564624754814,2728.0,63.70461514224119,12,26,9,2620.73514769437,2365.3569359582493,234.73316325065827,10,22682193.0,2462.576600566086,2111.129209702067,2057.2018615784755,63.70461514224119,66.50056211192506,20.645048485462382,2728.0,2680.0,17639.16,3
BAFNAPH,17735,NSE_EQ,2026-09-28,350.04998779296875,350.04998779296875,318.5,350.04998779296875,244.91157952894775,20,188.5209329649784,50,181.927910318938,14,13.38225495845212,3.8404902003257346,350.04998779296875,77.70105656839284,12,26,9,275.40579283701635,228.38005527404738,36.96435962679586,10,1008204.0,244.91157952894775,188.5209329649784,176.40660003779132,77.70105656839284,74.18386649962787,10.061377936173109,350.04998779296875,350.04998779296875,893.82,3
BAGFILMS,11226,NSE_EQ,2026-09-28,6.150000095367432,8.0,6.150000095367432,4.28000020980835,4.62124100620061,20,5.266085193746783,50,5.306333560438148,14,0.05456978300166171,0.09194312449051953,4.28000020980835,37.24571707415872,12,26,9,4.475282646141934,4.744564601801984,-0.29237117955618697,10,4502739.0,4.62124100620061,5.266085193746783,5.345367587205723,37.24571707415872,38.56169416835317,0.02308922389613688,4.28000020980835,4.340000152587891,93.7,3
BAIDFIN,13794,NSE_EQ,2026-09-28,12.949999809265137,12.979999542236328,12.949999809265137,10.6899995803833,10.445547945863673,20,10.836167836046005,50,10.842133887297543,14,0.20213459382116677,0.18656564521561933,10.6899995803833,52.00269346941076,12,26,9,10.463487475674164,10.479966640167243,-0.152135269383477,10,4900243.0,10.445547945863673,10.836167836046005,10.840180154398553,52.00269346941076,53.98685410937408,0.13565610489039792,10.6899995803833,10.350000381469727,166.01,3
BAJAJ-AUTO,16669,NSE_EQ,2026-09-28,12470.0,12470.0,12470.0,11281.0,10984.841195963048,20,10204.395420230183,50,10160.452376157946,14,128.11645701881255,87.24067066576649,11281.0,59.490232989389234,12,26,9,11299.229798759114,10780.774788441766,508.33418574255575,10,10156083.0,10984.841195963048,10204.395420230183,10109.287167021535,59.490232989389234,62.235618683612806,10.120824574792096,11281.0,11245.0,308906.44,3
BAJAJCON,19531,NSE_EQ,2026-09-28,692.0,692.0,692.0,499.5,510.4567187871046,20,439.1969564488521,50,436.73560773247874,14,13.599307292655984,13.266726807062442,499.5,50.61896088637255,12,26,9,517.377248936884,497.5964942501853,35.15421705492477,10,33118049.0,510.4567187871046,439.1969564488521,433.65746827608757,50.61896088637255,52.380655788926845,-15.37346236822603,499.5,502.45001220703125,6339.0,3
BAJAJELEC,15034,NSE_EQ,2026-09-28,432.54998779296875,575.0,432.54998779296875,318.95001220703125,343.9860326628475,20,404.93585703428846,50,408.44548335376834,14,4.04250376333114,6.820007956552551,318.95001220703125,37.2151843659822,12,26,9,335.43933654824605,353.3005941351299,-21.06680762474527,10,22054212.0,343.9860326628475,404.93585703428846,411.9310137848214,37.2151843659822,38.246312279257275,3.2055500378613893,318.95001220703125,321.0,3622.56,3
BAJAJFINSV,16675,NSE_EQ,2026-09-28,2118.5,2195.0,2118.5,1771.0,1891.2442930444124,20,1893.4222551951812,50,1898.4190819378416,14,21.035178046589277,30.16296956437005,1771.0,41.08581858552739,12,26,9,1898.4216226683602,1889.632490666961,14.242470787999363,10,42581232.0,1891.2442930444124,1893.4222551951812,1900.2933301802022,41.08581858552739,46.35676287715756,-5.453338786600224,1771.0,1774.0,280265.42,3
BAJAJHCARE,6863,NSE_EQ,2026-09-28,394.0,509.8999938964844,394.0,344.1499938964844,331.5488728691688,20,359.01493114269084,50,359.621663275189,14,6.975160084164471,6.3535551048900984,344.1499938964844,52.33182632555923,12,26,9,330.74785221829103,335.2582545785881,-8.661903595613508,10,5972832.0,331.5488728691688,359.01493114269084,360.8082622744633,52.33182632555923,48.584543471046366,4.151501235316443,344.1499938964844,350.8999938964844,1148.85,3
BAJAJHFL,25270,NSE_EQ,2026-09-28,94.0,113.44999694824219,94.0,83.13999938964844,85.66565466347215,20,91.96525876190023,50,92.3254734301554,14,0.7734784800271228,1.051672607573058,83.13999938964844,42.37887401662397,12,26,9,84.88880832605773,86.56431319906675,-1.911284083544385,10,131258038.0,85.66565466347215,91.96525876190023,92.60079880154726,42.37887401662397,46.852915703186596,0.23577921053536688,83.13999938964844,83.02999877929688,68625.29,3
BAJAJHIND,308,NSE_EQ,2026-09-28,26.0,26.0,26.0,20.780000686645508,19.37169327857399,20,19.625405666004845,50,19.578279338631756,14,0.5560105990297944,0.4352168172655948,20.780000686645508,56.0931416836539,12,26,9,19.835812568551486,19.22127252762174,0.31409822862976966,10,1753169986.0,19.37169327857399,19.625405666004845,19.580249895855683,56.0931416836539,51.74667982466495,0.3004418122999769,20.780000686645508,20.049999237060547,4899.61,3
BAJAJHLDNG,305,NSE_EQ,2026-09-28,11644.0,13250.0,11644.0,10940.0,10944.916632335475,20,11018.401822613101,50,11021.601897005472,14,122.63591795553985,121.33412599396638,10940.0,50.26679340227583,12,26,9,11052.402719306052,10922.813685427394,78.87324013257742,10,1940955.0,10944.916632335475,11018.401822613101,11010.973403005695,50.26679340227583,55.860023414867854,50.71579374608015,10940.0,10925.0,120754.1,3
BAJAJINDEF,29678,NSE_EQ,2026-09-28,333.0,442.6000061035156,333.0,218.08999633789062,238.59315372469686,20,267.5178828930083,50,269.53534765036005,14,4.057166818770917,6.300512008355924,218.08999633789062,39.17061811325107,12,26,9,228.81642829865584,245.61345076541878,-16.901408078504016,10,1110123.0,238.59315372469686,267.5178828930083,271.7637290874602,39.17061811325107,37.81988115122511,0.10438561174107619,218.08999633789062,218.4600067138672,691.01,3
BAJEL,20531,NSE_EQ,2026-09-28,215.5,219.63999938964844,215.5,173.13999938964844,182.45334868490042,20,184.57717215113686,50,185.0439955291568,14,2.7003874870107674,3.40301778075005,173.13999938964844,44.243948558924224,12,26,9,182.16174299078747,182.27898650245572,1.9451830561704215,10,11205920.0,182.45334868490042,184.57717215113686,185.58007682985263,44.243948558924224,43.42963371828258,-2.0624265678386706,173.13999938964844,173.3699951171875,1957.45,3
BAJFINANCE,317,NSE_EQ,2026-09-28,1176.4000244140625,1176.4000244140625,1176.4000244140625,996.9000244140625,1020.7108760440606,20,980.3840961519332,50,979.70997663103,14,14.770908463544165,15.7122650588629,996.9000244140625,48.45594062798813,12,26,9,1036.589616832274,1010.6314916805987,29.598614516652077,10,301474043.0,1020.7108760440606,980.3840961519332,977.2369124597201,48.45594062798813,53.94155426186632,-3.640489364976787,996.9000244140625,982.0,608406.07,3
BALAJEE,25203,NSE_EQ,2026-09-28,35.400001525878906,54.47999954223633,35.400001525878906,25.56999969482422,27.86798291063496,20,33.61459344847132,50,33.9429442139263,14,0.3136324996844463,0.5759679393012925,25.56999969482422,35.255434455723574,12,26,9,26.786705905576376,28.798687711780133,-2.0737865527142065,10,1178576.0,27.86798291063496,33.61459344847132,34.29530930568075,35.255434455723574,33.87499805110856,0.06180474651044987,25.56999969482422,25.0,206.81,3
BALAJITELE,9158,NSE_EQ,2026-09-28,131.0,136.7899932861328,131.0,93.8499984741211,92.57001481832803,20,93.73988142679653,50,93.73538685343634,14,2.2143498301259075,2.160362503934855,93.8499984741211,50.617038585265554,12,26,9,92.32080860434019,93.06701318943635,-1.632397059298964,10,13693283.0,92.57001481832803,93.73988142679653,93.67356590867864,50.617038585265554,51.80114387910525,0.8861924742027982,93.8499984741211,94.69000244140625,1138.49,3
BALAMINES,14501,NSE_EQ,2026-09-28,2629.800048828125,2629.800048828125,2629.800048828125,2189.60009765625,2057.1210507711025,20,1775.8665313789918,50,1758.9794470411446,14,66.23684099475636,48.478475153397916,2189.60009765625,57.74018955691305,12,26,9,2180.312701448278,1971.517393660649,228.83412002776532,10,10419158.0,2057.1210507711025,1775.8665313789918,1742.141873450987,57.74018955691305,57.25848428965434,-20.03881224013645,2189.60009765625,2237.0,7018.71,3
BALAXI,11309,NSE_EQ,2026-09-28,29.899999618530273,45.34000015258789,29.899999618530273,22.81999969482422,24.01249767192883,20,29.60559914729718,50,29.88256239025526,14,0.49309978521027154,0.6402336800955044,22.81999969482422,43.508799510939355,12,26,9,23.64389850100943,24.603445165706365,-1.2129893111138514,10,1944481.0,24.01249767192883,29.60559914729718,30.141034355691776,43.508799510939355,45.60710818009881,0.25344264641691794,22.81999969482422,22.43000030517578,119.25,3
BALKRISHNA,10181,NSE_EQ,2026-09-28,21.0,25.329999923706055,21.0,16.0,17.253906030120923,20,18.168527270270925,50,18.257038587424837,14,0.16851733285756687,0.28051497371475154,16.0,37.52899967130238,12,26,9,16.976008564210133,17.426762252626204,-0.2951164905984202,10,579123.0,17.253906030120923,18.168527270270925,18.331611578537043,37.52899967130238,40.28450442876875,-0.15563719781765123,16.0,15.90999984741211,54.22,3
BALKRISIND,335,NSE_EQ,2026-09-28,2558.0,2775.0,2558.0,2185.300048828125,2256.5963099693763,20,2304.9390748381497,50,2309.822300389579,14,42.68601746408134,48.641058346605355,2185.300048828125,46.739717750917414,12,26,9,2255.85794694457,2261.534805852342,-5.855711944842149,10,27725080.0,2256.5963099693763,2304.9390748381497,2311.6395351471892,46.739717750917414,49.85939299024877,0.17885303707021905,2185.300048828125,2166.5,41539.65,3
BALMLAWRIE,338,NSE_EQ,2026-09-28,199.5,212.75999450683594,199.5,164.16000366210938,174.8529203212831,20,181.7435874996343,50,182.46128479912508,14,1.4434901246204244,2.3799548510816955,164.16000366210938,37.75365236831605,12,26,9,172.8457282609436,176.11884391458514,-2.2558435018477496,10,6428360.0,174.8529203212831,181.7435874996343,183.07562280471754,37.75365236831605,40.194059897124866,-1.0172721517938044,164.16000366210938,164.75,2784.01,3
BALPHARMA,13441,NSE_EQ,2026-09-28,124.5999984741211,124.5999984741211,124.5999984741211,107.70999908447266,89.33312123369086,20,85.91925834693288,50,85.02984035764554,14,2.8478517628887445,1.2811145260916617,107.70999908447266,68.97251184852817,12,26,9,93.2414061248498,87.56299542857059,3.527501431757421,10,3373814.0,89.33312123369086,85.91925834693288,84.39146656942921,68.97251184852817,64.66971904126234,2.150909264521794,107.70999908447266,105.5,172.04,3
BALRAMCHIN,341,NSE_EQ,2026-09-28,780.9500122070312,780.9500122070312,780.9500122070312,685.7999877929688,614.6808253144866,20,558.5173397678518,50,553.3221296443776,14,15.263794764728596,8.23257717740774,685.7999877929688,64.96234738843168,12,26,9,646.3412647894947,596.9107467918758,42.35495555759087,10,178767365.0,614.6808253144866,558.5173397678518,548.4536461365587,64.96234738843168,63.49758532560677,7.075562440028079,685.7999877929688,663.0,14143.2,3
BALUFORGE,23607,NSE_EQ,2026-09-28,650.0,678.0,650.0,506.79998779296875,506.6142016056178,20,517.8147418025176,50,518.2643235988256,14,14.280976564400959,14.176933138257223,506.79998779296875,50.18280229860667,12,26,9,516.2615515558914,505.3082324679285,2.6177290199014753,10,80514051.0,506.6142016056178,517.8147418025176,518.1057235655506,50.18280229860667,52.19373125740887,8.335590068061407,506.79998779296875,495.6000061035156,5949.74,3
BANARBEADS,347,NSE_EQ,2026-09-28,128.8000030517578,164.6999969482422,128.8000030517578,123.86000061035156,113.52671832942141,20,115.00084833487468,50,114.63925028281439,14,2.6288688437489927,1.8475607041470015,123.86000061035156,58.72691205392945,12,26,9,114.114060012555,113.65693656454066,-0.6376101693953148,10,197221.0,113.52671832942141,115.00084833487468,114.70411751673507,58.72691205392945,50.12371418816871,1.0947336174096578,123.86000061035156,115.0999984741211,81.44,3
BANARISUG,350,NSE_EQ,2026-09-28,4338.0,4338.0,4338.0,3401.89990234375,3574.8500259692523,20,3591.4678821438033,50,3599.205350707071,14,44.5200408774464,58.33808255806251,3401.89990234375,43.28296044148623,12,26,9,3563.2601592026676,3580.6282668464846,-2.162150862172968,10,166614.0,3574.8500259692523,3591.4678821438033,3610.7361833411605,43.28296044148623,39.7162053026615,-15.205956781644016,3401.89990234375,3333.5,4285.86,3
BANCOINDIA,13880,NSE_EQ,2026-09-28,708.9500122070312,879.7999877929688,708.9500122070312,599.8499755859375,629.631557453734,20,621.8746679568054,50,622.7736349923509,14,9.889568781883105,12.28132928702865,599.8499755859375,44.60608113908725,12,26,9,624.9528300422148,630.8724935896782,-0.023244517114046293,10,5279584.0,629.631557453734,621.8746679568054,623.5399058083653,44.60608113908725,45.21055731856959,-5.896419030349369,599.8499755859375,601.75,8483.68,3
BANDHANBNK,2263,NSE_EQ,2026-09-28,220.75999450683594,220.75999450683594,220.75999450683594,187.6999969482422,181.20855826276528,20,177.34109941117677,50,176.91828726680674,14,4.058251653966959,3.5094618631534975,187.6999969482422,53.6258626173674,12,26,9,180.0911429983954,180.70175778305008,1.5519601585476093,10,455437321.0,181.20855826276528,177.34109941117677,176.99658470626824,53.6258626173674,47.30989388963282,-2.162574943202281,187.6999969482422,182.91000366210938,29582.32,3
BANG,15303,NSE_EQ,2026-09-28,43.459999084472656,62.06999969482422,43.459999084472656,32.36000061035156,33.36648969762223,20,38.4261549674407,50,38.67375310446475,14,0.6714950487264727,0.8367089635481254,32.36000061035156,44.522826040872104,12,26,9,32.58391700707753,34.33355284996785,-2.6109702167904536,10,3798547.0,33.36648969762223,38.4261549674407,38.88492670056535,44.522826040872104,47.06382020495832,0.8613343739001329,32.36000061035156,32.22999954223633,43.75,3
BANKA,822,NSE_EQ,2026-09-28,96.58000183105469,96.58000183105469,96.58000183105469,73.41999816894531,80.90507527718212,20,79.02178281050425,50,79.25042708158828,14,1.2680305571985397,1.782524844683014,73.41999816894531,41.56720302199496,12,26,9,81.07247009577154,80.21935589847173,2.798358617257367,10,169243.0,80.90507527718212,79.02178281050425,79.22146495902157,41.56720302199496,49.08355004620027,-1.945244419957564,73.41999816894531,76.5,97.15,3
BANKBARODA,4668,NSE_EQ,2026-09-28,287.20001220703125,325.5,287.20001220703125,235.25999450683594,251.14475388340642,20,259.54528577533245,50,260.53652215363843,14,1.9040829515103412,3.4247586245879864,235.25999450683594,35.731648695483884,12,26,9,244.76949786899763,254.57061511546738,-8.301554716590866,10,335208923.0,251.14475388340642,259.54528577533245,261.58127806026016,35.731648695483884,35.4548001060984,-1.4995625298788777,235.25999450683594,234.5500030517578,118922.18,3
BANKINDIA,4745,NSE_EQ,2026-09-28,154.33999633789062,178.36000061035156,154.33999633789062,137.94000244140625,142.89824124230765,20,140.82262945753791,50,140.9402877030943,14,1.117767228905411,1.515741215541261,137.94000244140625,42.44403435510022,12,26,9,141.96851466340024,143.11992498417104,-0.6217771806085921,10,265416411.0,142.89824124230765,140.82262945753791,140.97866679301652,42.44403435510022,44.95586474556615,-0.5296331401622012,137.94000244140625,137.60000610351562,60229.95,3
BANSALWIRE,24386,NSE_EQ,2026-09-28,370.0,370.0,370.0,321.3999938964844,314.2194919255373,20,317.00198028794836,50,316.82246952841626,14,5.834808530493369,5.171039855704039,321.3999938964844,53.01552707023373,12,26,9,316.77485570570207,312.8925988548218,4.954645440668184,10,4780443.0,314.2194919255373,317.00198028794836,317.0764476273918,53.01552707023373,49.47403459363192,-1.0723885897879306,321.3999938964844,324.8999938964844,5048.09,3
BANSWRAS,14511,NSE_EQ,2026-09-28,144.0,144.0,144.0,108.7300033569336,118.81126564532241,20,121.31546307642482,50,121.82915530987343,14,1.8085393837471029,2.627134156035729,108.7300033569336,40.772598964432525,12,26,9,117.12570078826076,119.30371269070795,0.02836535158462533,10,1573763.0,118.81126564532241,121.31546307642482,122.37361071583685,40.772598964432525,40.54280533460974,-2.206377254031821,108.7300033569336,109.0999984741211,370.95,3
BASF,368,NSE_EQ,2026-09-28,4250.0,4829.89990234375,4250.0,3539.800048828125,3712.842571056376,20,3866.324973629616,50,3879.6525215806973,14,48.374889974016426,62.88913418897408,3539.800048828125,43.47756639032947,12,26,9,3715.869902920064,3725.0178347214955,-5.938116245602767,10,2169047.0,3712.842571056376,3866.324973629616,3890.8342591484043,43.47756639032947,45.398181904781254,-3.2098155558289285,3539.800048828125,3523.89990234375,15150.6,3
BASML,12037,NSE_EQ,2026-09-28,29.25,31.899999618530273,29.25,24.510000228881836,25.098365203628763,20,26.4083598417542,50,26.48584390758573,14,0.42959381752431847,0.48010186015532935,24.510000228881836,47.22390444022768,12,26,9,25.067177785340917,25.148098299845405,0.11490786616028689,10,2411032.0,25.098365203628763,26.4083598417542,26.60893960530945,47.22390444022768,42.530982538606075,-0.19582838066477468,24.510000228881836,24.260000228881836,194.6,3
BATAINDIA,371,NSE_EQ,2026-09-28,803.2999877929688,1238.0,803.2999877929688,629.7999877929688,695.7888072356485,20,807.148463739204,50,814.3871770431319,14,7.1932674349612284,13.988582884027723,629.7999877929688,33.95958014353761,12,26,9,676.082441682251,714.6764200041735,-40.344869185326694,10,18669099.0,695.7888072356485,807.148463739204,821.5744092574243,33.95958014353761,34.96169969026526,1.75089086340423,629.7999877929688,627.0,8087.94,3
BAYERCROP,17927,NSE_EQ,2026-09-28,5063.0,5149.89990234375,5063.0,3717.60009765625,4140.760925390538,20,4459.774001256968,50,4490.066813648835,14,23.391499216824304,62.56944571456054,3717.60009765625,27.21177534227398,12,26,9,4021.499071953856,4215.236578399387,-163.10615697114983,10,1033281.0,4140.760925390538,4459.774001256968,4519.069540736543,27.21177534227398,28.687314151452995,-30.63134947438155,3717.60009765625,3730.300048828125,16444.02,3
BBL,13761,NSE_EQ,2026-09-28,3270.0,3411.0,3270.0,2162.89990234375,2457.6084231345867,20,2644.8435827487356,50,2664.5147533775107,14,30.549517736999057,57.28058268388146,2162.89990234375,34.782514867461416,12,26,9,2369.752048131386,2503.5332405281943,-91.61625773229079,10,1227793.0,2457.6084231345867,2644.8435827487356,2683.152094236031,34.782514867461416,36.10379199553825,-42.164934664517574,2162.89990234375,2202.89990234375,2413.8,3
BBOX,3435,NSE_EQ,2026-09-28,1103.0,1103.0,1103.0,799.75,786.8184566560025,20,701.2336262941229,50,697.212549816332,14,20.761051523225177,18.27144870260895,799.75,53.189140852125654,12,26,9,795.8309666375904,770.3932615608844,45.67304265319031,10,21867375.0,786.8184566560025,701.2336262941229,692.9702039143838,53.189140852125654,53.3257621080714,-20.23533757648427,799.75,800.0,14132.67,3
BBTC,380,NSE_EQ,2026-09-28,1639.0,2135.0,1639.0,1435.199951171875,1507.4345922529385,20,1611.9430784402741,50,1619.1570836349026,14,21.809973032706967,29.203041470314513,1435.199951171875,42.75374283441958,12,26,9,1485.921898382505,1527.725638618974,-47.182575642168224,10,19344055.0,1507.4345922529385,1611.9430784402741,1623.5267615144521,42.75374283441958,47.91278223331881,5.378835405699313,1435.199951171875,1448.5,9914.35,3
BBTCL,12153,NSE_EQ,2026-09-28,262.0,262.0,262.0,229.02000427246094,221.83749282118262,20,208.54705415814095,50,207.71142354122992,14,4.139955596257921,3.2426141816849765,229.02000427246094,56.077432666156135,12,26,9,227.68605385500769,217.93870557340705,10.31299573548386,10,668087.0,221.83749282118262,208.54705415814095,206.78005312334963,56.077432666156135,56.90885098331459,-0.5656474538832228,229.02000427246094,231.3000030517578,467.66,3
BCG,8833,NSE_EQ,2026-09-28,13.100000381469727,15.109999656677246,13.100000381469727,9.550000190734863,9.770188920415437,20,10.3558746648138,50,10.388767500490491,14,0.242523587290903,0.2700100511160772,9.550000190734863,47.31856977128315,12,26,9,9.65934669857961,9.8867932398543,-0.2950874642694232,10,342286065.0,9.770188920415437,10.3558746648138,10.394023307494926,47.31856977128315,52.51481716990737,0.0676409229947319,9.550000190734863,9.510000228881836,1891.4,3
BCLIND,2513,NSE_EQ,2026-09-28,40.0,42.08000183105469,40.0,33.720001220703125,34.851365353882684,20,35.381804916783,50,35.44963363907197,14,0.5948322276762722,0.6712499501105379,33.720001220703125,46.98211838950894,12,26,9,35.030320205621884,34.72326652135261,0.6367196524246312,10,33723418.0,34.851365353882684,35.381804916783,35.54716964992017,46.98211838950894,44.931635829587634,-0.32966596815536087,33.720001220703125,33.4900016784668,977.1,3
BCONCEPTS,7780,NSE_EQ,2026-09-28,278.6499938964844,380.0,278.6499938964844,148.16000366210938,183.36739329461207,20,235.61143299360768,50,239.18087908877087,14,3.210803054593805,6.889113516743629,148.16000366210938,31.790391850421287,12,26,9,168.91617993519,194.19344823681018,-25.556067370951524,10,549870.0,183.36739329461207,235.61143299360768,242.6943841085772,31.790391850421287,32.9412489540899,0.2787990693313418,148.16000366210938,151.0,182.59,3
BDL,2144,NSE_EQ,2026-09-28,1481.199951171875,1633.4000244140625,1481.199951171875,1140.0,1278.7053376981794,20,1334.839877572951,50,1342.7925256371532,14,20.86011630569467,32.878478542298815,1140.0,38.81775540410052,12,26,9,1254.3564713836556,1293.84263588531,-27.450940272722058,10,62366065.0,1278.7053376981794,1334.839877572951,1348.7595684963865,38.81775540410052,41.97566338076753,-12.0352242289324,1140.0,1155.0,41026.93,3
BEARDSELL,17933,NSE_EQ,2026-09-28,33.04999923706055,38.439998626708984,33.04999923706055,24.469999313354492,26.208535601762616,20,27.687150761522503,50,27.818463065529357,14,0.4545819072042018,0.6142624343729856,24.469999313354492,42.53022535848583,12,26,9,25.701659841093356,26.498497069796247,-0.4890130440511996,10,784731.0,26.208535601762616,27.687150761522503,27.979624789051638,42.53022535848583,40.12962638463999,-0.3078241846516917,24.469999313354492,24.149999618530273,99.92,3
BECTORFOOD,1628,NSE_EQ,2026-09-28,265.79998779296875,279.8999938964844,265.79998779296875,215.5800018310547,214.02063928900515,20,221.27916665503352,50,221.51178562744082,14,5.592198060937183,5.415310961105783,215.5800018310547,50.80348378310286,12,26,9,219.39820628695162,213.21694225166465,2.197818774734558,10,90603642.0,214.02063928900515,221.27916665503352,221.51022573257075,50.80348378310286,52.85091757047186,3.983445260552414,215.5800018310547,215.67999267578125,6578.47,3
BEDMUTHA,20196,NSE_EQ,2026-09-28,122.80000305175781,144.0,122.80000305175781,110.70999908447266,110.28382289016255,20,119.07857121761285,50,119.42014559039409,14,1.9067325547311587,1.991955375972005,110.70999908447266,48.907032022623625,12,26,9,108.98137764271989,111.57423154048305,-2.9776395472990815,10,205290.0,110.28382289016255,119.07857121761285,120.0193352935216,48.907032022623625,42.63229730601628,0.3847856495359183,110.70999908447266,103.01000213623047,362.84,3
BEL,383,NSE_EQ,2026-09-28,464.3999938964844,473.45001220703125,464.3999938964844,393.54998779296875,408.74088072225305,20,405.37032073761145,50,405.85278330678057,14,3.741503786766547,5.037971719138175,393.54998779296875,42.6164841424771,12,26,9,404.67972619537034,410.27766730370325,-3.8710405392110694,10,500435948.0,408.74088072225305,405.37032073761145,406.36514230734434,42.6164841424771,42.49953021937145,-1.7269005691218489,393.54998779296875,392.0,281596.64,3
BELLACASA,757938,NSE_EQ,2026-09-28,313.20001220703125,497.3500061035156,313.20001220703125,274.9800109863281,254.4426754767618,20,304.75100835232666,50,305.9661511019592,14,5.801044084540331,4.792531132207995,274.9800109863281,54.76002167208805,12,26,9,251.4205282129987,260.93725065050603,-17.31676550927318,10,571270.0,254.4426754767618,304.75100835232666,307.7390552783944,54.76002167208805,50.61429730016844,7.800043071765852,274.9800109863281,277.7900085449219,358.15,3
BELRISE,757102,NSE_EQ,2026-09-28,268.20001220703125,268.20001220703125,268.20001220703125,247.9199981689453,229.71942032914336,20,200.3044034025447,50,198.36090973860996,14,4.996495795187391,3.086059032127958,247.9199981689453,61.81827283498918,12,26,9,235.96692846995407,224.219932640875,13.400750016466295,10,179989057.0,229.71942032914336,200.3044034025447,196.6540083942356,61.81827283498918,59.01483270290091,-1.6537541873872126,247.9199981689453,245.0,22000.41,3
BEML,395,NSE_EQ,2026-09-28,2205.0,2275.75,2205.0,2036.5,1895.1581408225143,20,1847.3921888954533,50,1839.6735027279208,14,40.30527111794306,27.59756562821655,2036.5,59.35727143273231,12,26,9,1948.4432401880006,1873.8259338842386,42.45359699092877,10,20309906.0,1895.1581408225143,1847.3921888954533,1827.6193599821215,59.35727143273231,66.2184599643848,32.163709312833234,2036.5,2048.5,16551.96,3
BEPL,419,NSE_EQ,2026-09-28,138.5,138.5,138.5,126.43000030517578,115.21012704654679,20,106.86789492141604,50,106.06944164044624,14,2.1881434952974366,1.052197846408188,126.43000030517578,67.52817881049714,12,26,9,121.03659311393812,112.0860134368378,7.660350934150757,10,76866981.0,115.21012704654679,106.86789492141604,105.13554142380151,67.52817881049714,71.49997596786308,1.290228742949565,126.43000030517578,127.08999633789062,3118.13,3
BERGEPAINT,404,NSE_EQ,2026-09-28,565.9000244140625,594.5499877929688,565.9000244140625,458.3500061035156,493.4282548462812,20,501.2054245441705,50,502.9546252968503,14,6.005395052527825,8.843152096003237,458.3500061035156,40.44432759956537,12,26,9,488.88355584235273,494.99566572813586,1.0236709559890955,10,19112711.0,493.4282548462812,501.2054245441705,504.76297759890605,40.44432759956537,40.5027765047065,-7.135780841772222,458.3500061035156,451.8999938964844,53280.83,3
BESTAGRO,2306,NSE_EQ,2026-09-28,22.65999984741211,34.400001525878906,22.65999984741211,18.239999771118164,17.95848420853721,20,19.794953820157257,50,19.858421332362933,14,0.49386387254478264,0.48639667193583574,18.239999771118164,50.38087836193097,12,26,9,18.096739953991886,18.103991853397535,-0.3754788752850037,10,130491483.0,17.95848420853721,19.794953820157257,19.91345892842339,50.38087836193097,51.39196926192728,0.36822697587935493,18.239999771118164,18.360000610351562,632.37,3
BETA,759842,NSE_EQ,2026-09-28,2807.89990234375,2807.89990234375,2807.89990234375,2098.699951171875,2032.5374214388942,20,1825.20898043055,50,1814.0460836655977,14,54.63063438854749,43.69044109816995,2098.699951171875,55.56350367213767,12,26,9,2134.4507181364047,1965.9759866416953,194.1844747779183,10,1382120.0,2032.5374214388942,1825.20898043055,1804.2030686653413,55.56350367213767,54.11339507617483,-25.709743283208866,2098.699951171875,2093.39990234375,2221.66,3
BFINVEST,21113,NSE_EQ,2026-09-28,584.7000122070312,584.7000122070312,584.7000122070312,442.3999938964844,445.9733360626142,20,445.05184752350704,50,445.160086447059,14,6.6704743665948865,6.703461716664354,442.3999938964844,49.87667299341007,12,26,9,450.6081521463461,443.1516286695249,9.728450790688267,10,1543690.0,445.9733360626142,445.05184752350704,445.15641650612264,49.87667299341007,50.64760742996336,-2.271927313867078,442.3999938964844,439.54998779296875,1636.96,3
BFUTILITIE,14567,NSE_EQ,2026-09-28,694.5499877929688,834.0,694.5499877929688,524.4500122070312,554.3914505457436,20,590.3276417087228,50,593.0165245455265,14,10.203805463448163,12.984753169772528,524.4500122070312,44.00362103071752,12,26,9,547.8123649046623,559.5903249951416,-8.130586456203664,10,7719697.0,554.3914505457436,590.3276417087228,595.0988316698337,44.00362103071752,46.51839986337964,-3.6473736342756045,524.4500122070312,527.6500244140625,1951.98,3
BGRENERGY,15193,NSE_EQ,2026-09-28,366.0,490.79998779296875,366.0,255.80999755859375,275.58766723848,20,275.39875705911913,50,276.19829826322217,14,6.487212478234828,8.413036156260448,255.80999755859375,43.53761227323689,12,26,9,264.3433609574933,280.3537998757642,-11.673972842232788,10,2530068.0,275.58766723848,275.39875705911913,277.0382290038766,43.53761227323689,43.48613771604447,-4.336466076038105,255.80999755859375,252.97999572753906,1933.98,3
BHAGCHEM,6164,NSE_EQ,2026-09-28,316.8999938964844,316.8999938964844,316.8999938964844,245.60000610351562,262.18420887909554,20,256.2204404336685,50,256.65392754918497,14,4.163984863393044,5.226729801129836,245.60000610351562,44.34151193118598,12,26,9,264.27042149805266,259.76349368210555,9.467367271245736,10,5229093.0,262.18420887909554,256.2204404336685,257.0540876081919,44.34151193118598,44.767152291013005,-4.960439455298628,245.60000610351562,244.0,3129.77,3
BHAGERIA,13400,NSE_EQ,2026-09-28,395.6000061035156,395.6000061035156,342.0,394.6000061035156,247.49411246684969,20,211.12964191875582,50,203.64105562550031,14,15.505679058156598,3.095049876894206,394.6000061035156,83.36059899748358,12,26,9,275.2187158201666,234.937947763127,22.7389980259412,10,6159188.0,247.49411246684969,211.12964191875582,198.28967014082684,83.36059899748358,78.39516589266785,17.54177003109841,394.6000061035156,361.0,1657.65,3
BHAGYANGR,20776,NSE_EQ,2026-09-28,467.8999938964844,467.8999938964844,467.8999938964844,425.54998779296875,363.1136377063701,20,275.6254205326825,50,269.50605044042584,14,14.023522028618498,7.285934944087978,425.54998779296875,65.80891313457715,12,26,9,393.20914294050266,341.38929087392796,53.45909708958532,10,7241747.0,363.1136377063701,275.6254205326825,262.27364383770725,65.80891313457715,70.83037284491634,-1.6392450230106235,425.54998779296875,430.04998779296875,1350.0,3
BHANDARI,19556,NSE_EQ,2026-09-28,3.859999895095825,5.130000114440918,3.859999895095825,2.930000066757202,3.043520776861165,20,3.521751327986009,50,3.5459044406892257,14,0.03413833010480216,0.04954994156857223,2.930000066757202,40.79225131812986,12,26,9,2.985048986961078,3.1163568522261826,-0.1729579567675351,10,5271078.0,3.043520776861165,3.521751327986009,3.5685944174709596,40.79225131812986,42.9939909629002,0.04165009150243057,2.930000066757202,2.930000066757202,94.33,3
BHARATFORG,422,NSE_EQ,2026-09-28,2295.0,2295.0,2295.0,2008.0,1999.7157090738824,20,1811.107522132342,50,1803.0710944642742,14,28.68532354084565,24.72375250704052,2008.0,53.70870582956089,12,26,9,2026.7453762686791,1963.1062367672214,102.12145954942565,10,47139506.0,1999.7157090738824,1811.107522132342,1796.5801197246146,53.70870582956089,50.68121983841751,-38.4823200479679,2008.0,1991.199951171875,94275.4,3
BHARATGEAR,9397,NSE_EQ,2026-09-28,141.3300018310547,154.1999969482422,141.3300018310547,101.51000213623047,109.15583114886343,20,108.32986673058684,50,108.60822855076465,14,2.1781533063828302,2.79754724256702,101.51000213623047,43.7758117666977,12,26,9,107.0378917224235,109.55028077137953,-0.05313773690645962,10,787260.0,109.15583114886343,108.32986673058684,108.93876840441911,43.7758117666977,42.956931112516344,-2.4592513120495783,101.51000213623047,100.4000015258789,150.26,3
BHARATRAS,3834,NSE_EQ,2026-09-28,1618.699951171875,2987.5,1618.699951171875,1096.800048828125,1313.5297052198353,20,1622.4313241139512,50,1643.8856618807195,14,15.840357476207542,38.151963604390176,1096.800048828125,29.338167278568463,12,26,9,1239.6400439443382,1376.0695963219744,-140.7896029533884,10,633627.0,1313.5297052198353,1622.4313241139512,1663.2769113930701,29.338167278568463,32.426880868941225,4.360050575752268,1096.800048828125,1122.199951171875,1779.89,3
BHARATSE,30244,NSE_EQ,2026-09-28,263.17999267578125,263.17999267578125,263.17999267578125,214.08999633789062,212.0051309294623,20,186.98047963625456,50,185.8739687504735,14,5.258335398669482,4.660158793154028,214.08999633789062,53.015460784403,12,26,9,217.8070462081975,207.08118056272744,13.340571144035188,10,13782148.0,212.0051309294623,186.98047963625456,184.72515097406583,53.015460784403,52.99176620715503,-2.6147054985651224,214.08999633789062,218.97999572753906,1330.4,3
BHARATWIRE,16123,NSE_EQ,2026-09-28,262.0,262.0,262.0,164.97000122070312,189.91238198156182,20,192.33617484266003,50,193.45316152110723,14,2.825489166177682,4.83768214064654,164.97000122070312,36.87101662025383,12,26,9,185.20710575154175,191.03156462095137,-0.7013823337055636,10,5958540.0,189.91238198156182,192.33617484266003,194.28594349944802,36.87101662025383,39.87408798021272,-5.123076535704062,164.97000122070312,166.0,1156.58,3
BHARTIARTL,10604,NSE_EQ,2026-09-28,2031.0,2174.5,2031.0,1785.4000244140625,1886.2111316462842,20,1889.2424713107262,50,1893.4809385309982,14,18.82998623891782,27.00061342726466,1785.4000244140625,41.08605686172618,12,26,9,1877.3139178420456,1890.962892503043,-5.249241071529523,10,275022919.0,1886.2111316462842,1889.2424713107262,1893.4883217841766,41.08605686172618,49.392129351143566,-8.39973358946776,1785.4000244140625,1794.0,1084713.74,3
BHARTIHEXA,23489,NSE_EQ,2026-09-28,1678.0999755859375,1955.5999755859375,1678.0999755859375,1481.800048828125,1547.8935509011799,20,1573.7589502602632,50,1577.5123748085136,14,17.50998468553738,23.290621536962362,1481.800048828125,42.91599146848311,12,26,9,1539.9240920073296,1555.6310202965935,-14.95404052560851,10,5636312.0,1547.8935509011799,1573.7589502602632,1579.039411511476,42.91599146848311,47.79405230180028,-0.7528877636554316,1481.800048828125,1505.199951171875,72260.02,3
BHEL,438,NSE_EQ,2026-09-28,446.5,446.5,446.5,418.95001220703125,400.7552773527277,20,348.68675519407805,50,345.81886715273305,14,7.690583359533021,5.168635270774736,418.95001220703125,59.80599273277123,12,26,9,417.1175183652411,388.1790593371424,31.729453811597402,10,315404162.0,400.7552773527277,348.68675519407805,341.97882116319215,59.80599273277123,67.68216639108729,-2.7909947834987108,418.95001220703125,417.75,142957.96,3
BIGBLOC,18431,NSE_EQ,2026-09-28,61.9900016784668,80.0,61.9900016784668,40.0099983215332,45.761778114087114,20,52.313041283558874,50,52.81520630241706,14,0.5516389199620476,1.1153405649330594,40.0099983215332,33.09212410593997,12,26,9,43.622824417647124,47.12135498743631,-3.0269147110214885,10,1928298.0,45.761778114087114,52.313041283558874,53.32194935452066,33.09212410593997,33.65453467648406,-0.4716158587677004,40.0099983215332,40.900001525878906,618.19,3
BIKAJI,11966,NSE_EQ,2026-09-28,708.75,768.5,708.75,573.9500122070312,617.7226125687839,20,651.0408691817524,50,654.1874347725574,14,5.943878734996853,10.086175919477915,573.9500122070312,37.0795911998817,12,26,9,602.5425809428294,626.4665239124125,-17.930296317397712,10,10858959.0,617.7226125687839,651.0408691817524,657.2052892530699,37.0795911998817,38.15056194711873,-5.993646652185383,573.9500122070312,575.2000122070312,14159.85,3
BIL,7848,NSE_EQ,2026-09-28,1150.0,1150.0,1150.0,1010.8499755859375,854.0707228880883,20,796.7162142244639,50,787.9760606995058,14,26.84483354997135,13.185437638620172,1010.8499755859375,67.06133321830212,12,26,9,898.6727355459332,835.6727287877367,31.189350369881346,10,795615.0,854.0707228880883,796.7162142244639,777.6546764184269,67.06133321830212,70.85422488208513,31.810656388315145,1010.8499755859375,1031.0,1348.85,3
BILVYAPAR,13622,NSE_EQ,2026-09-28,6.639999866485596,13.880000114440918,6.639999866485596,4.389999866485596,4.537909101997474,20,6.388991474108377,50,6.470582968297062,14,0.08538157069269679,0.12606883867718358,4.389999866485596,40.37900467874847,12,26,9,4.245002208753592,4.859950761950841,-0.7983982701308294,10,274864.0,4.537909101997474,6.388991474108377,6.559586356315187,40.37900467874847,38.294579373282424,0.18344971693358048,4.389999866485596,4.289999961853027,13.01,3
BIOCON,11373,NSE_EQ,2026-09-28,447.1499938964844,447.1499938964844,447.1499938964844,382.1499938964844,403.6935181168059,20,392.3791949921138,50,392.79671340418025,14,3.1562497922417405,4.660089973555978,382.1499938964844,40.38015089943599,12,26,9,402.8587479544835,402.0455695524231,7.043906533594394,10,145230953.0,403.6935181168059,392.3791949921138,393.11494660435085,40.38015089943599,41.45995035155317,-6.230728131534021,382.1499938964844,387.5,61119.01,3
BIOFILCHEM,4136,NSE_EQ,2026-09-28,39.9900016784668,46.34000015258789,39.9900016784668,32.439998626708984,33.02415871682943,20,35.38379482403462,50,35.50394977086423,14,0.5823268358527024,0.6516123846883245,32.439998626708984,47.1925056079649,12,26,9,32.8159761868745,33.285060694135666,-0.5471629440449541,10,2488968.0,33.02415871682943,35.38379482403462,35.613090503101354,47.1925056079649,48.28253044609732,0.07807843678378901,32.439998626708984,32.11000061035156,50.12,3
BIRLACABLE,477,NSE_EQ,2026-09-28,418.79998779296875,418.79998779296875,418.79998779296875,362.45001220703125,269.84155058953456,20,214.98941111255309,50,208.9706110678805,14,15.61123734930654,6.861897218625335,362.45001220703125,69.46622110999618,12,26,9,307.43629164342053,251.2563942505652,38.845928742888084,10,13803259.0,269.84155058953456,214.98941111255309,200.78573805024297,69.46622110999618,81.68110792136918,17.333968649967254,362.45001220703125,350.8999938964844,1060.08,3
BIRLACORPN,480,NSE_EQ,2026-09-28,1103.449951171875,1346.0999755859375,1103.449951171875,850.2999877929688,914.7098874079608,20,992.7178214539838,50,998.5307942564741,14,11.904975273875479,18.365683030359698,850.2999877929688,39.32843202227238,12,26,9,888.8878488365808,931.5434011653547,-34.42529758716375,10,3093971.0,914.7098874079608,992.7178214539838,1005.670827671598,39.32843202227238,35.24891641445984,-8.230254741610118,850.2999877929688,840.9000244140625,6491.43,3
BIRLAMONEY,15239,NSE_EQ,2026-09-28,163.49000549316406,179.85000610351562,163.49000549316406,118.87000274658203,130.6344239258497,20,138.39766756519276,50,139.19471510880953,14,1.6472768840273322,2.7014198259798263,118.87000274658203,37.879783159783074,12,26,9,127.77916618319995,132.3001083612809,-2.855354508554168,10,1527634.0,130.6344239258497,138.39766756519276,139.95817295554585,37.879783159783074,38.91527493353117,-1.66558766952679,118.87000274658203,118.66000366210938,657.08,3
BIRLANU,1455,NSE_EQ,2026-09-28,1733.9000244140625,1999.0,1733.9000244140625,1438.800048828125,1438.2408159523823,20,1561.5667294893399,50,1566.5776144142874,14,32.34038781296666,33.66089099498251,1438.800048828125,48.999638184391664,12,26,9,1434.325499610635,1452.7705762274923,-31.950845036937274,10,1104939.0,1438.2408159523823,1561.5667294893399,1574.188946611363,48.999638184391664,45.53995566090176,13.505768420080024,1438.800048828125,1414.800048828125,1085.49,3
BLACKBUCK,27144,NSE_EQ,2026-09-28,659.7000122070312,748.0,645.0,598.9500122070312,585.622930735985,20,568.4556444768364,50,567.2109764062162,14,13.840611355920705,12.607078999799736,598.9500122070312,52.33202283361989,12,26,9,592.8569685921277,583.5070547100852,1.9026021953385421,10,31759821.0,585.622930735985,568.4556444768364,564.5501989365082,52.33202283361989,57.52921718549284,7.447311686703987,598.9500122070312,587.9500122070312,10997.19,3
BLAL,15067,NSE_EQ,2026-09-28,215.0,221.2100067138672,215.0,161.9600067138672,173.62665163416716,20,185.3093640882346,50,186.26239908310671,14,1.3570719470424284,2.5015947193339456,161.9600067138672,35.16945267306123,12,26,9,169.0333376366241,176.40656322519672,-6.041534004758407,10,908438.0,173.62665163416716,185.3093640882346,187.21229269902273,35.16945267306123,35.8530454459066,-1.3316915838142016,161.9600067138672,162.94000244140625,687.46,3
BLBLIMITED,8132,NSE_EQ,2026-09-28,18.5,22.469999313354492,18.5,17.100000381469727,16.182337698006926,20,16.190666113963992,50,16.153550429576004,14,0.31265935096324504,0.23949992823080923,17.100000381469727,56.62484771053935,12,26,9,16.238836016795865,16.153063863210456,0.020144902838032046,10,6794171.0,16.182337698006926,16.190666113963992,16.159817794048493,56.62484771053935,49.42861357284651,0.06562725074737763,17.100000381469727,17.0,90.91,3
BLISSGVS,19269,NSE_EQ,2026-09-28,728.0,728.0,728.0,704.7000122070312,523.9139374365994,20,379.9632866108872,50,366.7087263824732,14,22.787755647410002,5.356017031932907,704.7000122070312,80.96908650820599,12,26,9,590.7096916165356,484.02564822529655,90.92183896454992,10,15869351.0,523.9139374365994,379.9632866108872,353.8458182517195,80.96908650820599,79.79747908254231,15.762204426689095,704.7000122070312,685.0999755859375,7836.59,3
BLKASHYAP,13290,NSE_EQ,2026-09-28,62.45000076293945,63.790000915527344,62.45000076293945,54.2599983215332,54.59598592719642,20,55.741193391895365,50,55.8016503335428,14,1.169664962498516,1.192841411099243,54.2599983215332,49.50949447460257,12,26,9,54.7847137367504,54.55250037772748,0.3382374686053704,10,28443918.0,54.59598592719642,55.741193391895365,55.92661558477039,49.50949447460257,47.077386291335436,-0.10602410958245612,54.2599983215332,52.83000183105469,1194.44,3
BLS,17279,NSE_EQ,2026-09-28,309.0,359.0,309.0,224.25999450683594,249.9057801583985,20,276.9086120237725,50,279.05753518772906,14,3.798934296722957,6.265148473474885,224.25999450683594,37.74744687089132,12,26,9,242.56498514286596,255.3899829700953,-11.722620452762595,10,97007321.0,249.9057801583985,276.9086120237725,281.20274070559555,37.74744687089132,38.35725665233916,-1.1023773744667444,224.25999450683594,223.63999938964844,9121.93,3
BLSE,22566,NSE_EQ,2026-09-28,339.79998779296875,339.79998779296875,331.29998779296875,324.54998779296875,278.68968116076917,20,237.6257462582356,50,234.07781803232814,14,6.468309511057521,1.8102462041195084,324.54998779296875,78.13330892004755,12,26,9,300.45214731557564,265.84816095010973,31.986474430199184,10,22018882.0,278.68968116076917,237.6257462582356,230.7136473397701,78.13330892004755,76.50116301931217,2.61751193526673,324.54998779296875,328.45001220703125,2944.44,3
BLUECHIP,8650,NSE_EQ,2026-09-28,2.5299999713897705,4.050000190734863,2.5299999713897705,2.0199999809265137,2.1365644815740006,20,2.734129329941967,50,2.763277466636475,14,0.04122746529337031,0.05877111752728127,2.0199999809265137,41.22804956877456,12,26,9,2.0579889609679127,2.2300526369583458,-0.2224129323817395,10,602077.0,2.1365644815740006,2.734129329941967,2.79198267169186,41.22804956877456,42.44065576178545,0.05034925639130647,2.0199999809265137,2.0199999809265137,11.06,3
BLUECOAST,7480,NSE_EQ,2026-09-28,33.650001525878906,66.80999755859375,33.650001525878906,21.059999465942383,25.254582809287502,20,28.67950855740028,50,28.990508928480192,14,0.3498574646750852,0.7547596606367087,21.059999465942383,31.672283242606156,12,26,9,23.89375636630662,26.17595076144126,-1.9112625411218398,10,81276.0,25.254582809287502,28.67950855740028,29.317060322658236,31.672283242606156,31.36159593179184,-0.37093185401280215,21.059999465942383,21.75,39.43,3
BLUEDART,495,NSE_EQ,2026-09-28,5775.5,7036.0,5775.5,4746.5,4997.313547939895,20,5297.513739316607,50,5320.004096023407,14,42.04032982616316,66.18022583298358,4746.5,38.846898881737474,12,26,9,4935.1096619063255,5050.856931472724,-117.17792344361285,10,1182212.0,4997.313547939895,5297.513739316607,5340.371610146812,38.846898881737474,40.85586633822962,1.4306538772146098,4746.5,4793.0,11169.1,3
BLUEJET,19686,NSE_EQ,2026-09-28,647.7999877929688,692.9000244140625,647.7999877929688,570.6500244140625,549.6932778034046,20,544.1698399904159,50,543.0890161363894,14,11.91484988004349,9.67230731899964,570.6500244140625,55.1941590556983,12,26,9,566.9431853486204,542.2243361673432,23.823147263236873,10,34007388.0,549.6932778034046,544.1698399904159,541.7763229174666,55.1941590556983,56.047232075085276,0.8957019180404053,570.6500244140625,573.75,9780.4,3
BLUESTARCO,8311,NSE_EQ,2026-09-28,1928.9000244140625,2032.9000244140625,1928.9000244140625,1565.0,1595.879520412033,20,1679.0133138054307,50,1683.6669184505504,14,22.329161926626313,26.757970038483432,1565.0,45.48882982712757,12,26,9,1561.9109117282949,1619.0239413035436,-58.276455521451574,10,25150962.0,1595.879520412033,1679.0133138054307,1689.8655661902412,45.48882982712757,42.72168436536131,1.1634259462028993,1565.0,1523.800048828125,32191.98,3
BLUESTONE,759291,NSE_EQ,2026-09-28,969.9000244140625,969.9000244140625,926.0,809.2999877929688,718.5868135304445,20,625.1029689558304,50,617.5847232890084,14,22.976235370848634,13.12916821176672,809.2999877929688,63.63655600269104,12,26,9,775.5810228310719,690.5137300340272,70.09501264138572,10,167526840.0,718.5868135304445,625.1029689558304,609.0167528110087,63.63655600269104,66.01341625561884,14.972280155659007,809.2999877929688,803.0,11894.03,3
BLUSPRING,757520,NSE_EQ,2026-09-28,146.5,146.5,139.8000030517578,145.1199951171875,112.15432030218766,20,94.83265712636738,50,92.7801127185788,14,5.36338111911527,2.3018204279074,145.1199951171875,69.97051657693885,12,26,9,122.48822538251267,106.3023431562664,14.18820114996817,10,24869584.0,112.15432030218766,94.83265712636738,91.53277053003546,69.97051657693885,62.32383673775852,1.9976810762780932,145.1199951171875,141.27999877929688,2350.94,3
BODALCHEM,25017,NSE_EQ,2026-09-28,206.0,206.0,191.22999572753906,202.02000427246094,106.90389392966281,20,82.46429316579355,50,77.58446822266427,14,8.944596463217577,0.8706287385971904,202.02000427246094,91.12981392993187,12,26,9,127.11121994296234,98.2039059634281,14.296974092302287,10,120117107.0,106.90389392966281,82.46429316579355,72.94587526328162,91.12981392993187,90.37395382209033,14.61033988723195,202.02000427246094,197.02999877929688,2508.47,3
BOHRAIND,11640,NSE_EQ,2026-09-28,20.799999237060547,24.190000534057617,20.799999237060547,15.970000267028809,14.943761350070286,20,17.531435213414593,50,17.595167252042582,14,0.5352339468196423,0.5046339561402887,15.970000267028809,51.47134028236914,12,26,9,14.27940259722229,15.482108791960302,-1.3759028215586036,10,835868.0,14.943761350070286,17.531435213414593,17.794561832201587,51.47134028236914,37.46874375019944,0.173196626820592,15.970000267028809,15.0,32.46,3
BOMDYEING,513,NSE_EQ,2026-09-28,141.0,180.75,141.0,109.83000183105469,118.14065388369238,20,126.88726840801431,50,127.5834833703392,14,1.4627931190399757,2.2394954204328497,109.83000183105469,39.510510956778774,12,26,9,115.93074523536427,119.65826231271757,-2.659355106145005,10,33346437.0,118.14065388369238,126.88726840801431,128.2481152200772,39.510510956778774,40.6637704605797,-1.0681619712082928,109.83000183105469,109.5,2236.45,3
BORANA,757919,NSE_EQ,2026-09-28,394.8999938964844,420.0,394.8999938964844,288.0,314.6727474628205,20,298.00409004955424,50,298.41242025565845,14,4.836433798507969,6.919405380503041,288.0,41.14069378511901,12,26,9,310.4491597240696,315.0161464694031,-0.5655446417128834,10,1355394.0,314.6727474628205,298.00409004955424,298.4659881802357,41.14069378511901,43.54856855396453,-4.001442103620625,288.0,291.0,751.46,3
BOROLTD,19401,NSE_EQ,2026-09-28,289.0,363.3999938964844,289.0,264.79998779296875,247.74188573954115,20,264.159591510294,50,264.13345288651135,14,4.755662571732553,3.5837639100130114,264.79998779296875,57.026254528922024,12,26,9,249.89793494461856,249.16110701567783,-4.386232784919522,10,29736028.0,247.74188573954115,264.159591510294,264.33441049595757,57.026254528922024,54.865236059330854,5.123060713860249,264.79998779296875,260.6000061035156,3330.91,3
BORORENEW,3149,NSE_EQ,2026-09-28,669.9000244140625,721.0,669.9000244140625,455.1499938964844,524.5081986194047,20,530.2640786545629,50,533.3299596650967,14,8.353256969663839,13.875572180150813,455.1499938964844,37.578483839008186,12,26,9,515.4029431549372,526.6858422509634,3.3914430483579343,10,19338078.0,524.5081986194047,530.2640786545629,536.3434274065293,37.578483839008186,38.11120248072647,-14.674342144384134,455.1499938964844,460.0,6329.5,3
BOROSCI,24014,NSE_EQ,2026-09-28,180.8000030517578,180.8000030517578,180.8000030517578,115.55000305175781,133.30232820796988,20,134.2173035142136,50,134.97923414533423,14,2.3651500063848574,3.718571812469302,115.55000305175781,38.87669549674319,12,26,9,131.46063681565437,133.19510022219012,2.7633841801527916,10,3849266.0,133.30232820796988,134.2173035142136,135.6085907407114,38.87669549674319,40.79748505664303,-4.497847586688544,115.55000305175781,115.87999725341797,1022.05,3
BOSCH-HCIL,4491,NSE_EQ,2026-09-28,1891.300048828125,1891.300048828125,1891.300048828125,1811.5999755859375,1567.131648970053,20,1527.234489005806,50,1515.6277344515147,14,42.15502679518829,21.132449001239276,1811.5999755859375,66.60879781457146,12,26,9,1635.7624462082676,1541.158840695458,53.72424905507072,10,2497506.0,1567.131648970053,1527.234489005806,1508.3472338168826,66.60879781457146,61.49859685986229,40.879356457739014,1811.5999755859375,1748.0,5014.62,3
BOSCHLTD,2181,NSE_EQ,2026-09-28,50000.0,50000.0,50000.0,48250.0,43496.1095498949,20,39776.024534202064,50,39430.147984577656,14,889.5750199452443,428.94447141071925,48250.0,67.46771858718651,12,26,9,45458.56580896731,42416.460009087416,2535.619116804524,10,1668695.0,43496.1095498949,39776.024534202064,39121.174432927764,67.46771858718651,65.10472788723202,506.48668307536946,48250.0,47700.0,139356.02,3
BPCL,526,NSE_EQ,2026-09-28,329.95001220703125,391.6499938964844,329.95001220703125,308.5,313.0116326748632,20,318.04086348803173,50,318.4302864875432,14,3.53992426685432,4.015474894961771,308.5,46.852908642399626,12,26,9,312.06742716519,314.4363983824407,-3.481859698157204,10,214759406.0,313.0116326748632,318.04086348803173,318.6111145074429,46.852908642399626,49.42273647378667,1.1128884809065012,308.5,308.1000061035156,130404.91,3
BPL,530,NSE_EQ,2026-09-28,64.0,82.69999694824219,64.0,44.97999954223633,51.27740091501768,20,58.06465726540686,50,58.59872492757709,14,0.6271991110211141,1.2201560307507915,44.97999954223633,33.951193078096026,12,26,9,49.58670339184769,52.4788078454053,-2.3197551467932507,10,2158263.0,51.27740091501768,58.06465726540686,59.1215299892934,33.951193078096026,35.048887776443905,-0.5723493067643566,44.97999954223633,45.099998474121094,232.48,3
BRIGADE,15184,NSE_EQ,2026-09-28,735.0,802.0125122070312,735.0,597.9000244140625,591.9057509390708,20,608.8745103506636,50,609.3224485521575,14,13.541033713438935,12.897234564881645,597.9000244140625,51.217551659927004,12,26,9,605.505859040957,589.4543795323323,5.9365391564588545,10,26591559.0,591.9057509390708,608.8745103506636,608.8172418723668,51.217551659927004,54.737191317612194,10.114940352165911,597.9000244140625,606.2000122070312,19138.5,3
BRIGHOTEL,757794,NSE_EQ,2026-09-28,69.77999877929688,87.79000091552734,69.77999877929688,56.130001068115234,60.27235129545945,20,66.32041947642728,50,66.7363549216645,14,0.37755482739215723,0.7846359480532573,56.130001068115234,32.48647600454906,12,26,9,58.93298980074434,61.3997347035389,-2.2759179006572796,10,5639393.0,60.27235129545945,66.32041947642728,67.1651857534779,32.48647600454906,32.6873704357305,-0.19082700213727977,56.130001068115234,56.11000061035156,2105.02,3
BRITANNIA,547,NSE_EQ,2026-09-28,5924.0,6271.0,5924.0,4937.5,5293.799517574845,20,5464.470415869683,50,5485.979412435792,14,28.93707168561247,61.18242024539875,4937.5,32.10967024510583,12,26,9,5200.456547232266,5348.689200151721,-116.09569736292262,10,12993498.0,5293.799517574845,5464.470415869683,5505.896939473988,32.10967024510583,33.72695204591764,-32.136955556532556,4937.5,4900.5,117342.63,3
BRNL,21683,NSE_EQ,2026-09-28,23.399999618530273,26.5,23.399999618530273,16.690000534057617,17.97150859069828,20,20.429087902629895,50,20.581703713592027,14,0.17951976100935513,0.31565169182405345,16.690000534057617,36.254061089775966,12,26,9,17.374485225109034,18.389144457962438,-0.9508225161764454,10,1036319.0,17.97150859069828,20.429087902629895,20.758507946799867,36.254061089775966,31.93389474076797,-0.06383671667695867,16.690000534057617,16.420000076293945,151.3,3
BROOKS,25136,NSE_EQ,2026-09-28,79.69999694824219,142.27000427246094,79.69999694824219,59.0099983215332,64.77033065140617,20,76.66360925439784,50,77.38416480267801,14,1.8323431508553953,2.4332265364720564,59.0099983215332,42.95658693137964,12,26,9,63.63310456735293,66.47197696648291,-3.4250551968602236,10,1311983.0,64.77033065140617,76.66360925439784,78.03127361995887,42.95658693137964,44.8491472609911,0.586182797730241,59.0099983215332,61.08000183105469,168.67,3
BSE,19585,NSE_EQ,2026-09-28,4446.7998046875,4446.7998046875,4446.7998046875,3191.5,3451.39209814665,20,3189.609529886461,50,3189.5323678410105,14,45.103202330978114,62.30325895543781,3191.5,41.99300655730893,12,26,9,3425.83213754909,3422.161446948265,95.15115936478244,10,185592170.0,3451.39209814665,3189.609529886461,3186.394917453143,41.99300655730893,44.194359357262606,-91.48046876395759,3191.5,3206.10009765625,129920.89,3
BSHSL,809,NSE_EQ,2026-09-28,122.0,132.39999389648438,122.0,86.9000015258789,90.44308085578182,20,99.7893371530219,50,100.31543248474203,14,1.1500714493607245,1.540999474703073,86.9000015258789,42.7365714919173,12,26,9,89.2455659157281,91.7322565550598,-2.853375726989636,10,312071.0,90.44308085578182,99.7893371530219,100.82340920874856,42.7365714919173,43.86596900919126,0.3666850876579235,86.9000015258789,85.0,892.71,3
BSL,559,NSE_EQ,2026-09-28,147.85000610351562,205.0,147.85000610351562,120.63999938964844,124.59749388091372,20,135.76160030710795,50,136.3788085078206,14,1.2076808477320884,1.6846183136827568,120.63999938964844,41.755046083867725,12,26,9,122.65266514617498,126.49318564797575,-4.184016796118785,10,192315.0,124.59749388091372,135.76160030710795,137.11835162502834,41.755046083867725,38.11781540556299,0.3434962943180171,120.63999938964844,120.30000305175781,123.24,3
BSOFT,6994,NSE_EQ,2026-09-28,399.8500061035156,474.0,399.8500061035156,274.04998779296875,307.0200490928081,20,346.2966801211548,50,349.2455247059787,14,3.9399259282766006,7.250664848131763,274.04998779296875,35.20748821038674,12,26,9,294.8837595288005,315.7012333815909,-20.910099040651488,10,73650472.0,307.0200490928081,346.2966801211548,352.05554637167234,35.20748821038674,36.694784284307886,0.09262518786110263,274.04998779296875,277.29998779296875,7683.95,3
BTML,14150,NSE_EQ,2026-09-28,9.149999618530273,10.119999885559082,9.149999618530273,7.460000038146973,7.352254965629185,20,7.593698500122706,50,7.599155580203348,14,0.2246690642900049,0.21408303138260068,7.460000038146973,51.20637975428651,12,26,9,7.511355790398584,7.321847915870693,0.08889555771601206,10,47503330.0,7.352254965629185,7.593698500122706,7.613406828374913,51.20637975428651,49.47918017505543,0.10061231681187881,7.460000038146973,7.0,113.35,3
BURNPUR,15198,NSE_EQ,2026-09-28,33.0,33.0,33.0,15.319999694824219,25.006121512028162,20,29.15879637052752,50,29.723645214433773,14,0.4899971277767432,1.3563176697723056,15.319999694824219,26.539197347451577,12,26,9,22.03486351222203,26.394684586186784,-2.8241562261641793,10,3344377.0,25.006121512028162,29.15879637052752,30.208283779044553,26.539197347451577,29.41864743219142,-1.5356648478005734,15.319999694824219,15.600000381469727,25.25,3
BUTTERFLY,2716,NSE_EQ,2026-09-28,788.9500122070312,823.8499755859375,788.9500122070312,566.7000122070312,645.7435564166473,20,662.9988037788861,50,666.9293667001863,14,7.719055747441049,14.124213366507519,566.7000122070312,35.33837223344857,12,26,9,634.0337879566338,649.4617897505326,-0.06036880863678551,10,1132877.0,645.7435564166473,662.9988037788861,670.240769920889,35.33837223344857,37.69256969201839,-15.367632985262045,566.7000122070312,565.2999877929688,1019.27,3
BVCL,15073,NSE_EQ,2026-09-28,49.099998474121094,54.900001525878906,49.099998474121094,41.2599983215332,42.08637093524979,20,42.80324866542766,50,42.86623847538254,14,0.6876667135198987,0.7616111250583513,41.2599983215332,47.448922160743436,12,26,9,41.95499686379594,42.200637979081186,-0.22219491111846534,10,2194263.0,42.08637093524979,42.80324866542766,42.952207461253934,47.448922160743436,46.121196778504824,-0.023446204166780005,41.2599983215332,41.9900016784668,90.37,3
BYKE,7919,NSE_EQ,2026-09-28,44.599998474121094,73.05999755859375,44.599998474121094,29.760000228881836,33.77328084839257,20,42.49799900111886,50,43.01791731835303,14,0.6307892672759582,1.088218132938662,29.760000228881836,36.694971016250626,12,26,9,32.030894046207145,35.413982826293235,-3.797143296104659,10,1445492.0,33.77328084839257,42.49799900111886,43.539056800734784,36.694971016250626,37.457630000422206,0.41405451601856846,29.760000228881836,30.0,156.67,3
CALSOFT,8400,NSE_EQ,2026-09-28,43.130001068115234,43.130001068115234,43.130001068115234,36.119998931884766,27.80414416316308,20,21.96201008759254,50,21.384132991907144,14,1.4506572622782303,0.6499160011793277,36.119998931884766,69.06006505530964,12,26,9,31.373027664122322,25.96798409013561,3.9194602789264836,10,11792043.0,27.80414416316308,21.96201008759254,20.657362965996864,69.06006505530964,77.1098095082921,1.4855832950602297,36.119998931884766,37.779998779296875,216.34,3
CAMLINFINE,6216,NSE_EQ,2026-09-28,146.5,212.5,146.5,97.30000305175781,116.29862129651514,20,135.2993139697813,50,136.85030625214964,14,1.8105718709316503,3.6752442111226267,97.30000305175781,33.00460394315013,12,26,9,109.72127938878486,120.80553131624389,-9.422512541561451,10,50673409.0,116.29862129651514,135.2993139697813,138.46542084287833,33.00460394315013,32.98714927584841,-1.6617393858975706,97.30000305175781,97.9000015258789,1846.83,3
CAMPUS,9362,NSE_EQ,2026-09-28,260.5,287.79998779296875,260.5,209.99000549316406,227.2564749507974,20,241.5591232328285,50,242.84765865077398,14,2.03187711115268,3.6721346776857127,209.99000549316406,35.621895367198505,12,26,9,221.79315910676993,230.7670615872433,-7.8758359345708975,10,25099623.0,227.2564749507974,241.5591232328285,244.10184899908361,35.621895367198505,36.59806931516993,-1.0980665459024586,209.99000549316406,210.97000122070312,6353.54,3
CAMS,342,NSE_EQ,2026-09-28,844.9000244140625,844.9000244140625,844.9000244140625,707.3499755859375,749.0987758229935,20,752.3639400353552,50,754.20124470676,14,8.506797281403333,11.796758851221833,707.3499755859375,41.898065668082744,12,26,9,743.55868844478,750.0235923673272,3.2785404097294126,10,55883122.0,749.0987758229935,752.3639400353552,756.0849694787514,41.898065668082744,42.001501326101945,-9.74344433227655,707.3499755859375,710.5999755859375,17340.45,3
CANBK,10794,NSE_EQ,2026-09-28,146.88999938964844,162.88999938964844,146.88999938964844,124.98999786376953,129.00692306442983,20,129.63007818357565,50,129.81946921703712,14,1.1815980757720925,1.5700044758616818,124.98999786376953,42.94217837058314,12,26,9,127.20113163251145,129.93261835854958,-2.4356409576589124,10,642063097.0,129.00692306442983,129.63007818357565,130.0659782144959,42.94217837058314,41.09185933077683,-0.2958457683792153,124.98999786376953,125.79000091552734,110273.82,3
CANFINHOME,583,NSE_EQ,2026-09-28,943.9000244140625,971.5,943.9000244140625,753.25,824.5878922307741,20,833.2437144964969,50,836.5087640677824,14,6.745367166070244,12.742183272989589,753.25,34.61372524558131,12,26,9,809.3170056898465,830.5369726365948,-10.870401758124533,10,10284971.0,824.5878922307741,833.2437144964969,838.8764687236103,34.61372524558131,38.1439446522163,-10.349565188623753,753.25,743.4000244140625,9835.86,3
CANTABIL,20160,NSE_EQ,2026-09-28,278.0,321.5,278.0,236.75,241.20088044851676,20,246.2256796272055,50,246.612442060969,14,3.6775128564527857,4.118153949696082,236.75,47.17380755103759,12,26,9,240.4939769699686,242.282868852508,-2.6617054824030424,10,9168857.0,241.20088044851676,246.2256796272055,246.77499051722026,47.17380755103759,49.86007539393046,0.8728135998636537,236.75,239.1999969482422,1943.46,3
CAPACITE,21749,NSE_EQ,2026-09-28,287.0,314.25,287.0,191.13999938964844,217.71466833740482,20,240.61402887139266,50,242.63337701350468,14,3.396875764891554,5.864934709796019,191.13999938964844,36.67615283399697,12,26,9,210.35068801815848,222.4448747717992,-9.542649025719093,10,17529530.0,217.71466833740482,240.61402887139266,244.5486166175715,36.67615283399697,38.016013199576946,-2.5515377279216196,191.13999938964844,193.39999389648438,1565.4,3
CAPITALSFB,22675,NSE_EQ,2026-09-28,323.70001220703125,323.70001220703125,323.70001220703125,282.75,281.0971135939713,20,279.12705749342905,50,278.97918228907923,14,3.5248725395996243,3.292245082266038,282.75,51.706200994592216,12,26,9,282.4453501519931,279.8866273622911,4.271094835465224,10,1059440.0,281.0971135939713,279.12705749342905,278.9824144683688,51.706200994592216,49.67615240274863,-1.7123720457632068,282.75,278.1000061035156,1266.72,3
CAPLIPOINT,3906,NSE_EQ,2026-09-28,2990.0,2990.0,2877.300048828125,2835.10009765625,2475.524870202,20,2218.1905795638836,50,2193.010599233583,14,56.30816362702397,21.743819536202313,2835.10009765625,72.14187435733628,12,26,9,2610.1783924570955,2396.997353950629,192.08816443008814,10,9234677.0,2475.524870202,2218.1905795638836,2170.3334768489844,72.14187435733628,69.7470608234419,21.09287407637825,2835.10009765625,2867.0,21448.91,3
CAPTRUST,19451,NSE_EQ,2026-09-28,21.899999618530273,42.189998626708984,21.899999618530273,18.719999313354492,17.222371737449343,20,24.23422852362958,50,24.459299103640806,14,0.6265604141113484,0.5397335403734568,18.719999313354492,53.7223408988794,12,26,9,17.985900421022613,17.47588137802988,-0.3134605733818484,10,2454212.0,17.222371737449343,24.23422852362958,24.666209296048656,53.7223408988794,56.02108323423485,0.8234796163745829,18.719999313354492,18.799999237060547,61.55,3
CARBORUNIV,595,NSE_EQ,2026-09-28,1368.9000244140625,1368.9000244140625,1306.9000244140625,1278.5,1093.714893177746,20,1027.5352876303893,50,1017.2918299826501,14,31.630192076796867,15.402370579953915,1278.5,67.25168753324746,12,26,9,1129.62595901692,1070.855543538788,55.21545833227265,10,17467328.0,1093.714893177746,1027.5352876303893,1012.9200669446333,67.25168753324746,57.245828306633754,3.554957145859362,1278.5,1292.0,23895.8,3
CARERATING,29113,NSE_EQ,2026-09-28,1838.0,1838.0,1838.0,1627.5999755859375,1666.919744627763,20,1621.4647562742775,50,1621.214339159516,14,19.323834779213808,21.68939709835993,1627.5999755859375,47.11609862128468,12,26,9,1673.5354386187855,1659.6456108015936,21.83236193955034,10,2526884.0,1666.919744627763,1621.4647562742775,1619.280231550274,47.11609862128468,50.73915469218796,-7.942534122358467,1627.5999755859375,1629.0,4883.63,3
CARRARO,28879,NSE_EQ,2026-09-28,667.5499877929688,667.5499877929688,667.5499877929688,535.0,536.262735930471,20,518.0911935374656,50,517.4010381716479,14,9.523888107310041,9.517147953768475,535.0,50.01769901994815,12,26,9,536.0840841547939,534.524639628833,4.403319301264864,10,6555628.0,536.262735930471,518.0911935374656,517.1051611821615,50.01769901994815,47.99870577075348,-2.8438747753039797,535.0,548.0,2992.57,3
CARTRADE,5407,NSE_EQ,2026-09-28,3254.0,3290.5,3254.0,3002.60009765625,2696.0614117448936,20,2413.9044303881583,50,2389.876035805787,14,67.06350330571458,36.39759979920453,3002.60009765625,64.82001572871883,12,26,9,2851.6491863672964,2615.219630250106,198.53294279635364,10,22618207.0,2696.0614117448936,2413.9044303881583,2365.4260820695436,64.82001572871883,64.48408898704875,37.89661332083662,3002.60009765625,3070.0,14049.02,3
CARYSIL,1879,NSE_EQ,2026-09-28,1280.9000244140625,1280.9000244140625,1280.9000244140625,1064.4000244140625,1102.241378375562,20,1011.3524417598738,50,1009.1872343046009,14,16.40151276127069,17.411348621089868,1064.4000244140625,48.50672818191899,12,26,9,1125.96206354966,1080.989466968452,60.95668704703981,10,4280026.0,1102.241378375562,1011.3524417598738,1004.2030377934366,48.50672818191899,56.49014931133259,-15.984090465831926,1064.4000244140625,1040.800048828125,2997.09,3
CASTROLIND,1250,NSE_EQ,2026-09-28,202.10000610351562,207.1999969482422,197.85000610351562,201.6699981689453,188.65786355043406,20,189.7862620659171,50,189.30121161273226,14,2.002357924868888,0.9706305864514552,201.6699981689453,67.3516872750919,12,26,9,190.4251419935455,188.26976839606755,0.3767477540868524,10,134880129.0,188.65786355043406,189.7862620659171,188.98126109122546,67.3516872750919,63.36437321145972,1.7786258433911089,201.6699981689453,194.8000030517578,19990.27,3
CCAVENUE,16249,NSE_EQ,2026-09-28,18.75,20.5,18.75,15.890000343322754,15.77428245411599,20,16.332278240614873,50,16.35033039968802,14,0.3295200223409867,0.32195914027900396,15.890000343322754,50.580285793913646,12,26,9,15.860822549511866,15.783862404158874,0.02136771533599142,10,667095050.0,15.77428245411599,16.332278240614873,16.361364296666874,50.580285793913646,51.65637431088612,0.055592430017000136,15.890000343322754,16.020000457763672,4959.27,3
CCCL,14992,NSE_EQ,2026-09-28,20.549999237060547,27.600000381469727,20.549999237060547,13.319999694824219,15.185485219501077,20,16.03992034243047,50,16.15093751172052,14,0.25794140657587633,0.42576224542196817,13.319999694824219,37.72707748776067,12,26,9,14.73165730589351,15.459988631970353,-0.5402056277145074,10,8808747.0,15.185485219501077,16.03992034243047,16.24852678857108,37.72707748776067,39.544883645705724,-0.18812569836233528,13.319999694824219,13.75,614.14,3
CCHHL,6385,NSE_EQ,2026-09-28,16.350000381469727,18.0,16.350000381469727,13.140000343322754,12.97622345558113,20,13.873101705968821,50,13.903024210566619,14,0.1952712358596407,0.19645637772198848,13.140000343322754,49.84872883334521,12,26,9,12.853193729729831,13.12692213224339,-0.37116114666721156,10,933711.0,12.97622345558113,13.873101705968821,13.939474169002732,49.84872883334521,48.63105159692286,0.09743274415365288,13.140000343322754,13.100000381469727,182.92,3
CCL,11452,NSE_EQ,2026-09-28,1242.199951171875,1242.199951171875,1242.199951171875,1044.4000244140625,1102.3094290826014,20,1041.2367835104162,50,1041.107671636798,14,10.439153408326378,14.140057911265867,1044.4000244140625,42.47147425761893,12,26,9,1101.706529055863,1094.2449658848452,25.672852434136303,10,7293678.0,1102.3094290826014,1041.2367835104162,1040.1079857613229,42.47147425761893,45.2598547614053,-18.211289263118488,1044.4000244140625,1037.0,13820.42,3
CDSL,21174,NSE_EQ,2026-09-28,1453.0999755859375,1673.699951171875,1453.0999755859375,1318.0,1347.2294857177335,20,1361.122216896202,50,1362.8823073817612,14,19.11254046482571,21.350416706160143,1318.0,47.234660541643365,12,26,9,1356.097580859453,1346.772069762736,4.549516107198128,10,54176480.0,1347.2294857177335,1361.122216896202,1361.7754627850984,47.234660541643365,54.11236222322304,4.775994989518908,1318.0,1320.0,27182.03,3
CEATLTD,15254,NSE_EQ,2026-09-28,3986.0,4438.0,3986.0,3352.199951171875,3479.512382017188,20,3494.0757537052555,50,3499.8666027882505,14,59.139702459493186,70.04546016332179,3352.199951171875,45.77902079371514,12,26,9,3456.604872794727,3492.257018510379,-21.777483907868813,10,3039646.0,3479.512382017188,3494.0757537052555,3501.1305497451685,45.77902079371514,48.93667415655185,-13.874661807783482,3352.199951171875,3369.199951171875,12291.59,3
CEIGALL,24742,NSE_EQ,2026-09-28,405.70001220703125,405.70001220703125,405.70001220703125,384.1000061035156,347.2815320422887,20,323.6319047366379,50,321.1638189665613,14,7.747264380796431,4.338620415841614,384.1000061035156,64.10175598357105,12,26,9,356.02306236387875,340.81828486578297,14.21291664598132,10,22255287.0,347.2815320422887,323.6319047366379,319.0174442305026,64.10175598357105,61.762810591496944,0.9918608521144598,384.1000061035156,382.0,6298.75,3
CELEBRITY,13162,NSE_EQ,2026-09-28,9.029999732971191,11.970000267028809,9.029999732971191,6.630000114440918,7.188075796908911,20,8.31992405215924,50,8.38890053941305,14,0.07907305858441172,0.13932841498418866,6.630000114440918,36.205368623382796,12,26,9,6.96343007005027,7.379080294018361,-0.4276577451636184,10,868720.0,7.188075796908911,8.31992405215924,8.45252913597252,36.205368623382796,38.739318112625654,0.012007521195527782,6.630000114440918,6.429999828338623,43.17,3
CELLO,19795,NSE_EQ,2026-09-28,442.3999938964844,673.7999877929688,442.3999938964844,338.5,367.9555818118419,20,435.17870761312224,50,439.12477731161704,14,4.533687953133404,8.004297119931161,338.5,36.15962155572473,12,26,9,351.7585103567403,381.34162294562447,-31.43415329006403,10,52857643.0,367.9555818118419,435.17870761312224,443.8870126220083,36.15962155572473,29.73483030068833,1.8510407011798833,338.5,338.0,7458.79,3
CEMPRO,5622,NSE_EQ,2026-09-28,1649.199951171875,1649.199951171875,1649.199951171875,1257.199951171875,1202.0253103059079,20,1005.2771952009207,50,994.9946337327185,14,35.219490595982435,26.545653002942412,1257.199951171875,57.021628290354215,12,26,9,1264.1407910988826,1152.2481432867326,139.92497009583548,10,17629355.0,1202.0253103059079,1005.2771952009207,984.0352310279316,57.021628290354215,57.44012087733647,-28.03232228368546,1257.199951171875,1271.0,21349.48,3
CENTENKA,619,NSE_EQ,2026-09-28,671.6500244140625,671.6500244140625,671.6500244140625,570.9500122070312,542.9924013302067,20,510.5077936387564,50,508.04076430943906,14,12.542477295441705,9.404853927544966,570.9500122070312,57.14807494364174,12,26,9,561.2383998201401,531.7488684366692,30.296301769929148,10,19325158.0,542.9924013302067,510.5077936387564,505.8607950074965,57.14807494364174,55.78090110353075,-0.8067703864582718,570.9500122070312,570.5,1217.29,3
CENTEXT,11511,NSE_EQ,2026-09-28,24.0,34.75,24.0,18.559999465942383,20.247311793883192,20,20.909862008483696,50,21.005774765322116,14,0.42424821689170056,0.5669016496874695,18.559999465942383,42.803639610621175,12,26,9,20.0865206801878,20.389523394301452,-0.2471066588444197,10,20620084.0,20.247311793883192,20.909862008483696,21.081112517073546,42.803639610621175,44.73810865243205,-0.055896055269233164,18.559999465942383,19.0,160.43,3
CENTRALBK,14894,NSE_EQ,2026-09-28,37.33000183105469,40.91999816894531,37.33000183105469,31.18000030517578,32.046281964227056,20,34.536046642573105,50,34.67302812573218,14,0.3087663968790743,0.4187027857406817,31.18000030517578,42.44391436172558,12,26,9,31.460697171540602,32.52813358429828,-1.2248910459338835,10,278446443.0,32.046281964227056,34.536046642573105,34.793151741385074,42.44391436172558,44.86686859479996,0.15745463317620412,31.18000030517578,31.18000030517578,27894.48,3
CENTRUM,2454,NSE_EQ,2026-09-28,31.5,35.900001525878906,31.520000457763672,21.239999771118164,23.54843954689363,20,25.770751869565384,50,25.955680526644862,14,0.35998055864251505,0.5788326042036233,21.239999771118164,38.34421724032774,12,26,9,22.98047396982142,24.00658215675292,-0.965521020154037,10,14902602.0,23.54843954689363,25.770751869565384,26.11958583246475,38.34421724032774,40.50126570597034,-0.060587166777461565,21.239999771118164,21.25,1026.43,3
CENTUM,14982,NSE_EQ,2026-09-28,4999.5,4999.5,4450.0,4802.2998046875,3685.897326818162,20,3168.0141019895486,50,3101.3085631039175,14,139.98087587543336,42.27356187837439,4802.2998046875,76.80519475993326,12,26,9,3910.00844194162,3552.3596230912663,279.8533854084889,10,3784979.0,3685.897326818162,3168.0141019895486,3051.0232063045873,76.80519475993326,71.58164656012605,77.79543344186465,4802.2998046875,4874.89990234375,6885.18,3
CENTURYPLY,13305,NSE_EQ,2026-09-28,835.9500122070312,859.0,835.9500122070312,694.4500122070312,751.5414501784088,20,757.3474235608498,50,759.9146648405975,14,6.084370379297582,10.68936428345115,694.4500122070312,36.2732003434501,12,26,9,744.1342144012563,754.0133301268108,-1.3228158156588277,10,3778065.0,751.5414501784088,757.3474235608498,761.4356705722928,36.2732003434501,41.22356302043462,-8.556299909895756,694.4500122070312,700.9000244140625,15241.68,3
CERA,15039,NSE_EQ,2026-09-28,6740.0,6740.0,6740.0,5396.5,5750.8254080862525,20,5762.8467725139635,50,5777.7997020043285,14,67.22115545472228,92.85589008769668,5396.5,41.9930010745415,12,26,9,5751.193189355715,5732.182128504271,103.16166519684049,10,420732.0,5750.8254080862525,5762.8467725139635,5783.220098004505,41.9930010745415,47.230064530980364,-84.15060434539629,5396.5,5490.0,6693.38,3
CESC,628,NSE_EQ,2026-09-28,204.5,204.5,204.5,139.86000061035156,157.5782858418734,20,161.88853686934738,50,162.78766079828597,14,1.3120524256336932,2.828238328955137,139.86000061035156,31.6898619784009,12,26,9,153.109319840813,159.3487948026653,-3.0089195020838613,10,74812536.0,157.5782858418734,161.88853686934738,163.6553204725304,31.6898619784009,32.62996116160511,-3.2305554597684623,139.86000061035156,140.24000549316406,18151.03,3
CEWATER,28764,NSE_EQ,2026-09-28,394.45001220703125,516.5,394.45001220703125,264.45001220703125,291.84728714738395,20,350.69631057599923,50,354.21656765228363,14,7.340642897685188,10.406632279779208,264.45001220703125,41.36208417507598,12,26,9,280.90415355490677,301.8492276725433,-22.54538042178884,10,5973149.0,291.84728714738395,350.69631057599923,357.2764275564585,41.36208417507598,43.9819311992834,1.6003063041523156,264.45001220703125,270.8500061035156,540.0,3
CGCL,20329,NSE_EQ,2026-09-28,287.45001220703125,287.45001220703125,287.45001220703125,253.6999969482422,235.3375939294801,20,213.6090883815738,50,211.97272476660774,14,6.148598932478743,4.115791187918199,253.6999969482422,59.90223345331077,12,26,9,247.40009788213638,228.29284968340684,16.893423961600323,10,249024645.0,235.3375939294801,213.6090883815738,209.57773418987807,59.90223345331077,67.91273397360652,2.213824237129213,253.6999969482422,259.3999938964844,24341.88,3
CGPOWER,760,NSE_EQ,2026-09-28,980.9000244140625,980.9000244140625,980.9000244140625,886.0,870.9936707496113,20,806.6721464805156,50,803.4342749082917,14,12.07228738553052,9.604667699051731,886.0,55.69180421523751,12,26,9,886.7657605450604,856.3480957005536,38.66825557152823,10,123210973.0,870.9936707496113,806.6721464805156,799.8193473535281,55.69180421523751,56.81508570707432,-8.250590727021411,886.0,889.5,137480.6,3
CHALET,8546,NSE_EQ,2026-09-28,939.9500122070312,993.0,939.9500122070312,881.3499755859375,844.5981307101025,20,840.568704440156,50,838.9041627607363,14,13.490931012846753,10.323598431104946,881.3499755859375,56.65000034788894,12,26,9,857.832316178066,840.5253971195234,9.20076572202241,10,7681698.0,844.5981307101025,840.568704440156,837.8124949381515,56.65000034788894,54.507773519123404,8.106153336520165,881.3499755859375,894.0,19131.58,3
CHAMBLFERT,637,NSE_EQ,2026-09-28,497.79998779296875,524.8499755859375,497.79998779296875,417.95001220703125,438.4419317791829,20,456.8819391575996,50,458.4709974004799,14,3.6290613478624576,5.570939656567481,417.95001220703125,39.446314691868075,12,26,9,431.3675300594201,442.53172660772384,-7.675319914586051,10,23118929.0,438.4419317791829,456.8819391575996,460.24940570676546,39.446314691868075,37.97760808987415,-3.4888766337176698,417.95001220703125,418.0,16711.85,3
CHEMBOND,14618,NSE_EQ,2026-09-28,236.8000030517578,236.8000030517578,236.8000030517578,191.99000549316406,178.03851907350827,20,192.89268773204876,50,192.92953190506447,14,5.737566366271944,4.556514680935672,191.99000549316406,55.736557153183895,12,26,9,183.18995880494256,176.6287727371207,3.763724673240326,10,814814.0,178.03851907350827,192.89268773204876,192.93604323700745,55.736557153183895,56.03985919891196,2.7974613945815388,191.99000549316406,196.0,260.49,3
CHEMBONDCH,757991,NSE_EQ,2026-09-28,290.0,290.0,290.0,254.9499969482422,234.08598474878266,20,200.12342838594697,50,197.8856092609553,14,7.620242571710266,5.20054490481015,254.9499969482422,59.43661873863627,12,26,9,249.98131996709546,224.63084900534264,24.244853511808405,10,602180.0,234.08598474878266,200.12342838594697,194.83808360658742,59.43661873863627,65.8982733523329,1.1056174499444147,254.9499969482422,257.45001220703125,668.27,3
CHEMCON,270,NSE_EQ,2026-09-28,235.0,288.29998779296875,228.1999969482422,227.83999633789062,194.6559779291867,20,193.46903558174202,50,192.0661392243482,14,5.256772030268634,2.524896796848922,227.83999633789062,67.55327355939176,12,26,9,201.13010281892457,192.52830890861858,3.692299975364469,10,1454015.0,194.6559779291867,193.46903558174202,191.07455304532766,67.55327355939176,63.73144501888785,4.909493934941517,227.83999633789062,226.0,811.4,3
CHEMFAB,2799,NSE_EQ,2026-09-28,518.0,703.0,518.0,352.6499938964844,377.9219767239282,20,440.4274869138514,50,444.0102417308868,14,5.755523316285284,8.547762838114723,352.6499938964844,40.239167797917254,12,26,9,369.76382894097554,387.14085111674547,-20.297941320876063,10,181909.0,377.9219767239282,440.4274869138514,447.0555579690256,40.239167797917254,43.91230529400823,2.92091914510614,352.6499938964844,358.20001220703125,506.54,3
CHEMPLASTS,5449,NSE_EQ,2026-09-28,274.0,421.75,281.95001220703125,197.47000122070312,199.52158425120433,20,250.4815511259016,50,252.64528785672601,14,4.749954683577234,5.795017064476807,197.47000122070312,45.044735984748236,12,26,9,188.07263147424308,209.35473731379767,-23.912190941329825,10,40607366.0,199.52158425120433,250.4815511259016,255.95815692322344,45.044735984748236,33.302773452675936,2.6300851017752365,197.47000122070312,194.00999450683594,3119.47,3
CHENNPETRO,2049,NSE_EQ,2026-09-28,1677.5,1677.5,1677.5,1376.4000244140625,1267.4177985337321,20,1092.2380808115483,50,1080.6396341338948,14,36.787611643610674,24.386700967758372,1376.4000244140625,60.13571722058683,12,26,9,1340.652958658808,1222.1008504409026,105.36377379607084,10,96527690.0,1267.4177985337321,1092.2380808115483,1066.9269671358522,60.13571722058683,63.09740941416598,13.188334421834625,1376.4000244140625,1372.800048828125,21172.01,3
CHEVIOT,9879,NSE_EQ,2026-09-28,1370.5,1370.5,1370.5,1182.800048828125,1144.2306308919997,20,1126.1706304705617,50,1123.8592256396407,14,16.400846584581988,12.721852991281926,1182.800048828125,56.31636772497064,12,26,9,1159.328581392594,1136.0632453481228,19.62744447801806,10,208625.0,1144.2306308919997,1126.1706304705617,1121.7840939852638,56.31636772497064,55.430917229184544,3.6378915664532094,1182.800048828125,1165.199951171875,689.39,3
CHOICEIN,8866,NSE_EQ,2026-09-28,854.2999877929688,860.5,854.2999877929688,751.0499877929688,763.5477585418234,20,738.2220319234142,50,737.6984418879222,14,10.485961806807747,11.011290081412545,751.0499877929688,48.77815016231759,12,26,9,771.2521773840244,758.6212498257797,16.185821739163604,10,19160643.0,763.5477585418234,738.2220319234142,736.6310323492277,48.77815016231759,50.94485058175382,-3.5548941809188968,751.0499877929688,749.5,15391.4,3
CHOLAFIN,685,NSE_EQ,2026-09-28,1952.5,1952.5,1952.5,1662.699951171875,1754.9788720115514,20,1677.448301213297,50,1678.0502746843756,14,22.918215634996404,28.307949207160526,1662.699951171875,44.73927670676548,12,26,9,1783.3782913724117,1735.6892000935075,56.71581364243432,10,63165544.0,1754.9788720115514,1677.448301213297,1673.0727348755747,44.73927670676548,55.33258987413099,-9.026722363530077,1662.699951171875,1678.0999755859375,139626.29,3
CHOLAHLDNG,21740,NSE_EQ,2026-09-28,1809.9000244140625,2064.0,1809.9000244140625,1400.5999755859375,1554.436962647761,20,1622.2585058852915,50,1631.3057928362855,14,21.416787205261933,34.81828795263153,1400.5999755859375,38.0843933170342,12,26,9,1528.419037466053,1571.9898644051573,-34.51717205176798,10,8219237.0,1554.436962647761,1622.2585058852915,1636.3509292307513,38.0843933170342,44.0809988807248,-9.053654887336357,1400.5999755859375,1424.800048828125,26422.79,3
CIEINDIA,14937,NSE_EQ,2026-09-28,504.0,526.0,504.0,390.79998779296875,418.30993231905836,20,431.3031141692845,50,432.9563030009709,14,3.620386012607423,6.161331912747134,390.79998779296875,37.011760513184036,12,26,9,406.30836670175694,423.22687921040125,-10.462070139802908,10,15614714.0,418.30993231905836,431.3031141692845,434.82594827054174,37.011760513184036,35.286952260282646,-6.4564423688414045,390.79998779296875,389.0,14624.44,3
CIFL,756015,NSE_EQ,2026-09-28,31.5,39.689998626708984,31.5,22.040000915527344,22.631492165741275,20,27.029544372911406,50,27.233199207906672,14,0.5149095319065526,0.6418711114191048,22.040000915527344,44.51228803640994,12,26,9,21.445544618932335,23.566687905782924,-2.3531999074942265,10,6511096.0,22.631492165741275,27.029544372911406,27.529248173852398,44.51228803640994,36.42559910446648,0.23205662064363697,22.040000915527344,21.329999923706055,889.14,3
CINELINE,27161,NSE_EQ,2026-09-28,104.4000015258789,104.4000015258789,104.4000015258789,89.19000244140625,87.2554915977486,20,87.2037275644145,50,87.12265512045566,14,1.3896710130113823,1.1962647918724332,89.19000244140625,53.73957893257986,12,26,9,88.77923652814682,86.72792390885924,1.0567572423331821,10,1650973.0,87.2554915977486,87.2037275644145,86.99051856984765,53.73957893257986,55.53431600661419,0.9945553769544038,89.19000244140625,88.5999984741211,304.18,3
CINEVISTA,8024,NSE_EQ,2026-09-28,18.959999084472656,20.899999618530273,18.959999084472656,14.039999961853027,14.856362894793179,20,15.536223630871886,50,15.59729398470939,14,0.12595873486327416,0.20323575960133647,14.039999961853027,38.26271003351033,12,26,9,14.580568609591328,15.019282481160355,-0.337993221032294,10,607785.0,14.856362894793179,15.536223630871886,15.657183530434633,38.26271003351033,39.024794789930475,-0.10072065053673263,14.039999961853027,14.479999542236328,80.87,3
CIPLA,694,NSE_EQ,2026-09-28,1491.199951171875,1673.0,1491.199951171875,1399.699951171875,1403.09912075568,20,1411.1323394064439,50,1411.5989674976506,14,12.208456629789302,12.389100320177434,1399.699951171875,49.632801560830664,12,26,9,1406.6569425617506,1402.0060985747507,8.35914239382839,10,40431844.0,1403.09912075568,1411.1323394064439,1412.296884538371,49.632801560830664,48.8605924025735,-3.708298406828474,1399.699951171875,1402.9000244140625,112098.4,3
CLCIND,13846,NSE_EQ,2026-09-28,62.54999923706055,280.0,62.54999923706055,45.29999923706055,51.40153589356833,20,97.90135165149626,50,100.04834562759567,14,1.1907369165951198,2.3262493605539265,45.29999923706055,33.8567404806697,12,26,9,47.653635078635524,58.61000481368462,-16.27721512111637,10,195269.0,51.40153589356833,97.90135165149626,102.1862373606018,33.8567404806697,35.56879915328588,5.320845386067276,45.29999923706055,45.29999923706055,44.83,3
CLEAN,5049,NSE_EQ,2026-09-28,899.5,1118.0,899.5,807.25,805.1191321560426,20,869.1092931940115,50,871.6341623039712,14,11.139070690531705,11.432697705647584,807.25,49.34957020211677,12,26,9,811.1582230388149,809.6771427932109,-10.675530883167674,10,19671570.0,805.1191321560426,869.1092931940115,872.4396373198857,49.34957020211677,57.46978792933991,12.156611128771623,807.25,816.4000244140625,8394.85,3
CLEDUCATE,20223,NSE_EQ,2026-09-28,66.41000366210938,94.87999725341797,66.41000366210938,54.84000015258789,56.843177158217884,20,62.99126512713851,50,63.32396981997731,14,1.4825992812764874,1.6966416735643517,54.84000015258789,46.633750078584725,12,26,9,57.159167294565506,57.46176324600551,-1.009770717686061,10,875512.0,56.843177158217884,62.99126512713851,63.67147873616858,46.633750078584725,46.59775761313065,0.7071747662460568,54.84000015258789,55.0,278.44,3
CLSEL,3482,NSE_EQ,2026-09-28,324.79998779296875,324.79998779296875,324.79998779296875,294.70001220703125,285.7574102164068,20,281.5740595142277,50,281.03830634309287,14,4.5898191621451465,3.724061212986412,294.70001220703125,55.20670198568399,12,26,9,289.79519235746267,283.70021928831045,5.1056434175224386,10,6991438.0,285.7574102164068,281.5740595142277,280.4725231776483,55.20670198568399,55.30171805267787,0.9893296516297791,294.70001220703125,295.3999938964844,1438.93,3
CMSINFO,7603,NSE_EQ,2026-09-28,322.1000061035156,393.29998779296875,322.1000061035156,233.1699981689453,264.29106390306725,20,307.0516588327031,50,310.06723681897887,14,2.7497753987933544,5.952267024247688,233.1699981689453,31.599195511993486,12,26,9,251.17526500605533,273.3153341630894,-19.821807888407935,10,41984920.0,264.29106390306725,307.0516588327031,313.29732841666043,31.599195511993486,30.31798482289487,-2.3182612686261415,233.1699981689453,232.32000732421875,3737.23,3
CNL,11155,NSE_EQ,2026-09-28,1328.0,1328.0,1328.0,1098.199951171875,984.7703330822795,20,840.3253617372782,50,829.7998682909681,14,25.98688688060833,13.13918527388843,1098.199951171875,66.41833807900305,12,26,9,1070.0065952950658,937.7609346033815,118.11958169393046,10,5143312.0,984.7703330822795,840.3253617372782,817.6651700340306,66.41833807900305,70.11774282733886,14.126078997753837,1098.199951171875,1107.300048828125,1630.34,3
COALINDIA,20374,NSE_EQ,2026-09-28,491.25,491.25,491.25,426.1000061035156,424.96562645704705,20,423.7892433510047,50,423.6949265039634,14,5.188440612226372,5.193970056584421,426.1000061035156,49.97337109591195,12,26,9,420.7784586975786,426.1082851424167,-3.555812072192371,10,394822788.0,424.96562645704705,423.7892433510047,424.25798497773803,49.97337109591195,43.698430728201565,-1.7740143726457194,426.1000061035156,424.0,262573.56,3
COASTCORP,6006,NSE_EQ,2026-09-28,66.69999694824219,66.69999694824219,66.69999694824219,36.130001068115234,44.86421865989087,20,45.91637392447936,50,46.315817714535044,14,0.713892225684619,1.4459244248308483,36.130001068115234,33.05337170700298,12,26,9,42.67104315266073,45.575288277459386,-1.2892968448272035,10,6539333.0,44.86421865989087,45.91637392447936,46.62095312522676,33.05337170700298,36.30738394042451,-1.6149482799714527,36.130001068115234,38.470001220703125,242.25,3
COCHINSHIP,21508,NSE_EQ,2026-09-28,1842.800048828125,1929.9000244140625,1842.800048828125,1377.0,1464.1940181134346,20,1521.0082128727804,50,1526.8860991124857,14,21.927435432218385,29.846553071042315,1377.0,42.35222370561117,12,26,9,1445.6409641912965,1477.7046222145846,-27.88001267220665,10,47599473.0,1464.1940181134346,1521.0082128727804,1532.1467562191178,42.35222370561117,43.61586594784737,-4.183645351081449,1377.0,1370.0,35470.64,3
COFFEEDAY,11165,NSE_EQ,2026-09-28,43.2599983215332,44.79999923706055,43.2599983215332,30.290000915527344,30.781731561072167,20,31.71867648154391,50,31.776989769952745,14,0.7743284677066508,0.8201904847454964,30.290000915527344,48.56188548375935,12,26,9,30.812672841469162,30.863903391052897,-0.0687000879256318,10,25477629.0,30.781731561072167,31.71867648154391,31.828295456164543,48.56188548375935,49.06743371445119,0.017469538341896504,30.290000915527344,30.75,630.0,3
COFORGE,11543,NSE_EQ,2026-09-28,2021.199951171875,2021.199951171875,2021.199951171875,1784.0,1679.1269582287373,20,1589.0962197555627,50,1581.140963419055,14,39.92929679553116,28.674557545791792,1784.0,58.20270184364858,12,26,9,1762.1549581222039,1642.23418422354,91.50980057843171,10,125460438.0,1679.1269582287373,1589.0962197555627,1570.5344721300366,58.20270184364858,61.8747804985799,28.410973320232102,1784.0,1786.9000244140625,74474.15,3
COHANCE,17945,NSE_EQ,2026-09-28,514.9000244140625,917.8499755859375,514.9000244140625,459.25,441.3373248005975,20,514.4116711061469,50,516.6631678859895,14,9.539718512677462,8.771013357594695,459.25,52.0990563362756,12,26,9,443.8241155317246,447.54733119214086,-10.911213942772545,10,54613197.0,441.3373248005975,514.4116711061469,519.8739094323564,52.0990563362756,47.76943495400654,7.187998282356286,459.25,456.29998779296875,17385.54,3
COLPAL,15141,NSE_EQ,2026-09-28,2223.699951171875,2329.89990234375,2223.699951171875,1855.800048828125,1965.4403575302208,20,2083.211767048508,50,2092.493877996279,14,21.87951180309397,32.52343653301285,1855.800048828125,40.21751113178678,12,26,9,1924.0917411692708,1990.216750547903,-51.83935642757839,10,19138620.0,1965.4403575302208,2083.211767048508,2099.6242383704894,40.21751113178678,43.78145993411048,-14.285652951053898,1855.800048828125,1854.800048828125,49946.57,3
COMPUSOFT,31138,NSE_EQ,2026-09-28,15.199999809265137,20.5,15.199999809265137,13.1899995803833,13.5033337575356,20,15.04582930219074,50,15.121577454101246,14,0.17685304150691397,0.22118677167044762,13.1899995803833,44.430992994188365,12,26,9,13.326731000444097,13.723305993392085,-0.5093954049303386,10,1597234.0,13.5033337575356,15.04582930219074,15.182458161842483,44.430992994188365,48.23994459781894,0.1128204119823506,13.1899995803833,13.430000305175781,104.65,3
COMSYN,21578,NSE_EQ,2026-09-28,315.3999938964844,315.3999938964844,314.8500061035156,282.8500061035156,235.54480318690565,20,191.04015121407983,50,187.2928101981845,14,8.468897676412645,3.700189846774012,282.8500061035156,69.59353082370582,12,26,9,260.06797660050404,222.69041533692328,28.603449255742362,10,44216586.0,235.54480318690565,191.04015121407983,182.42517029635655,69.59353082370582,80.8391598090645,8.774112007838397,282.8500061035156,296.8999938964844,1137.05,3
CONCOR,4749,NSE_EQ,2026-09-28,543.7000122070312,557.0,543.7000122070312,461.5,494.94259668796735,20,512.0882548400799,50,514.1530815682464,14,7.0632530706807986,9.714588264260767,461.5,42.09869988441751,12,26,9,495.67068106393424,495.6980872882453,0.2594485150013163,10,80848026.0,494.94259668796735,512.0882548400799,514.5450445794822,42.09869988441751,51.545898026457415,-0.286854739312367,461.5,467.79998779296875,34253.04,3
CONCORDBIO,18060,NSE_EQ,2026-09-28,1615.0,1667.5999755859375,1615.0,1453.5999755859375,1373.2979854330072,20,1368.6018443544947,50,1365.1325328756602,14,38.051081375534146,30.43253555390183,1453.5999755859375,55.56231268383671,12,26,9,1419.8453498484032,1356.154210771077,44.20997559059047,10,8253498.0,1373.2979854330072,1368.6018443544947,1359.8563087312355,55.56231268383671,58.03183087939108,19.481163486735703,1453.5999755859375,1464.800048828125,14856.55,3
CONFIPET,10238,NSE_EQ,2026-09-28,93.19999694824219,93.19999694824219,92.61000061035156,88.27999877929688,75.1160919520262,20,63.51030039086068,50,62.499292293373486,14,2.546236240657326,1.2137448182183148,88.27999877929688,67.71939009231964,12,26,9,80.85800480287274,71.49077196727653,8.762955853059498,10,175006364.0,75.1160919520262,63.51030039086068,61.29722271562374,67.71939009231964,72.79456620344008,0.6042769825367138,88.27999877929688,87.80000305175781,2905.97,3
CONSOFINVT,11732,NSE_EQ,2026-09-28,320.0,320.0,320.0,285.1000061035156,266.3067686091055,20,237.49910525644228,50,235.55621134431684,14,5.909321243231044,3.7560748620135276,285.1000061035156,61.13894535604773,12,26,9,278.85551903983315,258.3125617377146,19.376598279259024,10,458143.0,266.3067686091055,237.49910525644228,232.8360562070632,61.13894535604773,69.9827601736541,1.1663590228595417,285.1000061035156,288.0,898.67,3
CONTROLPR,17477,NSE_EQ,2026-09-28,727.9500122070312,829.7000122070312,727.9500122070312,591.7999877929688,608.9674845702006,20,643.4741086607753,50,645.5832564512981,14,7.799150535729254,9.789666577320308,591.7999877929688,44.34152953891867,12,26,9,599.4078918374992,616.4363140128145,-17.896292118831493,10,1160229.0,608.9674845702006,643.4741086607753,647.407061840573,44.34152953891867,46.04307188671407,0.8678699435161796,591.7999877929688,582.7999877929688,941.23,3
CORALFINAC,4007,NSE_EQ,2026-09-28,37.70000076293945,47.189998626708984,37.70000076293945,31.770000457763672,33.006027064299765,20,35.266721433046655,50,35.409444738160246,14,0.42225446091111696,0.5484967598390234,31.770000457763672,43.49770073787011,12,26,9,32.760743405206895,33.34426789555455,-0.7198652731232511,10,4415519.0,33.006027064299765,35.266721433046655,35.52574854897124,43.49770073787011,46.18221931013152,0.1363407827755947,31.770000457763672,31.979999542236328,126.44,3
CORDSCABLE,15275,NSE_EQ,2026-09-28,406.95001220703125,406.95001220703125,394.8999938964844,348.79998779296875,256.7093174341735,20,218.5473480099095,50,213.23091373304993,14,12.278070235692168,4.084387122905456,348.79998779296875,75.03805795552266,12,26,9,283.86321515973685,244.00674445023154,23.88556177073219,10,10363390.0,256.7093174341735,218.5473480099095,207.07095127739956,75.03805795552266,80.42740359986362,15.970908938773128,348.79998779296875,362.5,429.97,3
COROMANDEL,739,NSE_EQ,2026-09-28,2197.89990234375,2499.0,2197.89990234375,1963.9000244140625,1993.895685600563,20,2039.1313661765587,50,2042.2020331872727,14,25.160232049931256,28.60576532732527,1963.9000244140625,46.79580641532793,12,26,9,1982.1171767857309,2006.5176513990814,-28.32283721124825,10,5583715.0,1993.895685600563,2039.1313661765587,2043.9449733173653,46.79580641532793,49.11887689476216,3.922362597897724,1963.9000244140625,1942.5,56645.87,3
COSMOFIRST,742,NSE_EQ,2026-09-28,996.0,996.0,996.0,849.4000244140625,844.5944410522185,20,806.2799424887417,50,804.519939144851,14,14.376593864409644,12.737350811071332,849.4000244140625,53.0228782144353,12,26,9,870.369755125044,830.0206875198267,41.95291909544816,10,4638723.0,844.5944410522185,806.2799424887417,801.7962631915797,53.0228782144353,56.26135194651134,-1.6038514902308307,849.4000244140625,857.25,2189.45,3
COUNCODOS,16989,NSE_EQ,2026-09-28,7.849999904632568,7.849999904632568,7.849999904632568,6.460000038146973,5.985250620311968,20,5.848029508372293,50,5.823051119401899,14,0.149469908487098,0.10485776306481123,6.460000038146973,58.77060391228039,12,26,9,6.21708563239455,5.890425720775795,0.2432110216363641,10,2984933.0,5.985250620311968,5.848029508372293,5.8027674846157975,58.77060391228039,57.08314236127653,0.08344888998239086,6.460000038146973,6.440000057220459,51.54,3
CPCAP,20086,NSE_EQ,2026-09-28,160.5,160.5,152.0,153.92999267578125,119.37372063751306,20,129.2844831701197,50,128.27854400662332,14,4.2951628832779365,1.4809632952037954,153.92999267578125,74.3606138536075,12,26,9,126.60736617340673,117.41666511832749,3.8416742045465684,10,2064256.0,119.37372063751306,129.2844831701197,127.58828039704034,74.3606138536075,71.25370816550135,5.349026850532677,153.92999267578125,155.3699951171875,278.81,3
CPEDU,758941,NSE_EQ,2026-09-28,225.8800048828125,338.75,225.8800048828125,177.13999938964844,192.26940130077918,20,216.83037889437853,50,218.45039438436748,14,4.233101356717571,5.542528776421117,177.13999938964844,43.30259327598392,12,26,9,188.19732105614077,196.66908384883249,-8.141617131507338,10,692410.0,192.26940130077918,216.83037889437853,220.3602062505821,43.30259327598392,40.937664651278666,-0.3301456611843818,177.13999938964844,179.1699981689453,321.83,3
CPPLUS,758858,NSE_EQ,2026-09-28,4094.0,4094.0,4094.0,3687.5,3305.233963862111,20,2461.8531575541515,50,2411.826755821668,14,107.44499394514388,62.8273162200294,3687.5,63.10185951016725,12,26,9,3515.101501703506,3140.760830904175,428.604257042821,10,11627299.0,3305.233963862111,2461.8531575541515,2373.325803093726,63.10185951016725,57.123082129021185,-54.263586243489726,3687.5,3802.0,43839.31,3
CRAFTSMAN,2854,NSE_EQ,2026-09-28,11999.0,11999.0,11999.0,10735.0,9963.110117193093,20,8644.05296648699,50,8558.708189608908,14,225.20135991861815,135.9778048734959,10735.0,62.35170294173491,12,26,9,10501.450110935084,9626.456747181674,797.9456662924307,10,2786222.0,9963.110117193093,8644.05296648699,8453.43097285825,62.35170294173491,67.75144322955973,77.04769746097975,10735.0,10671.0,25638.24,3
CREATIVEYE,9384,NSE_EQ,2026-09-28,8.399999618530273,8.819999694824219,8.399999618530273,6.190000057220459,6.295473753122057,20,6.614740473661382,50,6.632076817189583,14,0.10520007370697167,0.12098729008477901,6.190000057220459,46.510146253717664,12,26,9,6.160685939961441,6.381876257782633,-0.19772850368146708,10,951294.0,6.295473753122057,6.614740473661382,6.670120776696703,46.510146253717664,36.717940509651676,-0.023461814139724507,6.190000057220459,6.409999847412109,12.68,3
CREDITACC,4421,NSE_EQ,2026-09-28,1634.0,1634.0,1634.0,1298.800048828125,1412.7723798789184,20,1355.6415833449744,50,1357.9616459783151,14,24.15586382506009,31.808726567642065,1298.800048828125,43.162763553809626,12,26,9,1422.1489671438328,1400.385437674504,44.27498794842658,10,14159949.0,1412.7723798789184,1355.6415833449744,1356.7519182392286,43.162763553809626,48.68000308796123,-22.51145847909769,1298.800048828125,1315.0999755859375,20270.81,3
CREST,13900,NSE_EQ,2026-09-28,414.0,418.0,414.0,362.8999938964844,366.7148811815289,20,369.4108722314402,50,369.67662236756087,14,4.714964967475344,5.019810586868765,362.8999938964844,48.43424423248575,12,26,9,366.1592997967405,366.82464053058084,0.9398709322486799,10,205555.0,366.7148811815289,369.4108722314402,369.8368926682776,48.43424423248575,49.468725262031214,-1.60521166608899,362.8999938964844,361.0,1009.69,3
CRESTO,19097,NSE_EQ,2026-09-28,24.420000076293945,28.450000762939453,22.049999237060547,22.030000686645508,16.99031392151877,20,17.44873060666259,50,17.26173999115308,14,0.6496687067933525,0.2672089231933538,22.030000686645508,70.85664275643545,12,26,9,17.15638399405266,17.043805712065854,-0.38733247211787586,10,2024331.0,16.99031392151877,17.44873060666259,17.297321240194087,70.85664275643545,48.01589079746997,0.4999107541046823,22.030000686645508,24.15999984741211,24.22,3
CRISIL,757,NSE_EQ,2026-09-28,4872.0,5064.89990234375,4872.0,4520.0,4426.906172736599,20,4451.439461997684,50,4448.641072691467,14,61.04986986845875,52.38464656024454,4520.0,53.819482632369905,12,26,9,4500.998077811108,4408.307318684863,41.70981811086706,10,2232087.0,4426.906172736599,4451.439461997684,4443.381524638058,53.819482632369905,55.84133952371813,50.98094101537724,4520.0,4488.7998046875,33561.54,3
CRIZAC,757850,NSE_EQ,2026-09-28,246.3800048828125,333.0,246.3800048828125,182.7899932861328,191.55940568665355,20,231.5178206101386,50,233.50671152132253,14,4.340875829838991,5.6270314457404575,182.7899932861328,43.548517355029766,12,26,9,183.30530147498547,198.57451288173885,-16.6467675363557,10,15593853.0,191.55940568665355,231.5178206101386,235.9465774720892,43.548517355029766,39.629078819634294,1.3775561296023149,182.7899932861328,186.02000427246094,3109.42,3
CROMPTON,17094,NSE_EQ,2026-09-28,310.5,310.5,310.5,218.60000610351562,247.79891821570175,20,265.46068327738374,50,267.373363978358,14,2.646863137992479,5.219041729549986,218.60000610351562,33.64982392444615,12,26,9,240.79912936834708,251.46222470426156,-6.582858788407091,10,155441131.0,247.79891821570175,265.46068327738374,269.0163586257527,33.64982392444615,36.47156182149534,-4.080236547507386,218.60000610351562,219.8000030517578,14015.14,3
CROWN,8083,NSE_EQ,2026-09-28,158.60000610351562,163.86000061035156,158.60000610351562,119.36000061035156,114.30251430326885,20,126.19505269045533,50,126.47403440801058,14,2.4378200201333504,2.228435262216634,119.36000061035156,52.24360590288223,12,26,9,112.40798810532223,116.27516888330294,-5.0674193928025755,10,1002590.0,114.30251430326885,126.19505269045533,127.20848465499331,52.24360590288223,42.70067547132949,1.2002386148218687,119.36000061035156,119.5,132.27,3
CSBBANK,14966,NSE_EQ,2026-09-28,417.20001220703125,574.4000244140625,417.20001220703125,333.70001220703125,342.7312751684864,20,361.36703183989033,50,362.4962979473539,14,6.485880635289123,7.706773850921879,333.70001220703125,45.69885528877306,12,26,9,333.8667889939454,348.6909036532755,-15.419504559456488,10,29720529.0,342.7312751684864,361.36703183989033,363.571657296369,45.69885528877306,46.269367221983586,0.595389900126424,333.70001220703125,333.75,5652.95,3
CSLFINANCE,10350,NSE_EQ,2026-09-28,258.0,324.70001220703125,258.0,215.19000244140625,227.83425192359482,20,248.08147704686937,50,249.42398621443928,14,3.3188180763426764,4.62285630751081,215.19000244140625,41.78990368945733,12,26,9,224.37717377472183,231.48771318471415,-8.860033414597604,10,1904669.0,227.83425192359482,248.08147704686937,250.69680175408317,41.78990368945733,42.96862634697366,1.7494940046052765,215.19000244140625,210.10000610351562,484.89,3
CTE,14222,NSE_EQ,2026-09-28,53.9900016784668,59.93000030517578,53.9900016784668,43.47999954223633,37.86047510658812,20,38.92774225475481,50,38.74193583485761,14,1.3922821074705658,0.9100751819033099,43.47999954223633,60.472026383411404,12,26,9,39.77019693019725,37.2564274767993,1.3780912331617987,10,1079324.0,37.86047510658812,38.92774225475481,38.66201481738487,60.472026383411404,56.74107516639593,1.1356782202361497,43.47999954223633,43.790000915527344,81.19,3
CUB,5701,NSE_EQ,2026-09-28,248.85000610351562,248.85000610351562,248.85000610351562,225.57000732421875,215.3802407482105,20,199.6657326211676,50,198.60841528634919,14,4.614416818898556,3.5260331628830537,225.57000732421875,56.68503374169312,12,26,9,221.01891688818313,211.9612015177129,7.53786850951768,10,139147473.0,215.3802407482105,199.6657326211676,197.09079985778658,56.68503374169312,62.269041770183634,1.5198468609525397,225.57000732421875,223.38999938964844,21198.12,3
CUBEXTUB,4064,NSE_EQ,2026-09-28,152.24000549316406,152.24000549316406,110.0,152.24000549316406,89.93913679568684,20,91.2166538638244,50,88.7259048177289,14,6.4822002708071205,1.694584934195088,152.24000549316406,79.27565795468844,12,26,9,91.9975098347133,89.95878808171312,-3.0755324766306695,10,7863396.0,89.93913679568684,91.2166538638244,88.86492135335766,79.27565795468844,50.11209015162584,5.114254229630845,152.24000549316406,147.89999389648438,239.92,3
CUMMINSIND,1901,NSE_EQ,2026-09-28,6100.0,6100.0,6100.0,4945.0,5224.435607531122,20,4883.512983248827,50,4881.003309095718,14,56.264542346907774,73.52459320734043,4945.0,43.350733562279395,12,26,9,5212.064029012263,5179.312955654223,140.7500019483963,10,19177286.0,5224.435607531122,4883.512983248827,4872.08507681391,43.350733562279395,47.37930220947343,-107.99892859035606,4945.0,4972.0,134916.43,3
CUPID,18520,NSE_EQ,2026-09-28,299.0,299.0,299.0,270.0,223.75509000171084,20,156.62392798067066,50,151.9963332043715,14,7.391266866973605,2.2560893737679892,270.0,76.61442868419915,12,26,9,251.51879120585423,205.94431269783362,44.189580407316285,10,1131547153.0,223.75509000171084,156.62392798067066,147.3839386412846,76.61442868419915,75.71541922006907,1.3848981007043193,270.0,267.1000061035156,35145.12,3
CURAA,30191,NSE_EQ,2026-09-28,112.30000305175781,221.5,121.16000366210938,72.0,80.09357615000746,20,95.52725946998792,50,96.48755577488538,14,1.6507129054749654,2.6301549923838836,72.0,38.56023929868516,12,26,9,75.75288870228069,84.06854578385786,-9.929535547089554,10,26849.0,80.09357615000746,95.52725946998792,97.32378254120722,38.56023929868516,41.31788325878357,1.6138784655123821,72.0,72.0,74.41,3
CYBERMEDIA,11845,NSE_EQ,2026-09-28,28.989999771118164,28.989999771118164,28.989999771118164,20.18000030517578,18.403201538689423,20,17.533001166598186,50,17.424960385431756,14,0.7388650908394692,0.5666059276986485,20.18000030517578,56.597586644769734,12,26,9,19.35554157479383,17.99222549801785,0.7981214360549688,10,4048880.0,18.403201538689423,17.533001166598186,17.272509795146842,56.597586644769734,59.80432241618071,0.5651946407210117,20.18000030517578,20.530000686645508,39.95,3
CYBERTECH,6054,NSE_EQ,2026-09-28,159.5,274.79998779296875,159.5,137.8800048828125,138.11204379900434,20,164.15740425064493,50,165.22995116361767,14,4.340263501481578,4.497441238102441,137.8800048828125,49.110754764657024,12,26,9,138.33498046058355,139.4822309922366,-1.9077157221317256,10,563916.0,138.11204379900434,164.15740425064493,166.14464274889923,49.110754764657024,51.15311195877968,0.7604651904786826,137.8800048828125,138.3800048828125,424.31,3
CYIENT,5748,NSE_EQ,2026-09-28,1219.0,1222.0,1219.0,1094.699951171875,966.3093043295689,20,1015.7607691375058,50,1012.5387617075315,14,22.418159831766193,12.445586296282071,1094.699951171875,64.30221167119657,12,26,9,992.7291206601719,964.434771264051,-5.963026077261389,10,45599041.0,966.3093043295689,1015.7607691375058,1010.0587091719971,64.30221167119657,62.66531132888832,34.25737547338227,1094.699951171875,1057.300048828125,11793.58,3
CYIENTDLM,17187,NSE_EQ,2026-09-28,1009.0,1009.0,1009.0,931.4000244140625,680.313954446671,20,553.476044904957,50,538.0505763535649,14,26.1713605190069,2.981733172981237,931.4000244140625,89.77215521452298,12,26,9,768.6712447551902,635.9729020424736,97.82804539508338,10,28934864.0,680.313954446671,553.476044904957,521.615905502403,89.77215521452298,91.86540812268407,34.87029731763319,931.4000244140625,914.0,7271.85,3
DABUR,772,NSE_EQ,2026-09-28,490.5,534.0,490.5,385.6000061035156,414.5734963703666,20,447.90525834624134,50,450.4483298663526,14,3.6678945319491585,6.643591677863864,385.6000061035156,35.57095899966944,12,26,9,401.6057394705345,422.98585340964587,-19.623028483296057,10,93233652.0,414.5734963703666,447.90525834624134,452.7013229221221,35.57095899966944,38.11908063512192,-1.7570854558153108,385.6000061035156,384.79998779296875,68102.03,3
DALBHARAT,8075,NSE_EQ,2026-09-28,2007.5999755859375,2319.89990234375,2007.5999755859375,1700.199951171875,1801.595522224974,20,1882.3947636935466,50,1889.8312866536148,14,15.734437758551133,25.26285215646764,1700.199951171875,38.379214311888084,12,26,9,1779.5704540115285,1820.8514846728165,-43.69019822159994,10,8881378.0,1801.595522224974,1882.3947636935466,1895.073378989923,38.379214311888084,42.95991801647915,2.4091675603119285,1700.199951171875,1746.199951171875,31252.65,3
DALMIASUG,781,NSE_EQ,2026-09-28,520.0,520.0,520.0,428.75,393.8131728833552,20,370.1029717089055,50,367.7092154521261,14,13.048272558862413,9.606586085248537,428.75,57.59591248764762,12,26,9,409.6791255714998,385.190614655272,21.28061081411616,10,33562687.0,393.8131728833552,370.1029717089055,366.77897934813126,57.59591248764762,51.78074019641225,3.2079001021116653,428.75,399.5,3853.19,3
DAMCAPITAL,28662,NSE_EQ,2026-09-28,174.49000549316406,286.0,174.49000549316406,138.17999267578125,149.73710637226327,20,171.48989357592168,50,172.84948136776416,14,1.7098272907557526,2.9634611430102615,138.17999267578125,36.58724076180917,12,26,9,145.78144219362335,153.42827097127537,-7.837991816042494,10,11207512.0,149.73710637226327,171.48989357592168,174.27517455955268,36.58724076180917,36.33424137496486,0.19116303839047522,138.17999267578125,137.1999969482422,1149.38,3
DAMODARIND,17569,NSE_EQ,2026-09-28,33.970001220703125,37.20000076293945,33.970001220703125,28.450000762939453,28.738850562732075,20,29.998993143697795,50,30.062217322504257,14,0.43259279517246607,0.4672340979486986,28.450000762939453,48.0751129444423,12,26,9,28.56339962427657,28.87244211106123,-0.19875778223882845,10,135205.0,28.738850562732075,29.998993143697795,30.141491464678577,48.0751129444423,46.67832453598607,-0.11028470454583017,28.450000762939453,29.469999313354492,66.8,3
DANGEE,1110,NSE_EQ,2026-09-28,4.650000095367432,5.079999923706055,4.650000095367432,3.259999990463257,3.058296201915587,20,3.4863685468262315,50,3.495608079739006,14,0.07084219580586124,0.060962147470291196,3.259999990463257,53.74799801356684,12,26,9,2.9878754216543153,3.1202370781699336,-0.1483276041904576,10,10656761.0,3.058296201915587,3.4863685468262315,3.5268573883375987,53.74799801356684,35.11020459117803,0.01596594767483933,3.259999990463257,3.1600000858306885,45.54,3
DATAMATICS,11423,NSE_EQ,2026-09-28,918.0,1010.0,918.0,807.5999755859375,797.8931344741421,20,783.0081715475349,50,782.0044244439265,14,15.13408300024271,14.160625402210385,807.5999755859375,51.66149050650869,12,26,9,799.6354881342256,795.3669136025163,10.704462325638877,10,5380424.0,797.8931344741421,783.0081715475349,782.6597065760446,51.66149050650869,46.19764102883244,-6.435887793929572,807.5999755859375,777.0499877929688,4745.11,3
DATAPATTNS,7358,NSE_EQ,2026-09-28,5000.0,5000.0,5000.0,4418.7998046875,4333.3706959810925,20,3774.546306681085,50,3748.2502455379654,14,108.22085223436609,90.05475942412605,4418.7998046875,54.58102049422224,12,26,9,4490.4595216624275,4203.806570027342,333.73577209090183,10,34140342.0,4333.3706959810925,3774.546306681085,3717.023732919617,54.58102049422224,56.50463731573084,-47.082820455816204,4418.7998046875,4415.0,24008.45,3
DAVANGERE,21794,NSE_EQ,2026-09-28,4.590000152587891,5.5,4.590000152587891,2.4000000953674316,2.9649603621531404,20,3.5416517176261397,50,3.588249743024454,14,0.0644310967539553,0.12116154262448305,2.4000000953674316,34.716407380022815,12,26,9,2.671042018811695,3.116025084719934,-0.32967684603383035,10,847503809.0,2.9649603621531404,3.5416517176261397,3.650627285891593,34.716407380022815,24.88757023826416,-0.11530621987440864,2.4000000953674316,2.190000057220459,331.12,3
DBCORP,17881,NSE_EQ,2026-09-28,245.0,280.54998779296875,245.0,181.7100067138672,202.48675892498576,20,219.3009475856022,50,220.83527170281585,14,1.6463738096853333,3.56952955599047,181.7100067138672,31.56449984329838,12,26,9,197.38453326528563,206.1120336443579,-7.471615505942141,10,3493727.0,202.48675892498576,219.3009475856022,222.33630330053919,31.56449984329838,32.614075302324125,-1.2558848731301264,181.7100067138672,180.30999755859375,3208.94,3
DBEIL,25892,NSE_EQ,2026-09-28,9.430000305175781,18.559999465942383,9.430000305175781,6.630000114440918,7.451496070648717,20,9.10912837520772,50,9.210317283810447,14,0.1518393075800342,0.2421295211202397,6.630000114440918,38.54094449070017,12,26,9,7.110036420460984,7.754310534785598,-0.6786254422007542,10,11714610.0,7.451496070648717,9.10912837520772,9.295636361290093,38.54094449070017,42.29874254388783,0.03435132787614015,6.630000114440918,6.789999961853027,320.45,3
DBL,18086,NSE_EQ,2026-09-28,497.0,538.2000122070312,497.0,412.45001220703125,424.10935463055705,20,438.76868992434214,50,439.84292166790584,14,6.5934288869100355,7.818671728264154,412.45001220703125,45.74925656547219,12,26,9,418.60901384559736,427.7957007272821,-8.544498055686018,10,21869597.0,424.10935463055705,438.76868992434214,440.42834704210605,45.74925656547219,48.912827315765696,-0.6421888259987316,412.45001220703125,413.8999938964844,5792.41,3
DBOL,10893,NSE_EQ,2026-09-28,139.0,139.0,139.0,122.25,115.16660299721406,20,106.89496032213921,50,106.26822400875713,14,2.9189105282060455,2.183870797959132,122.25,57.2023440087262,12,26,9,117.97393272746606,113.03933263660981,4.934246770852378,10,12791843.0,115.16660299721406,106.89496032213921,105.85998839103021,57.2023440087262,53.292562621692014,0.0003533200038718931,122.25,112.51000213623047,817.36,3
DBREALTY,18124,NSE_EQ,2026-09-28,148.3000030517578,168.9600067138672,148.3000030517578,100.08000183105469,108.53919328068154,20,120.70777368703823,50,121.54972355871102,14,2.14775335647094,2.987093223514081,100.08000183105469,41.82702098330668,12,26,9,105.67761467726368,110.61818676049796,-3.7528898907436,10,44734509.0,108.53919328068154,120.70777368703823,122.60563063028388,41.82702098330668,38.034320605596555,-1.1876821924906866,100.08000183105469,100.98999786376953,6105.7,3
DBSTOCKBRO,31111,NSE_EQ,2026-09-28,48.5,48.5,48.5,31.1299991607666,30.926386415396898,20,30.07059189795144,50,30.027350785183472,14,0.8407750983551019,0.7978253727181898,31.1299991607666,51.31056125013744,12,26,9,31.031068629036277,30.622131906124544,1.0961070528828942,10,871346.0,30.926386415396898,30.07059189795144,30.01418141390648,51.31056125013744,49.596797536701324,-0.6871703299711613,31.1299991607666,30.280000686645508,110.58,3
DCAL,21704,NSE_EQ,2026-09-28,224.39999389648438,306.0,224.39999389648438,168.19000244140625,180.6696997479264,20,195.54391236813447,50,196.66039848759274,14,2.6349012808642134,3.8758506022774566,168.19000244140625,40.46999990410907,12,26,9,176.97112049206783,183.7781801918503,-6.206670027588682,10,13927088.0,180.6696997479264,195.54391236813447,197.7273533535165,40.46999990410907,41.53163711437345,-0.6003896721938027,168.19000244140625,168.0,2585.18,3
DCBBANK,13725,NSE_EQ,2026-09-28,234.8000030517578,234.8000030517578,234.8000030517578,214.08999633789062,198.55351667711466,20,182.0894870673968,50,180.78334383186643,14,3.799359128018705,2.2587722612576155,214.08999633789062,62.71503346302565,12,26,9,205.36280412491354,194.6633677774158,7.942086206651586,10,106699892.0,198.55351667711466,182.0894870673968,179.25001067792158,62.71503346302565,66.03165609972999,2.7573501408461514,214.08999633789062,215.19000244140625,6688.43,3
DCI,11566,NSE_EQ,2026-09-28,475.0,475.0,475.0,302.0,310.3120465252045,20,293.0040932539656,50,292.63691338678046,14,11.149935500491205,11.357202359061684,302.0,49.53955305231645,12,26,9,316.4333447925297,305.44210078744806,14.95524158172035,10,13837813.0,310.3120465252045,293.0040932539656,293.1955624145253,49.53955305231645,45.556971589544034,-3.9639975766387234,302.0,299.04998779296875,498.71,3
DCM,805,NSE_EQ,2026-09-28,104.30000305175781,104.30000305175781,104.30000305175781,75.0,82.64292300206513,20,85.8955728367905,50,86.34029009543502,14,1.0763934326296147,1.727143111108125,75.0,38.39412883823309,12,26,9,81.00174182505825,83.34909479921035,-0.6533721521736058,10,517043.0,82.64292300206513,85.8955728367905,86.71295503465798,38.39412883823309,40.68495244229127,-1.6939808219784962,75.0,75.01000213623047,139.41,3
DCMFINSERV,4775,NSE_EQ,2026-09-28,6.409999847412109,8.550000190734863,6.409999847412109,5.019999980926514,5.242324992175424,20,5.376483545981062,50,5.3910338955751245,14,0.10933416116710994,0.12794493160941292,5.019999980926514,46.07829534736312,12,26,9,5.215877829015974,5.258672594813754,-0.01725490168526256,10,643000.0,5.242324992175424,5.376483545981062,5.3996475309725325,46.07829534736312,48.40996391697473,-0.02553986411251707,5.019999980926514,5.090000152587891,11.48,3
DCMNVL,11039,NSE_EQ,2026-09-28,198.5800018310547,198.5800018310547,198.5800018310547,179.14999389648438,163.13979434283914,20,155.6735159441964,50,154.71529235430708,14,4.626360015075483,3.08629624481275,179.14999389648438,59.984003684127956,12,26,9,170.50241571912144,159.5810324952713,8.347677984886193,10,916021.0,163.13979434283914,155.6735159441964,153.67510033006482,59.984003684127956,60.573034314350245,2.5737052389639494,179.14999389648438,177.97999572753906,326.87,3
DCMSHRIRAM,811,NSE_EQ,2026-09-28,1325.0,1409.0,1325.0,974.2999877929688,1040.9387231677085,20,1088.7832654729016,50,1093.4560523169803,14,10.86390817683554,17.184847462097583,974.2999877929688,38.732228683100196,12,26,9,1020.8366408764632,1054.4038942068278,-31.52185203831169,10,6480161.0,1040.9387231677085,1088.7832654729016,1097.474666697265,38.732228683100196,40.88759207439143,-2.045401292052876,974.2999877929688,975.0,14942.0,3
DCMSRIND,7325,NSE_EQ,2026-09-28,55.75,181.89999389648438,55.75,39.709999084472656,43.67843047042725,20,67.01363827580073,50,68.128072528508,14,1.166060166042794,1.7820965457784639,39.709999084472656,39.552177174545335,12,26,9,41.836636380703204,47.03068371298158,-7.369470367559248,10,13917157.0,43.67843047042725,67.01363827580073,69.34799378769335,39.552177174545335,37.31979590742663,2.1754230352808746,39.709999084472656,37.650001525878906,335.14,3
DCW,817,NSE_EQ,2026-09-28,53.5,72.30000305175781,53.5,48.720001220703125,46.98313378462415,20,51.918434887793914,50,52.048983200736394,14,0.8783841616442707,0.8086417449600598,48.720001220703125,52.067022693936856,12,26,9,46.58200716428167,47.67092283882362,-1.5708858039341953,10,68865127.0,46.98313378462415,51.918434887793914,52.329349849534786,52.067022693936856,43.61599539237919,0.48197012939224404,48.720001220703125,48.36000061035156,1408.13,3
DCXINDIA,11895,NSE_EQ,2026-09-28,225.9600067138672,259.79998779296875,225.9600067138672,161.99000549316406,179.40831366745454,20,196.71145322485376,50,198.128655173086,14,2.5916083286479425,4.202290876469877,161.99000549316406,38.14611095047883,12,26,9,174.51829545942482,182.41421957330314,-5.547744401128026,10,19025804.0,179.40831366745454,196.71145322485376,199.5583959514358,38.14611095047883,38.596537969209805,-2.348179712750297,161.99000549316406,161.5,1775.0,3
DDEVPLSTIK,29098,NSE_EQ,2026-09-28,315.0,360.0,315.0,256.1499938964844,266.9832994020649,20,269.05992606574983,50,269.5868620726587,14,3.562438768545121,4.434840838409717,256.1499938964844,44.54563231035519,12,26,9,266.83235194889795,267.2986450823635,1.1455351953191402,10,6544682.0,266.9832994020649,269.05992606574983,270.1842851389614,44.54563231035519,43.944838522501534,-1.6118283287847097,256.1499938964844,259.25,2609.68,3
DECCANCE,14838,NSE_EQ,2026-09-28,695.0,1128.300048828125,695.0,553.5499877929688,585.5364796324717,20,655.2257916121257,50,659.3758244210709,14,6.63302168349898,10.492473201845614,553.5499877929688,38.73185404513647,12,26,9,569.5693982774694,601.0467541889628,-38.19021658715599,10,1368921.0,585.5364796324717,655.2257916121257,663.1278983889908,38.73185404513647,41.11554791209553,6.712860675662569,553.5499877929688,561.4500122070312,770.15,3
DEEDEV,24154,NSE_EQ,2026-09-28,760.0,760.0,760.0,666.2000122070312,605.8582422879834,20,485.0134850556183,50,477.6181166004585,14,17.19993181504903,9.857355105012646,666.2000122070312,63.56857531896928,12,26,9,641.9314010275084,575.6211748560548,79.66508491240917,10,9566311.0,605.8582422879834,485.0134850556183,469.81681523721187,63.56857531896928,63.99940114460733,-13.354858740955606,666.2000122070312,675.0,4576.04,3
DEEPAKFERT,827,NSE_EQ,2026-09-28,1681.0,1681.0,1681.0,1363.800048828125,1409.9503580305484,20,1351.11806734168,50,1350.6004354442741,14,21.484573510524687,23.793277304321172,1363.800048828125,47.45051526049962,12,26,9,1417.8195951566174,1396.0701093213218,53.33956162400538,10,15921851.0,1409.9503580305484,1351.11806734168,1350.902496026821,47.45051526049962,45.68540438934827,-31.590075788709704,1363.800048828125,1361.0,17026.43,3
DEEPAKNTR,19943,NSE_EQ,2026-09-28,1897.9000244140625,1897.9000244140625,1897.9000244140625,1587.0999755859375,1660.4521144492664,20,1702.0402902203625,50,1706.7317316340125,14,22.765921632978742,28.53092358303873,1587.0999755859375,44.38074415124084,12,26,9,1658.3316439465455,1661.5314734778112,8.719703834494412,10,17839900.0,1660.4521144492664,1702.0402902203625,1711.6473105240486,44.38074415124084,44.31872287196457,-11.91953336576019,1587.0999755859375,1601.0999755859375,21327.15,3
DEEPINDS,3292,NSE_EQ,2026-09-28,825.0,825.0,825.0,781.0999755859375,616.1525895399875,20,531.9610003138338,50,521.7920625476254,14,22.81669103345189,7.7120003182111345,781.0999755859375,74.7385165339194,12,26,9,672.0093004192235,588.5154838679728,59.602289067403134,10,33020765.0,616.1525895399875,531.9610003138338,512.7488824236126,74.7385165339194,72.29114866043899,23.891527483847554,781.0999755859375,768.9000244140625,4930.9,3
DELHIVERY,9599,NSE_EQ,2026-09-28,524.0,524.0,524.0,422.70001220703125,454.58453418042023,20,442.71973517210597,50,443.53686672170085,14,6.092105590223643,8.434911441606666,422.70001220703125,41.93638361457939,12,26,9,451.9405019317061,453.4682719558849,5.990738040583987,10,126858746.0,454.58453418042023,442.71973517210597,444.17102454707634,41.93638361457939,43.05847713320744,-7.518508064762822,422.70001220703125,426.29998779296875,30336.67,3
DELPHIFX,24395,NSE_EQ,2026-09-28,14.15999984741211,18.25,14.15999984741211,6.199999809265137,7.636397220032412,20,9.88742667688353,50,10.037933895969996,14,0.21112312076911394,0.37694892314626954,6.199999809265137,35.90089393868416,12,26,9,6.684998889530507,8.261667873914606,-1.546912004035649,10,5488243.0,7.636397220032412,9.88742667688353,10.245196502411751,35.90089393868416,24.534845557871876,-0.029756980348449424,6.199999809265137,6.199999809265137,168.93,3
DELTACORP,15044,NSE_EQ,2026-09-28,86.4000015258789,86.4000015258789,86.4000015258789,76.83999633789062,63.398149067916854,20,68.79376603746422,50,68.46534847418151,14,2.2959680366562845,1.3277241841204037,76.83999633789062,63.35990743066406,12,26,9,62.7780412015923,64.11450461354231,-2.0142688189499256,10,119660607.0,63.398149067916854,68.79376603746422,68.87862799751186,63.35990743066406,42.32962730584519,0.6778054069999189,76.83999633789062,73.44000244140625,2008.48,3
DELTAMAGNT,1214,NSE_EQ,2026-09-28,69.0,86.0,69.0,57.15999984741211,58.55603396102816,20,63.62606770975119,50,63.889988846989525,14,0.8125998880778164,0.9993266620540059,57.15999984741211,44.84728633280955,12,26,9,57.61042426708587,59.42881509140814,-1.9275447348623147,10,527492.0,58.55603396102816,63.62606770975119,64.2548863198079,44.84728633280955,39.58375518283398,0.10915391054004298,57.15999984741211,56.88999938964844,59.63,3
DEN,17722,NSE_EQ,2026-09-28,34.38999938964844,35.95000076293945,34.38999938964844,26.3799991607666,27.80999975312222,20,29.567433824927274,50,29.697533198974646,14,0.3283157911121511,0.4612789789738101,26.3799991607666,41.58028947891944,12,26,9,27.508103753094353,28.061155234346458,-0.46005913140678956,10,12714098.0,27.80999975312222,29.567433824927274,29.82314676467837,41.58028947891944,42.50307838819225,-0.09299234984531524,26.3799991607666,26.520000457763672,1237.52,3
DENORA,4279,NSE_EQ,2026-09-28,960.3499755859375,960.3499755859375,960.3499755859375,766.5,809.6332009048225,20,807.4561508365769,50,809.1278304625596,14,12.972392545232248,15.767123258272083,766.5,45.137825681984765,12,26,9,814.2820723661096,803.6561206293889,23.687411334673243,10,223811.0,809.6332009048225,807.4561508365769,810.2248847671539,45.137825681984765,46.97671557067833,-13.061459597952535,766.5,798.75,398.02,3
DENTA,29256,NSE_EQ,2026-09-28,372.0,479.6000061035156,372.0,276.70001220703125,295.2863251534713,20,300.3747194248681,50,301.34103400518796,14,6.822688070007326,8.363692254173303,276.70001220703125,44.926361149693115,12,26,9,293.29650498004946,296.3526033403165,1.006689338572162,10,8750880.0,295.2863251534713,300.3747194248681,302.2386269807664,44.926361149693115,45.493397548951386,-4.062787698839177,276.70001220703125,278.54998779296875,722.31,3
DEVIT,8146,NSE_EQ,2026-09-28,37.45000076293945,44.439998626708984,37.45000076293945,22.280000686645508,26.155046930626476,20,30.63680643577685,50,30.97790054798629,14,0.33366851615091003,0.7087478611042819,22.280000686645508,32.009139863045846,12,26,9,25.003350484858252,27.009771963787934,-1.825826422089897,10,2461018.0,26.155046930626476,30.63680643577685,31.298223053587094,32.009139863045846,33.98877133717359,-0.18059505683978427,22.280000686645508,22.610000610351562,122.83,3
DEVX,759079,NSE_EQ,2026-09-28,43.599998474121094,54.15999984741211,43.599998474121094,35.970001220703125,35.583109667287644,20,39.32600536842362,50,39.46298512955507,14,0.6890711031297162,0.7602855632288005,35.970001220703125,47.54323895035411,12,26,9,34.71501320424078,36.31901861843221,-1.848327924368696,10,5663412.0,35.583109667287644,39.32600536842362,39.75902537629313,47.54323895035411,35.61185919785386,0.24432251017726925,35.970001220703125,36.130001068115234,333.5,3
DEVYANI,5373,NSE_EQ,2026-09-28,155.9499969482422,172.74000549316406,155.9499969482422,135.02000427246094,128.6504819746396,20,131.6208452596352,50,131.4821040754382,14,2.525021281873054,1.9714638553237922,135.02000427246094,56.155445972344026,12,26,9,132.34478541978024,127.84090002543428,1.7649680521395008,10,229119168.0,128.6504819746396,131.6208452596352,131.109128930877,56.155445972344026,61.63871695420483,2.7389173422064563,135.02000427246094,137.5,16111.7,3
DGCONTENT,10346,NSE_EQ,2026-09-28,35.0,39.56999969482422,35.0,23.899999618530273,25.58383673817367,20,28.654853273837247,50,28.84892893323753,14,0.45263330522896705,0.6354663623400185,23.899999618530273,41.59851516545657,12,26,9,24.8705377243794,26.173411003162105,-1.3456674251698166,10,1278688.0,25.58383673817367,28.654853273837247,29.0268444092424,41.59851516545657,43.27456979424567,0.04279414638711132,23.899999618530273,24.0,136.33,3
DHAMPURSUG,857,NSE_EQ,2026-09-28,199.9199981689453,199.9199981689453,199.9199981689453,174.6699981689453,154.48007829795876,20,146.48158286204,50,145.33103529849282,14,4.626398490794723,2.800439680470216,174.6699981689453,62.29297561234937,12,26,9,160.21343744271857,151.36427422344124,7.178418153573825,10,50088382.0,154.48007829795876,146.48158286204,144.88658770983116,62.29297561234937,54.15864662991295,1.6707450657035041,174.6699981689453,165.5800018310547,1116.32,3
DHANBANK,11359,NSE_EQ,2026-09-28,36.849998474121094,36.849998474121094,36.849998474121094,29.309999465942383,31.212265015501405,20,29.7555058307516,50,29.773689764009116,14,0.47116696583816936,0.5818511393361189,29.309999465942383,44.744431603119025,12,26,9,31.46121246208868,30.815087442344048,1.3464239278464332,10,43589266.0,31.212265015501405,29.7555058307516,29.786085292607265,44.744431603119025,45.235377818507395,-0.7002989081017992,29.309999465942383,29.68000030517578,1123.32,3
DHANUKA,24409,NSE_EQ,2026-09-28,1248.0,1620.4000244140625,1248.0,964.3499755859375,1023.2582511149043,20,1115.1751282983087,50,1121.3312569804461,14,8.67583791426159,14.786785937182952,964.3499755859375,36.97727061215892,12,26,9,1002.035184798214,1040.7043871925514,-37.408041564781556,10,1440009.0,1023.2582511149043,1115.1751282983087,1127.373349600343,36.97727061215892,38.01301191600698,-1.261160829555834,964.3499755859375,965.9000244140625,4341.44,3
DHARMAJ,13001,NSE_EQ,2026-09-28,306.0,325.04998779296875,298.0,295.1499938964844,269.16802744532197,20,266.13749717200005,50,264.95331363222516,14,4.10559367850577,1.9776937642907686,295.1499938964844,67.48972027234001,12,26,9,272.72002675086355,267.66451612652014,2.9427186266677694,10,2909513.0,269.16802744532197,266.13749717200005,264.4963062745003,67.48972027234001,58.15418406169581,2.112791997675643,295.1499938964844,299.8999938964844,979.78,3
DHRUV,6858,NSE_EQ,2026-09-28,38.15999984741211,56.9900016784668,38.15999984741211,21.5,25.786122101762118,20,36.091498160385314,50,36.687069513870426,14,0.31362589766936333,0.8028671048287105,21.5,28.09026988683742,12,26,9,23.74425740287859,27.545720666662895,-4.032670941760806,10,292833.0,25.786122101762118,36.091498160385314,37.311031550414924,28.09026988683742,27.627257461471928,0.23120767797649933,21.5,21.0,41.34,3
DHUNINV,22233,NSE_EQ,2026-09-28,1151.75,1573.0999755859375,1151.75,982.7999877929688,956.0576043099336,20,1040.4202028288619,50,1042.772048340531,14,23.816471972921494,22.37491131066511,982.7999877929688,51.56042161955411,12,26,9,968.5496829152647,962.0918124174322,-14.010923455915268,10,147673.0,956.0576043099336,1040.4202028288619,1044.4382538970003,51.56042161955411,53.133867301576416,20.46879395374784,982.7999877929688,995.0,596.28,3
DIACABS,18545,NSE_EQ,2026-09-28,404.0,404.0,404.0,354.5,289.7780976258811,20,222.1177274617413,50,216.71436939895523,14,10.767190733689022,4.051430013181217,354.5,72.65987110145255,12,26,9,323.82278279172596,270.0584872845689,47.65642310641476,10,92602768.0,289.7780976258811,222.1177274617413,210.58842579103631,72.65987110145255,77.23925370968603,6.107872400742281,354.5,360.6000061035156,18139.51,3
DIAMINESQ,18644,NSE_EQ,2026-09-28,306.70001220703125,353.95001220703125,306.70001220703125,248.25,251.88857555921132,20,273.1514119904476,50,274.167796153323,14,4.17957521226846,4.667459198587372,248.25,47.24266933041286,12,26,9,250.5452221705936,254.1013635455806,-4.691202868090563,10,507381.0,251.88857555921132,273.1514119904476,274.8779107304516,47.24266933041286,50.73245850760363,1.1350614931035699,248.25,244.6999969482422,249.99,3
DIAMONDYD,21840,NSE_EQ,2026-09-28,1245.0,1245.0,1245.0,1071.0,1121.221030946559,20,1092.161872814607,50,1093.0256227254072,14,13.94473333977737,17.145752292812322,1071.0,44.85209238790472,12,26,9,1128.4389270135496,1113.7839356792838,26.67248118884703,10,1831457.0,1121.221030946559,1092.161872814607,1093.2266695474264,44.85209238790472,46.686216096747074,-12.017489854581243,1071.0,1065.300048828125,2536.94,3
DICIND,703,NSE_EQ,2026-09-28,675.0,675.0,642.0,656.5,566.7964465381772,20,552.6039324705855,50,548.3632766530584,14,11.976952755065819,4.399582433637252,656.5,73.13483967797907,12,26,9,587.0417285492854,558.9090635009738,14.056381497515556,10,586962.0,566.7964465381772,552.6039324705855,544.9291246797138,73.13483967797907,69.99381001316593,14.076283550795981,656.5,648.0499877929688,593.3,3
DIFFNKG,25672,NSE_EQ,2026-09-28,519.9000244140625,519.9000244140625,519.9000244140625,430.45001220703125,395.6345721978657,20,355.1172480529684,50,352.04244135280254,14,12.246165998268648,8.477998809502548,430.45001220703125,59.091240162674985,12,26,9,417.00073658085256,383.38220131876164,30.20711934243446,10,19807740.0,395.6345721978657,355.1172480529684,348.21560272259165,59.091240162674985,62.39214121678031,3.4114159196564557,430.45001220703125,430.3999938964844,1618.72,3
DIGIDRIVE,21247,NSE_EQ,2026-09-28,25.299999237060547,33.38999938964844,25.299999237060547,18.389999389648438,18.685847918225292,20,22.035712122380197,50,22.184516723716186,14,0.29461503403728306,0.3723875193508256,18.389999389648438,44.17000093039456,12,26,9,18.035906495479804,19.291601185001927,-1.4888820179758835,10,804910.0,18.685847918225292,22.035712122380197,22.37857861835049,44.17000093039456,37.772708802290055,0.23318732845376045,18.389999389648438,18.0,70.59,3
DIGISPICE,16683,NSE_EQ,2026-09-28,21.950000762939453,28.979999542236328,21.950000762939453,16.079999923706055,18.11805773472474,20,19.97502928848417,50,20.134010078883275,14,0.15605443867903407,0.34898124959480675,16.079999923706055,30.899685369248218,12,26,9,17.498689578235904,18.522916113192274,-0.8690269338970575,10,4014639.0,18.11805773472474,19.97502928848417,20.26233703022063,30.899685369248218,35.46404052496882,-0.15519960105931196,16.079999923706055,16.489999771118164,363.82,3
DIGITIDE,757515,NSE_EQ,2026-09-28,122.66000366210938,185.9199981689453,122.66000366210938,78.56999969482422,94.91468994284898,20,120.33517078539528,50,122.0398716462349,14,1.7225246547358137,3.2622530321654537,78.56999969482422,34.55569662137937,12,26,9,92.19669027301926,98.12121336669428,-5.8227530701733,10,13283483.0,94.91468994284898,120.33517078539528,123.61496857268358,34.55569662137937,37.15375213842328,-0.10177002350172071,78.56999969482422,81.5,1121.51,3
DIGJAMLMTD,6136,NSE_EQ,2026-09-28,73.19000244140625,73.19000244140625,73.19000244140625,54.400001525878906,50.948251137071644,20,49.612977307728855,50,49.41758856413089,14,2.0875083720417007,1.7488072471017622,54.400001525878906,54.41440640662877,12,26,9,53.11250879950067,50.097996609985614,1.5176402403227973,10,2785302.0,50.948251137071644,49.612977307728855,48.92034734331496,54.41440640662877,62.83833363488016,1.496871949192255,54.400001525878906,52.0,103.9,3
DISHTV,14537,NSE_EQ,2026-09-28,4.139999866485596,5.119999885559082,4.139999866485596,2.369999885559082,2.870495413051848,20,3.6667850833285187,50,3.7197150914007406,14,0.046413368753641784,0.09523731270954704,2.369999885559082,32.76607516053734,12,26,9,2.7212875565528574,2.984200375593333,-0.23891794415382855,10,53353614.0,2.870495413051848,3.6667850833285187,3.767050403589361,32.76607516053734,36.23800825413681,-0.023994874886646922,2.369999885559082,2.430000066757202,445.78,3
DIVGIITTS,14479,NSE_EQ,2026-09-28,1329.800048828125,1329.800048828125,1329.800048828125,1154.5999755859375,1021.9833106653755,20,859.1581995158565,50,847.099351512996,14,36.17017801296765,21.86031716038167,1154.5999755859375,62.3296042967059,12,26,9,1099.1378112545208,975.4460426850122,113.99132730851107,10,8827056.0,1021.9833106653755,859.1581995158565,835.544224996307,62.3296042967059,61.163199234262514,9.70044126099748,1154.5999755859375,1161.9000244140625,3693.61,3
DIVISLAB,10940,NSE_EQ,2026-09-28,9740.0,9740.0,9615.0,9619.5,8071.18719956979,20,7188.89053153459,50,7089.681981801308,14,169.30145769566144,26.73159810684613,9619.5,86.36372932237677,12,26,9,8593.135182321164,7803.608744996214,583.6090175571059,10,23055579.0,8071.18719956979,7188.89053153459,6996.403695344218,86.36372932237677,85.03008219542566,205.9174197678443,9619.5,9602.0,254725.33,3
DIXON,21690,NSE_EQ,2026-09-28,15000.0,17637.0,15000.0,13390.0,13217.18978079996,20,13034.50697524282,50,13019.997055864975,14,239.56209661996635,214.23860243904392,13390.0,52.79015592455372,12,26,9,13537.211302281745,13075.534163302904,461.966297824809,10,15574813.0,13217.18978079996,13034.50697524282,13020.609180594158,52.79015592455372,49.74472176284465,-0.2891588459680179,13390.0,13280.0,76107.77,3
DJML,12749,NSE_EQ,2026-09-28,124.80000305175781,124.80000305175781,124.80000305175781,71.8499984741211,93.95755509604896,20,95.86278565483462,50,96.84289941731272,14,2.1685234040652164,3.927523301247134,71.8499984741211,35.57261794230472,12,26,9,90.39999031791842,94.6534321097865,0.8726255734590119,10,14792412.0,93.95755509604896,95.86278565483462,97.62628300471819,35.57261794230472,38.16639754270147,-5.126067365327082,71.8499984741211,74.05000305175781,243.09,3
DLF,14732,NSE_EQ,2026-09-28,692.0,786.5,692.0,683.0,648.4948705799845,20,656.2916364010238,50,655.2014991112696,14,10.969793947947352,8.132184048304733,683.0,57.427528971605376,12,26,9,657.4418141298934,646.1796675126882,7.287062522094656,10,153001597.0,648.4948705799845,656.2916364010238,655.6444184388341,57.427528971605376,50.2352751893444,3.9750840951105335,683.0,671.2000122070312,164938.29,3
DLINKINDIA,17851,NSE_EQ,2026-09-28,549.2000122070312,549.2000122070312,549.2000122070312,420.8999938964844,448.4013364123378,20,451.4652171370485,50,452.7127772693164,14,5.6559990862429075,7.843940784919702,420.8999938964844,41.896476134125294,12,26,9,443.9269449873918,449.2540854599316,1.0283520573792988,10,6065879.0,448.4013364123378,451.4652171370485,453.63778908467754,41.896476134125294,44.0279984150542,-6.355492529919137,420.8999938964844,420.20001220703125,1485.36,3
DMART,19913,NSE_EQ,2026-09-28,4644.0,4644.0,4644.0,3834.199951171875,3948.917425910615,20,4032.417442888893,50,4040.507952754894,14,48.28554752207436,59.5238569235587,3834.199951171875,44.787880770108664,12,26,9,3886.388971995611,3976.621024834976,-57.632466394003025,10,22197498.0,3948.917425910615,4032.417442888893,4052.3695058329,44.787880770108664,41.52171859996278,-32.5995864453622,3834.199951171875,3789.800048828125,248351.18,3
DMCC,6973,NSE_EQ,2026-09-28,332.8999938964844,332.8999938964844,332.8999938964844,305.3500061035156,278.5427527100807,20,273.24360393936996,50,271.93313854491504,14,7.182584837409087,4.865642617914029,305.3500061035156,59.615282530507805,12,26,9,284.9410872448356,275.58803308774026,6.955823315000815,10,5097371.0,278.5427527100807,273.24360393936996,271.57734853056525,59.615282530507805,52.68698371719902,2.397230842094542,305.3500061035156,296.54998779296875,762.8,3
DNAMEDIA,641,NSE_EQ,2026-09-28,3.5999999046325684,5.090000152587891,3.5999999046325684,2.5299999713897705,2.76777463490052,20,3.2684358019311066,50,3.2985760399123856,14,0.032374094454468434,0.05961699327984686,2.5299999713897705,35.19264230027359,12,26,9,2.6474745776277335,2.867079107611381,-0.22924488865883766,10,2532440.0,2.76777463490052,3.2684358019311066,3.3323954689451263,35.19264230027359,32.0258404274835,0.009640358675190114,2.5299999713897705,2.4700000286102295,33.59,3
DODLA,4822,NSE_EQ,2026-09-28,1179.5999755859375,1400.0,1179.5999755859375,1039.4000244140625,1087.0961853333142,20,1122.708798219521,50,1126.1091563340296,14,11.506753661394914,15.859902953762003,1039.4000244140625,42.04661834731373,12,26,9,1079.9098926515646,1094.6308158272136,-16.120185529818933,10,1360961.0,1087.0961853333142,1122.708798219521,1127.8442249359925,42.04661834731373,47.52987655472966,1.3992623541699558,1039.4000244140625,1060.0,6211.77,3
DOLATALGO,12124,NSE_EQ,2026-09-28,82.87000274658203,95.76000213623047,82.87000274658203,67.4800033569336,71.80192293448174,20,76.71424332437509,50,77.09115107814821,14,0.9109264857253961,1.3253192061587953,67.4800033569336,40.73463345424614,12,26,9,70.54034179308329,72.7123703709717,-1.9980758556493496,10,6877647.0,71.80192293448174,76.71424332437509,77.48997358359,40.73463345424614,40.43018863008193,-0.17395272223906222,67.4800033569336,66.66999816894531,1163.59,3
DOLLAR,20560,NSE_EQ,2026-09-28,354.3999938964844,396.0,354.3999938964844,270.45001220703125,272.71334744290743,20,298.5822059718711,50,299.73045877859926,14,4.343020338211569,4.868559794664766,270.45001220703125,47.14739790094462,12,26,9,270.26831542156435,276.5309310234317,-9.31277873206113,10,5404212.0,272.71334744290743,298.5822059718711,300.811293830787,47.14739790094462,48.19376684174318,3.050163130193763,270.45001220703125,269.5,1522.05,3
DOLLEX,765977,NSE_EQ,2026-09-28,39.95000076293945,43.45000076293945,39.95000076293945,36.04999923706055,33.56539048403723,20,34.33472479885522,50,34.26471359729582,14,0.6348022605182304,0.43832672439806153,36.04999923706055,59.154329949232284,12,26,9,34.34355442248425,33.485780676526474,-0.10761151926131421,10,4462559.0,33.56539048403723,34.33472479885522,34.14490595788179,59.154329949232284,64.05764041942776,0.9653852652190932,36.04999923706055,37.849998474121094,144.66,3
DOLPHIN,18139,NSE_EQ,2026-09-28,749.5,749.5,741.4000244140625,687.4500122070312,520.386434714145,20,459.9522740743298,50,450.66665210972974,14,21.37122784490383,6.670946925350418,687.4500122070312,76.2110215059831,12,26,9,568.7559252431383,499.14795941319926,39.53678152219016,10,4551859.0,520.386434714145,459.9522740743298,441.8979440325758,76.2110215059831,74.80219419081692,30.071184307748915,687.4500122070312,685.0499877929688,2666.54,3
DOMS,20551,NSE_EQ,2026-09-28,2435.0,2755.0,2435.0,2083.0,2218.8491535047883,20,2301.807354421452,50,2310.7382668468176,14,18.314173688521443,30.715298283369673,2083.0,37.35339776659448,12,26,9,2184.573450990687,2240.749138114697,-44.682520988159034,10,1861459.0,2218.8491535047883,2301.807354421452,2319.123500235336,37.35339776659448,38.60767700447506,-11.493166135850949,2083.0,2104.300048828125,12545.56,3
DONEAR,13839,NSE_EQ,2026-09-28,99.0,116.51000213623047,99.0,82.63999938964844,87.06123883964938,20,91.31402490093888,50,91.66806675854257,14,1.1016269904336344,1.509843973104384,82.63999938964844,42.18415620218695,12,26,9,86.06819014108169,87.81514070832525,-1.6295924395358683,10,983555.0,87.06123883964938,91.31402490093888,91.98962046642073,42.18415620218695,43.55413736630371,-0.1173581277076905,82.63999938964844,82.22000122070312,429.99,3
DPABHUSHAN,936,NSE_EQ,2026-09-28,1568.300048828125,1670.0,1568.300048828125,1417.699951171875,1293.06663225479,20,1273.5436720307969,50,1267.6597422699365,14,35.49655098086875,24.277976122782672,1417.699951171875,59.3840766306964,12,26,9,1350.7494988250203,1273.6838890115223,46.56033608160818,10,1407741.0,1293.06663225479,1273.5436720307969,1260.2866685328675,59.3840766306964,61.63793546605954,30.505273731889808,1417.699951171875,1407.0,3161.98,3
DPSCLTD,15423,NSE_EQ,2026-09-28,10.539999961853027,13.3100004196167,10.539999961853027,6.96999979019165,7.625322241986089,20,8.976289385249103,50,9.05817875647594,14,0.07333255801052019,0.14690617987497548,6.96999979019165,33.296848099740984,12,26,9,7.310329612549645,7.882455771954428,-0.6197877836311818,10,3735155.0,7.625322241986089,8.976289385249103,9.13565544664181,33.296848099740984,35.4833861747079,0.04766162422639919,6.96999979019165,7.119999885559082,676.78,3
DPWIRES,16902,NSE_EQ,2026-09-28,219.99000549316406,251.89999389648438,219.99000549316406,163.42999267578125,165.74999990537643,20,185.9828664436081,50,186.90339190351938,14,3.692817184253458,4.155585750986036,163.42999267578125,47.05182971267481,12,26,9,161.27721874186884,168.89243242116117,-6.4403620635741,10,294109.0,165.74999990537643,185.9828664436081,188.5549588203403,47.05182971267481,37.367131178577566,-1.1748516157182385,163.42999267578125,168.0,254.2,3
DRCSYSTEMS,2645,NSE_EQ,2026-09-28,17.25,21.5,17.25,12.6899995803833,13.6456831898482,20,15.394260095298279,50,15.504638075498889,14,0.15711494970906023,0.26205922228156336,12.6899995803833,37.482020650970526,12,26,9,13.196611567672921,13.995091446105976,-0.8230382129765879,10,2421773.0,13.6456831898482,15.394260095298279,15.621970237174724,37.482020650970526,36.83622831154125,0.024558334543533178,12.6899995803833,12.550000190734863,178.9,3
DREAMFOLKS,10859,NSE_EQ,2026-09-28,87.95999908447266,160.0,87.95999908447266,63.310001373291016,70.47889491031869,20,99.85597666897971,50,101.34764913002822,14,0.8272747547743621,1.7090484188507258,63.310001373291016,32.617087734603004,12,26,9,67.35584716987704,74.05533460684008,-7.9442623044401115,10,2400493.0,70.47889491031869,99.85597666897971,102.84102247671383,32.617087734603004,34.005721092916616,1.244774867477072,63.310001373291016,64.75,333.7,3
DREDGECORP,11271,NSE_EQ,2026-09-28,1286.0,1286.0,1286.0,984.7999877929688,1044.2841316582033,20,972.3538635594199,50,971.8458584886628,14,23.804873162830713,27.17194064271596,984.7999877929688,46.69745200952626,12,26,9,1052.6086843046492,1031.0246276170442,39.57907557673576,10,6619079.0,1044.2841316582033,972.3538635594199,971.0109960680788,46.69745200952626,47.19340654632465,-17.99501888913079,984.7999877929688,997.5,2654.19,3
DRREDDY,881,NSE_EQ,2026-09-28,1414.9000244140625,1414.9000244140625,1414.9000244140625,1201.0,1214.7980128304362,20,1238.5850897021767,50,1240.119174996143,14,12.463289843547544,14.285960821283277,1201.0,46.593042921886166,12,26,9,1197.1831526831638,1223.5338215520082,-21.94585320664398,10,68049123.0,1214.7980128304362,1238.5850897021767,1242.3689372408835,46.593042921886166,44.209399074399016,-4.404815662200441,1201.0,1204.5,101554.83,3
DSKULKARNI,8772,NSE_EQ,2026-09-28,24.09000015258789,24.09000015258789,22.709999084472656,24.09000015258789,16.65581310030239,20,14.940062194871924,50,14.566595339454944,14,0.7352098558928921,0.11012323742605654,24.09000015258789,86.97279944480933,12,26,9,18.142061149755506,16.043416376873992,0.9469007355296333,10,7372.0,16.65581310030239,14.940062194871924,14.23421151312769,86.97279944480933,85.25322684926734,1.1517440373518804,24.09000015258789,24.09000015258789,24.56,3
DSSL,25690,NSE_EQ,2026-09-28,1924.800048828125,1924.800048828125,1924.800048828125,1021.2000122070312,1150.8437813802655,20,1126.9942414509276,50,1131.312373256801,14,23.110939793244594,33.02680809709607,1021.2000122070312,41.16827030252343,12,26,9,1124.5927143280098,1150.7902285718433,16.309119042410014,10,1286985.0,1150.8437813802655,1126.9942414509276,1136.1251221891578,41.16827030252343,40.57853893591942,-42.506633286243456,1021.2000122070312,1031.0,1305.12,3
DTIL,6239,NSE_EQ,2026-09-28,193.7899932861328,193.7899932861328,193.7899932861328,140.35000610351562,140.94598738802705,20,149.45615988732806,50,149.8278396336061,14,2.992401192771701,3.1055067825904996,140.35000610351562,49.07258694067058,12,26,9,141.49878641807194,141.62968523399883,-1.4549629148021523,10,1104471.0,140.94598738802705,149.45615988732806,150.29346581583715,49.07258694067058,47.89462094914579,1.3240640988752688,140.35000610351562,142.0,146.96,3
DUCON,28952,NSE_EQ,2026-09-28,3.9700000286102295,5.769999980926514,3.9700000286102295,1.559999942779541,2.590506930713525,20,3.4382628929465566,50,3.514926686830924,14,0.06903566548094682,0.1648185894259149,1.559999942779541,29.52080795298849,12,26,9,2.2627583194783436,2.7761065282171598,-0.35905221941305954,10,100627774.0,2.590506930713525,3.4382628929465566,3.6081889998006154,29.52080795298849,21.620520312171635,-0.1542959893257566,1.559999942779541,1.659999966621399,65.27,3
DVL,15214,NSE_EQ,2026-09-28,308.8999938964844,375.8999938964844,308.8999938964844,289.75,264.9082975400304,20,271.9743450246002,50,271.2488080868288,14,4.34035973545785,2.320175212048056,289.75,65.1653323594246,12,26,9,272.1530146205934,263.48877943443154,2.2742592948385294,10,1464027.0,264.9082975400304,271.9743450246002,270.4834533148626,65.1653323594246,65.34051271341693,6.3899758913233455,289.75,294.79998779296875,994.76,3
DWARKESH,11667,NSE_EQ,2026-09-28,59.900001525878906,59.900001525878906,59.900001525878906,45.0099983215332,44.33430153762039,20,43.91216021542679,50,43.8673504968102,14,1.4549000363242253,1.372186525012992,45.0099983215332,51.462875464133454,12,26,9,44.85262872657804,43.98305074806585,0.9778979130096577,10,198712850.0,44.33430153762039,43.91216021542679,43.978262699705354,51.462875464133454,46.217711345943215,-0.10831993449746768,45.0099983215332,40.720001220703125,813.59,3
DYCL,10417,NSE_EQ,2026-09-28,560.0,560.0,560.0,456.95001220703125,411.21117662056236,20,377.3308975790001,50,374.08113779826414,14,11.011183203885578,6.454186132085414,456.95001220703125,63.045807918916296,12,26,9,434.9009072397789,399.29597734830804,28.74797787104408,10,38999979.0,411.21117662056236,377.3308975790001,370.6803681616021,63.045807918916296,63.16204513928715,6.856952020426796,456.95001220703125,474.20001220703125,2141.09,3
DYNAMATECH,4525,NSE_EQ,2026-09-28,13287.0,13287.0,12875.0,13153.0,11236.414364047148,20,10167.376039168827,50,10045.513836685921,14,322.45162044081553,153.25795014594627,13153.0,67.7832947617785,12,26,9,11622.606660434676,10992.446491175018,486.0537928661524,10,884315.0,11236.414364047148,10167.376039168827,9963.249095326162,67.7832947617785,61.46485740339696,144.1063763935054,13153.0,12541.0,8852.38,3
DYNPRO,21314,NSE_EQ,2026-09-28,277.8999938964844,367.0,277.8999938964844,229.22000122070312,236.0763211880845,20,250.83735758192444,50,251.71969865789262,14,4.066765355055358,4.772924384583922,229.22000122070312,46.00574765445681,12,26,9,234.63325553502932,237.99710338836707,-3.353598805145086,10,760735.0,236.0763211880845,250.83735758192444,252.61070679129034,46.00574765445681,46.256172985431334,-0.01024904819265915,229.22000122070312,232.85000610351562,285.82,3
E2E,8940,NSE_EQ,2026-09-28,698.0,698.0,698.0,652.1500244140625,511.065636801844,20,399.8609285343827,50,389.56341441684475,14,21.939842269654605,8.20782652607283,652.1500244140625,72.77458969817243,12,26,9,566.9062589635043,478.3838638741509,78.59286588043938,10,52533865.0,511.065636801844,399.8609285343827,380.661920131244,72.77458969817243,69.5658092878235,9.929529208914062,652.1500244140625,652.0,12857.05,3
EASEMYTRIP,2792,NSE_EQ,2026-09-28,9.140000343322754,10.600000381469727,9.140000343322754,5.920000076293945,6.602876280324254,20,7.636889192359821,50,7.70696629913802,14,0.104794032538569,0.17333429990235166,5.920000076293945,37.67830181803902,12,26,9,6.3127738186520626,6.781482696529328,-0.379849863651802,10,783385124.0,6.602876280324254,7.636889192359821,7.786434302005619,37.67830181803902,35.00770598338568,-0.08885901422546344,5.920000076293945,5.820000171661377,2282.0,3
EASTSILK,9769,NSE_EQ,2026-09-28,75.38999938964844,99.25,69.44999694824219,72.0,60.87334679175017,20,55.6646870877886,50,54.99793962198405,14,2.0670482270037387,1.1598805769190765,72.0,64.0562080108781,12,26,9,62.21352644115949,60.315374285938304,0.19713842493389835,10,69174.0,60.87334679175017,55.6646870877886,54.62765145574568,64.0562080108781,56.40366528609831,1.7010137302872848,72.0,75.38999938964844,37.01,3
EBGNG,757862,NSE_EQ,2026-09-28,730.0,730.0,712.0,669.0,566.1485090652851,20,455.2357829937535,50,446.5107129118659,14,22.338329517412014,12.031841394850774,669.0,64.99336175672613,12,26,9,609.4005016686322,540.3090784458931,60.39658031810106,10,34859225.0,566.1485090652851,455.2357829937535,436.0397221003923,64.99336175672613,69.9427305562116,8.694842904638023,669.0,679.4000244140625,7639.68,3
ECLERX,15179,NSE_EQ,2026-09-28,2062.0,2497.5,2062.0,1898.800048828125,1785.9197807793553,20,1772.0320609297305,50,1766.857857342041,14,46.87819092092117,37.32465650611245,1898.800048828125,55.672928354998554,12,26,9,1831.9215570900892,1775.305270212323,20.271923527068587,10,9903201.0,1785.9197807793553,1772.0320609297305,1760.7867504749431,55.672928354998554,56.477806990232,36.344363350697655,1898.800048828125,1890.0,17152.85,3
ECOSMOBLTY,25060,NSE_EQ,2026-09-28,162.8000030517578,261.25,162.8000030517578,108.41999816894531,125.13394868051977,20,159.10912073169067,50,161.1780645097619,14,2.198464950341814,4.041523786922303,108.41999816894531,35.23187369254319,12,26,9,118.00024062724802,131.33026860487658,-13.815854815866587,10,3159117.0,125.13394868051977,159.10912073169067,163.34369968376922,35.23187369254319,35.00869225931885,0.48582683823802597,108.41999816894531,108.12999725341797,637.52,3
EDELWEISS,15119,NSE_EQ,2026-09-28,146.0,146.0,140.89999389648438,136.8300018310547,124.2984196219451,20,117.09713903669493,50,116.29171606549657,14,2.693613138248861,1.5584207352237753,136.8300018310547,63.348816552324095,12,26,9,127.95397556313583,122.35558539913895,3.9690151451338846,10,315238742.0,124.2984196219451,117.09713903669493,115.47709223143521,63.348816552324095,62.98820070181306,1.6293750188629974,136.8300018310547,138.60000610351562,11759.8,3
EFCIL,758675,NSE_EQ,2026-09-28,217.89999389648438,335.8500061035156,217.89999389648438,179.74000549316406,193.42383481582155,20,231.21167508375308,50,233.31255955683832,14,3.410381412969239,5.034965127369212,179.74000549316406,40.38178180942432,12,26,9,188.15789981275393,199.2217392020868,-13.246506787650874,10,14683171.0,193.42383481582155,231.21167508375308,235.5428681849156,40.38178180942432,39.83731874514684,2.1826673983179905,179.74000549316406,181.10000610351562,2535.47,3
EICHERMOT,910,NSE_EQ,2026-09-28,8165.0,8230.0,8165.0,7360.0,7557.461970165901,20,7196.101090483925,50,7189.411339075105,14,75.91836215760073,85.63146414125859,7360.0,46.99377516949814,12,26,9,7619.421200896917,7497.07636819745,170.17074401588098,10,19273044.0,7557.461970165901,7196.101090483925,7176.081189649599,46.99377516949814,50.475295515634095,-47.825911316414306,7360.0,7340.5,198344.34,3
EIDPARRY,916,NSE_EQ,2026-09-28,913.9000244140625,1118.0,913.9000244140625,704.75,767.9174623843875,20,825.8942380610539,50,830.8389008390561,14,7.845729027427832,13.983095892178573,704.75,35.94205852272371,12,26,9,750.9953715661829,782.1637147819291,-31.991953167526233,10,26105236.0,767.9174623843875,825.8942380610539,836.1506922117918,35.94205852272371,35.08173414089511,0.8236099517800568,704.75,692.0,12471.83,3
EIEL,27213,NSE_EQ,2026-09-28,247.39999389648438,257.6600036621094,247.39999389648438,198.85000610351562,203.3219101081918,20,205.6665982656427,50,205.94482651715808,14,3.9252839772184878,4.225529937651913,198.85000610351562,48.15818417909373,12,26,9,203.9104191693221,202.938656176736,2.6933591861398107,10,52713922.0,203.3219101081918,205.6665982656427,206.18706455839572,48.15818417909373,48.65275912021909,-1.7215961935537174,198.85000610351562,200.60000610351562,3428.42,3
EIFFL,6042,NSE_EQ,2026-09-28,381.9599914550781,381.9599914550781,381.9599914550781,271.70001220703125,277.3442739696144,20,259.93928516218006,50,259.45925548688,14,7.937285026745906,8.059442454170952,271.70001220703125,49.61817994470815,12,26,9,279.86446681341783,273.8900817006774,11.064088121001763,10,330183.0,277.3442739696144,259.93928516218006,259.3514697474255,49.61817994470815,47.361793887157,-5.089703008261328,271.70001220703125,271.70001220703125,656.87,3
EIHAHOTELS,15399,NSE_EQ,2026-09-28,339.0,403.45001220703125,339.0,294.29998779296875,307.36808778559646,20,325.1317812069079,50,326.3902217544156,14,3.543870897924274,4.895201752762172,294.29998779296875,41.99360575046135,12,26,9,302.2216005037251,311.223445894747,-8.636573158841696,10,826447.0,307.36808778559646,325.1317812069079,327.324516519902,41.99360575046135,45.53974899567465,-0.36527223218020666,294.29998779296875,285.6000061035156,1774.98,3
EIHOTEL,919,NSE_EQ,2026-09-28,352.75,413.95001220703125,352.75,294.70001220703125,310.38007877428146,20,326.84699592630466,50,328.1591177107648,14,4.885235288754816,6.406466988862721,294.70001220703125,43.26393991487317,12,26,9,305.69814093719594,313.8852751242035,-7.511641346041579,10,11187064.0,310.38007877428146,326.84699592630466,328.5778574582865,43.26393991487317,50.705324575611066,-0.6754928409659504,294.70001220703125,295.1499938964844,18134.78,3
EIMCOELECO,4040,NSE_EQ,2026-09-28,2348.800048828125,2380.0,2348.800048828125,2301.60009765625,1969.582519861652,20,1859.8902318602245,50,1841.861257746101,14,50.3871374706604,20.555230535143778,2301.60009765625,71.0254519084251,12,26,9,2083.82019614189,1919.908840416992,106.31704747648902,10,1633155.0,1969.582519861652,1859.8902318602245,1825.2678436808908,71.0254519084251,69.38559747498128,57.59430824840891,2301.60009765625,2324.800048828125,1327.42,3
EKC,13091,NSE_EQ,2026-09-28,134.0,154.5500030517578,134.0,110.27999877929688,110.28074920840365,20,116.77449213063859,50,117.03957349191784,14,1.991485297263152,2.100619969831331,110.27999877929688,48.666521686944925,12,26,9,108.5515248110746,111.49177773720348,-2.5379014142998066,10,32677511.0,110.28074920840365,116.77449213063859,117.69139283057471,48.666521686944925,38.833192773515506,-0.40235151182907103,110.27999877929688,111.4000015258789,1202.21,3
ELDEHSG,8953,NSE_EQ,2026-09-28,880.0,1044.0999755859375,880.0,765.5,796.1280501572377,20,814.6724033908448,50,816.6794402639405,14,8.395676545163031,11.258923764399963,765.5,42.71608892030276,12,26,9,787.4075937282851,801.8821775053483,-14.621624639407504,10,212300.0,796.1280501572377,814.6724033908448,818.1071720213653,42.71608892030276,45.38827545630564,0.14704086234427294,765.5,769.9500122070312,705.46,3
ELECON,13643,NSE_EQ,2026-09-28,579.0,626.0,579.0,458.25,455.28484840496924,20,475.8834245557081,50,476.6031561702267,14,10.308707794506512,10.475777144445342,458.25,49.598091195356666,12,26,9,446.99236945304386,459.7175448844259,-8.967417627378618,10,55558826.0,455.28484840496924,475.8834245557081,478.86450898505103,49.598091195356666,42.24421609135556,-3.757757804003395,458.25,456.8500061035156,10870.64,3
ELECTCAST,928,NSE_EQ,2026-09-28,95.9000015258789,99.0,95.9000015258789,72.33999633789062,76.2031961387905,20,81.91267868623906,50,82.30340041474308,14,1.515616360418195,1.8686159300305418,72.33999633789062,44.784643320604616,12,26,9,75.73225702208359,76.79973095338228,-1.213612925827381,10,80740695.0,76.2031961387905,81.91267868623906,82.66762095194002,44.784643320604616,45.78975386724399,0.14613899452868795,72.33999633789062,72.5,4392.79,3
ELECTHERM,4469,NSE_EQ,2026-09-28,1277.0,1277.0,1277.0,873.3499755859375,958.4016585725625,20,920.8817336021364,50,922.8218053578996,14,22.663929208769446,28.161090455717197,873.3499755859375,44.59207169693549,12,26,9,969.491174242158,946.5573815054775,44.99727453879491,10,974689.0,958.4016585725625,920.8817336021364,922.7124912908752,44.59207169693549,48.118727357946376,-22.063481802114396,873.3499755859375,908.0,1049.82,3
ELGIEQUIP,937,NSE_EQ,2026-09-28,653.4000244140625,653.4000244140625,653.4000244140625,603.0,591.291602510503,20,557.4736640051196,50,555.6154462094103,14,8.336304620926658,6.570541737979643,603.0,55.922657416711196,12,26,9,605.1358670601664,581.5326902214455,25.050899750127357,10,25403458.0,591.291602510503,557.4736640051196,553.4140363488568,55.922657416711196,57.734679296347664,-1.4477229114063874,603.0,610.25,18701.55,3
ELGIRUBCO,24924,NSE_EQ,2026-09-28,66.66000366210938,70.0,66.66000366210938,54.959999084472656,55.9433921657252,20,55.23646956711185,50,55.24775407660732,14,1.5900794531998645,1.5925046614340508,54.959999084472656,49.961898756689024,12,26,9,57.64448710737689,55.088584812528204,2.5375683055459053,10,3006211.0,55.9433921657252,55.23646956711185,54.98847879507614,49.961898756689024,58.711382298172886,0.018333989302780296,54.959999084472656,57.150001525878906,264.65,3
ELIN,13423,NSE_EQ,2026-09-28,136.0,222.99000549316406,136.0,88.56999969482422,103.53827564146343,20,124.97472768570498,50,126.46063495063888,14,1.5487548999928653,3.128647454595761,88.56999969482422,33.11143199971893,12,26,9,97.57418694727636,108.31480953146647,-11.166904175946925,10,9465788.0,103.53827564146343,124.97472768570498,128.00882418212223,33.11143199971893,33.07054790031057,0.426281591756819,88.56999969482422,89.5,427.79,3
ELLEN,758563,NSE_EQ,2026-09-28,390.6000061035156,502.0,390.6000061035156,368.5,314.6416327093566,20,345.8152165687078,50,344.88930704089995,14,10.102818063101978,5.767646853524051,368.5,63.6579842882749,12,26,9,329.7006461961541,312.67713960223455,3.5439214572699305,10,40403747.0,314.6416327093566,345.8152165687078,343.7378499363034,63.6579842882749,65.00378061566909,13.479585136649604,368.5,357.70001220703125,5108.26,3
EMAMILTD,13517,NSE_EQ,2026-09-28,477.0,567.5,477.0,389.25,401.1777866694035,20,446.4106510468229,50,448.74373884465246,14,5.381841218990617,7.134527097593671,389.25,42.99842480553751,12,26,9,389.61855280615646,410.45922898794635,-21.40631827933651,10,69978701.0,401.1777866694035,446.4106510468229,452.0210338094533,42.99842480553751,35.32091103872595,0.5656420975466219,389.25,390.0,16656.41,3
EMAMIPAP,10084,NSE_EQ,2026-09-28,133.6999969482422,133.6999969482422,133.6999969482422,111.87000274658203,102.70529060249892,20,95.29331269345296,50,94.6167130994477,14,2.346638819094688,1.3904011188779692,111.87000274658203,62.79405245981232,12,26,9,108.52105334476619,99.81926197743242,7.13175897354355,10,1887750.0,102.70529060249892,95.29331269345296,93.7153545750071,62.79405245981232,69.18074596649082,1.5700323937902185,111.87000274658203,115.54000091552734,730.17,3
EMAMIREAL,19277,NSE_EQ,2026-09-28,115.30000305175781,115.30000305175781,115.30000305175781,68.4000015258789,74.9962522273677,20,81.45480205558756,50,81.98765105680016,14,1.5897451350785106,2.215572558969764,68.4000015258789,41.776935932706984,12,26,9,72.63446412656506,76.32044623817809,-2.4368858733258767,10,592336.0,74.9962522273677,81.45480205558756,82.59204496502973,41.776935932706984,40.412360684737166,-1.2490962382871524,68.4000015258789,68.69000244140625,351.72,3
EMBDL,14450,NSE_EQ,2026-09-28,75.97000122070312,99.20999908447266,75.97000122070312,58.06999969482422,60.100917362254094,20,67.69403745891985,50,68.08685532684213,14,1.4473647280145847,1.6910357879941762,58.06999969482422,46.11791008291257,12,26,9,59.30550394310068,61.039141823944036,-1.5229959189397981,10,123657191.0,60.100917362254094,67.69403745891985,68.66672692923913,46.11791008291257,40.43792351960782,-0.21064196190355555,58.06999969482422,58.79999923706055,7914.7,3
EMCURE,24398,NSE_EQ,2026-09-28,2100.699951171875,2100.699951171875,2100.699951171875,1950.5999755859375,1848.8896136356248,20,1682.2548124253233,50,1671.301948622849,14,29.432857914474464,17.945942468408457,1950.5999755859375,62.122421160135595,12,26,9,1906.7853201845394,1807.7868376979275,99.97563544927004,10,7816617.0,1848.8896136356248,1682.2548124253233,1657.7305975940621,62.122421160135595,67.5394026206751,-0.9771529626581241,1950.5999755859375,1958.699951171875,36546.46,3
EMIL,11530,NSE_EQ,2026-09-28,202.86000061035156,202.86000061035156,202.86000061035156,200.22000122070312,156.40172614132996,20,138.4553479193916,50,135.93434166219524,14,6.091526535060351,2.112327702830125,200.22000122070312,74.25200836609105,12,26,9,170.8466269916676,149.41271579144143,15.520313945967509,10,371708744.0,156.40172614132996,138.4553479193916,133.47125361659926,74.25200836609105,73.33736107782975,5.913597254258654,200.22000122070312,189.9600067138672,7589.37,3
EMKAY,13421,NSE_EQ,2026-09-28,325.9800109863281,370.8999938964844,325.9800109863281,270.3500061035156,251.4838566440176,20,249.50803352708954,50,248.65734076886804,14,7.107061527280375,5.607165746489558,270.3500061035156,55.89849366577383,12,26,9,253.3860948339127,250.9066571557437,1.065678289741578,10,1563037.0,251.4838566440176,249.50803352708954,248.64743655957756,55.89849366577383,49.85580527924897,1.4137593884274282,270.3500061035156,272.79998779296875,760.65,3
EMMBI,18146,NSE_EQ,2026-09-28,112.69999694824219,116.9000015258789,112.69999694824219,87.01000213623047,87.55582451581604,20,91.31631883933379,50,91.49208686803188,14,1.3689235652196197,1.4486204272498138,87.01000213623047,48.585703324540745,12,26,9,87.55778974939989,87.95091006316669,-0.8052089681372274,10,391675.0,87.55582451581604,91.31631883933379,91.59747801929402,48.585703324540745,51.04439023124645,0.41208865437042674,87.01000213623047,90.0,164.42,3
EMSLIMITED,18593,NSE_EQ,2026-09-28,464.70001220703125,576.9000244140625,464.70001220703125,354.8999938964844,376.12042691723553,20,404.8995478307314,50,406.94034595049663,14,8.921505145331281,10.72007889094779,354.8999938964844,45.42151553995227,12,26,9,377.5705602406158,377.7064948618426,1.2219204594577437,10,22382405.0,376.12042691723553,404.8995478307314,408.5848501159665,45.42151553995227,47.44901390536736,-1.3578550806845389,354.8999938964844,359.0,1901.93,3
EMUDHRA,9756,NSE_EQ,2026-09-28,681.5999755859375,690.9000244140625,677.0,653.4500122070312,521.1757865242008,20,542.8048705488058,50,538.2887423178578,14,19.67371109650759,9.292377602042674,653.4500122070312,67.91980547063727,12,26,9,539.7598758291069,518.3493543577536,0.9110358008834454,10,50010907.0,521.1757865242008,542.8048705488058,535.2209353836057,67.91980547063727,64.40921951239619,20.49948567046993,653.4500122070312,660.0,5394.53,3
ENDURANCE,18822,NSE_EQ,2026-09-28,3072.0,3072.0,3072.0,2645.89990234375,2711.2698221805385,20,2619.1295744418044,50,2618.036907996827,14,41.973145087304616,44.90473612057341,2645.89990234375,48.31280931779736,12,26,9,2747.252123668901,2687.5192991813205,72.05381874178937,10,5417811.0,2711.2698221805385,2619.1295744418044,2613.385353221187,48.31280931779736,51.99337339969536,-12.320994254209097,2645.89990234375,2678.39990234375,36991.74,3
ENERGYDEV,15049,NSE_EQ,2026-09-28,18.5,29.690000534057617,18.5,15.25,16.22900090281034,20,17.370979021209763,50,17.457549593504037,14,0.22897077521341141,0.32448768756476654,15.25,41.37090506558596,12,26,9,15.887291297908856,16.454031150026427,-0.4240973843545153,10,1107164.0,16.22900090281034,17.370979021209763,17.57091895221131,41.37090506558596,36.715483415542955,-0.14264246776305595,15.25,15.010000228881836,71.13,3
ENGINERSIN,4907,NSE_EQ,2026-09-28,318.8999938964844,318.8999938964844,289.6499938964844,315.6499938964844,250.6425316691483,20,230.21086485182917,50,226.7235534622514,14,8.848830331400622,3.3355903846476918,315.6499938964844,72.6241364905077,12,26,9,261.42271569153684,244.82690156230166,11.261994213881788,10,231900284.0,250.6425316691483,230.21086485182917,225.1061472319957,72.6241364905077,61.49609750030867,5.333819915353391,315.6499938964844,297.0,17586.52,3
ENIL,13192,NSE_EQ,2026-09-28,125.0199966430664,163.89999389648438,125.0199966430664,99.06999969482422,105.63545180576376,20,116.00401644505246,50,116.69520080220462,14,0.9307716464463349,1.5938940730423015,99.06999969482422,36.86712420030244,12,26,9,103.4732934603194,107.38106748172218,-3.845058893248527,10,1490167.0,105.63545180576376,116.00401644505246,117.2990864869526,36.86712420030244,40.07588962639304,-0.06271512815425995,99.06999969482422,99.0,469.77,3
ENRIN,756871,NSE_EQ,2026-09-28,3968.0,3968.0,3968.0,3313.0,3303.369447444251,20,3201.3085700361935,50,3196.7497361601195,14,76.07594836630854,72.35396586873539,3313.0,51.253784493764265,12,26,9,3315.1003741323098,3279.0825780922187,81.55178006827789,10,25784749.0,3303.369447444251,3201.3085700361935,3195.4742151870632,51.253784493764265,49.17481347778346,-45.53398402818682,3313.0,3224.0,115296.42,3
ENTERO,22717,NSE_EQ,2026-09-28,1920.0,1920.0,1920.0,1821.800048828125,1456.7382168434115,20,1305.200323647026,50,1284.1146205784096,14,51.49719652913205,18.886929544238257,1821.800048828125,73.16592448054266,12,26,9,1567.9574590745183,1404.8363035244063,102.07326051307152,10,14631632.0,1456.7382168434115,1305.200323647026,1265.821337792707,73.16592448054266,70.48514608337085,61.04789503704049,1821.800048828125,1854.0,7686.79,3
EPACK,22463,NSE_EQ,2026-09-28,302.79998779296875,368.29998779296875,302.79998779296875,180.32000732421875,214.26836551429162,20,246.56007182694583,50,249.26374792909795,14,2.545862052049801,5.8242393339545915,180.32000732421875,30.416143540468042,12,26,9,202.76542017932798,221.72176438332738,-15.356866437486383,10,16825313.0,214.26836551429162,246.56007182694583,252.13818676955538,30.416143540468042,29.52605176509944,-3.599477766513024,180.32000732421875,181.4499969482422,1719.65,3
EPIGRAL,5382,NSE_EQ,2026-09-28,1400.0,1771.0,1400.0,1060.5999755859375,1125.1790403132854,20,1222.1206249560285,50,1228.7133045221547,14,22.75865314827858,28.82367578147199,1060.5999755859375,44.12102675564213,12,26,9,1121.4365756205502,1136.799296095245,-21.911660404190513,10,3215383.0,1125.1790403132854,1222.1206249560285,1233.7505802647681,44.12102675564213,47.032246413102534,6.548939929495816,1060.5999755859375,1078.5,4560.53,3
EPL,981,NSE_EQ,2026-09-28,274.0299987792969,274.0299987792969,274.0299987792969,238.10000610351562,235.07618200232048,20,226.64239703765736,50,226.1747395247652,14,3.8875402780954267,3.422554127199219,238.10000610351562,53.180438754384774,12,26,9,239.23604774135592,232.43782661899172,6.957489887541328,10,248462854.0,235.07618200232048,226.64239703765736,225.63697354195904,53.180438754384774,53.83801793469533,-0.1592687651771314,238.10000610351562,238.0,7486.24,3
EQUIPPP,3553,NSE_EQ,2026-09-28,25.889999389648438,25.889999389648438,25.889999389648438,22.860000610351562,21.750990572968394,20,20.563576688679166,50,20.46984510003948,14,0.6982996855431559,0.5715883141570623,22.860000610351562,54.989076651484474,12,26,9,22.617586266244654,21.276706405241107,1.2501277051702537,10,991644.0,21.750990572968394,20.563576688679166,20.304940809066323,54.989076651484474,60.6146671227652,0.0907521558332931,22.860000610351562,22.989999771118164,229.08,3
EQUITASBNK,913,NSE_EQ,2026-09-28,83.9000015258789,83.9000015258789,83.9000015258789,67.02999877929688,72.53484499335242,20,69.32696434873563,50,69.42071804544742,14,1.052863465447379,1.4025831256695613,67.02999877929688,42.878695437983424,12,26,9,73.16282756198967,71.71456078161566,2.6232484665217877,10,104809634.0,72.53484499335242,69.32696434873563,69.23013525800074,42.878695437983424,53.96086933933344,-1.1749816861477749,67.02999877929688,70.55000305175781,7464.02,3
ERIS,21154,NSE_EQ,2026-09-28,1530.0,1740.0,1530.0,1258.9000244140625,1361.6465941119561,20,1404.8928963368733,50,1410.8517890684166,14,12.49013864084644,21.47713108763232,1258.9000244140625,36.77109976953634,12,26,9,1342.3578908692316,1373.804958437008,-23.05333843083646,10,3514263.0,1361.6465941119561,1404.8928963368733,1414.5069621394487,36.77109976953634,42.324926061455315,-8.393729136939996,1258.9000244140625,1275.0,17147.75,3
ESABINDIA,955,NSE_EQ,2026-09-28,7319.5,7319.5,7319.5,5527.0,5859.985138501371,20,5743.774059630046,50,5752.621980431272,14,76.0110351475636,100.23432031660198,5527.0,43.12796495963167,12,26,9,5848.040419714681,5845.389498280345,51.60954853104153,10,290663.0,5859.985138501371,5743.774059630046,5757.729000040711,43.12796495963167,44.959177274916854,-48.95862709670559,5527.0,5556.0,8511.8,3
ESAFSFB,19884,NSE_EQ,2026-09-28,44.9900016784668,44.9900016784668,44.9900016784668,42.86000061035156,37.11805458803893,20,33.55570376012965,50,33.17593654175325,14,1.310751914354808,0.752981676564917,42.86000061035156,63.51362017471729,12,26,9,39.43897385253076,35.79360780362581,3.370716084655065,10,109562366.0,37.11805458803893,33.55570376012965,32.930464619918325,63.51362017471729,58.20461763778515,0.27464996424988186,42.86000061035156,40.81999969482422,2268.07,3
ESCORTS,958,NSE_EQ,2026-09-28,3408.0,3987.800048828125,3408.0,2855.699951171875,2992.8191060486406,20,3149.8412503982477,50,3161.8470177136096,14,30.43520488274354,44.318671844457455,2855.699951171875,40.71388162758515,12,26,9,2948.6463037933445,3030.031313898568,-85.30834803411972,10,4205940.0,2992.8191060486406,3149.8412503982477,3176.6897551234765,40.71388162758515,37.26720342659631,3.923337928896217,2855.699951171875,2822.89990234375,30458.24,3
ESSARSHPNG,25634,NSE_EQ,2026-09-28,31.059999465942383,43.2599983215332,31.059999465942383,16.1200008392334,19.86101509357245,20,23.388781429033745,50,23.68546635106641,14,0.2233906818713692,0.5939543002927197,16.1200008392334,27.3312599631916,12,26,9,18.281000984043718,20.797077568338143,-2.15684210350746,10,11392094.0,19.86101509357245,23.388781429033745,23.99140373135248,27.3312599631916,27.49948369002591,-0.3592344807869643,16.1200008392334,16.200000762939453,331.02,3
ESSENTIA,30323,NSE_EQ,2026-09-28,1.7699999809265137,2.0799999237060547,1.7699999809265137,1.0199999809265137,1.2201225873837567,20,1.472390018943548,50,1.4908549184544473,14,0.02867286687696629,0.04832119093511385,1.0199999809265137,37.24036333680234,12,26,9,1.1464979488741442,1.2676018339795836,-0.10274311131760641,10,170400290.0,1.2201225873837567,1.472390018943548,1.509665324457087,37.24036333680234,37.589082704849936,-0.018360773787832935,1.0199999809265137,1.0399999618530273,180.79,3
ESTER,24265,NSE_EQ,2026-09-28,107.9000015258789,132.4499969482422,107.9000015258789,86.13999938964844,91.62927853405328,20,97.5575215112648,50,98.02354282235117,14,1.3898384664641306,1.896098195497544,86.13999938964844,42.29656896777826,12,26,9,90.72480508037904,92.5459738884107,-1.823238920764833,10,7721868.0,91.62927853405328,97.5575215112648,98.44613648167386,42.29656896777826,43.75168853010093,0.0020701127331752556,86.13999938964844,86.80000305175781,863.92,3
ETERNAL,5097,NSE_EQ,2026-09-28,344.3999938964844,368.45001220703125,332.95001220703125,335.0,299.8660268920144,20,283.03040487972083,50,280.90919691562783,14,5.815837766568587,2.619144145682661,335.0,68.94902475275579,12,26,9,312.33895161266787,294.18088895034424,13.051712481892228,10,1340267992.0,299.8660268920144,283.03040487972083,279.03406184673446,68.94902475275579,66.64717076339326,5.106350180431402,335.0,335.6000061035156,304612.0,3
ETHOSLTD,9750,NSE_EQ,2026-09-28,3090.39990234375,3245.89990234375,3090.39990234375,2552.800048828125,2612.2232900314634,20,2591.4345067283257,50,2593.011423377314,14,41.813611924917986,45.12549383162899,2552.800048828125,48.09528642036809,12,26,9,2649.215643439804,2597.4065377561974,45.47127723256609,10,4450540.0,2612.2232900314634,2591.4345067283257,2590.215971270265,48.09528642036809,52.81175260098011,6.337828451040416,2552.800048828125,2605.0,6724.14,3
EUREKAFORB,25162,NSE_EQ,2026-09-28,541.75,668.2999877929688,541.75,370.8500061035156,436.4944923010891,20,479.94223384126616,50,484.3949778305621,14,5.0099558898173395,11.049571833342215,370.8500061035156,31.19615953956385,12,26,9,418.7726830367582,447.6966389717369,-24.095432822815933,10,7716638.0,436.4944923010891,479.94223384126616,488.4396713014843,31.19615953956385,33.33883771826183,-4.828523112162731,370.8500061035156,376.0,7105.67,3
EUROBOND,757953,NSE_EQ,2026-09-28,195.9499969482422,225.88999938964844,195.9499969482422,150.55999755859375,161.0959107359795,20,170.3391479852782,50,171.14646024759185,14,1.44545133092488,2.477045046241046,150.55999755859375,36.85029103759796,12,26,9,156.751295562244,163.5933879262469,-5.2842110430746185,10,290021.0,161.0959107359795,170.3391479852782,172.0891727861973,36.85029103759796,33.82566439133838,-1.557881320928276,150.55999755859375,148.57000732421875,367.82,3
EUROPRATIK,759797,NSE_EQ,2026-09-28,333.0,390.0,333.0,213.14999389648438,265.6271692575212,20,271.11707557265095,50,273.48307890637204,14,4.646953460575608,8.543018749283162,213.14999389648438,35.23095717443793,12,26,9,259.40977004187283,268.58655116509607,-1.4925265787298638,10,8930244.0,265.6271692575212,271.11707557265095,275.1864698821423,35.23095717443793,39.177106625596174,-7.684254544493372,213.14999389648438,213.5,2119.06,3
EUROTEXIND,999,NSE_EQ,2026-09-28,23.799999237060547,23.799999237060547,23.799999237060547,11.75,13.931446071462542,20,14.513770749266358,50,14.626577718624167,14,0.2852836106172561,0.47216488312451943,11.75,37.66376367163431,12,26,9,13.42391062144148,14.150776412523216,-0.40293948565783677,10,38952.0,13.931446071462542,14.513770749266358,14.744397226685637,37.66376367163431,37.604922796333696,-0.32392630542389855,11.75,12.800000190734863,11.31,3
EVEREADY,11782,NSE_EQ,2026-09-28,379.20001220703125,397.79998779296875,379.20001220703125,322.0,339.79464869667623,20,340.84009359649957,50,341.60907700860156,14,6.579292490760875,7.910998049121075,322.0,45.40483486271404,12,26,9,340.0337668104209,339.34816257724646,3.411970765590252,10,5414381.0,339.79464869667623,340.84009359649957,342.042100559973,45.40483486271404,47.51272168728733,-2.726366532415807,322.0,322.79998779296875,2323.15,3
EVERESTIND,6017,NSE_EQ,2026-09-28,564.0,724.0,564.0,426.29998779296875,431.7563268334568,20,464.5082694499978,50,466.0677911502847,14,10.974867685585934,11.605549612894931,426.29998779296875,48.60347592568312,12,26,9,431.96914517777446,433.8804155471384,-0.29618543800630576,10,447025.0,431.7563268334568,464.5082694499978,468.25423160539833,48.60347592568312,46.25742647428034,-1.6150849313576274,426.29998779296875,430.0,678.46,3
EXCELINDUS,11471,NSE_EQ,2026-09-28,1148.550048828125,1168.0,1148.550048828125,928.9000244140625,972.25629378655,20,993.3958342044598,50,996.0283162367209,14,14.06466265217163,17.394044817238257,928.9000244140625,44.70832969170129,12,26,9,977.8468002215164,971.8924597686894,5.563215152702327,10,1607603.0,972.25629378655,993.3958342044598,997.5723286460959,44.70832969170129,47.894619356029196,0.39112530012474167,928.9000244140625,955.2000122070312,1185.57,3
EXICOM,22947,NSE_EQ,2026-09-28,189.1699981689453,189.1699981689453,189.1699981689453,160.99000549316406,155.8041398429452,20,149.1231101155821,50,148.6387470389461,14,4.7813496823856045,4.014355566572416,160.99000549316406,54.360048990409545,12,26,9,162.86157876475704,151.5734278001031,11.693153743955833,10,67484135.0,155.8041398429452,149.1231101155821,148.02481864560588,54.360048990409545,55.57406288049366,-0.40500277930189554,160.99000549316406,165.4499969482422,2190.04,3
EXIDEIND,676,NSE_EQ,2026-09-28,496.3999938964844,496.3999938964844,496.3999938964844,423.6499938964844,417.785489842177,20,394.2543031963566,50,393.0544790861473,14,7.850737659447234,6.709480005282084,423.6499938964844,53.9190954436407,12,26,9,429.75924019579384,409.9327809528181,22.818237113181368,10,171222445.0,417.785489842177,394.2543031963566,391.3077228813567,53.9190954436407,57.35158972794416,-2.9917778702056523,423.6499938964844,426.8500061035156,35238.4,3
EXPLEOSOL,17486,NSE_EQ,2026-09-28,999.0,1175.0999755859375,999.0,883.25,853.8576026856763,20,890.2978117303875,50,890.5854775153012,14,12.807063174200211,10.740729814968974,883.25,54.38753084032471,12,26,9,861.6668684629142,855.6430011525877,-5.884519605217379,10,10112767.0,853.8576026856763,890.2978117303875,890.9379454870674,54.38753084032471,54.20695462113518,11.908386915543902,883.25,873.0,1351.76,3
EXXARO,5352,NSE_EQ,2026-09-28,8.180000305175781,10.329999923706055,8.180000305175781,6.210000038146973,6.5811400104831295,20,7.0375299797957025,50,7.071306712107895,14,0.14426272448467475,0.18130469433968585,6.210000038146973,44.31116756265547,12,26,9,6.463383899524926,6.675757020208455,-0.22451961608326038,10,29402565.0,6.5811400104831295,7.0375299797957025,7.104829435051075,44.31116756265547,44.70347987346285,0.012146495399731061,6.210000038146973,6.239999771118164,252.88,3
FACT,1008,NSE_EQ,2026-09-28,1058.5999755859375,1058.5999755859375,1058.5999755859375,777.9000244140625,821.1889238366549,20,840.8041481934165,50,843.3716634497166,14,10.229460044835617,14.111628336553656,777.9000244140625,42.02548334961417,12,26,9,807.4921205639929,827.488805920119,-11.538966200601308,10,42471798.0,821.1889238366549,840.8041481934165,846.6031594188058,42.02548334961417,39.597138049277014,-8.457719155524828,777.9000244140625,777.7999877929688,49164.87,3
FAIRCHEMOR,1619,NSE_EQ,2026-09-28,846.7999877929688,846.7999877929688,846.7999877929688,671.5499877929688,663.6890766358104,20,688.9964243487577,50,689.7085238000144,14,15.364619839799243,14.662650679302804,671.5499877929688,51.16888606317026,12,26,9,668.7785510967792,662.2795793943932,10.951921966350799,10,692324.0,663.6890766358104,688.9964243487577,691.9823410979741,51.16888606317026,46.379295086761985,-4.45295026396477,671.5499877929688,660.0,846.58,3
FAZE3Q,12000,NSE_EQ,2026-09-28,650.0499877929688,650.0499877929688,650.0499877929688,434.04998779296875,502.031451354936,20,496.23650882382384,50,498.77473417202197,14,9.775569906800774,14.992267181965007,434.04998779296875,39.46880735595111,12,26,9,494.7584676152262,502.01472403773687,8.017223141803676,10,1350990.0,502.031451354936,496.23650882382384,501.05329425222567,39.46880735595111,40.508539977997856,-15.273479564314336,434.04998779296875,428.20001220703125,1034.72,3
FCL,6198,NSE_EQ,2026-09-28,62.400001525878906,62.400001525878906,62.400001525878906,60.47999954223633,44.29006660476984,20,35.91543520295091,50,34.912799923796406,14,1.9049684413588428,0.42909530474635965,60.47999954223633,81.6159560567966,12,26,9,49.11487280040997,41.66706600981662,5.757226475261595,10,838833680.0,44.29006660476984,35.91543520295091,34.010465208124266,81.6159560567966,79.43883289635491,1.6905803153317525,60.47999954223633,56.5,5355.07,3
FCSSOFT,11999,NSE_EQ,2026-09-28,1.8700000047683716,2.5299999713897705,1.8700000047683716,1.4600000381469727,1.524183252977922,20,1.752048362851941,50,1.7639687026358173,14,0.023705099173883647,0.03190484682892719,1.4600000381469727,42.62744504856282,12,26,9,1.4850774263965003,1.559990756695028,-0.07960236665560547,10,84147271.0,1.524183252977922,1.752048362851941,1.77841640614661,42.62744504856282,38.689932888058486,0.004689036357077819,1.4600000381469727,1.340000033378601,247.89,3
FDC,4898,NSE_EQ,2026-09-28,442.0,476.3999938964844,442.0,341.0,369.5507395240781,20,388.0972173158247,50,390.01955271647057,14,4.258887551353945,6.811883140140791,341.0,38.46965735299612,12,26,9,361.81905748190434,373.55357551212353,-6.278158199497744,10,9551846.0,369.5507395240781,388.0972173158247,391.5509630314286,38.46965735299612,41.552789451879974,-5.456359830721448,341.0,345.25,5505.5,3
FEDERALBNK,1023,NSE_EQ,2026-09-28,371.70001220703125,371.70001220703125,371.70001220703125,322.0,328.9085204985307,20,295.9880033052939,50,294.92628915448955,14,3.821108197652298,3.723793868442534,322.0,50.64490120850657,12,26,9,336.7876107660314,321.9097081509532,19.02560557255204,10,222494123.0,328.9085204985307,295.9880033052939,293.38246422201973,50.64490120850657,56.383102678723105,-4.1477029574738395,322.0,327.5,79807.37,3
FEDFINA,20322,NSE_EQ,2026-09-28,174.39999389648438,178.47999572753906,174.39999389648438,151.67999267578125,153.4437544819068,20,146.44994089288798,50,146.2364693915454,14,1.983634387106198,2.0012832945549435,151.67999267578125,49.778553675901925,12,26,9,154.93205106936236,152.13704587512763,3.333538567997251,10,38589728.0,153.4437544819068,146.44994089288798,145.86857018303704,49.778553675901925,53.18172771168221,-0.538533373762518,151.67999267578125,153.47999572753906,5599.74,3
FIBERWEB,8159,NSE_EQ,2026-09-28,40.0,46.95000076293945,40.0,26.540000915527344,29.44114075472456,20,33.876634730623245,50,34.17608917205573,14,0.4911596573449191,0.8083999835936699,26.540000915527344,37.79431446410461,12,26,9,27.95049211745551,30.495606608675452,-2.5158036376424033,10,1208346.0,29.44114075472456,33.876634730623245,34.50572544922251,37.79431446410461,36.25264553894207,-0.02931085357753771,26.540000915527344,27.100000381469727,81.78,3
FIEMIND,13710,NSE_EQ,2026-09-28,2674.800048828125,2674.800048828125,2674.800048828125,1965.5,2169.569289034697,20,2129.573609391495,50,2136.2704914074748,14,28.13694588147592,44.290775065120975,1965.5,38.848310444866996,12,26,9,2133.6150511463075,2175.5446461586516,5.847142700725351,10,4428531.0,2169.569289034697,2129.573609391495,2144.391733961734,38.848310444866996,37.098974471020775,-47.77673771306953,1965.5,1926.0,5077.98,3
FILATEX,24532,NSE_EQ,2026-09-28,111.5,111.5,94.5,106.94000244140625,73.57548984218948,20,61.69167233057405,50,59.84480171380539,14,3.6692478131310353,0.7523704702713129,106.94000244140625,82.98427358382509,12,26,9,81.63376415737227,69.56723932509112,8.720656682177669,10,235453783.0,73.57548984218948,61.69167233057405,58.457650688611544,82.98427358382509,78.41235221434506,3.3458681501034775,106.94000244140625,106.0,4907.64,3
FILATFASH,23647,NSE_EQ,2026-09-28,0.3100000023841858,0.5899999737739563,0.3100000023841858,0.18000000715255737,0.19657974522291538,20,0.2971308913552759,50,0.30191174377171337,14,0.0036892402781409438,0.006218375433540213,0.18000000715255737,37.23640869307537,12,26,9,0.18386063178973425,0.21020283976770168,-0.03183187848880667,10,1008890502.0,0.19657974522291538,0.2971308913552759,0.3072958965057368,37.23640869307537,32.35992078517505,0.005489670510839234,0.18000000715255737,0.1899999976158142,146.63,3
FINCABLES,1038,NSE_EQ,2026-09-28,1498.0,1498.0,1498.0,1460.9000244140625,1177.686470541397,20,1045.94192218419,50,1029.0048567870522,14,43.63641914282912,18.147551441322282,1460.9000244140625,70.62741149566483,12,26,9,1255.680994579247,1135.55398866909,87.95645883909602,10,67926814.0,1177.686470541397,1045.94192218419,1013.4050570162431,70.62741149566483,68.8368268733696,32.17054707106108,1460.9000244140625,1482.0,21882.78,3
FINEORG,3744,NSE_EQ,2026-09-28,5407.0,5407.0,5407.0,5083.0,5000.571762864727,20,4798.714797651698,50,4787.1113200048285,14,63.67279584265373,52.084839609185735,5083.0,55.00526647259011,12,26,9,5090.03640621596,4941.185214765845,154.31460910657333,10,1368813.0,5000.571762864727,4798.714797651698,4770.299537147883,55.00526647259011,59.245982719738706,-5.46341765645829,5083.0,5052.0,15628.89,3
FINOPB,6579,NSE_EQ,2026-09-28,189.47000122070312,339.0,189.47000122070312,128.25,147.55627240037526,20,179.11341644867062,50,181.18947426290205,14,3.086276370519952,5.092594022436788,128.25,37.734750915942,12,26,9,142.21810386246025,153.2853214248999,-12.560622573983732,10,14401601.0,147.55627240037526,179.11341644867062,183.05516726434544,37.734750915942,40.27797299459062,1.4934050115440805,128.25,128.10000610351562,1054.19,3
FINPIPE,1041,NSE_EQ,2026-09-28,200.39999389648438,209.44000244140625,200.39999389648438,154.16000366210938,163.97153656498656,20,174.92955925812578,50,175.77729622122848,14,1.317258877398999,2.2738929392319043,154.16000366210938,36.68067919876488,12,26,9,160.37148101109543,166.23282631671304,-4.8929733997356255,10,20162325.0,163.97153656498656,174.92955925812578,176.64045096973524,36.68067919876488,37.02682064768013,-0.9683719058819928,154.16000366210938,154.0399932861328,9365.26,3
FIRSTCRY,24814,NSE_EQ,2026-09-28,269.6300048828125,389.6499938964844,269.6300048828125,180.8300018310547,204.60065919191425,20,254.40230783188608,50,257.4052590972261,14,2.4644704384555713,5.0841723145317355,180.8300018310547,32.64786159711002,12,26,9,192.84569977739613,213.39318435212823,-19.432584804321763,10,168209556.0,204.60065919191425,254.40230783188608,260.88506584011355,32.64786159711002,26.620942778162856,-1.1148997704103323,180.8300018310547,179.6300048828125,9099.08,3
FISCHER,757658,NSE_EQ,2026-09-28,42.779998779296875,121.69999694824219,42.779998779296875,34.290000915527344,37.51821527085047,20,51.420726273762405,50,52.119939553690365,14,0.6987660142020938,1.0521600737321275,34.290000915527344,39.908367293019914,12,26,9,36.24865319605606,39.4727826614996,-3.8887823798593497,10,61255443.0,37.51821527085047,51.420726273762405,52.894222738498996,39.908367293019914,36.97744166408217,0.6646529144158104,34.290000915527344,34.900001525878906,2187.58,3
FIVESTAR,12032,NSE_EQ,2026-09-28,575.5999755859375,666.0,575.5999755859375,520.9500122070312,517.955908932713,20,525.5730633917899,50,525.7617593585147,14,9.985859790297397,9.454443868894531,520.9500122070312,51.36678914773947,12,26,9,528.0454552243509,514.2896914108537,12.372722489193904,10,29875050.0,517.955908932713,525.5730633917899,525.2438714871466,51.36678914773947,54.89660853050873,1.3830413243032922,520.9500122070312,526.8499755859375,15425.1,3
FLAIR,20372,NSE_EQ,2026-09-28,345.0,345.0,345.0,237.5800018310547,260.9299286181784,20,279.1590560578048,50,280.8561603119578,14,2.2592769733093725,4.579908271360937,237.5800018310547,33.0343000296709,12,26,9,250.36798803804544,266.9036428593664,-14.585940123763283,10,5341961.0,260.9299286181784,279.1590560578048,282.7184527439749,33.0343000296709,31.349373007015373,-1.9497146975576918,237.5800018310547,242.9600067138672,2485.98,3
FLEXITUFF,25516,NSE_EQ,2026-09-28,7.699999809265137,24.989999771118164,7.699999809265137,2.819999933242798,4.572952662571034,20,10.542905507863287,50,10.858126143562082,14,0.10968713423781447,0.3332217934499672,2.819999933242798,24.765166692493466,12,26,9,3.485045176165259,5.548249492906017,-2.2217840917404166,10,3489145.0,4.572952662571034,10.542905507863287,11.196008846413347,24.765166692493466,21.735944445592224,0.15857977499965914,2.819999933242798,2.819999933242798,9.42,3
FLUOROCHEM,13750,NSE_EQ,2026-09-28,4958.89990234375,4958.89990234375,4958.89990234375,4441.39990234375,4265.212047600376,20,3929.002545621376,50,3908.0883677959728,14,89.52522595100014,66.64796854677587,4441.39990234375,57.32432267835504,12,26,9,4446.230170813718,4159.110597152943,271.90043060226685,10,7865858.0,4265.212047600376,3929.002545621376,3880.3899258565225,57.32432267835504,61.40503464131933,15.21914305850828,4441.39990234375,4475.89990234375,47988.9,3
FMGOETZE,1190,NSE_EQ,2026-09-28,641.0999755859375,641.0999755859375,641.0999755859375,482.6000061035156,472.1264050876641,20,460.9118095874113,50,460.0265770765499,14,15.736984736125256,14.6185914972635,482.6000061035156,51.842154519260305,12,26,9,478.8683472462986,468.5356042559018,10.718132938354916,10,79892120.0,472.1264050876641,460.9118095874113,460.5929682267566,51.842154519260305,47.324194920784585,-0.38538994795810666,482.6000061035156,466.8999938964844,2614.06,3
FMNL,21017,NSE_EQ,2026-09-28,12.949999809265137,13.289999961853027,12.949999809265137,8.0,9.511930873063648,20,10.07617830093077,50,10.160920272397332,14,0.2321774593499834,0.35440796918269346,8.0,39.58118426684537,12,26,9,9.413651278717087,9.57517647315797,-0.030293662617952046,10,2203888.0,9.511930873063648,10.07617830093077,10.198508864286277,39.58118426684537,46.62066764110555,-0.13123153182293193,8.0,8.25,49.19,3
FOCUS,6839,NSE_EQ,2026-09-28,97.0,98.87000274658203,97.0,59.439998626708984,70.74303560746314,20,77.47640576572795,50,78.21258564895321,14,0.9353533284157614,1.9353185404005429,59.439998626708984,32.58308058738341,12,26,9,67.58139711743937,72.21967335700226,-2.590759778214481,10,1722807.0,70.74303560746314,77.47640576572795,78.92983406770034,32.58308058738341,33.5859099755763,-2.0475164613484176,59.439998626708984,58.5,380.88,3
FOODSIN,6673,NSE_EQ,2026-09-28,67.68000030517578,91.54000091552734,67.68000030517578,52.970001220703125,56.58910127247377,20,64.89813383744729,50,65.38499639323277,14,1.0477390471600494,1.437630557434172,52.970001220703125,42.1562670285859,12,26,9,55.440661888190164,57.80569219186657,-2.6549149612942804,10,4394061.0,56.58910127247377,64.89813383744729,65.82642482990249,42.1562670285859,44.188187658869516,0.28988465761787463,52.970001220703125,52.5099983215332,387.9,3
FORCEMOT,11573,NSE_EQ,2026-09-28,23221.0,26450.0,23221.0,17388.0,18319.48158356506,20,18120.456787164596,50,18150.35298255907,14,226.3329898204583,312.10602535302934,17388.0,42.035027819730466,12,26,9,17918.09797913341,18487.706364618058,-472.1787734340619,10,3478404.0,18319.48158356506,18120.456787164596,18177.387798173728,42.035027819730466,42.60015556284329,-97.42961205058555,17388.0,17188.0,22517.71,3
FORTIS,14592,NSE_EQ,2026-09-28,1010.0999755859375,1104.300048828125,1010.0999755859375,837.8499755859375,915.5571044343358,20,897.2953217748852,50,899.7216624356586,14,7.386046051334266,13.391491214021167,837.8499755859375,35.54822670755016,12,26,9,907.3970690256853,916.1033822043495,4.389881132532507,10,56369239.0,915.5571044343358,897.2953217748852,900.2817302901752,35.54822670755016,42.59972104141463,-13.096194311196738,837.8499755859375,878.1500244140625,61862.1,3
FOSECOIND,1073,NSE_EQ,2026-09-28,7389.5,7389.5,7389.5,6468.0,5647.230958970335,20,5270.194537599113,50,5221.304518725607,14,147.1787600987432,73.84413548824175,6468.0,66.58982532459859,12,26,9,5903.23974805569,5530.43040459814,228.21106819905214,10,1069696.0,5647.230958970335,5270.194537599113,5161.867968469509,66.58982532459859,71.42567844637438,144.59827525849818,6468.0,6451.5,4751.85,3
FSL,14304,NSE_EQ,2026-09-28,341.8999938964844,371.75,341.8999938964844,259.45001220703125,263.06165993702393,20,276.0422831364841,50,276.71951868462503,14,7.472857644202991,7.893972676410777,259.45001220703125,48.629792145089006,12,26,9,263.7983454730568,264.5437369351251,-2.359248864350626,10,184717108.0,263.06165993702393,276.0422831364841,276.85296792860845,48.629792145089006,52.01465791296226,1.6138574022823708,259.45001220703125,262.1499938964844,17729.03,3
FUSION,11932,NSE_EQ,2026-09-28,243.0,243.0,243.0,177.13999938964844,194.14758796588978,20,191.36320219436476,50,191.94374108435318,14,3.486677447917113,4.661838170714356,177.13999938964844,42.78911167507457,12,26,9,194.72053085013852,192.66163717028084,5.929542409861713,10,30435790.0,194.14758796588978,191.36320219436476,192.22226132791096,42.78911167507457,46.00739093209554,-3.8706487300040378,177.13999938964844,177.77999877929688,2801.34,3
GABRIEL,1085,NSE_EQ,2026-09-28,1600.0,1600.0,1600.0,1386.699951171875,1284.6968220616388,20,1136.5842651842595,50,1126.375461674561,14,28.511451289407184,17.45684265277644,1386.699951171875,62.024166755606174,12,26,9,1339.4887277319144,1248.5176457246355,95.49117492504824,10,22630712.0,1284.6968220616388,1136.5842651842595,1118.3989479131908,62.024166755606174,57.76494026798508,-4.520092917769304,1386.699951171875,1407.5999755859375,24129.17,3
GAEL,8828,NSE_EQ,2026-09-28,184.99000549316406,184.99000549316406,184.99000549316406,163.8699951171875,160.3064861670135,20,147.9274808473379,50,147.27676597918077,14,3.1928317183616306,2.668283942257445,163.8699951171875,54.47481167816419,12,26,9,163.3203488407956,157.52178854294772,7.2140197251677725,10,63415758.0,160.3064861670135,147.9274808473379,146.8819402253415,54.47481167816419,50.281937309111846,-1.4154594273199015,163.8699951171875,160.9600067138672,7473.01,3
GAIL,4717,NSE_EQ,2026-09-28,182.3800048828125,186.8699951171875,182.3800048828125,172.6999969482422,171.03841570570637,20,170.55454089322106,50,170.46697125832225,14,1.614805092118477,1.4275139268336694,172.6999969482422,53.07809871545483,12,26,9,172.50860708742516,170.33996947106047,2.1455704216813296,10,394615016.0,171.03841570570637,170.55454089322106,170.32684788533604,53.07809871545483,54.61687032120555,0.023067194683361603,172.6999969482422,173.89999389648438,113223.69,3
GALAPREC,25134,NSE_EQ,2026-09-28,1260.0,1260.0,1260.0,1148.5999755859375,1018.387904116634,20,936.8841191504066,50,928.2426556224257,14,27.67876616866896,15.44106427516203,1148.5999755859375,64.19034092614078,12,26,9,1052.406706582569,993.4843954440726,66.87731402643557,10,2036890.0,1018.387904116634,936.8841191504066,924.856641067952,64.19034092614078,53.638160889364386,-7.955002887939045,1148.5999755859375,1120.0,1441.72,3
GALAXYSURF,1315,NSE_EQ,2026-09-28,2648.0,2648.0,2648.0,2261.300048828125,2092.600832236542,20,2065.0684381662813,50,2057.0589846698795,14,49.090827376761,33.848616153222395,2261.300048828125,59.1887590359998,12,26,9,2158.1245739362284,2066.031817640782,65.50375275573052,10,2701951.0,2092.600832236542,2065.0684381662813,2050.604251343267,59.1887590359998,57.50148166657029,26.589003539716117,2261.300048828125,2262.0,7819.51,3
GALLANTT,13337,NSE_EQ,2026-09-28,948.0,948.0,948.0,545.0999755859375,606.1000707360367,20,601.8479341265736,50,604.1641773323138,14,11.717945910435713,16.893861637198963,545.0999755859375,40.954930550706955,12,26,9,586.6393883968323,611.915362831647,-11.410644804067262,10,4485890.0,606.1000707360367,601.8479341265736,606.4912856146914,40.954930550706955,41.16561158723095,-13.865329630747508,545.0999755859375,553.0,12999.01,3
GANDHAR,20303,NSE_EQ,2026-09-28,303.1700134277344,303.1700134277344,303.1700134277344,261.6499938964844,225.20062356762097,20,191.32220963064805,50,188.4516878238792,14,8.159551392197395,4.379015012844603,261.6499938964844,65.07563248152742,12,26,9,245.1735217748276,214.07354638304878,26.822710260007582,10,92948730.0,225.20062356762097,191.32220963064805,184.8701235633424,65.07563248152742,70.9570671390016,4.2772651317712445,261.6499938964844,262.70001220703125,2555.06,3
GANDHITUBE,14116,NSE_EQ,2026-09-28,1046.5999755859375,1046.5999755859375,975.0,966.5,881.8403389242608,20,846.6797221433562,50,841.7890985573707,14,13.925026227842705,6.63909357706566,966.5,67.71515805173922,12,26,9,896.3057779623153,873.121604878691,18.309967672590844,10,748189.0,881.8403389242608,846.6797221433562,839.4457959594254,67.71515805173922,57.86569193004286,4.874205411033543,966.5,979.0999755859375,1172.64,3
GANECOS,6944,NSE_EQ,2026-09-28,1268.0,1268.0,1268.0,1028.5999755859375,1026.2475766934936,20,1053.8605530169139,50,1054.8915969936884,14,21.71783034806564,21.163424694745707,1028.5999755859375,50.64644289534721,12,26,9,1036.0048601348233,1021.5643005594479,22.52372178534061,10,4896423.0,1026.2475766934936,1053.8605530169139,1057.0504376873082,50.64644289534721,48.35828289768795,-8.083162209965263,1028.5999755859375,1009.0,2721.68,3
GANESHBE,5617,NSE_EQ,2026-09-28,135.85000610351562,135.85000610351562,135.85000610351562,130.83999633789062,113.80823511275976,20,104.87376755723047,50,103.81392148455046,14,3.1054081167708634,1.4961172542283763,130.83999633789062,67.48649342112638,12,26,9,119.98895929311406,110.39151961100387,7.9976060308163,10,21761443.0,113.80823511275976,104.87376755723047,102.87326519370144,67.48649342112638,65.34551548129267,1.599833651293892,130.83999633789062,126.79000091552734,989.92,3
GANESHHOU,14339,NSE_EQ,2026-09-28,889.25,899.7000122070312,889.25,734.75,760.5107763415983,20,774.4856011787433,50,776.1074624513451,14,13.23201387257455,15.04232893336973,734.75,46.798661116157604,12,26,9,766.2643255728434,758.2992292710367,13.030640849928796,10,1739966.0,760.5107763415983,774.4856011787433,777.5220522572354,46.798661116157604,47.604414743544865,-5.065544548122057,734.75,737.1500244140625,6017.01,3
GANGAFORGE,4957,NSE_EQ,2026-09-28,3.0999999046325684,4.150000095367432,3.0999999046325684,1.4600000381469727,2.0480740511467452,20,2.734828345399025,50,2.7868621538582925,14,0.07930861439662332,0.13696766911387753,1.4600000381469727,36.670046807408106,12,26,9,1.8447567731810783,2.186922022484826,-0.3122889513051544,10,308296494.0,2.0480740511467452,2.734828345399025,2.8373463253498032,36.670046807408106,37.793412800533495,-0.029876297998593315,1.4600000381469727,1.5199999809265137,23.15,3
GANGESSECU,21399,NSE_EQ,2026-09-28,144.0,178.14999389648438,144.0,114.61000061035156,118.92232271014849,20,127.44834360579922,50,127.97235760561341,14,1.1100449651057214,1.5837345140717258,114.61000061035156,41.207714799456284,12,26,9,117.20815347189736,120.48726765535797,-3.522231957371741,10,105241.0,118.92232271014849,127.44834360579922,128.53653540478624,41.207714799456284,40.48174749286489,0.24311777391113454,114.61000061035156,112.22000122070312,115.43,3
GARFIBRES,1100,NSE_EQ,2026-09-28,863.4000244140625,863.4000244140625,863.4000244140625,773.5,751.7175956377716,20,731.4601972714912,50,729.7442869560418,14,15.096272429245927,12.518523242965447,773.5,54.6673334412437,12,26,9,773.6355323400899,741.2578631874183,27.47370078728839,10,2827283.0,751.7175956377716,731.4601972714912,726.101196627717,54.6673334412437,61.95936396242215,4.903968365383225,773.5,778.0,7609.07,3
GARUDA,25800,NSE_EQ,2026-09-28,204.5500030517578,249.3000030517578,204.5500030517578,176.8699951171875,176.98807490419685,20,171.8677954354744,50,171.66362401989426,14,2.9605358429406374,2.9455202017765276,176.8699951171875,50.12712071347123,12,26,9,177.57871639209668,176.72729984273806,0.6253418364532003,10,45633631.0,176.98807490419685,171.8677954354744,171.50581280522476,50.12712071347123,49.305562541025346,0.22607471290541736,176.8699951171875,178.0,1654.26,3
GATECH,18018,NSE_EQ,2026-09-28,1.1100000143051147,1.1100000143051147,1.1100000143051147,0.699999988079071,0.6741036075316131,20,0.6304267927849262,50,0.6275870705280223,14,0.03173705665525197,0.027740200203462313,0.699999988079071,53.359987214343136,12,26,9,0.7239332384088828,0.6509119463823783,0.05879010553459009,10,1248780080.0,0.6741036075316131,0.6304267927849262,0.6234069501792279,53.359987214343136,55.354303939727124,0.014231186491914447,0.699999988079071,0.699999988079071,94.1,3
GATECHDVR,27,NSE_EQ,2026-09-28,0.6700000166893005,0.6700000166893005,0.6700000166893005,0.47999998927116394,0.48289959593811593,20,0.5741679702225986,50,0.5780115612818408,14,0.010137768386339683,0.0105585500001992,0.47999998927116394,48.98343848891212,12,26,9,0.4853741236309371,0.48470191813752805,-0.0017041504152370578,10,37373796.0,0.48289959593811593,0.5741679702225986,0.5820120336088073,48.98343848891212,48.98343848891212,0.0023763559086461307,0.47999998927116394,0.49000000953674316,63.16,3
GATEWAY,8510,NSE_EQ,2026-09-28,63.25,65.41999816894531,63.25,52.5,55.6827992927191,20,58.59898105984796,50,58.84791906229073,14,0.5635812159160399,0.8550109323194391,52.5,39.72820635001064,12,26,9,54.787390313794674,56.203355686571555,-0.9806894983717886,10,48054971.0,55.6827992927191,58.59898105984796,59.0919158023073,39.72820635001064,40.48239692659268,-0.43527587440509263,52.5,52.369998931884766,2589.28,3
GAYAHWS,3693,NSE_EQ,2026-09-28,2.809999942779541,4.760000228881836,2.809999942779541,1.850000023841858,2.030922210385623,20,2.1662290147886822,50,2.1791363205416134,14,0.04205714616565502,0.06066244239105984,1.850000023841858,40.94364741583236,12,26,9,1.9513762711117715,2.084203689321186,-0.1358929172420945,10,10830722.0,2.030922210385623,2.1662290147886822,2.1905296407205306,40.94364741583236,42.418482326985654,0.0030654990326800524,1.850000023841858,1.850000023841858,43.37,3
GAYAPROJ,25023,NSE_EQ,2026-09-28,27.329999923706055,27.329999923706055,27.329999923706055,22.90999984741211,21.15127517802698,20,17.475198532788426,50,17.253369907701746,14,0.6791491283364544,0.4668381961912202,22.90999984741211,59.26323213185362,12,26,9,22.32632762922639,20.288849035756183,2.0404739657684163,10,37985821.0,21.15127517802698,17.475198532788426,16.94860952379755,59.26323213185362,66.79925516129882,-0.002995372298208121,22.90999984741211,23.0,1025.64,3
GCSL,758986,NSE_EQ,2026-09-28,655.0,655.0,620.5,653.4500122070312,512.3648256179038,20,408.02208068859613,50,398.00461409600695,14,17.462187565715446,4.57405004262156,653.4500122070312,79.24305353790952,12,26,9,553.9949653607359,487.8488612666081,54.64028824205694,10,30148174.0,512.3648256179038,408.02208068859613,389.0027621083758,79.24305353790952,76.59539781848522,11.50581585207091,653.4500122070312,633.5,1565.77,3
GEECEE,13662,NSE_EQ,2026-09-28,390.0,390.0,390.0,360.6000061035156,348.6989421879421,20,339.24766919796843,50,338.37614524263995,14,5.665587524239636,4.351233449083012,360.6000061035156,56.56073458164564,12,26,9,357.9994175140554,344.0818970306501,12.412811979759915,10,146258.0,348.6989421879421,339.24766919796843,337.0098652075021,56.56073458164564,61.4939115316519,1.5047085036453538,360.6000061035156,363.5,760.15,3
GEEKAYWIRE,17922,NSE_EQ,2026-09-28,35.0,36.79999923706055,35.0,32.900001525878906,26.57000349488962,20,28.04849881265536,50,27.850478293748278,14,1.0716204049507612,0.5828965653173592,32.900001525878906,64.76938128818958,12,26,9,27.4062871121669,26.525290773385443,-0.3769138159441844,10,12090381.0,26.57000349488962,28.04849881265536,27.630089652676777,64.76938128818958,65.76306677544956,1.257910154725642,32.900001525878906,33.40999984741211,331.85,3
GEMAROMA,759461,NSE_EQ,2026-09-28,228.0,263.67999267578125,228.0,158.92999267578125,170.7591460287275,20,182.46795716704847,50,183.42869041159,14,4.236206087571823,5.441772138509846,158.92999267578125,43.77160176032902,12,26,9,167.36412875585373,173.14928512012457,-3.9276294755943506,10,4261221.0,170.7591460287275,182.46795716704847,184.82986119967464,43.77160176032902,39.37309082278717,-1.8575268886764964,158.92999267578125,156.0,795.22,3
GENCON,2188,NSE_EQ,2026-09-28,47.849998474121094,59.959999084472656,47.849998474121094,38.16999816894531,41.315425454406146,20,41.95767585056749,50,42.11227493961329,14,0.6186799776740922,0.8809550124329455,38.16999816894531,41.2553709239562,12,26,9,40.97608516038691,41.54658282442468,-0.5281353573146066,10,14259137.0,41.315425454406146,41.95767585056749,42.19808214851452,41.2553709239562,45.21832189619995,-0.0423623067231671,38.16999816894531,38.150001525878906,212.5,3
GENESYS,10905,NSE_EQ,2026-09-28,377.0,612.0,377.0,286.1700134277344,270.53318073431757,20,338.7642003983973,50,340.91090190740397,14,14.36176252538967,14.109353225512205,286.1700134277344,50.44327258208958,12,26,9,263.1126121428938,280.8607521875106,-26.083875949405517,10,77207387.0,270.53318073431757,338.7642003983973,343.18522433458753,50.44327258208958,50.32112914467804,8.335735904788685,286.1700134277344,294.0299987792969,1706.23,3
GENUSPAPER,6600,NSE_EQ,2026-09-28,14.880000114440918,17.889999389648438,14.880000114440918,10.829999923706055,11.970784504666348,20,13.237424463630488,50,13.335686689749851,14,0.2252991524078948,0.33104403640305374,10.829999923706055,40.496434024728195,12,26,9,11.762321907010612,12.167691954819649,-0.41719211108345033,10,5638999.0,11.970784504666348,13.237424463630488,13.414286152702411,40.496434024728195,43.754661922162356,0.01182206327441404,10.829999923706055,11.319999694824219,263.02,3
GENUSPOWER,11905,NSE_EQ,2026-09-28,358.95001220703125,363.0,358.95001220703125,305.70001220703125,315.34842280194795,20,310.3792844741934,50,310.5702751789756,14,4.803949427531357,5.338264634586958,305.70001220703125,47.365884787172384,12,26,9,319.0436907201,312.9560934047592,7.778561992255508,10,103606339.0,315.34842280194795,310.3792844741934,310.562939471995,47.365884787172384,49.11260143247206,-1.6909646769146924,305.70001220703125,308.0,8212.69,3
GEOJITFSL,11896,NSE_EQ,2026-09-28,86.5,86.5,86.5,81.51000213623047,77.88963387963626,20,76.11199965416763,50,75.89167302224669,14,1.2664026714027978,0.9022022242223422,81.51000213623047,58.39711392137819,12,26,9,79.7283676901406,76.901218248077,2.625594110664801,10,16532149.0,77.88963387963626,76.11199965416763,75.64276180422534,58.39711392137819,59.33519697514952,0.20155533139879944,81.51000213623047,79.16999816894531,2218.72,3
GESHIP,13776,NSE_EQ,2026-09-28,1798.0,1798.0,1798.0,1497.199951171875,1396.7153112745405,20,1319.090481644832,50,1311.820707378422,14,30.333582414024168,21.53160561660723,1497.199951171875,58.48543804778894,12,26,9,1403.4608577043025,1385.1466509803809,19.938020863106065,10,44302542.0,1396.7153112745405,1319.090481644832,1306.9113494924009,58.48543804778894,54.39686736525791,-1.6238141391844216,1497.199951171875,1479.0,21899.66,3
GFLLIMITED,1289,NSE_EQ,2026-09-28,63.9900016784668,81.0,63.9900016784668,57.290000915527344,52.11698576902027,20,52.98018589147812,50,52.80427507416999,14,1.2922049822744175,0.8575348892162069,57.290000915527344,60.109830003683456,12,26,9,53.8742407556161,51.665414631418805,0.7803934087225549,10,5208870.0,52.11698576902027,52.98018589147812,52.656286289230984,60.109830003683456,58.93644270885207,1.4284327154747394,57.290000915527344,55.599998474121094,615.33,3
GFSTEELS,11079,NSE_EQ,2026-09-28,32.45000076293945,32.45000076293945,25.440000534057617,32.45000076293945,17.162634063588243,20,14.040896642494136,50,13.289504637578,14,1.260534595820901,0.0003587965105620101,32.45000076293945,99.97154426276288,12,26,9,19.296068239744024,16.200473512754503,1.4953322146953596,10,164206.0,17.162634063588243,14.040896642494136,12.793566029558423,99.97154426276288,99.95280105502043,1.6002625122941616,32.45000076293945,32.45000076293945,104.22,3
GHCL,1127,NSE_EQ,2026-09-28,549.0,667.2000122070312,549.0,419.79998779296875,442.4339755931892,20,483.4343605667969,50,486.0316819045041,14,3.0738581525564586,5.580824653290934,419.79998779296875,35.516704904305186,12,26,9,432.7918937375546,450.9321580097906,-20.22694163729,10,5872895.0,442.4339755931892,483.4343605667969,488.65746434113566,35.516704904305186,36.08252307214414,2.086677365053962,419.79998779296875,421.0,3755.45,3
GHCLTEXTIL,16696,NSE_EQ,2026-09-28,144.58999633789062,144.58999633789062,144.58999633789062,139.1199951171875,114.66299705143753,20,99.66279892951924,50,98.05230112594094,14,3.9278651707008345,1.6403639816273625,139.1199951171875,70.54065239140722,12,26,9,122.72823773029974,110.04615051885996,10.89098009953157,10,45937638.0,114.66299705143753,99.66279892951924,96.97239496225565,70.54065239140722,63.746124016141515,1.7911071119082091,139.1199951171875,135.0,1285.94,3
GICHSGFIN,1139,NSE_EQ,2026-09-28,168.99000549316406,184.0,168.99000549316406,137.32000732421875,146.01265433870518,20,155.87358121010854,50,156.63086994014483,14,1.3613332847242658,2.2118917901840107,137.32000732421875,38.09816779479559,12,26,9,142.92051871959976,148.04509905239746,-4.3032949157815334,10,3951148.0,146.01265433870518,155.87358121010854,157.33621132123176,38.09816779479559,39.70956458092812,-0.8212854170161723,137.32000732421875,138.94000244140625,729.43,3
GICL,761021,NSE_EQ,2026-09-28,43.31999969482422,169.0,43.93000030517578,23.450000762939453,26.28608007778685,20,40.78213094380767,50,41.48956482874107,14,0.6813571166229717,1.1498677944159355,23.450000762939453,37.20772432242734,12,26,9,23.7645777781407,29.043068187437985,-7.038269495099232,10,9880936.0,26.28608007778685,40.78213094380767,42.17975115139556,37.20772432242734,38.92333376519388,1.7597790858019486,23.450000762939453,22.75,283.43,3
GICRE,277,NSE_EQ,2026-09-28,417.95001220703125,417.95001220703125,417.95001220703125,337.5,360.4487471334661,20,370.30112092269866,50,371.6399421848496,14,2.046811699912784,4.074758610706613,337.5,33.4360563720403,12,26,9,354.839483517911,363.4353776251354,-6.701704713587642,10,35897959.0,360.4487471334661,370.30112092269866,372.48238880463936,33.4360563720403,39.68777874635548,-1.8941893936367684,337.5,339.29998779296875,58195.42,3
GILLANDERS,17839,NSE_EQ,2026-09-28,113.75,129.39999389648438,113.75,108.69000244140625,97.21925459511279,20,98.80654821914736,50,98.40314192436128,14,2.1140426113709503,1.2097973356136096,108.69000244140625,63.602419042133576,12,26,9,99.30572710084722,96.9211895634601,0.00402733806338873,10,362264.0,97.21925459511279,98.80654821914736,98.1534743848223,63.602419042133576,60.01968353723672,2.380510199323729,108.69000244140625,103.5,226.5,3
GILLETTE,1576,NSE_EQ,2026-09-28,8433.5,9933.0,8433.5,7072.0,7570.316138873551,20,7990.487603663233,50,8027.976893608671,14,41.50048083875613,88.99574258149391,7072.0,31.802055071822252,12,26,9,7417.389019005119,7672.927886133309,-217.55188876987808,10,868772.0,7570.316138873551,7990.487603663233,8066.955542327392,31.802055071822252,31.81947181658238,-37.986978358311774,7072.0,7117.0,22773.68,3
GINNIFILA,9294,NSE_EQ,2026-09-28,57.849998474121094,57.849998474121094,57.849998474121094,42.4900016784668,44.08679861900172,20,42.59204759540748,50,42.59621273487445,14,0.750086887137211,0.8526334899060922,42.4900016784668,46.80085795882688,12,26,9,44.011345870334445,43.86748703338921,0.9312742969075022,10,1957450.0,44.08679861900172,42.59204759540748,42.60626229653785,46.80085795882688,46.46683594162371,-0.7874154599622675,42.4900016784668,42.38999938964844,358.7,3
GIPCL,1145,NSE_EQ,2026-09-28,211.7100067138672,211.7100067138672,211.7100067138672,185.83999633789062,174.1809383927024,20,168.37841972214937,50,167.66570230926197,14,4.019618331642935,2.85455324533836,185.83999633789062,58.474221753541094,12,26,9,181.21009000321405,171.06803532615612,7.184137019381763,10,36107958.0,174.1809383927024,168.37841972214937,166.82144501153732,58.474221753541094,60.04013859067158,2.957917657676165,185.83999633789062,186.10000610351562,2875.68,3
GKENERGY,759048,NSE_EQ,2026-09-28,154.89999389648438,239.60000610351562,154.89999389648438,123.68000030517578,130.8314665700084,20,139.34657589052,50,139.98602795522794,14,3.0177664248072937,3.598132005415455,123.68000030517578,45.61385663089283,12,26,9,129.13277223596015,133.06733006866133,-3.6588462884203508,10,25924150.0,130.8314665700084,139.34657589052,140.8111720904182,45.61385663089283,43.21678923348137,-0.2757115442808371,123.68000030517578,124.5,2469.14,3
GKWLIMITED,17357,NSE_EQ,2026-09-28,1930.0,1985.4000244140625,1930.0,1556.0,1641.4489936292518,20,1698.818648362763,50,1704.6479809489983,14,15.248826356208868,22.72565668481415,1556.0,40.155454755594405,12,26,9,1620.567768106967,1651.5808128857022,-16.924529079904925,10,47464.0,1641.4489936292518,1698.818648362763,1709.445858718919,40.155454755594405,42.650413618262384,-14.088515698830395,1556.0,1591.0,928.67,3
GLAND,1186,NSE_EQ,2026-09-28,3042.0,3042.0,3042.0,2917.199951171875,2570.30935192224,20,2228.3999474042857,50,2200.2856615362207,14,59.83254293334509,24.343753461729786,2917.199951171875,71.08003736886417,12,26,9,2740.814996815277,2470.404193284714,240.1138355907443,10,31564348.0,2570.30935192224,2228.3999474042857,2169.199365993056,71.08003736886417,73.88243930982665,30.296967939818757,2917.199951171875,2885.0,47838.89,3
GLAXO,1153,NSE_EQ,2026-09-28,3120.699951171875,3120.699951171875,3120.699951171875,2815.699951171875,2657.746199473271,20,2583.9499768079077,50,2574.4907941808065,14,51.21976100817443,36.11249766011076,2815.699951171875,58.64930300580321,12,26,9,2743.0588162808044,2623.3251929184203,77.75527301510154,10,5382361.0,2657.746199473271,2583.9499768079077,2563.7026613380585,58.64930300580321,59.77872896220271,41.978350347282614,2815.699951171875,2829.0,47817.18,3
GLENMARK,7406,NSE_EQ,2026-09-28,2537.60009765625,2537.60009765625,2537.60009765625,2380.0,2309.6004086067896,20,2159.877033487373,50,2150.8924226093063,14,31.7665968282252,23.594592616058044,2380.0,57.3806255737981,12,26,9,2354.918198174025,2278.7985969612578,67.89140021262418,10,22209390.0,2309.6004086067896,2159.877033487373,2138.7900764976966,57.3806255737981,62.84577313407187,8.228201000142889,2380.0,2425.0,66116.28,3
GLFL,1156,NSE_EQ,2026-09-28,7.650000095367432,9.34000015258789,7.650000095367432,5.119999885559082,5.63420092104132,20,5.832546277546867,50,5.86162980375045,14,0.18418884679998976,0.2282377724142022,5.119999885559082,44.65978630354412,12,26,9,5.519752452426467,5.685303997920232,-0.08108090404017135,10,259752.0,5.63420092104132,5.832546277546867,5.894349389912527,44.65978630354412,44.07868278515333,-0.08447064145359326,5.119999885559082,5.019999980926514,14.05,3
GLOBAL,1415,NSE_EQ,2026-09-28,143.0,143.0,133.89999389648438,135.39999389648438,111.49010975957331,20,99.21234215567983,50,97.73529514585107,14,3.161319007836339,1.0556180781365112,135.39999389648438,74.96718455563632,12,26,9,116.65028609728003,108.49274257384104,5.569436978567908,10,7333337.0,111.49010975957331,99.21234215567983,96.41183765539155,74.96718455563632,72.5289185927377,2.5881065448710805,135.39999389648438,142.35000610351562,682.09,3
GLOBALE,24932,NSE_EQ,2026-09-28,15.399999618530273,15.399999618530273,15.399999618530273,10.59000015258789,11.479270520165551,20,13.01994252030055,50,13.119123841431678,14,0.16462466465812062,0.2488886921617482,10.59000015258789,39.81120849980984,12,26,9,11.2679014558631,11.636841982841919,-0.33048215973359224,10,178832.0,11.479270520165551,13.01994252030055,13.205618692102359,39.81120849980984,42.84560551202051,-0.038458367245225944,10.59000015258789,10.800000190734863,11.15,3
GLOBALVECT,13735,NSE_EQ,2026-09-28,208.8000030517578,248.0,208.8000030517578,134.05999755859375,152.7162998173259,20,172.00244872839104,50,173.55112020470932,14,2.3291231276367257,4.154509162260722,134.05999755859375,35.92312184739221,12,26,9,145.97192211422802,157.08615304677951,-9.310297065091925,10,646927.0,152.7162998173259,172.00244872839104,175.26422707710338,35.92312184739221,34.123270870109664,-1.803933867459568,134.05999755859375,133.85000610351562,189.07,3
GLOBE,393,NSE_EQ,2026-09-28,2.700000047683716,3.2899999618530273,2.700000047683716,2.240000009536743,2.142534154232604,20,2.3599598840857077,50,2.3648562054958697,14,0.04285601240240861,0.039612415716447566,2.240000009536743,51.966568758462486,12,26,9,2.074376308813616,2.1903251030668303,-0.12794106954437928,10,31921398.0,2.142534154232604,2.3599598840857077,2.3768911553837504,51.966568758462486,43.672808857030184,0.011992275291165033,2.240000009536743,2.2200000286102295,111.02,3
GLOBECIVIL,758572,NSE_EQ,2026-09-28,50.68000030517578,80.0,50.68000030517578,43.119998931884766,44.01038307783836,20,52.96520365830326,50,53.367048749177485,14,1.031139088836928,1.2010662342930485,43.119998931884766,46.19373845910711,12,26,9,43.334560351472305,45.207035775867894,-2.8607765086851833,10,3263474.0,44.01038307783836,52.96520365830326,53.82039774622419,46.19373845910711,44.671129471367635,0.9883010842895947,43.119998931884766,42.470001220703125,256.19,3
GLOBUSSPR,17424,NSE_EQ,2026-09-28,1155.0,1252.800048828125,1155.0,832.5499877929688,889.9560980938656,20,930.9664170949492,50,934.9834142093157,14,13.226954738222656,18.556919248495376,832.5499877929688,41.61530071428671,12,26,9,875.0150849353888,900.1952674600852,-21.173688642198194,10,4056277.0,889.9560980938656,930.9664170949492,939.6868188709204,41.61530071428671,39.88608283151081,-4.006493882498226,832.5499877929688,836.5,2376.74,3
GLOSTERLTD,23590,NSE_EQ,2026-09-28,756.4500122070312,756.4500122070312,756.4500122070312,552.7000122070312,623.3735507348448,20,632.3299944317744,50,635.5801977878863,14,7.9747967126153725,13.590978732998844,552.7000122070312,36.978947187531766,12,26,9,613.6520226785228,625.4832763786773,2.3633130523888704,10,77454.0,623.3735507348448,632.3299944317744,637.5957155666966,36.978947187531766,41.59406818871488,-14.194566752543304,552.7000122070312,566.0,602.73,3
GMBREW,1168,NSE_EQ,2026-09-28,1084.0,1328.800048828125,1085.0,978.7999877929688,930.5177019865318,20,924.5332628484598,50,922.3182944833777,14,14.55965990976229,11.09267493573992,978.7999877929688,56.75764018149455,12,26,9,927.4006310157484,933.4381121070529,-13.629726631947241,10,1251843.0,930.5177019865318,924.5332628484598,921.0272039640449,56.75764018149455,53.54308092854392,7.59224554064277,978.7999877929688,967.25,2232.87,3
GMDCLTD,5204,NSE_EQ,2026-09-28,771.9000244140625,771.9000244140625,771.9000244140625,538.0,581.5178238776177,20,564.4645280502839,50,565.5447128686628,14,7.744674789711466,11.196132832134765,538.0,40.88883084783986,12,26,9,572.0590003292714,582.9940366991613,-3.244065386942828,10,51390652.0,581.5178238776177,564.4645280502839,565.9159251405662,40.88883084783986,43.946529737618924,-7.690970982947044,538.0,542.0,16692.75,3
GMMPFAUDLR,1570,NSE_EQ,2026-09-28,1533.5999755859375,1533.5999755859375,1475.0,1505.199951171875,1058.886490470243,20,1021.8711889531936,50,1002.1434843728392,14,46.65479872519365,10.014860028195415,1505.199951171875,82.32765072438964,12,26,9,1144.5809036538042,1031.6981655706963,33.834219442413215,10,21643941.0,1058.886490470243,1021.8711889531936,983.1697490411184,82.32765072438964,81.43370874163516,79.04851864069461,1505.199951171875,1479.5,6721.2,3
GMRAIRPORT,13528,NSE_EQ,2026-09-28,115.63999938964844,115.63999938964844,115.63999938964844,97.94999694824219,101.16298942969924,20,98.45463562670321,50,98.47523312378325,14,1.034979172528053,1.2513248795537038,97.94999694824219,45.26865845274034,12,26,9,100.88183942750372,100.8374532722533,1.3457248542162457,10,521979663.0,101.16298942969924,98.45463562670321,98.4415690450904,45.26865845274034,47.26201958594458,-1.301338698965824,97.94999694824219,96.63999938964844,97008.18,3
GMRP&UI,8529,NSE_EQ,2026-09-28,117.9000015258789,136.3000030517578,117.9000015258789,102.68000030517578,99.4152870166517,20,103.70080726161304,50,103.74247285167169,14,1.6322707378016479,1.4891021792293846,102.68000030517578,52.29335876195853,12,26,9,97.67729582655315,100.63053647692901,-3.1480715207875165,10,60784985.0,99.4152870166517,103.70080726161304,104.20910449628711,52.29335876195853,37.449986220025686,0.1948308704116557,102.68000030517578,101.41000366210938,7744.24,3
GNA,18571,NSE_EQ,2026-09-28,648.0,648.0,601.6500244140625,617.6500244140625,506.84824918697154,20,442.1089803007182,50,434.9440397246633,14,16.31657246555064,6.158049762268861,617.6500244140625,72.59998544204088,12,26,9,538.1848804915976,488.3318313143196,42.64787311325771,10,28182403.0,506.84824918697154,442.1089803007182,429.89889898718144,72.59998544204088,66.26316051493569,7.205176064020314,617.6500244140625,623.0,2566.02,3
GNFC,1174,NSE_EQ,2026-09-28,636.0,636.0,619.0,630.2999877929688,546.436809349857,20,521.0793758724425,50,516.621391712421,14,13.328453038560083,5.99544209943562,630.2999877929688,68.97394621208096,12,26,9,566.7477185579592,536.3178120869447,22.358177672297444,10,40489448.0,546.436809349857,521.0793758724425,513.6712434388845,68.97394621208096,63.368168355325444,8.071728798716975,630.2999877929688,625.0999755859375,9107.11,3
GOACARBON,14687,NSE_EQ,2026-09-28,484.0,494.8999938964844,484.0,401.79998779296875,382.03652368095277,20,399.6724189426495,50,399.58557939773846,14,9.976737978189025,8.535062873045966,401.79998779296875,53.89393532463072,12,26,9,383.42926198438533,382.77449328306926,-1.8135718843994364,10,2662533.0,382.03652368095277,399.6724189426495,400.48294973627816,53.89393532463072,49.145292643180525,2.468340585715509,401.79998779296875,409.8999938964844,371.76,3
GOCLCORP,3963,NSE_EQ,2026-09-28,461.3999938964844,461.3999938964844,461.3999938964844,384.1000061035156,392.7562903927498,20,361.6378790823723,50,360.72105757130527,14,10.233838940474543,10.02387834816331,384.1000061035156,50.518223720174525,12,26,9,407.4613309466973,382.82632865178454,26.81131364084632,10,14268339.0,392.7562903927498,361.6378790823723,357.23620252917425,50.518223720174525,64.65187086494886,-2.1763113459335806,384.1000061035156,380.25,1862.31,3
GOCOLORS,6964,NSE_EQ,2026-09-28,440.0,715.4500122070312,440.0,317.3500061035156,334.0003498299585,20,415.61663159304885,50,419.62751426609105,14,7.87986510102743,10.098277002463755,317.3500061035156,43.8302526238083,12,26,9,327.34012012212224,344.0643069076418,-20.012219430034307,10,9468677.0,334.0003498299585,415.61663159304885,424.2653719912376,43.8302526238083,41.177692045095526,3.288032644514729,317.3500061035156,320.70001220703125,1627.98,3
GODAVARIB,25941,NSE_EQ,2026-09-28,353.0,353.0,353.0,236.52000427246094,259.6100141749337,20,268.652548838621,50,269.9640812698928,14,3.7306783176757023,5.879136992607369,236.52000427246094,38.821540240046616,12,26,9,250.1801264804689,263.9252982350771,-10.20311770891335,10,24375783.0,259.6100141749337,268.652548838621,271.1458807296094,38.821540240046616,40.16188463944294,-3.5420540456948295,236.52000427246094,239.92999267578125,1192.55,3
GODFRYPHLP,1181,NSE_EQ,2026-09-28,2491.699951171875,3540.0,2491.699951171875,1970.4000244140625,2131.485027802347,20,2269.695244560738,50,2281.911375995296,14,32.07445355071026,47.681086469371714,1970.4000244140625,40.21595683840158,12,26,9,2082.5112842907483,2167.36763492602,-73.93843470019056,10,16940695.0,2131.485027802347,2269.695244560738,2292.6832688930635,40.21595683840158,42.0067133435708,-10.917915935081055,1970.4000244140625,1974.0,30326.22,3
GODIGIT,23799,NSE_EQ,2026-09-28,334.0,374.0,334.0,253.6999969482422,277.10211006475583,20,302.19621200979685,50,304.17564935924804,14,2.8478443660070374,5.272645991133631,253.6999969482422,35.06985712387201,12,26,9,265.24174475924036,284.18814920808745,-16.69610705210972,10,32627660.0,277.10211006475583,302.19621200979685,306.8358799453398,35.06985712387201,25.427437670523574,-2.25029739673737,253.6999969482422,253.0,24012.7,3
GODREJAGRO,144,NSE_EQ,2026-09-28,698.4000244140625,727.0,695.5999755859375,657.7999877929688,604.545253645344,20,612.003912442748,50,610.1346848774328,14,10.795190539078229,6.505543263048875,657.7999877929688,62.397298649557705,12,26,9,616.7302566802975,602.0929369235887,1.2310584888756637,10,26445377.0,604.545253645344,612.003912442748,608.0340607668817,62.397298649557705,63.39184036049152,13.406261267833184,657.7999877929688,676.0,12535.05,3
GODREJCP,10099,NSE_EQ,2026-09-28,1148.0,1273.9000244140625,1148.0,880.0,979.1027875191481,20,1055.7408231694396,50,1062.913917992682,14,7.567139280989506,17.020723108161924,880.0,30.77591358380245,12,26,9,942.6387841727052,999.8080491984026,-43.622306998958976,10,81148288.0,979.1027875191481,1055.7408231694396,1070.379792196465,30.77591358380245,30.77591358380245,-13.546958026738452,880.0,873.3499755859375,88316.58,3
GODREJIND,10925,NSE_EQ,2026-09-28,1443.0,1443.0,1443.0,1105.300048828125,1161.2324775104323,20,1113.9906805147223,50,1114.3454001753996,14,19.495310754213502,22.643672200742987,1105.300048828125,46.264312489583745,12,26,9,1172.8431972779113,1148.2334785871374,47.840064137429934,10,5063999.0,1161.2324775104323,1113.9906805147223,1114.6288849003522,46.264312489583745,46.429583601630306,-23.230345446656045,1105.300048828125,1093.0,36545.65,3
GODREJPROP,17875,NSE_EQ,2026-09-28,2180.0,2352.0,2180.0,1700.0999755859375,1881.2038053442702,20,1920.6136579533377,50,1929.6142164173132,14,28.30068409916534,42.30741977007385,1700.0999755859375,40.08135404907069,12,26,9,1875.468862060637,1881.722061784804,26.223049144265403,10,28834070.0,1881.2038053442702,1920.6136579533377,1939.3494915532876,40.08135404907069,39.53080743711458,-32.476248868432364,1700.0999755859375,1666.0,50354.74,3
GOKEX,11778,NSE_EQ,2026-09-28,894.7000122070312,954.9000244140625,894.7000122070312,689.5999755859375,762.357039021871,20,765.2788048393691,50,768.3677366456316,14,12.069624643488867,17.460566979037413,689.5999755859375,40.87215145018528,12,26,9,764.1572676726356,759.9212548497362,15.188162870118433,10,11344111.0,762.357039021871,765.2788048393691,770.0256034474941,40.87215145018528,45.02719323430559,-10.952150047219035,689.5999755859375,698.0,4965.79,3
GOKUL,16705,NSE_EQ,2026-09-28,46.79999923706055,46.79999923706055,46.79999923706055,39.689998626708984,40.71826443669162,20,40.96140403053717,50,41.0132981286526,14,0.5052400795805876,0.5780258583767629,39.689998626708984,46.64044736173358,12,26,9,40.877464741796516,40.64188969071684,0.269364172953934,10,8084992.0,40.71826443669162,40.96140403053717,41.03710620308022,46.64044736173358,49.03297999483113,-0.03378912187425587,39.689998626708984,39.59000015258789,395.02,3
GOKULAGRO,14480,NSE_EQ,2026-09-28,259.79998779296875,259.79998779296875,259.79998779296875,221.88999938964844,222.33888623473868,20,203.5697298506467,50,202.82196374701397,14,3.405626374979241,3.102704841070831,221.88999938964844,52.327182835758116,12,26,9,226.4059356525923,218.5920043681262,9.735317307392227,10,28393513.0,222.33888623473868,203.5697298506467,201.94775796145683,52.327182835758116,53.7124916817477,-1.921386022926134,221.88999938964844,223.64999389648438,6404.29,3
GOLDIAM,11971,NSE_EQ,2026-09-28,398.20001220703125,398.20001220703125,398.20001220703125,325.04998779296875,333.86886478433496,20,308.8495486368838,50,308.18830622234975,14,6.4617401244283466,6.598619992913755,325.04998779296875,49.47597207406382,12,26,9,340.1178779022486,327.8032889642329,18.794794190663158,10,37778043.0,333.86886478433496,308.8495486368838,307.43068606815996,49.47597207406382,49.940294814481454,-6.480205252647426,325.04998779296875,322.1000061035156,4785.56,3
GOLDTECH,9878,NSE_EQ,2026-09-28,70.0,70.0,70.0,48.5099983215332,48.596262850841775,20,51.270677249498405,50,51.38335802206841,14,1.676481825918861,1.6895501018821377,48.5099983215332,49.80588009496669,12,26,9,48.54857021925553,48.64666040058865,0.7191886013181963,10,867654.0,48.596262850841775,51.270677249498405,51.794107341547765,49.80588009496669,40.76867868153973,-0.8172787826513164,48.5099983215332,48.5,249.86,3
GOODLUCK,6125,NSE_EQ,2026-09-28,557.3666381835938,557.3666381835938,557.3666381835938,525.6500244140625,476.50274081749177,20,431.7642272706564,50,427.9321539178643,14,14.000272462472708,9.256986134582238,525.6500244140625,60.1974321438106,12,26,9,491.90046414969277,465.68964538710804,26.041484431364765,10,35518695.0,476.50274081749177,431.7642272706564,424.28652754716484,60.1974321438106,59.14339412505911,0.16933433121995733,525.6500244140625,530.4500122070312,5260.93,3
GOODYEAR,1205,NSE_EQ,2026-09-28,1273.699951171875,1451.0,1273.699951171875,707.7999877929688,808.6991265920996,20,947.3325430931961,50,957.1093820850421,14,5.463849678983833,16.578371346335768,707.7999877929688,24.788108569946672,12,26,9,759.542464186301,846.395859548002,-95.0595359126556,10,518287.0,808.6991265920996,947.3325430931961,967.4056843911279,24.788108569946672,24.06217213406684,8.206140550954586,707.7999877929688,707.1500244140625,1626.19,3
GOPAL,23066,NSE_EQ,2026-09-28,343.0,364.3999938964844,343.0,260.95001220703125,273.3461717740146,20,291.02741454041194,50,292.2550636152438,14,3.484667605221195,4.778751677046351,260.95001220703125,42.16980267114045,12,26,9,268.3224187916225,277.13469331038124,-8.414873600715765,10,7642491.0,273.3461717740146,291.02741454041194,293.7042498852537,42.16980267114045,39.99120188330935,-0.39740091804296185,260.95001220703125,264.0,3158.74,3
GOYALALUM,11787,NSE_EQ,2026-09-28,7.590000152587891,11.369999885559082,7.590000152587891,5.909999847412109,6.431524464872092,20,6.884156885061582,50,6.923918396802376,14,0.058966839874782954,0.10746283262622894,5.909999847412109,35.43048483402167,12,26,9,6.267611667025442,6.525686716806457,-0.1879239329927822,10,3103474.0,6.431524464872092,6.884156885061582,6.971017107654452,35.43048483402167,31.302786513180877,-0.07015111678823338,5.909999847412109,6.099999904632568,91.01,3
GPIL,13409,NSE_EQ,2026-09-28,320.0,320.0,320.0,229.4199981689453,249.48128226270012,20,251.05911431426557,50,251.9423435446868,14,2.2241049786330267,3.9559883290020363,229.4199981689453,35.98821033794593,12,26,9,243.3771493753098,251.71944847359413,-5.474945794914527,10,75226677.0,249.48128226270012,251.05911431426557,252.69631670076774,35.98821033794593,37.755520371171485,-2.8673533033697876,229.4199981689453,230.0,13969.0,3
GPPL,19731,NSE_EQ,2026-09-28,173.8000030517578,200.08999633789062,173.8000030517578,163.1999969482422,158.80763872977568,20,160.48950711386024,50,160.37887487572218,14,1.83763038333411,1.515419382322135,163.1999969482422,54.80474528460978,12,26,9,159.51155069413085,158.962927021506,-0.9131405955724851,10,86251521.0,158.80763872977568,160.48950711386024,160.38005319295507,54.80474528460978,51.883489725228166,1.461764268197327,163.1999969482422,162.72999572753906,7765.72,3
GPTHEALTH,22846,NSE_EQ,2026-09-28,175.0,175.0,175.0,161.27000427246094,153.83722580762955,20,149.04856030293612,50,148.5497258552004,14,2.69002798938524,1.9459455940516097,161.27000427246094,58.02509313245493,12,26,9,157.35583718982286,151.85871687416576,5.097338865761104,10,7375866.0,153.83722580762955,149.04856030293612,147.8288980650507,58.02509313245493,62.80539266742573,0.39978144989599507,161.27000427246094,162.0,1300.49,3
GPTINFRA,17685,NSE_EQ,2026-09-28,150.0,150.0,150.0,114.43000030517578,115.6698265554671,20,115.51795456615537,50,115.56236086252187,14,1.563059458438426,1.646155068307797,114.43000030517578,48.70535906563996,12,26,9,115.54974519044718,115.53170556282097,0.6493193095134955,10,9837152.0,115.6698265554671,115.51795456615537,115.42368175142184,48.70535906563996,54.166761377989296,-0.6312796818872868,114.43000030517578,115.98999786376953,1479.41,3
GRANULES,11872,NSE_EQ,2026-09-28,923.6500244140625,923.6500244140625,923.6500244140625,868.6500244140625,818.1229741922436,20,720.7141202956753,50,714.6759201275779,14,15.453897262816257,9.43993746234311,868.6500244140625,62.07921532955917,12,26,9,850.2145773360413,794.2577175057166,60.04266665091068,10,44678128.0,818.1229741922436,720.7141202956753,708.1116719695198,62.07921532955917,63.32383422308116,-4.085806820586008,868.6500244140625,856.9000244140625,21286.95,3
GRAPHITE,592,NSE_EQ,2026-09-28,874.3499755859375,874.3499755859375,874.3499755859375,820.7000122070312,718.2616659459952,20,664.4541940989842,50,658.0768137680435,14,18.078442797995468,8.998555607781947,820.7000122070312,66.7667904952791,12,26,9,743.7623092801848,704.7112549422096,23.79512471207424,10,112118619.0,718.2616659459952,664.4541940989842,651.024847979558,66.7667904952791,68.60368130373772,15.255929625900947,820.7000122070312,819.5999755859375,15611.63,3
GRASIM,1232,NSE_EQ,2026-09-28,3411.10009765625,3411.10009765625,3411.10009765625,3191.0,3150.8040580161723,20,2985.9220450836056,50,2977.551516311508,14,32.22986507110117,25.446337387037374,3191.0,55.88069896677689,12,26,9,3210.0404362763284,3109.2324944665793,109.27306900966104,10,41108370.0,3150.8040580161723,2985.9220450836056,2968.096478153942,55.88069896677689,57.16926942911272,-8.465127199911961,3191.0,3175.0,213532.97,3
GRAUWEIL,5200,NSE_EQ,2026-09-28,115.5999984741211,144.60000610351562,115.5999984741211,88.0199966430664,80.17775008498825,20,89.09899557439279,50,89.14303634709998,14,2.328933515205027,1.9479160457053746,88.0199966430664,54.45441748737294,12,26,9,77.9780297846543,82.66262414656657,-7.562374894099166,10,34916208.0,80.17775008498825,89.09899557439279,89.24601731038643,54.45441748737294,53.36399326855465,2.8777805321868914,88.0199966430664,87.19999694824219,3850.26,3
GRAVITA,20534,NSE_EQ,2026-09-28,1870.0,1913.5999755859375,1870.0,1495.4000244140625,1677.232963149029,20,1680.594180398941,50,1688.1531255411808,14,29.000685385937597,42.88952268768316,1495.4000244140625,40.34024405137178,12,26,9,1672.5732424780806,1676.0616141976502,20.137922146187925,10,9881976.0,1677.232963149029,1680.594180398941,1691.8165174239202,40.34024405137178,44.93926530322714,-23.62629386575754,1495.4000244140625,1520.0,10785.47,3
GREAVESCOT,1235,NSE_EQ,2026-09-28,271.8999938964844,271.8999938964844,271.8999938964844,234.77999877929688,202.43489141656028,20,194.48832494553244,50,192.84376682986857,14,6.987102892992537,4.244862018385097,234.77999877929688,62.20730698610728,12,26,9,206.9129094094051,199.52886904917204,8.388900217628422,10,87616623.0,202.43489141656028,194.48832494553244,192.65983869625032,62.20730698610728,50.401184901902354,-1.0048598573953633,234.77999877929688,223.5,5367.59,3
GREENLAM,6848,NSE_EQ,2026-09-28,278.54998779296875,278.54998779296875,278.54998779296875,224.32000732421875,243.02907821824098,20,243.3317922837457,50,244.10778350658353,14,3.111228223803812,4.5427024146219,224.32000732421875,40.648764285689175,12,26,9,242.0316227697384,242.94714563934753,2.444337870740058,10,6216332.0,243.02907821824098,243.3317922837457,244.62197897596099,40.648764285689175,43.572427288988145,-3.359860740349192,224.32000732421875,227.0,5625.33,3
GREENPANEL,13810,NSE_EQ,2026-09-28,240.39999389648438,314.3999938964844,240.39999389648438,162.61000061035156,180.28018959282335,20,208.19290104733994,50,210.05342759578843,14,2.5070906619148907,4.4088522651682,162.61000061035156,36.250887093024296,12,26,9,171.25732010434876,186.3512387924788,-13.474133074225033,10,16154133.0,180.28018959282335,208.19290104733994,212.184995994349,36.250887093024296,32.94026040258257,-1.6197856139049982,162.61000061035156,168.0,1961.56,3
GREENPLY,3987,NSE_EQ,2026-09-28,334.3999938964844,334.3999938964844,334.3999938964844,287.25,284.56678659739066,20,276.7727228987862,50,276.34507893547135,14,5.167206458419543,4.6593404060457075,287.25,52.584153209559204,12,26,9,290.08496701113046,281.1035072976457,10.515007278937869,10,7678992.0,284.56678659739066,276.7727228987862,275.67140843881646,52.584153209559204,54.81547773209088,-1.5335475654531159,287.25,294.54998779296875,3505.15,3
GREENPOWER,20110,NSE_EQ,2026-09-28,13.449999809265137,14.930000305175781,13.449999809265137,8.960000038146973,9.901965803357712,20,10.928807258117681,50,11.009166736483833,14,0.0954773956723061,0.18621056118024254,8.960000038146973,33.894738255453476,12,26,9,9.581170631373276,10.106161460154329,-0.432714768198954,10,128550622.0,9.901965803357712,10.928807258117681,11.089132717942974,33.894738255453476,34.68633750880272,-0.09227606058209942,8.960000038146973,9.0,1033.99,3
GRINDWELL,13560,NSE_EQ,2026-09-28,2455.0,2455.0,2455.0,1972.699951171875,1953.9894412318574,20,1843.701086546567,50,1838.4358267659422,14,35.608794525360985,31.30634420943357,1972.699951171875,53.21485570924344,12,26,9,1987.8732345619724,1921.828901610398,98.03384476338337,10,1416922.0,1953.9894412318574,1843.701086546567,1836.1025962018607,53.21485570924344,49.019109200743756,-31.98951181180891,1972.699951171875,2000.800048828125,21532.21,3
GRINFRA,5054,NSE_EQ,2026-09-28,1004.5999755859375,1309.800048828125,1004.5999755859375,812.4000244140625,880.3016487855149,20,958.2857524141582,50,964.2402719243662,14,7.97761667716036,14.459857041543058,812.4000244140625,35.55487920420552,12,26,9,863.2450125383934,894.2055713531232,-28.99601479389022,10,1669113.0,880.3016487855149,958.2857524141582,969.8868126390724,35.55487920420552,37.15152438249558,-1.9645440208395577,812.4000244140625,818.4000244140625,7780.98,3
GRMOVER,10871,NSE_EQ,2026-09-28,180.77999877929688,185.4499969482422,180.77999877929688,80.62999725341797,102.10443982233318,20,118.65377857517066,50,120.20576964952792,14,0.9510214451450939,3.1436013475952103,80.62999725341797,23.2261063664091,12,26,9,91.5538360663364,108.279127293055,-16.051835796355522,10,52850246.0,102.10443982233318,118.65377857517066,121.77988272135974,23.2261063664091,23.642665630342947,-0.6734554303630738,80.62999725341797,79.87000274658203,1661.0,3
GROBTEA,17770,NSE_EQ,2026-09-28,1060.0,1225.0,1060.0,894.3499755859375,928.2524730164199,20,946.5448215062063,50,948.675223380503,14,11.733904236642827,14.534850638391507,894.3499755859375,44.6686730774387,12,26,9,929.5121662553669,930.2464951126694,-2.984344620550436,10,11701.0,928.2524730164199,946.5448215062063,949.7680886444392,44.6686730774387,48.28589482595182,2.2500157632478786,894.3499755859375,890.0,104.03,3
GRPLTD,6543,NSE_EQ,2026-09-28,2143.39990234375,2300.10009765625,2143.39990234375,1999.0,1950.914776083646,20,1993.9819730552833,50,1993.777155628968,14,31.2183109433653,27.022620923560357,1999.0,53.60201140788033,12,26,9,1974.8305482282426,1944.4723527231304,21.638915526654966,10,93972.0,1950.914776083646,1993.9819730552833,1993.1884700966045,53.60201140788033,54.213711166588034,8.71927997845727,1999.0,1999.199951171875,1052.51,3
GRSE,5475,NSE_EQ,2026-09-28,3339.0,3339.0,3339.0,2319.0,2555.982143354327,20,2522.2893192348592,50,2530.586842468935,14,28.13493054227906,46.92586878441752,2319.0,37.48285495845022,12,26,9,2521.7340831380934,2563.0289437229335,-0.702006569208458,10,18818543.0,2555.982143354327,2522.2893192348592,2535.435283025703,37.48285495845022,41.11357008293078,-40.59285401563162,2319.0,2344.10009765625,25753.83,3
GRWRHITECH,7982,NSE_EQ,2026-09-28,7990.0,7990.0,7990.0,6640.0,6426.828044419709,20,5359.4847941208445,50,5307.218867350267,14,113.85932321258313,73.40788914577662,6640.0,60.80045822153787,12,26,9,6769.8309301376985,6156.734619078797,731.6588753201215,10,3241578.0,6426.828044419709,5359.4847941208445,5249.370657854359,60.80045822153787,62.825350131434305,-118.56256426121968,6640.0,6321.0,15347.67,3
GSFC,1247,NSE_EQ,2026-09-28,180.58999633789062,199.99000549316406,180.58999633789062,156.8000030517578,160.623367920393,20,169.41344368174,50,169.92827799316785,14,1.6399184371140978,2.0872019566282742,156.8000030517578,43.999609990260296,12,26,9,158.54717684982222,162.3211249527587,-3.8336676496184645,10,40848660.0,160.623367920393,169.41344368174,170.66330982272797,43.999609990260296,38.22193510853971,0.059719546681977764,156.8000030517578,154.9499969482422,6107.77,3
GSLSU,14599,NSE_EQ,2026-09-28,66.58999633789062,139.6699981689453,66.58999633789062,31.1299991607666,38.630671602119435,20,62.74952746743992,50,64.04012045954903,14,1.022517047321071,2.0479657309121366,31.1299991607666,33.30150732548448,12,26,9,32.56521627011546,43.625544649890266,-12.455627414378407,10,5099915.0,38.630671602119435,62.74952746743992,65.50951309399889,33.30150732548448,28.135718876335687,1.3952990346035978,31.1299991607666,31.079999923706055,132.23,3
GSS,15347,NSE_EQ,2026-09-28,16.65999984741211,27.5,16.65999984741211,10.720000267028809,12.438314272187057,20,17.993636572301547,50,18.290519686802476,14,0.2508154803817718,0.44161735268487995,10.720000267028809,36.22235520966825,12,26,9,11.77594497164654,13.074991855103317,-1.3065181766547347,10,2526758.0,12.438314272187057,17.993636572301547,18.613806209302208,36.22235520966825,33.833436289800176,0.007471293197957918,10.720000267028809,10.479999542236328,25.61,3
GTECJAINX,1129,NSE_EQ,2026-09-28,38.349998474121094,38.349998474121094,38.349998474121094,26.520000457763672,26.737016751256277,20,26.163702747031106,50,26.149159983327735,14,0.9906513570209903,0.9629185710948158,26.520000457763672,50.709797625542954,12,26,9,27.52526471972329,26.226414451198103,1.5840679970891713,10,350719.0,26.737016751256277,26.163702747031106,26.120146080183904,50.709797625542954,51.348129814985214,-0.2852177285639854,26.520000457763672,26.100000381469727,28.25,3
GTL,1162,NSE_EQ,2026-09-28,9.319999694824219,9.800000190734863,9.319999694824219,7.03000020980835,7.391765975142132,20,7.830108475816987,50,7.862765956062237,14,0.10888522948477934,0.14250690215127668,7.03000020980835,43.31290274526732,12,26,9,7.307919635319716,7.455161371175735,-0.1096441410233405,10,10044592.0,7.391765975142132,7.830108475816987,7.894307417428537,43.31290274526732,44.064103575839994,-0.037597594832678466,7.03000020980835,7.079999923706055,110.28,3
GTLINFRA,13745,NSE_EQ,2026-09-28,1.6699999570846558,1.6699999570846558,1.6699999570846558,1.1200000047683716,1.232867462020218,20,1.302802716873856,50,1.3102640520618352,14,0.01767881522582319,0.027430167423791608,1.1200000047683716,39.19134103099564,12,26,9,1.2067673186792,1.24482761104939,-0.016861714707234132,10,1476262957.0,1.232867462020218,1.302802716873856,1.316805442915047,39.19134103099564,41.14593572601597,-0.02119857766295591,1.1200000047683716,1.1100000143051147,1540.46,3
GTPL,21195,NSE_EQ,2026-09-28,72.5999984741211,118.25,72.5999984741211,56.56999969482422,60.928182597795285,20,74.02044788720293,50,74.73271107872858,14,0.77925004387334,1.3252582243607853,56.56999969482422,37.02765418580189,12,26,9,58.47294410032734,63.25259539931246,-5.514629710385404,10,3705337.0,60.928182597795285,74.02044788720293,75.45812789482065,37.02765418580189,37.524359195026435,0.7349784114002818,56.56999969482422,55.900001525878906,608.36,3
GUFICBIO,11606,NSE_EQ,2026-09-28,467.79998779296875,467.79998779296875,467.79998779296875,423.75,391.8098389451959,20,363.9918890505471,50,361.5527824811817,14,9.109441512092534,5.783341051921759,423.75,61.16682005486232,12,26,9,410.3016341289006,381.86168983212883,24.944680975387783,10,4848123.0,391.8098389451959,363.9918890505471,358.514120541638,61.16682005486232,64.9848966517558,3.4952633213840016,423.75,418.95001220703125,4190.18,3
GUJALKALI,1267,NSE_EQ,2026-09-28,815.0,815.0,815.0,630.9000244140625,656.3849216211005,20,627.2321812663655,50,627.082473382786,14,11.54720457661636,12.732701915111063,630.9000244140625,47.55868635882387,12,26,9,666.266191834574,647.6826760002929,24.13731651716192,10,5666594.0,656.3849216211005,627.2321812663655,626.6082881246535,47.55868635882387,48.675627890859694,-5.553800682880805,630.9000244140625,624.5,4471.07,3
GUJAPOLLO,14677,NSE_EQ,2026-09-28,457.0,495.0,457.0,329.1000061035156,363.0878593260757,20,381.94956668439556,50,384.1066916060641,14,5.572025504982433,8.747738196868406,329.1000061035156,38.91143472054811,12,26,9,353.0833967604609,369.4507566765767,-15.520554371722653,10,573407.0,363.0878593260757,381.94956668439556,385.4947195857599,38.91143472054811,43.46433861474357,-0.8468055443931348,329.1000061035156,328.79998779296875,540.91,3
GUJENERGY,10599,NSE_EQ,2026-09-28,423.8999938964844,443.75,423.8999938964844,236.02000427246094,292.9700457685061,20,346.2438552952419,50,350.74278799004924,14,4.262033948357422,9.8630707692106,236.02000427246094,30.173467974765103,12,26,9,270.2095523543478,306.75458814102666,-32.372608701513315,10,80111626.0,292.9700457685061,346.2438552952419,355.07351405537173,30.173467974765103,31.54867615843672,-4.172427085165538,236.02000427246094,235.0,22067.34,3
GUJRAFFIA,4548,NSE_EQ,2026-09-28,50.0099983215332,88.0,50.0099983215332,40.689998626708984,41.0194636422032,20,42.45847296422789,50,42.53065559024907,14,0.7524288864217176,0.8003507283772008,40.689998626708984,48.456901369042995,12,26,9,40.893099679399455,41.2651089320481,-0.5759827907440668,10,150850.0,41.0194636422032,42.45847296422789,42.62374357352454,48.456901369042995,47.39211043626802,0.2039735380954214,40.689998626708984,40.79999923706055,,3
GUJTHEM,29731,NSE_EQ,2026-09-28,470.04998779296875,479.0,470.04998779296875,417.0,385.87010364231844,20,366.2779388703804,50,364.20765066100813,14,8.27403900795956,5.408526577117696,417.0,60.471400312405976,12,26,9,396.45009860409584,380.63726711825257,10.733287251470166,10,19954991.0,385.87010364231844,366.2779388703804,361.6283713452744,60.471400312405976,63.9430074188794,5.07954423437311,417.0,411.0,4374.6,3
GULFOILLUB,4391,NSE_EQ,2026-09-28,1230.4000244140625,1289.4000244140625,1230.4000244140625,1106.5999755859375,1067.9803791074003,20,1075.1412978752112,50,1073.8572702135489,14,19.771776383909224,16.55285599215358,1106.5999755859375,54.430768023239295,12,26,9,1081.7617879708428,1064.8244207540163,10.239992417891608,10,3775173.0,1067.9803791074003,1075.1412978752112,1074.0106291779412,54.430768023239295,50.90721098062401,6.697374798934879,1106.5999755859375,1090.800048828125,5497.18,3
GULFPETRO,11584,NSE_EQ,2026-09-28,71.4000015258789,71.4000015258789,71.4000015258789,60.880001068115234,52.03476045036191,20,45.218253187236975,50,44.57899817169092,14,1.7092816187376987,0.8033446938541227,60.880001068115234,68.02768920200245,12,26,9,57.14105520188801,49.4489908620983,6.166960042306937,10,11496710.0,52.03476045036191,45.218253187236975,43.872426693406936,68.02768920200245,70.03864463623577,1.5251042974827724,60.880001068115234,63.54999923706055,298.81,3
GULPOLY,6286,NSE_EQ,2026-09-28,227.6300048828125,227.6300048828125,227.6300048828125,170.36000061035156,182.81759734711412,20,176.43342544810778,50,176.68132033944477,14,3.180335045370628,3.9920968832948214,170.36000061035156,44.34109765001816,12,26,9,183.02361923572263,181.20179715625548,5.987539191725177,10,16214131.0,182.81759734711412,176.43342544810778,176.9544352311297,44.34109765001816,44.13525310744245,-4.165717112258023,170.36000061035156,170.47000122070312,1040.23,3
GVKPIL,13229,NSE_EQ,2026-09-28,3.6500000953674316,3.6600000858306885,3.6500000953674316,2.630000114440918,2.5269644247722027,20,2.9295135103645764,50,2.9417385469328887,14,0.05777718331066174,0.0564763092989819,2.630000114440918,50.56929288635594,12,26,9,2.42639254949805,2.6008142876527027,-0.18892312950671933,10,34898872.0,2.5269644247722027,2.9295135103645764,2.963442157590121,50.56929288635594,42.686457249236284,0.014501391352066656,2.630000114440918,2.5299999713897705,423.23,3
GVPIL,7862,NSE_EQ,2026-09-28,1084.0,1084.0,1084.0,669.7000122070312,698.8196742030733,20,595.379996069961,50,592.3465260235499,14,17.805494337463116,18.307853317678912,669.7000122070312,49.304469105145024,12,26,9,703.8665728136348,679.8510358023132,58.03367920012327,10,9756817.0,698.8196742030733,595.379996069961,589.7443444087586,49.304469105145024,47.90308794231227,-34.018142188801654,669.7000122070312,679.0,4411.37,3
GVPTECH,10866,NSE_EQ,2026-09-28,9.390000343322754,11.1899995803833,9.390000343322754,7.940000057220459,7.393218515041192,20,7.823695948777291,50,7.818948842310223,14,0.23879908020858606,0.1980748206344873,7.940000057220459,54.6608711913792,12,26,9,7.521507748491158,7.40284201601754,-0.03980671545477311,10,5220861.0,7.393218515041192,7.823695948777291,7.838497768421338,54.6608711913792,49.729341913639296,0.15847244792839088,7.940000057220459,7.920000076293945,137.87,3
GVT&D,16783,NSE_EQ,2026-09-28,5650.0,5650.0,5650.0,4280.0,4364.324357651624,20,3912.8738554855613,50,3897.889114893135,14,101.24954579218243,101.47213922384496,4280.0,49.945098761475634,12,26,9,4390.799528997908,4296.515282744262,172.25667485458598,10,42411480.0,4364.324357651624,3912.8738554855613,3878.007037949997,49.945098761475634,51.86388273611613,-77.97242860093957,4280.0,4292.0,107739.94,3
HAL,2303,NSE_EQ,2026-09-28,5149.89990234375,5149.89990234375,5149.89990234375,4800.0,4658.337177252364,20,4503.06620849497,50,4490.946461902928,14,59.77924952360279,44.38563925465162,4800.0,57.38905904355209,12,26,9,4758.178111799758,4606.789175327329,132.2700940518318,10,40826558.0,4658.337177252364,4503.06620849497,4478.319794850496,57.38905904355209,57.40085973420754,19.118842420597332,4800.0,4774.2001953125,317461.17,3
HALEOSLABS,21551,NSE_EQ,2026-09-28,1774.0,1774.0,1774.0,1501.800048828125,1473.704621357022,20,1394.2599565231899,50,1389.8705650005395,14,25.14240764767308,21.5477171228846,1501.800048828125,53.849519081875805,12,26,9,1487.963111015613,1457.8323762812424,42.12612786746985,10,37526.0,1473.704621357022,1394.2599565231899,1385.4734462011354,53.849519081875805,53.55106359494908,-11.995393133099185,1501.800048828125,1503.4000244140625,450.74,3
HAPPSTMNDS,48,NSE_EQ,2026-09-28,457.29998779296875,542.0,457.29998779296875,310.5,370.8452537559668,20,419.2149382561273,50,423.65228267474475,14,6.325353184536277,11.651513403492672,310.5,35.18607179711964,12,26,9,361.5789649241841,378.350676270899,-12.561656823363972,10,94712682.0,370.8452537559668,419.2149382561273,427.8197232821642,35.18607179711964,36.80187985798708,-4.210054523350909,310.5,311.6000061035156,4628.12,3
HAPPYFORGE,20854,NSE_EQ,2026-09-28,2470.0,2470.0,2470.0,2063.5,1825.7239906865866,20,1505.817946392279,50,1483.0554135919638,14,47.98031793976687,21.773858659342483,2063.5,68.78486748617071,12,26,9,1978.5245253893472,1736.062760535861,211.42892225271663,10,4889170.0,1825.7239906865866,1505.817946392279,1455.9025713374265,68.78486748617071,75.32583190810624,31.032842600769698,2063.5,2084.800048828125,19254.96,3
HARDWYN,8962,NSE_EQ,2026-09-28,20.200000762939453,20.200000762939453,20.200000762939453,9.270000457763672,12.003194095392516,20,12.816353935577494,50,12.961103057120914,14,0.18737752358036747,0.43275892748236344,9.270000457763672,30.215531317221817,12,26,9,10.880709434404086,12.414406221641459,-0.8790921032689137,10,87413424.0,12.003194095392516,12.816353935577494,13.116250126904946,30.215531317221817,29.320009267554013,-0.6546046839684593,9.270000457763672,9.369999885559082,605.05,3
HARIOMPIPE,8968,NSE_EQ,2026-09-28,448.8999938964844,510.29998779296875,448.8999938964844,344.54998779296875,367.32761541104486,20,382.1925953945277,50,383.72902835785663,14,6.2639693502201075,8.174820779862022,344.54998779296875,43.38292401085324,12,26,9,364.51153514495905,369.0461924790729,-1.0754691918716819,10,4777482.0,367.32761541104486,382.1925953945277,384.5791930297494,43.38292401085324,47.71430049991137,-3.459188142242149,344.54998779296875,350.70001220703125,1042.47,3
HARRMALAYA,1313,NSE_EQ,2026-09-28,237.89999389648438,237.89999389648438,237.89999389648438,172.58999633789062,196.81660991016022,20,197.81689940347812,50,198.84656891635922,14,2.464682473744927,4.35757593493896,172.58999633789062,36.12707590506528,12,26,9,193.85025292771812,197.18116609810264,1.6142550801379882,10,668786.0,196.81660991016022,197.81689940347812,199.67744905608146,36.12707590506528,38.50567486119764,-4.945168250522508,172.58999633789062,174.10000610351562,320.44,3
HARSHA,11162,NSE_EQ,2026-09-28,476.79998779296875,476.79998779296875,470.95001220703125,462.04998779296875,423.9724865009583,20,409.44993015417725,50,407.3029890260633,14,8.181749301214905,4.771873230982157,462.04998779296875,63.16186287564456,12,26,9,434.3400844229394,418.47164165939205,12.56133760802233,10,8358983.0,423.9724865009583,409.44993015417725,405.95004930439114,63.16186287564456,58.1809603571911,3.3071051555250346,462.04998779296875,461.0,4263.23,3
HATHWAY,18154,NSE_EQ,2026-09-28,12.890000343322754,14.380000114440918,12.890000343322754,9.930000305175781,10.679631811339783,20,11.583032495218871,50,11.650503196853283,14,0.10967293068620158,0.18043648998148384,9.930000305175781,37.803988037958185,12,26,9,10.492638690488883,10.823819867046888,-0.27227918084163644,10,58261677.0,10.679631811339783,11.583032495218871,11.718687019490709,37.803988037958185,38.275172177183954,-0.05890199571636817,9.930000305175781,9.989999771118164,1688.75,3
HATSUN,3892,NSE_EQ,2026-09-28,1349.699951171875,1349.699951171875,1349.699951171875,1165.300048828125,1027.6743282179611,20,983.9258121931435,50,976.5227821264095,14,24.477610492481286,12.387253228327888,1165.300048828125,66.39821234077795,12,26,9,1069.7365052290845,1010.3323800378948,30.302516812472717,10,4160345.0,1027.6743282179611,983.9258121931435,969.8869783117349,66.39821234077795,64.60120297602381,29.10160837871696,1165.300048828125,1145.699951171875,25082.47,3
HAVELLS,9819,NSE_EQ,2026-09-28,1410.699951171875,1520.9000244140625,1410.699951171875,1096.5,1204.0267217469566,20,1289.7564034357656,50,1297.6444199025316,14,10.134025745261926,19.976176331673198,1096.5,33.65645212000999,12,26,9,1180.6573603342927,1221.490893349406,-35.06239236103951,10,36956566.0,1204.0267217469566,1289.7564034357656,1304.3890891061426,33.65645212000999,36.789578002793824,-5.771140654073783,1096.5,1085.199951171875,67677.98,3
HAVISHA,7457,NSE_EQ,2026-09-28,1.809999942779541,2.4200000762939453,1.809999942779541,1.3799999952316284,1.3853606287351754,20,1.5578572605155934,50,1.5651167407312654,14,0.0324414492378485,0.035639978594667394,1.3799999952316284,47.6509530876119,12,26,9,1.3596654875082752,1.415979925256951,-0.0787731086136516,10,2712774.0,1.3853606287351754,1.5578572605155934,1.5747133406421192,47.6509530876119,44.752786976922664,0.02245867086497587,1.3799999952316284,1.340000033378601,45.28,3
HBLENGINE,13966,NSE_EQ,2026-09-28,875.0,1122.0,875.0,806.0,745.5201682713216,20,745.8050345846483,50,743.3480972207564,14,18.0529928015982,13.702614470870031,806.0,56.849779778105365,12,26,9,740.5798138603316,749.0124813736618,-12.823478661811622,10,74576149.0,745.5201682713216,745.8050345846483,742.6684277195628,56.849779778105365,51.86980689655075,4.390811148481406,806.0,779.0,22181.9,3
HBSL,4116,NSE_EQ,2026-09-28,66.5,108.80000305175781,66.5,56.08000183105469,54.85566695088005,20,61.94117142371835,50,62.180402835663806,14,1.2340484564193077,1.2423521300073224,56.08000183105469,49.83234389392557,12,26,9,54.047194037534325,55.97302480506558,-2.7827502497175107,10,172633.0,54.85566695088005,61.94117142371835,62.56817436752046,49.83234389392557,44.37752289046261,0.8569194821862585,56.08000183105469,55.75,39.6,3
HCC,1375,NSE_EQ,2026-09-28,28.5,29.5,28.5,21.260000228881836,22.037675500934206,20,22.724727334783342,50,22.784512114616057,14,0.5849959669693666,0.6413072738998041,21.260000228881836,47.704021931372964,12,26,9,22.14639827295521,21.990026823403483,0.29256079341754904,10,1260513553.0,22.037675500934206,22.724727334783342,22.825920753671255,47.704021931372964,49.16450362643249,-0.1361893438658216,21.260000228881836,21.549999237060547,5597.29,3
HCG,15555,NSE_EQ,2026-09-28,775.0,804.6500244140625,775.0,698.6500244140625,669.515102488368,20,638.4679220434597,50,636.0115097018023,14,8.883647299204549,5.909579433873439,698.6500244140625,60.052126959837054,12,26,9,685.6253468777203,661.1564520560034,20.692896870946615,10,7032243.0,669.515102488368,638.4679220434597,633.0629998937126,60.052126959837054,62.97103216617752,3.775997950770229,698.6500244140625,701.0,10281.1,3
HCL-INSYS,1327,NSE_EQ,2026-09-28,14.390000343322754,16.5,14.390000343322754,10.569999694824219,11.332088259243553,20,12.44031805168458,50,12.516657576454389,14,0.12163461226999225,0.202450426346538,10.569999694824219,37.53169624529164,12,26,9,10.955056750605047,11.580725216450633,-0.5475597874128064,10,10779442.0,11.332088259243553,12.44031805168458,12.600194609492167,37.53169624529164,36.123869881277294,-0.07810867843277891,10.569999694824219,10.9399995803833,328.37,3
HCLTECH,7229,NSE_EQ,2026-09-28,1474.9000244140625,1780.0999755859375,1474.9000244140625,1258.0,1271.30192859416,20,1351.8254015741284,50,1355.655009801644,14,17.94631406392156,20.276854570076523,1258.0,46.95140331186197,12,26,9,1263.6072584825538,1285.5757694243057,-35.0510299277333,10,103793510.0,1271.30192859416,1351.8254015741284,1359.9960286168896,46.95140331186197,46.07469586362127,13.082518985981402,1258.0,1241.0,336288.45,3
HDBFS,757772,NSE_EQ,2026-09-28,786.5499877929688,796.7000122070312,786.5499877929688,648.1500244140625,685.9860835301798,20,710.5137833347537,50,713.059242882537,14,9.521222580746265,12.771218335906998,648.1500244140625,42.71054307755758,12,26,9,682.6888321400393,688.5777666674101,-3.367544428317074,10,25656320.0,685.9860835301798,710.5137833347537,713.6575783302297,42.71054307755758,50.9070393616849,-2.5213900990537192,648.1500244140625,662.0,53411.86,3
HDFCAMC,4244,NSE_EQ,2026-09-28,2872.39990234375,2967.25,2872.39990234375,2378.0,2546.0219660008947,20,2562.146440032441,50,2569.6626212582546,14,36.310666252966115,50.53422869851589,2378.0,41.81093923051199,12,26,9,2508.0566477627804,2561.1368579763084,-25.79193511700965,10,30815591.0,2546.0219660008947,2562.146440032441,2575.5672180443057,41.81093923051199,43.492207350290066,-27.28827509651841,2378.0,2390.0,99272.56,3
HDFCBANK,1333,NSE_EQ,2026-09-28,843.0,1020.5,843.0,735.5999755859375,757.445723065041,20,814.7832242009426,50,818.0151935321674,14,5.688424227991923,8.622946056919975,735.5999755859375,39.74758611332334,12,26,9,739.6386841277332,771.4647042584653,-33.78665480879052,10,1263030766.0,757.445723065041,814.7832242009426,821.5668340845008,39.74758611332334,38.331766979532276,1.960634678058419,735.5999755859375,723.0,1106581.94,3
HDFCLIFE,467,NSE_EQ,2026-09-28,650.75,788.5,650.75,531.0,566.439549012946,20,618.3577550336316,50,621.9233776880656,14,5.287209733937069,9.154308364078606,531.0,36.61117687248928,12,26,9,550.5298174716834,579.2002952620545,-31.49708766166904,10,171157720.0,566.439549012946,618.3577550336316,624.820249748516,36.61117687248928,40.619235100320026,2.826609871297901,531.0,526.9000244140625,114463.14,3
HEADSUP,19205,NSE_EQ,2026-09-28,8.489999771118164,12.949999809265137,8.489999771118164,6.650000095367432,7.051229756910929,20,7.8982311111235,50,7.949179315848237,14,0.10083765926141294,0.14514427336619007,6.650000095367432,40.99392918181235,12,26,9,6.906911743303593,7.19914550926669,-0.3476815514242029,10,821872.0,7.051229756910929,7.8982311111235,7.999758061876861,40.99392918181235,41.72082552552424,0.05544778546110596,6.650000095367432,6.849999904632568,12.59,3
HEALTHX,20063,NSE_EQ,2026-09-28,347.8500061035156,363.0,347.8500061035156,288.6499938964844,300.66199647219725,20,297.8734287040186,50,298.24989543085667,14,3.977517479995851,4.839814347849438,288.6499938964844,45.110216533246266,12,26,9,300.9309332883354,299.9778698706847,2.8452183297906446,10,272003.0,300.66199647219725,297.8734287040186,298.1784625912998,45.110216533246266,49.6778780258258,-1.8921549121399481,288.6499938964844,287.75,905.34,3
HECPROJECT,7425,NSE_EQ,2026-09-28,160.5,160.5,160.5,115.4800033569336,123.05777349060438,20,124.56949546499165,50,124.94049514287155,14,2.5354934686775747,3.163937526703724,115.4800033569336,44.48678246534236,12,26,9,121.85197859475153,123.572460606168,-0.3917106916369193,10,697063.0,123.05777349060438,124.56949546499165,125.15153589796563,44.48678246534236,47.01450219923245,-1.3287713197795454,115.4800033569336,116.0,121.54,3
HEGAM,1336,NSE_EQ,2026-09-28,753.9000244140625,753.9000244140625,753.9000244140625,244.35000610351562,528.0277398748325,20,540.2682567991252,50,552.3465527458848,14,13.334149872129855,35.9639132367428,244.35000610351562,27.04801980289156,12,26,9,493.1091055657601,537.5818493378067,1.5011734176177196,10,80725006.0,528.0277398748325,540.2682567991252,565.2157996721756,27.04801980289156,26.268153310460036,-45.973917189664334,244.35000610351562,237.5,4615.73,3
HEIDELBERG,2316,NSE_EQ,2026-09-28,166.0,208.0,166.0,134.97000122070312,154.1649159954339,20,164.51582061744915,50,165.72177242956124,14,1.171888667763384,2.8181141391324567,134.97000122070312,29.370622640616503,12,26,9,151.76283258999914,156.03777110661713,-3.348492432564058,10,6825615.0,154.1649159954339,164.51582061744915,166.530008113668,29.370622640616503,36.53178774904577,-0.9264460840539352,134.97000122070312,140.1999969482422,3040.74,3
HEMIPROP,701,NSE_EQ,2026-09-28,163.85000610351562,190.69000244140625,163.85000610351562,120.36000061035156,131.21421313337083,20,136.0162981237487,50,136.65533067531592,14,1.3037900810116823,2.2461547524994416,120.36000061035156,36.72705188835709,12,26,9,128.49682348339846,132.4369969053968,-2.014816048570979,10,13448275.0,131.21421313337083,136.0162981237487,137.30371165622407,36.72705188835709,37.0325536190111,-1.9253573734273592,120.36000061035156,118.0999984741211,3399.2,3
HERANBA,2614,NSE_EQ,2026-09-28,235.19000244140625,327.0,235.19000244140625,187.60000610351562,182.407086037115,20,212.59223515177914,50,213.6123261333409,14,3.595428297930667,3.67325327347966,187.60000610351562,49.464655489551916,12,26,9,177.23521300589738,187.65848478373636,-12.825201120649925,10,5355636.0,182.407086037115,212.59223515177914,215.51405355623393,49.464655489551916,36.653645986690634,2.4019293428109485,187.60000610351562,173.9499969482422,736.9,3
HERITGFOOD,4598,NSE_EQ,2026-09-28,429.8999938964844,503.79998779296875,425.0,407.3999938964844,369.0298206085088,20,379.2491053871796,50,378.100089529657,14,7.200912081941682,4.187399724794717,407.3999938964844,63.23072466001685,12,26,9,378.6155598911448,368.07833420750524,-0.8518988005978132,10,26492849.0,369.0298206085088,379.2491053871796,376.4674398735811,63.23072466001685,67.77950854289585,11.389124484237389,407.3999938964844,414.20001220703125,3716.56,3
HEROMOTOCO,1348,NSE_EQ,2026-09-28,5937.0,6388.5,5937.0,5360.0,5299.363187778072,20,5222.563875196844,50,5216.954237449776,14,74.49079596481135,68.7167074659627,5360.0,52.01598671875452,12,26,9,5334.555431534743,5286.7886724448135,27.046232361811136,10,27789328.0,5299.363187778072,5222.563875196844,5214.156451223236,52.01598671875452,50.16414272720498,20.720526728117974,5360.0,5340.0,106182.1,3
HESTERBIO,7048,NSE_EQ,2026-09-28,2683.60009765625,2683.60009765625,2683.60009765625,2182.89990234375,2164.5692154685485,20,1972.6563629748878,50,1964.0749940210567,14,42.46110560806953,35.76057795277718,2182.89990234375,54.283037228468864,12,26,9,2249.5064003844755,2104.6170195505174,172.35524311818529,10,784191.0,2164.5692154685485,1972.6563629748878,1954.6249897910488,54.283037228468864,54.91995798386716,-27.465862284227228,2182.89990234375,2190.199951171875,1851.69,3
HEXATRADEX,27008,NSE_EQ,2026-09-28,175.5,182.39999389648438,175.5,157.35000610351562,159.54765118192017,20,165.70653412142352,50,166.04761689766465,14,1.0664928864061398,1.3175419974811557,157.35000610351562,44.73478528414679,12,26,9,158.5174685461763,160.44466292609954,-1.9981939537894449,10,163441.0,159.54765118192017,165.70653412142352,166.3642545960945,44.73478528414679,46.03116816266927,0.07099957386620881,157.35000610351562,159.89999389648438,867.47,3
HEXT,29666,NSE_EQ,2026-09-28,622.7999877929688,807.75,622.7999877929688,496.70001220703125,531.0383123021718,20,575.6283798460065,50,578.8499458720871,14,9.58039786517489,12.844543760375588,496.70001220703125,42.72206378570545,12,26,9,527.1185929683085,537.3247203063045,-10.838940137451129,10,28212022.0,531.0383123021718,575.6283798460065,581.066270691643,42.72206378570545,46.880790561548714,0.6328127994551203,496.70001220703125,496.95001220703125,29858.69,3
HFCL,21954,NSE_EQ,2026-09-28,256.70001220703125,256.70001220703125,256.70001220703125,211.27000427246094,197.26674664066806,20,152.09662971067647,50,149.68138993264446,14,6.241148395084568,4.078967169653462,211.27000427246094,60.475566924942626,12,26,9,214.03346933040552,185.04652697415315,32.2049770439486,10,725187974.0,197.26674664066806,152.09662971067647,146.9863443497374,60.475566924942626,62.39293744298997,-3.218034687696232,211.27000427246094,210.5,31129.49,3
HGINFRA,1672,NSE_EQ,2026-09-28,680.0,976.4500122070312,680.0,453.1000061035156,528.1662824319068,20,643.148267242889,50,650.9053391261288,14,5.871609668176703,13.502106851610547,453.1000061035156,30.307089825433152,12,26,9,502.3309675457138,548.671075207929,-43.078719495983286,10,21023281.0,528.1662824319068,643.148267242889,659.4137198167042,30.307089825433152,27.458738974205943,-3.261388166231903,453.1000061035156,463.0,2941.97,3
HGM,13592,NSE_EQ,2026-09-28,67.80000305175781,81.0,67.80000305175781,42.18000030517578,50.12171699273387,20,54.891078969676244,50,55.40989850700279,14,1.0642180187998151,1.7820218965981798,42.18000030517578,37.39031320031937,12,26,9,48.35917617273058,51.32303213112468,-2.7853341108301652,10,416758.0,50.12171699273387,54.891078969676244,55.69152708600154,37.39031320031937,44.45174652160136,-0.17852184756393363,42.18000030517578,42.7400016784668,52.83,3
HGS,14712,NSE_EQ,2026-09-28,477.6000061035156,545.0,477.6000061035156,376.6000061035156,404.621189340863,20,435.94847906067525,50,438.37086571198785,14,3.5345025100994163,6.080736242191669,376.6000061035156,36.75938373612644,12,26,9,398.64305882715155,408.90461166512097,-6.939195484850499,10,764867.0,404.621189340863,435.94847906067525,440.7778400718043,36.75938373612644,37.54022893911764,-3.322357353118919,376.6000061035156,374.5,1727.79,3
HIKAL,9668,NSE_EQ,2026-09-28,257.0,261.0,257.0,217.5800018310547,215.1401119736111,20,226.28215749381135,50,226.63734752086265,14,4.800651584266544,4.600776115910516,217.5800018310547,51.063005932345064,12,26,9,218.10875899482775,214.85158688809773,1.9775744629625787,10,84355170.0,215.1401119736111,226.28215749381135,226.6617293263618,51.063005932345064,54.57057825022422,1.279597643767446,217.5800018310547,215.97999572753906,2635.26,3
HILINFRA,759103,NSE_EQ,2026-09-28,58.5,86.3499984741211,58.5,42.86000061035156,46.32951455918939,20,56.42502878420234,50,56.978703403543186,14,0.5604174461829932,1.053612936140054,42.86000061035156,34.72161691134919,12,26,9,44.6565505741167,48.11617190952112,-4.017810119262014,10,3761578.0,46.32951455918939,56.42502878420234,57.511711780465546,34.72161691134919,36.43057391706176,0.5581887838575934,42.86000061035156,42.900001525878906,282.89,3
HILTON,14627,NSE_EQ,2026-09-28,29.15999984741211,50.63999938964844,29.15999984741211,16.850000381469727,20.722043974223972,20,29.592511515597124,50,30.11261401086763,14,0.4565986060749038,0.8739784997657765,16.850000381469727,34.31583213559183,12,26,9,19.353574023955158,22.028261488307876,-2.7179869239874743,10,4178559.0,20.722043974223972,29.592511515597124,30.673128902708488,34.31583213559183,32.61567209479422,0.04329945963475579,16.850000381469727,16.600000381469727,85.99,3
HIMATSEIDE,1360,NSE_EQ,2026-09-28,97.51000213623047,129.49000549316406,97.51000213623047,68.79000091552734,77.59994593654211,20,92.684038244198,50,93.65930507393966,14,1.156006467636384,2.1104844317155256,68.79000091552734,35.389857288925626,12,26,9,73.50878238946179,80.67906414598923,-6.805759301446295,10,24352684.0,77.59994593654211,92.684038244198,94.84295002952456,35.389857288925626,28.975576104339865,-0.36452245508114967,68.79000091552734,69.47000122070312,837.24,3
HINDALCO,1363,NSE_EQ,2026-09-28,1176.0,1176.0,1176.0,977.0,995.6143626178916,20,937.9131595818776,50,936.3177783403216,14,11.719538663987748,12.389271721709205,977.0,48.61102010632845,12,26,9,999.2674220353185,987.3900129026798,20.52284197716789,10,177608314.0,995.6143626178916,937.9131595818776,934.2695243950286,48.61102010632845,50.01886103437986,-8.645432844529171,977.0,979.2000122070312,214298.45,3
HINDCOMPOS,1372,NSE_EQ,2026-09-28,550.0,550.0,550.0,387.3500061035156,409.7333461583729,20,424.7173998474377,50,426.24259959208763,14,4.985698300662108,7.0341456762238765,387.3500061035156,41.47889365493883,12,26,9,402.50430532037694,413.42321616741896,-6.477259426367114,10,167914.0,409.7333461583729,424.7173998474377,428.1851549266021,41.47889365493883,38.28838514747762,-4.4416514206749,387.3500061035156,389.3999938964844,561.99,3
HINDCON,4920,NSE_EQ,2026-09-28,27.6299991607666,37.75,26.780000686645508,27.600000381469727,23.17334332809061,20,24.970070627041867,50,24.862726555432566,14,0.7051368951120478,0.372196841221993,27.600000381469727,65.45203880011155,12,26,9,23.59838751519201,23.238053927275956,-0.3139546879449482,10,1658294.0,23.17334332809061,24.970070627041867,24.905695008064818,65.45203880011155,53.857191131329294,0.6742882758610007,27.600000381469727,25.399999618530273,114.11,3
HINDCOPPER,17939,NSE_EQ,2026-09-28,618.0999755859375,760.0499877929688,618.0999755859375,494.6499938964844,514.8109188371394,20,477.6096473842963,50,476.91412303686,14,8.458203925088002,9.628533867174903,494.6499938964844,46.7646737749813,12,26,9,514.7497015588688,510.8213375373659,8.966220210403465,10,533392563.0,514.8109188371394,477.6096473842963,476.0779650425896,46.7646737749813,47.27813153300849,-5.037856188900578,494.6499938964844,496.0,46645.46,3
HINDOILEXP,1403,NSE_EQ,2026-09-28,201.44000244140625,201.44000244140625,201.44000244140625,173.3800048828125,165.1219084524251,20,162.1863235001233,50,161.72943854572785,14,3.5920170473195085,2.8057906004307687,173.3800048828125,56.144498945394275,12,26,9,168.96715690635313,163.3738498304121,3.5891955603346797,10,68538789.0,165.1219084524251,162.1863235001233,160.97186488285416,56.144498945394275,60.83795447935953,2.0041115156063474,173.3800048828125,173.39999389648438,2302.62,3
HINDPETRO,1406,NSE_EQ,2026-09-28,420.0,508.45001220703125,420.0,351.0,375.6607397492434,20,389.9231274524484,50,391.51182653214016,14,4.057612312225008,6.350304043603137,351.0,38.98582745577944,12,26,9,368.25317235996556,380.135581637913,-9.260205965616663,10,218332008.0,375.6607397492434,389.9231274524484,392.8388398599826,38.98582745577944,41.25062116846504,-2.622203312330768,351.0,352.54998779296875,73441.2,3
HINDUNILVR,1394,NSE_EQ,2026-09-28,2408.0,2667.199951171875,2408.0,1942.9000244140625,2077.8163923902193,20,2197.194932673712,50,2207.57431668431,14,9.955570163553405,23.07510357350656,1942.9000244140625,30.140378736457293,12,26,9,2026.287683461014,2108.7461414343566,-67.2974887626333,10,66428907.0,2077.8163923902193,2197.194932673712,2218.822247977547,30.140378736457293,28.453951310028486,-15.160969210709254,1942.9000244140625,1933.5,447316.45,3
HINDWAREAP,15883,NSE_EQ,2026-09-28,272.989990234375,392.70001220703125,272.989990234375,173.67999267578125,207.32604003845853,20,232.93096879839425,50,235.3493759870723,14,3.1695635924006176,6.3121802874941855,173.67999267578125,33.428065897470574,12,26,9,196.50770034639456,213.57565580042717,-12.407197106991147,10,6487336.0,207.32604003845853,232.93096879839425,237.9317994220118,33.428065897470574,32.61587364210513,-4.660758347041467,173.67999267578125,170.52000427246094,1422.07,3
HINDZINC,1424,NSE_EQ,2026-09-28,678.25,733.0,678.25,588.9500122070312,577.6183879577643,20,558.2189210537631,50,556.9645908026092,14,11.840372847299234,10.690114269533334,588.9500122070312,52.5526713466096,12,26,9,581.9692479864817,574.5630590675734,4.725265684284828,10,252281349.0,577.6183879577643,558.2189210537631,555.3713087945524,52.5526713466096,53.7541095002725,2.6809232346235277,588.9500122070312,591.0999755859375,244646.88,3
HIRECT,13890,NSE_EQ,2026-09-28,1399.0,1399.0,1399.0,1212.9000244140625,1158.5854460143519,20,988.2097273704799,50,979.0386948380888,14,22.45808961157621,14.56469182039543,1212.9000244140625,60.660190139528936,12,26,9,1214.308612682448,1116.8505421572781,110.71845673804766,10,3730867.0,1158.5854460143519,988.2097273704799,968.272925287475,60.660190139528936,64.37368506791626,-13.260386212877776,1212.9000244140625,1205.5999755859375,4064.53,3
HISARMETAL,19322,NSE_EQ,2026-09-28,168.94000244140625,192.39999389648438,167.60000610351562,152.8800048828125,154.08986587027835,20,160.3435076697411,50,160.6481404365545,14,1.8002581290646993,1.9662202104049615,152.8800048828125,47.79685336828951,12,26,9,154.01526310052577,154.86357982464764,-1.8328208740789906,10,91186.0,154.08986587027835,160.3435076697411,160.89786050419767,47.79685336828951,49.34077332082071,0.9845041499571183,152.8800048828125,152.0,82.7,3
HITECH,2868,NSE_EQ,2026-09-28,97.16999816894531,123.80000305175781,97.16999816894531,73.5999984741211,81.99533633214,20,88.52802928462475,50,89.13733666464532,14,0.8365580066436505,1.5947507948389117,73.5999984741211,34.407723368316454,12,26,9,79.85722790095556,83.25153678708861,-2.3704013453883555,10,30792084.0,81.99533633214,88.52802928462475,89.66784022689009,34.407723368316454,37.182336187686474,-1.0239075407446911,73.5999984741211,74.6500015258789,1493.74,3
HITECHCORP,15165,NSE_EQ,2026-09-28,345.0,345.0,345.0,330.1499938964844,296.1552079800987,20,246.76109034533607,50,243.35746162896265,14,5.691249962347206,1.7618322649371112,330.1499938964844,76.36102472494697,12,26,9,318.76842066022886,281.26176312101506,39.58944878740707,10,426991.0,296.1552079800987,246.76109034533607,239.88633786294133,76.36102472494697,75.95779891255367,-2.0827912481932813,330.1499938964844,334.0,577.02,3
HITECHGEAR,8568,NSE_EQ,2026-09-28,720.0,897.4500122070312,720.0,618.3499755859375,590.5565687080993,20,625.2651713204759,50,625.5474242076,14,13.753583908781268,12.301452005256921,618.3499755859375,52.786662640411016,12,26,9,581.1901664353761,598.2008816499845,-19.136934587651105,10,140967.0,590.5565687080993,625.2651713204759,629.0391558079102,52.786662640411016,39.87151348724108,2.126219373042751,618.3499755859375,600.0,1221.0,3
HLEGLAS,2289,NSE_EQ,2026-09-28,485.0,661.9500122070312,485.0,441.1000061035156,382.9124089525355,20,384.20982983803134,50,381.8877818271952,14,15.395806977781358,10.76646290013373,441.1000061035156,58.847367027498436,12,26,9,390.56338256982883,381.0282936402986,2.874906715251038,10,19182069.0,382.9124089525355,384.20982983803134,379.2342221508977,58.847367027498436,59.79422062160759,6.66018221427918,441.1000061035156,430.1000061035156,2924.08,3
HLVLTD,1448,NSE_EQ,2026-09-28,9.699999809265137,11.949999809265137,9.699999809265137,6.53000020980835,7.189972488464875,20,8.6128140109986,50,8.697826819210446,14,0.09516288023376814,0.16792802839473545,6.53000020980835,36.17110174192393,12,26,9,6.878721857334451,7.433400761561442,-0.5502083766435975,10,9187805.0,7.189972488464875,8.6128140109986,8.777329954688422,36.17110174192393,38.46882269943115,-0.004470527583393613,6.53000020980835,6.5,507.78,3
HMAAGRO,17053,NSE_EQ,2026-09-28,27.0,34.2400016784668,27.0,23.979999542236328,22.723000075981815,20,25.45746955636726,50,25.51777445490322,14,0.5192252840216479,0.4617639713689921,23.979999542236328,52.92874322205364,12,26,9,22.358038727251664,23.153876445485004,-1.1571810126098894,10,155679783.0,22.723000075981815,25.45746955636726,25.58911216907218,52.92874322205364,52.19781819186886,0.36134329437654933,23.979999542236328,23.219999313354492,1228.18,3
HMVL,19215,NSE_EQ,2026-09-28,108.16000366210938,108.16000366210938,108.16000366210938,72.23999786376953,82.12864580932354,20,79.47102293080782,50,79.76616681109509,14,1.6653357466938197,2.334915052555606,72.23999786376953,41.63078342503649,12,26,9,83.21809668377598,81.09291158141042,3.984064049867149,10,2785967.0,82.12864580932354,79.47102293080782,79.71213295285854,41.63078342503649,49.444249454852304,-1.8588789475015859,72.23999786376953,75.0,522.74,3
HNDFDS,12173,NSE_EQ,2026-09-28,677.75,677.75,677.75,612.3499755859375,581.1549067850384,20,551.6651719165716,50,549.1882411545566,14,8.679974360051594,5.406995889309476,612.3499755859375,61.617041893343135,12,26,9,599.5321950479733,571.1822259078122,24.290929519654508,10,4372071.0,581.1549067850384,551.6651719165716,546.0653117238434,61.617041893343135,66.09085894133675,4.0590396205066845,612.3499755859375,618.25,7375.8,3
HOMEFIRST,2056,NSE_EQ,2026-09-28,1289.5999755859375,1317.699951171875,1289.5999755859375,1123.0999755859375,1170.0942514416745,20,1152.3364409961732,50,1153.5297661149582,14,16.74351546899445,19.810285502714567,1123.0999755859375,45.80512839677923,12,26,9,1181.4051847396067,1163.7825050017345,19.74828911628673,10,8728695.0,1170.0942514416745,1152.3364409961732,1149.9473055960534,45.80512839677923,59.56227826068481,-2.125609378414527,1123.0999755859375,1133.5,11328.43,3
HONASA,19813,NSE_EQ,2026-09-28,509.79998779296875,509.79998779296875,509.79998779296875,465.5,441.11895172684945,20,384.8559566410624,50,381.56436303457514,14,7.679471928068763,4.459830706661427,465.5,63.261228088160664,12,26,9,461.93864196137486,425.994482674281,39.38526080032597,10,60847020.0,441.11895172684945,384.8559566410624,377.56494977913053,63.261228088160664,68.96243438883315,-3.441101513232134,465.5,474.95001220703125,15249.47,3
HONAUT,3417,NSE_EQ,2026-09-28,41495.0,41495.0,41495.0,33865.0,35599.549709919804,20,35261.57674964772,50,35318.5798822864,14,472.55142568552327,586.0281434909011,33865.0,44.64014226660058,12,26,9,35831.66079569564,35370.92862665024,923.2409900068346,10,206339.0,35599.549709919804,35261.57674964772,35313.41987748176,44.64014226660058,49.96724329829808,-462.50882096143005,33865.0,33625.0,29742.14,3
HONDAPOWER,3138,NSE_EQ,2026-09-28,2424.0,2783.0,2424.0,1915.199951171875,2086.311075756378,20,2230.618982078538,50,2243.4932282379937,14,16.331883950087356,32.19282979204302,1915.199951171875,33.656837290948516,12,26,9,2038.7681723775818,2116.4644932170145,-60.12039548497446,10,156258.0,2086.311075756378,2230.618982078538,2256.2766233159473,33.656837290948516,34.42194782294162,-17.575925354458242,1915.199951171875,1921.300048828125,1910.23,3
HPAL,7376,NSE_EQ,2026-09-28,47.41999816894531,53.0,47.41999816894531,34.959999084472656,35.6331415852538,20,39.6221602534995,50,39.81245254611284,14,0.631871170232087,0.7287780145594783,34.959999084472656,46.43894820904052,12,26,9,35.30096878654261,36.120689558587166,-1.1723491526181458,10,4572099.0,35.6331415852538,39.6221602534995,40.01867516752424,46.43894820904052,45.87063151796378,0.352628380573591,34.959999084472656,35.04999923706055,313.57,3
HPIL,11796,NSE_EQ,2026-09-28,152.0,154.4499969482422,152.0,115.4000015258789,125.06851921295382,20,128.458353359511,50,128.99134731190415,14,0.9933167179215703,1.8153501827702037,115.4000015258789,35.36612752750838,12,26,9,123.38349450463647,125.95487929659686,-1.6449126584759235,10,145198.0,125.06851921295382,128.458353359511,129.39956565672597,35.36612752750838,38.919430240011216,-0.9264721334844601,115.4000015258789,115.51000213623047,132.46,3
HPL,18679,NSE_EQ,2026-09-28,405.0,479.8999938964844,405.0,278.1499938964844,324.1397197089628,20,358.77391535864456,50,362.0646876632225,14,3.9640136676120385,8.177454991136347,278.1499938964844,32.64855166228854,12,26,9,311.8283808147937,331.69300759829434,-14.386923815127899,10,3978107.0,324.1397197089628,358.77391535864456,365.23875704568184,32.64855166228854,33.87413731903962,-5.477702968372727,278.1499938964844,274.3500061035156,1772.47,3
HSCL,14334,NSE_EQ,2026-09-28,819.5,819.5,819.5,678.75,664.9618805901866,20,594.3878208128401,50,590.944466560303,14,13.923763512284818,11.331471799851366,678.75,55.13218681274323,12,26,9,683.8849846238957,647.823585604254,48.58736724110874,10,244164437.0,664.9618805901866,594.3878208128401,587.4993437429301,55.13218681274323,54.696540596053126,-12.525968221467124,678.75,676.9000244140625,33673.86,3
HTMEDIA,11979,NSE_EQ,2026-09-28,31.299999237060547,31.299999237060547,31.299999237060547,24.059999465942383,24.59122896959587,20,23.787160303246637,50,23.77602401089171,14,0.48251211597683896,0.5012233921402194,24.059999465942383,49.0489681418944,12,26,9,24.983204646671084,24.339257843576835,0.7894331885873835,10,10484162.0,24.59122896959587,23.787160303246637,23.779535173211467,49.0489681418944,47.64235659585443,-0.14548638549313497,24.059999465942383,24.1200008392334,548.64,3
HUBTOWN,14203,NSE_EQ,2026-09-28,228.99000549316406,339.0,228.99000549316406,171.6699981689453,193.06883949514062,20,212.8565602536269,50,214.53764442034858,14,3.054392879094795,5.132127358681684,171.6699981689453,37.31002660935694,12,26,9,186.69944634589768,197.88793925103607,-10.675861324082968,10,22438133.0,193.06883949514062,212.8565602536269,216.0416298072442,37.31002660935694,39.378392702340186,-0.5126315810554214,171.6699981689453,173.1999969482422,2388.33,3
HUDCO,20825,NSE_EQ,2026-09-28,235.5,246.85000610351562,235.5,173.99000549316406,190.92154854615615,20,199.85028312648132,50,200.90580466253508,14,1.9062110276697142,3.42738412622386,173.99000549316406,35.73970225839436,12,26,9,185.92824766853818,193.40226808066754,-4.514467426534772,10,83475399.0,190.92154854615615,199.85028312648132,201.96644982553875,35.73970225839436,36.19044145446896,-2.9595529855945912,173.99000549316406,174.61000061035156,33984.32,3
HUHTAMAKI,2562,NSE_EQ,2026-09-28,330.0,330.0,330.0,243.25,237.59696778419146,20,222.6275171796734,50,221.785783187007,14,6.158561658058261,5.1814064606593435,243.25,54.30845654577299,12,26,9,248.7142542067465,231.37556813182943,17.912857967435052,10,21177990.0,237.59696778419146,222.6275171796734,220.83826413341546,54.30845654577299,54.91376874963843,-0.5741718925179882,243.25,242.3000030517578,1782.05,3
HYBRIDFIN,12809,NSE_EQ,2026-09-28,27.0,33.619998931884766,27.0,16.700000762939453,17.939178941077543,20,18.131405632901412,50,18.189830321471288,14,0.44846254114002165,0.56070760861149,16.700000762939453,44.43874417514695,12,26,9,17.45974349318981,18.136817183726638,-0.4110102888905617,10,291966.0,17.939178941077543,18.131405632901412,18.267374378856754,44.43874417514695,42.778190766111095,-0.26606340164626785,16.700000762939453,17.06999969482422,51.73,3
HYUNDAI,25844,NSE_EQ,2026-09-28,2281.0,2706.0,2281.0,2115.0,2103.0835601713834,20,2068.5179179861216,50,2066.6206901488204,14,26.989578437644777,25.219220028797373,2115.0,51.695459827509076,12,26,9,2136.986649523616,2092.956281335443,24.793835671588283,10,34104466.0,2103.0835601713834,2068.5179179861216,2060.817451019053,51.695459827509076,59.30629112518974,19.236532516584987,2115.0,2060.10009765625,168221.23,3
IBULLSLTD,24999,NSE_EQ,2026-09-28,32.5,32.5,32.5,29.829999923706055,25.54046427844421,20,21.389875491604432,50,21.045380616824772,14,0.9664226142701532,0.5344782333826008,29.829999923706055,64.38950419553251,12,26,9,27.228774095739603,24.388253988915697,2.985145393025806,10,614572319.0,25.54046427844421,21.389875491604432,20.663967605689113,64.38950419553251,66.15251066406972,-0.14462528620189996,29.829999923706055,28.479999542236328,6423.38,3
ICDSLTD,9610,NSE_EQ,2026-09-28,77.69000244140625,77.69000244140625,77.69000244140625,56.9900016784668,48.47237705841933,20,46.533090772384234,50,46.10627808234005,14,2.360829744274843,1.631085557114324,56.9900016784668,59.14027643455476,12,26,9,50.92129274197579,47.60452108999999,1.167342113961865,10,549709.0,48.47237705841933,46.533090772384234,45.69592209192894,59.14027643455476,58.52430097385305,2.149429538013934,56.9900016784668,57.83000183105469,73.95,3
ICEMAKE,489,NSE_EQ,2026-09-28,920.0,920.0,920.0,663.7999877929688,753.0257372207906,20,763.2833875622881,50,767.343934491648,14,11.108153782472911,18.38649468627207,663.7999877929688,37.66159069244053,12,26,9,738.7683175465777,757.8500157122527,-5.094870266247026,10,1283389.0,753.0257372207906,763.2833875622881,770.6804226102485,37.66159069244053,39.76072019534148,-13.986827899427967,663.7999877929688,666.9000244140625,1026.34,3
ICICIBANK,4963,NSE_EQ,2026-09-28,1480.0,1480.0,1480.0,1326.800048828125,1373.6671691584777,20,1358.8069458949642,50,1360.1133498568759,14,9.049714498627074,12.278669475787927,1326.800048828125,42.4303806115029,12,26,9,1379.8263428583489,1369.3580449400074,17.53762350203354,10,423124775.0,1373.6671691584777,1358.8069458949642,1360.97919987495,42.4303806115029,44.22239188071894,-7.069325583692063,1326.800048828125,1332.9000244140625,934933.62,3
ICICIGI,21770,NSE_EQ,2026-09-28,1908.9000244140625,2064.89990234375,1908.9000244140625,1553.699951171875,1643.3406601349031,20,1746.7622347794907,50,1754.6423279879648,14,20.989474234353573,30.619157235940488,1553.699951171875,40.6704724314093,12,26,9,1588.0601756096119,1674.3784189689356,-69.92500872925694,10,40014934.0,1643.3406601349031,1746.7622347794907,1766.746097473762,40.6704724314093,31.62323584422228,-16.393234630066843,1553.699951171875,1577.0,76367.78,3
ICICIPRULI,18652,NSE_EQ,2026-09-28,584.75,706.7999877929688,584.75,463.0,505.96396587216213,20,544.648131560779,50,547.9807083591782,14,6.6282548919015225,10.762767641184784,463.0,38.11308322608007,12,26,9,494.0741453142776,515.2469547143422,-22.090016613681733,10,68012023.0,505.96396587216213,544.648131560779,550.2656352309814,38.11308322608007,43.26651808455815,0.9172072136170968,463.0,464.54998779296875,65592.53,3
ICIL,11987,NSE_EQ,2026-09-28,485.95001220703125,485.95001220703125,474.6499938964844,445.75,396.9740590069889,20,347.51288809257005,50,343.50321005553207,14,11.347056892235484,6.281016252898078,445.75,64.36924103283502,12,26,9,421.2071795593831,382.07100618106557,37.06877773249073,10,54961147.0,396.9740590069889,347.51288809257005,339.26456531887965,64.36924103283502,64.78928226974045,2.067395645826821,445.75,453.79998779296875,8688.9,3
ICRA,14523,NSE_EQ,2026-09-28,5630.0,6620.0,5630.0,4377.89990234375,5015.987163197386,20,5396.006028392449,50,5437.561380476069,14,37.27431616933899,94.95830747936193,4377.89990234375,28.18844180870579,12,26,9,4861.731719543288,5112.755002905083,-203.93506085425267,10,1731531.0,5015.987163197386,5396.006028392449,5474.004694156214,28.18844180870579,30.979751958163675,-47.08822250754204,4377.89990234375,4442.7001953125,4156.02,3
IDBI,1476,NSE_EQ,2026-09-28,96.25,118.37999725341797,96.25,84.4000015258789,84.2982799567942,20,86.20578030811018,50,86.27948556452777,14,1.643669616691202,1.6678826697348668,84.4000015258789,49.63441535948393,12,26,9,84.52129904389852,84.63971242467963,-0.8550468299767605,10,564661811.0,84.2982799567942,86.20578030811018,86.41089323823937,49.63441535948393,48.13535954427958,0.736633449195654,84.4000015258789,82.5999984741211,90725.74,3
IDEA,14366,NSE_EQ,2026-09-28,15.789999961853027,15.789999961853027,15.789999961853027,14.260000228881836,13.578304089227087,20,12.094253601465061,50,12.005855779937846,14,0.29333877846230993,0.20868280611346815,14.260000228881836,58.43150722497106,12,26,9,14.045237776952362,13.217671505232868,0.9054353994712118,10,17671885121.0,13.578304089227087,12.094253601465061,11.927727441311067,58.43150722497106,56.31837091326566,-0.07786912775171773,14.260000228881836,14.149999618530273,148229.37,3
IDEAFORGE,17140,NSE_EQ,2026-09-28,992.25,992.25,992.25,729.8499755859375,766.5822254835334,20,673.9480299113262,50,671.6663178429748,14,18.267165904089815,19.09457805072307,729.8499755859375,48.892701385093304,12,26,9,783.5005914290045,744.3704920963315,68.5663805723931,10,15304000.0,766.5822254835334,673.9480299113262,669.3016787514252,48.892701385093304,48.86826283810958,-29.43628123972009,729.8499755859375,725.0,3150.9,3
IDFCFIRSTB,11184,NSE_EQ,2026-09-28,89.61000061035156,89.61000061035156,88.76000213623047,83.80000305175781,81.31707647445657,20,77.54872935427362,50,77.29357532580487,14,1.0612282684374306,0.7717873566455375,83.80000305175781,57.89521125273528,12,26,9,83.39740924294655,80.19584839851504,2.822904841354381,10,929047095.0,81.31707647445657,77.54872935427362,76.94147643424812,57.89521125273528,63.108718994086175,0.3786560030771309,83.80000305175781,83.4800033569336,70379.49,3
IEX,220,NSE_EQ,2026-09-28,137.33999633789062,160.27000427246094,137.33999633789062,112.69999694824219,122.01400666311783,20,130.4965172154202,50,131.22290579775398,14,1.3195022861629084,2.172501597041802,112.69999694824219,37.78639229209459,12,26,9,119.89107712735964,123.52399245528787,-2.8385452356042498,10,179770074.0,122.01400666311783,130.4965172154202,131.86628974523484,37.78639229209459,40.04728384090103,-0.7943700923239811,112.69999694824219,111.37999725341797,9889.55,3
IFBAGRO,1482,NSE_EQ,2026-09-28,1175.4000244140625,1790.0,1175.4000244140625,858.5999755859375,939.5625219537903,20,943.5575598276884,50,947.0252163273516,14,18.27078255506094,25.175540960499365,858.5999755859375,42.05369079967666,12,26,9,925.0277912586682,947.3864596444746,-14.237453425761444,10,242139.0,939.5625219537903,943.5575598276884,949.4344088305087,42.05369079967666,44.1896201938988,-8.121214960044924,858.5999755859375,857.9500122070312,796.39,3
IFBIND,1485,NSE_EQ,2026-09-28,1476.0999755859375,2019.800048828125,1476.0999755859375,1225.199951171875,1284.6212619092491,20,1315.5869849697883,50,1319.2762516554174,14,18.215655128270235,22.871910104607625,1225.199951171875,44.3337419120037,12,26,9,1290.6975658149024,1285.1379780861432,10.889229483249377,10,2242944.0,1284.6212619092491,1315.5869849697883,1323.1201812909062,44.3337419120037,44.32406530657742,-5.329641754490179,1225.199951171875,1231.0999755859375,4920.75,3
IFCI,1491,NSE_EQ,2026-09-28,107.5,107.5,107.5,73.94999694824219,76.38670551714193,20,68.1741178760383,50,67.9383677098259,14,2.73333576499719,2.73024127058095,73.94999694824219,50.028319307992625,12,26,9,79.35237708398442,74.24153512876975,5.738952499557293,10,3371712835.0,76.38670551714193,68.1741178760383,67.58850508017673,50.028319307992625,51.76066923327384,-0.6281105443426256,73.94999694824219,75.0199966430664,19919.26,3
IFGLEXPOR,436,NSE_EQ,2026-09-28,247.89999389648438,338.0,247.89999389648438,197.4499969482422,202.19297960346398,20,203.482408514419,50,203.7286293946711,14,4.702178347855534,4.9632747758926445,197.4499969482422,48.64933167284422,12,26,9,205.03047535356836,200.947976999448,5.0297063257523025,10,2524377.0,202.19297960346398,203.482408514419,203.92041023611492,48.64933167284422,49.224089678258636,-0.9472079716319417,197.4499969482422,195.39999389648438,1396.47,3
IGARASHI,634,NSE_EQ,2026-09-28,537.9000244140625,558.0,537.9000244140625,422.79998779296875,427.0944969014766,20,433.3236374472739,50,433.75317416785776,14,7.9568838792317385,8.116732948237438,422.79998779296875,49.50275948866554,12,26,9,431.6550566079021,425.01061724579955,9.384130766771541,10,24361633.0,427.0944969014766,433.3236374472739,433.8104463337492,49.50275948866554,51.69670280254684,-2.7396914046689815,422.79998779296875,418.79998779296875,1306.17,3
IGCL,757801,NSE_EQ,2026-09-28,80.80000305175781,111.4000015258789,80.80000305175781,59.939998626708984,68.41703854665742,20,77.52931361622643,50,78.24724484028837,14,1.3385223216023978,2.055686340460484,59.939998626708984,39.43547538968599,12,26,9,68.18695037748556,69.26210748751741,-1.0607393289139462,10,5760299.0,68.41703854665742,77.52931361622643,78.70427511737125,39.43547538968599,46.37420145374214,-0.014417781117906703,59.939998626708984,62.189998626708984,372.9,3
IGIL,28378,NSE_EQ,2026-09-28,388.29998779296875,388.29998779296875,388.29998779296875,330.54998779296875,340.17063979385614,20,348.635658456971,50,349.373849096318,14,4.485269326224616,5.360884647513034,330.54998779296875,45.55351600419859,12,26,9,336.9473830371777,341.29028362964084,-0.99315610943851,10,27049271.0,340.17063979385614,348.635658456971,350.1258424387379,45.55351600419859,45.68609535282448,-3.3497444830246286,330.54998779296875,326.04998779296875,13973.18,3
IGL,11262,NSE_EQ,2026-09-28,175.60000610351562,223.5,175.60000610351562,144.9499969482422,154.9489377174875,20,167.86632360897698,50,168.80168388084368,14,1.6119473919240783,2.6157423891553213,144.9499969482422,38.12832718091537,12,26,9,151.8112016418107,157.55376640330772,-6.000131812264833,10,81251206.0,154.9489377174875,167.86632360897698,169.62787515930285,38.12832718091537,40.6049210766797,0.25756705076781117,144.9499969482422,146.0,20129.22,3
IGPL,14086,NSE_EQ,2026-09-28,604.7000122070312,604.7000122070312,590.0,593.1500244140625,488.47037020710326,20,453.8037987198779,50,448.11619767113564,14,15.341393035557596,6.14856575649394,593.1500244140625,71.38865729808612,12,26,9,514.9612211199417,475.39878938325523,27.448883290344785,10,5033103.0,488.47037020710326,453.8037987198779,443.9515516816284,71.38865729808612,66.6175005125573,12.113548446341664,593.1500244140625,589.0,1811.18,3
IIFL,11809,NSE_EQ,2026-09-28,705.0,705.0,705.0,616.9500122070312,579.930751712521,20,536.4717952448525,50,533.1869700627227,14,11.926262512385469,7.989236448780226,616.9500122070312,59.88432695380181,12,26,9,602.3489459684822,567.5502637551899,31.071818430139132,10,114586236.0,579.930751712521,536.4717952448525,530.4517438527508,59.88432695380181,57.32033545233963,3.7268637831531635,616.9500122070312,616.5,25484.21,3
IIFLCAPS,13072,NSE_EQ,2026-09-28,368.3999938964844,411.29998779296875,368.3999938964844,346.70001220703125,336.06725081525184,20,324.55288288766116,50,323.64891842564606,14,3.5554636242733433,2.5333130357664375,346.70001220703125,58.393727061917126,12,26,9,339.26896728261215,333.78245129480274,5.495691300881454,10,17514306.0,336.06725081525184,324.55288288766116,322.7733638265493,58.393727061917126,57.59783982222698,-0.009175313072042002,346.70001220703125,348.0,10767.33,3
IITL,19525,NSE_EQ,2026-09-28,192.0,216.0,192.0,137.27000427246094,143.5695841992691,20,155.18908479493493,50,155.92047583666857,14,2.6579316895721328,3.2671279243543094,137.27000427246094,44.85915522815751,12,26,9,143.09717246061945,144.89624105725025,-3.1133837174215575,10,5563458.0,143.5695841992691,155.18908479493493,156.43274035583107,44.85915522815751,48.419824478364156,1.314315120790754,137.27000427246094,142.52000427246094,303.7,3
IKIO,16822,NSE_EQ,2026-09-28,238.8000030517578,238.8000030517578,238.8000030517578,205.42999267578125,193.8589136964812,20,187.64892457881172,50,186.92316669730275,14,5.409323879939003,4.15397102428605,205.42999267578125,56.56339090358042,12,26,9,202.71729166364534,189.61894839082785,11.31021115216509,10,23297789.0,193.8589136964812,187.64892457881172,185.97105105229468,56.56339090358042,58.675765209231116,1.7881321206523975,205.42999267578125,205.02999877929688,1562.31,3
IKS,28125,NSE_EQ,2026-09-28,1970.0,1970.0,1933.0,1815.800048828125,1742.3954034875521,20,1678.0588508638548,50,1672.4367611510274,14,32.24708754438698,24.81744497692012,1815.800048828125,56.50986018740513,12,26,9,1772.369507832957,1722.0639707144064,55.924421781785654,10,8349262.0,1742.3954034875521,1678.0588508638548,1668.0505055076383,56.50986018740513,54.46360846972442,-5.618884663235107,1815.800048828125,1867.0999755859375,30008.07,3
IMAGICAA,7672,NSE_EQ,2026-09-28,62.0,62.0,62.0,52.290000915527344,49.72117012269359,20,50.424944502590286,50,50.34881975104184,14,1.292289125989598,1.0621260236071073,52.290000915527344,54.88790395402265,12,26,9,51.01238180627862,49.32464410437099,0.9384306929228641,10,86545655.0,49.72117012269359,50.424944502590286,50.24795526354052,54.88790395402265,55.784878841340785,0.7493070089847651,52.290000915527344,51.689998626708984,2911.46,3
IMFA,19235,NSE_EQ,2026-09-28,1679.9000244140625,1679.9000244140625,1679.9000244140625,1230.4000244140625,1344.706438162185,20,1277.2238597952903,50,1279.1350367496261,14,20.18154079505274,28.688159224912333,1230.4000244140625,41.29663326520899,12,26,9,1326.8894592284564,1342.283876987983,13.389174817593647,10,6853822.0,1344.706438162185,1277.2238597952903,1280.2344279976976,41.29663326520899,42.65577633867166,-28.783592577120153,1230.4000244140625,1240.0,6544.42,3
IMPAL,12009,NSE_EQ,2026-09-28,1238.9000244140625,1238.9000244140625,1238.9000244140625,1064.199951171875,1079.4669464136073,20,1066.4319919535028,50,1066.5230956588755,14,9.86728362222469,10.656647039979353,1064.199951171875,48.076968221276644,12,26,9,1085.248726564843,1075.0972744956202,13.633860233084013,10,115686.0,1079.4669464136073,1066.4319919535028,1066.5607740291994,48.076968221276644,48.31236762366042,-3.4824081638611712,1064.199951171875,1065.0,1332.96,3
INCREDIBLE,17507,NSE_EQ,2026-09-28,39.0,48.849998474121094,39.0,32.7400016784668,33.44785461671532,20,35.480324949470955,50,35.5921748788997,14,0.35584547309767117,0.44823095496709925,32.7400016784668,44.255180313407585,12,26,9,32.9807129287272,33.868445218224814,-1.016945671837929,10,234657.0,33.44785461671532,35.480324949470955,35.72369226449214,44.255180313407585,42.36066309172678,0.12921338234031587,32.7400016784668,32.880001068115234,153.67,3
INDBANK,16933,NSE_EQ,2026-09-28,37.47999954223633,47.150001525878906,37.47999954223633,26.149999618530273,31.081752586282175,20,33.13641209116386,50,33.42157178392441,14,0.25761748547938057,0.6879320989530353,26.149999618530273,27.245264523490903,12,26,9,29.875376662221633,31.662011685791313,-1.0353196844707588,10,2465329.0,31.081752586282175,33.13641209116386,33.74245228669919,27.245264523490903,23.851341098981507,-0.7513153390989211,26.149999618530273,26.030000686645508,114.01,3
INDGN,23693,NSE_EQ,2026-09-28,621.9500122070312,621.9500122070312,615.5,608.9500122070312,549.7162002092979,20,535.5494916075429,50,532.5535519912372,14,9.977478010333629,4.79188727380185,608.9500122070312,67.5552254168359,12,26,9,566.6408630082287,542.4183278326069,15.211064148111811,10,31785838.0,549.7162002092979,535.5494916075429,529.7965551098208,67.5552254168359,66.10445803491379,9.011471027510018,608.9500122070312,597.9500122070312,14494.99,3
INDHOTEL,1512,NSE_EQ,2026-09-28,757.4000244140625,757.4000244140625,757.4000244140625,726.7999877929688,711.1824857766882,20,703.8076390029582,50,702.8691757870394,14,7.884738355995641,6.3441365830784395,726.7999877929688,55.4136457714114,12,26,9,719.6363294222135,707.2223785557613,11.57734297305662,10,71691425.0,711.1824857766882,703.8076390029582,701.6495503089593,55.4136457714114,57.11974998934045,0.8366078933955627,726.7999877929688,726.0999755859375,102186.87,3
INDIACEM,1515,NSE_EQ,2026-09-28,469.8999938964844,485.79998779296875,469.8999938964844,323.1000061035156,373.8737879505819,20,380.56675365601404,50,382.9123351887691,14,3.3566585716879707,7.613967431470541,323.1000061035156,30.596782450897223,12,26,9,364.34302221779325,377.9494009536442,-7.2552142660686805,10,7113007.0,373.8737879505819,380.56675365601404,384.46794120492416,30.596782450897223,35.63094538034714,-6.351164469782287,323.1000061035156,330.1000061035156,14612.41,3
INDIAGLYCO,1521,NSE_EQ,2026-09-28,1219.0,1222.0,1219.0,309.8999938964844,807.1827916793125,20,881.6064000159588,50,904.9413553677741,14,24.789135138498974,66.20340781078464,309.8999938964844,27.24304029212115,12,26,9,701.8837888235615,843.9701496816433,-40.41032242089691,10,20584618.0,807.1827916793125,881.6064000159588,931.1144714151513,27.24304029212115,24.50508949013161,-101.67603843718487,309.8999938964844,314.3999938964844,2056.55,3
INDIAMART,10726,NSE_EQ,2026-09-28,2199.0,2525.89990234375,2199.0,1642.0999755859375,1834.1578637502107,20,2019.2513759274,50,2034.6453106352149,14,13.347575361510483,32.249023228625425,1642.0999755859375,29.273182154420653,12,26,9,1761.4008788972337,1880.641940773172,-106.96042187870333,10,5111260.0,1834.1578637502107,2019.2513759274,2050.496137647749,29.273182154420653,29.467062248712637,-12.280639997235056,1642.0999755859375,1637.800048828125,9763.36,3
INDIANB,14309,NSE_EQ,2026-09-28,1000.9000244140625,1000.9000244140625,1000.9000244140625,832.0,857.0376243747332,20,827.1099363711634,50,826.9103419373333,14,10.373466653567162,12.097999455577408,832.0,46.16283870034527,12,26,9,856.1828169515524,855.0096856225767,4.294815842412623,10,50551255.0,857.0376243747332,827.1099363711634,826.3842339432258,46.16283870034527,47.33646629894624,-3.1216845134370086,832.0,829.8499755859375,109986.2,3
INDIANCARD,4422,NSE_EQ,2026-09-28,258.0,278.25,258.0,200.58999633789062,214.89417131602767,20,225.6907757019711,50,226.71529730866826,14,2.9435050624412704,4.1786413776856905,200.58999633789062,41.32890396436161,12,26,9,213.49195602970596,216.3453104829518,-1.9082046360398457,10,103696.0,214.89417131602767,225.6907757019711,227.3975543416751,41.32890396436161,45.63571390223953,-0.9451498172059822,200.58999633789062,207.00999450683594,112.92,3
INDIANHUME,1530,NSE_EQ,2026-09-28,432.0,432.0,432.0,357.45001220703125,363.6454120300899,20,362.05031853688905,50,362.23808614218933,14,5.777165130096203,6.083002199457494,357.45001220703125,48.71065449220438,12,26,9,368.9709972820938,361.6158687406859,6.825513634134655,10,2608416.0,363.6454120300899,362.05031853688905,362.1131105646065,48.71065449220438,51.12782199353906,0.5296149072731957,357.45001220703125,363.3999938964844,1861.31,3
INDIASHLTR,20556,NSE_EQ,2026-09-28,858.0,924.0,858.0,654.2999877929688,716.7469660741311,20,757.4158671149211,50,761.6246785158171,14,8.662932957966815,14.560853429687507,654.2999877929688,37.30198346369564,12,26,9,694.3147104535512,729.1586075169698,-27.050924085082823,10,5360437.0,716.7469660741311,757.4158671149211,764.8807888394857,37.30198346369564,40.75536996214183,-7.792972978335758,654.2999877929688,656.8499755859375,7012.73,3
INDIGO,11195,NSE_EQ,2026-09-28,5508.0,5970.0,5508.0,4940.0,4989.804917645019,20,4962.940850809257,50,4963.877212066778,14,64.02056986239606,66.45579813815696,4940.0,49.06679335381616,12,26,9,5026.754591747772,4973.185684419655,72.39022015950687,10,26341331.0,4989.804917645019,4962.940850809257,4965.668118681749,49.06679335381616,48.502957893520815,-18.82131283139043,4940.0,4890.0,187356.29,3
INDIGOPNTS,2048,NSE_EQ,2026-09-28,1220.9000244140625,1345.9000244140625,1220.9000244140625,1128.5999755859375,1075.154907317344,20,1060.265487436616,50,1057.476324655011,14,18.4743399326759,13.327147902754731,1128.5999755859375,58.09269059447367,12,26,9,1102.6786649316482,1063.0564677073771,33.14008126666819,10,5393036.0,1075.154907317344,1060.265487436616,1055.7529113277922,58.09269059447367,55.183582402950286,6.482115957602886,1128.5999755859375,1119.0,5322.12,3
INDIQUBE,757845,NSE_EQ,2026-09-28,209.89999389648438,235.7899932861328,209.89999389648438,198.94000244140625,183.17406415076312,20,190.23264323933896,50,189.87724082292806,14,4.364356240418955,3.0546354436995395,198.94000244140625,58.826811327495335,12,26,9,187.66823704087255,182.40528297604143,1.4352120802734454,10,3022388.0,183.17406415076312,190.23264323933896,189.75590346453671,58.826811327495335,56.26232865888039,3.827741984557675,198.94000244140625,194.05999755859375,4151.66,3
INDNIPPON,4747,NSE_EQ,2026-09-28,1564.0,1564.0,1564.0,1318.199951171875,1099.5890599394972,20,961.7970819419656,50,947.2500260550305,14,38.747953277128644,18.396339686003767,1318.199951171875,67.807214452942,12,26,9,1171.594584657447,1059.411202593719,93.23768347890233,10,6456000.0,1099.5890599394972,961.7970819419656,934.4847209960521,67.807214452942,65.28150987867633,18.945698584825678,1318.199951171875,1315.9000244140625,2985.74,3
INDOAMIN,9116,NSE_EQ,2026-09-28,149.0,149.0,149.0,136.5,126.52937662439318,20,126.6664224119355,50,126.26505189813695,14,2.7208541001841593,1.8993551399641078,136.5,58.89027874626831,12,26,9,127.89250047881565,125.88429783115006,1.8382921938006391,10,2358890.0,126.52937662439318,126.6664224119355,126.25342123880549,58.89027874626831,51.41686953944982,0.16991045386494497,136.5,134.0500030517578,1066.88,3
INDOBORAX,8614,NSE_EQ,2026-09-28,542.7999877929688,542.7999877929688,542.7999877929688,449.95001220703125,416.50479210244697,20,342.99411664665774,50,338.62856988909147,14,13.850959900961001,9.521988917367375,449.95001220703125,59.2606436124974,12,26,9,447.6012931175643,396.6597043426284,49.78608124968503,10,17807323.0,416.50479210244697,342.99411664665774,333.1603480027884,59.2606436124974,63.667668378565786,1.1555075252508615,449.95001220703125,455.79998779296875,1407.08,3
INDOCO,11677,NSE_EQ,2026-09-28,287.79998779296875,317.3500061035156,287.79998779296875,254.4600067138672,238.0353273337595,20,238.892781785124,50,238.2573848492569,14,6.041625261905071,4.6146647747998255,254.4600067138672,56.69539061995391,12,26,9,243.61712259106565,236.08047666315792,4.565710551852204,10,43317320.0,238.0353273337595,238.892781785124,237.81850282241695,56.69539061995391,55.053440889022816,2.9709353760555235,254.4600067138672,250.5500030517578,2311.68,3
INDOFARM,29025,NSE_EQ,2026-09-28,177.0,271.69000244140625,177.0,138.16000366210938,144.8872782749072,20,155.52588541770942,50,156.23469691793798,14,3.1767610412378624,3.908948446605455,138.16000366210938,44.83335150401115,12,26,9,142.79382090051442,147.06453378703824,-4.128609446003801,10,8810880.0,144.8872782749072,155.52588541770942,157.02876622971922,44.83335150401115,44.055082230145814,-0.14210344052002366,138.16000366210938,138.61000061035156,647.48,3
INDORAMA,10993,NSE_EQ,2026-09-28,112.30000305175781,112.30000305175781,96.5,99.36000061035156,62.861601176671414,20,53.049256372898824,50,51.15902191422728,14,3.7183103656951064,0.6012584492858161,99.36000061035156,86.08059102564681,12,26,9,71.02958863221308,59.301104271131635,6.651002676297063,10,71670322.0,62.861601176671414,53.049256372898824,49.53081860249134,86.08059102564681,83.86315504840474,5.077481684784379,99.36000061035156,103.58000183105469,2627.97,3
INDOSTAR,3088,NSE_EQ,2026-09-28,292.0,292.0,292.0,218.63999938964844,241.3805116562765,20,241.66799869207478,50,242.60791703094932,14,4.658074782514787,6.3235291665677025,218.63999938964844,42.41707135052861,12,26,9,242.85408507597177,240.3847306966121,4.96300222955403,10,7343402.0,241.3805116562765,241.66799869207478,242.6715053566306,42.41707135052861,49.654937639777295,-2.493647850194373,218.63999938964844,218.0,3453.6,3
INDOTECH,13275,NSE_EQ,2026-09-28,4030.0,4030.0,4030.0,3177.699951171875,3154.815727567947,20,2594.7098543651123,50,2570.9143402097343,14,91.22026628885646,75.41957389207633,3177.699951171875,54.74097082055053,12,26,9,3377.192605694813,2996.241388223808,434.82759122703186,10,929137.0,3154.815727567947,2594.7098543651123,2537.2904377214836,54.74097082055053,60.354878091477865,-53.87637375602657,3177.699951171875,3230.0,3360.54,3
INDOTHAI,25608,NSE_EQ,2026-09-28,320.0,466.3500061035156,320.0,31.860000610351562,137.5227725347757,20,196.85382868287735,50,203.58827064502125,14,3.242114713718682,13.241464981931406,31.860000610351562,19.668753836123685,12,26,9,95.65209232396225,158.92785266865695,-47.917255893372015,10,122730316.0,137.5227725347757,196.85382868287735,210.52820000305104,19.668753836123685,19.81472179240187,-15.358504451322688,31.860000610351562,32.290000915527344,397.58,3
INDOUS,25503,NSE_EQ,2026-09-28,114.0,159.0,114.98999786376953,77.5999984741211,87.71692634159432,20,110.30984862543934,50,111.64494454998295,14,1.006226183434188,2.1485077937761563,77.5999984741211,31.8957538322762,12,26,9,82.56119589356705,91.78197178775667,-9.71587363801495,10,659303.0,87.71692634159432,110.30984862543934,113.01820759283939,31.8957538322762,32.187264829003155,0.4950977438253208,77.5999984741211,79.9000015258789,157.28,3
INDOWIND,14952,NSE_EQ,2026-09-28,11.789999961853027,18.940000534057617,11.789999961853027,8.880000114440918,9.38688409660709,20,11.360026936535588,50,11.46125252111088,14,0.13363072812380777,0.20222007423109195,8.880000114440918,39.78871784340647,12,26,9,9.105231966273848,9.710748119494491,-0.7560120069561612,10,4912788.0,9.38688409660709,11.360026936535588,11.564977110695246,39.78871784340647,40.130111555847556,0.15049585373551821,8.880000114440918,9.0,132.97,3
INDRAMEDCO,4751,NSE_EQ,2026-09-28,444.0,640.8499755859375,444.0,365.70001220703125,375.6705146960121,20,397.84802054277526,50,399.1601841483158,14,4.778390066905793,6.072191398490773,365.70001220703125,44.03810138787943,12,26,9,368.1636766543527,381.564860107501,-14.204150230701881,10,17001134.0,375.6705146960121,397.84802054277526,400.6401919136967,44.03810138787943,42.98722408830838,0.8029667775535891,365.70001220703125,370.5,3306.06,3
INDSWFTLAB,4870,NSE_EQ,2026-09-28,419.79998779296875,419.79998779296875,404.0,404.3500061035156,275.26344491462964,20,201.35552209185744,50,193.07003294852444,14,14.332345937538154,2.442084801868533,404.3500061035156,85.44162338617215,12,26,9,317.16380534392505,252.9584470139782,48.63444040664584,10,60370944.0,275.26344491462964,201.35552209185744,185.71574857907646,85.44162338617215,83.21937393509272,15.57091792330101,404.3500061035156,398.0,3488.37,3
INDTERRAIN,21957,NSE_EQ,2026-09-28,38.29999923706055,42.619998931884766,38.29999923706055,29.93000030517578,30.672718058013228,20,32.82456665548031,50,32.94271222079886,14,0.5271750958633884,0.6160664601047243,29.93000030517578,46.11231048341042,12,26,9,30.187752522499604,31.02486474750422,-0.7679746200501822,10,2169927.0,30.672718058013228,32.82456665548031,33.10731272583505,46.11231048341042,42.444371257856496,-0.06913760495443477,29.93000030517578,29.8799991607666,155.62,3
INDUSINDBK,5258,NSE_EQ,2026-09-28,1077.8499755859375,1077.8499755859375,1077.8499755859375,912.2000122070312,961.3739696077238,20,928.7332222147074,50,929.40804711298,14,10.970598423874332,13.830366308210403,912.2000122070312,44.23456322117095,12,26,9,972.7243808156095,951.0135441250411,31.515911836879468,10,70283092.0,961.3739696077238,928.7332222147074,927.9022536158375,44.23456322117095,52.39893824986697,-9.805075146311083,912.2000122070312,919.5,69500.27,3
INDUSTOWER,29135,NSE_EQ,2026-09-28,449.3999938964844,481.5,449.3999938964844,374.6499938964844,393.63711717434063,20,398.7683801886124,50,399.7528041189033,14,3.570822300955249,5.324246856477094,374.6499938964844,40.143839668425976,12,26,9,386.28911024336696,397.0389073259319,-8.551762051770217,10,209571514.0,393.63711717434063,398.7683801886124,400.72638820961424,40.143839668425976,40.55087572854578,-2.1980350307947365,374.6499938964844,378.0,97100.24,3
INFOBEAN,11027,NSE_EQ,2026-09-28,205.6699981689453,257.5,205.6699981689453,146.5500030517578,160.75317291636625,20,158.33654991859382,50,158.81763346417895,14,3.383279957141016,4.543806276629299,146.5500030517578,42.67999435565426,12,26,9,158.22274630074756,161.58528481311515,-1.710504197355165,10,25249879.0,160.75317291636625,158.33654991859382,159.12569996180008,42.67999435565426,44.57582656580227,-1.6520343150124277,146.5500030517578,150.5,1402.29,3
INFOMEDIA,13693,NSE_EQ,2026-09-28,7.090000152587891,8.050000190734863,7.090000152587891,5.309999942779541,5.450141435566663,20,5.779756881725526,50,5.798930634335566,14,0.068422647747005,0.0853567182541067,5.309999942779541,44.494036830994844,12,26,9,5.361572893007819,5.518504460310126,-0.15388668233624336,10,687103.0,5.450141435566663,5.779756881725526,5.820111467989737,44.494036830994844,43.70965926328122,-0.003044884966064143,5.309999942779541,5.519999980926514,25.54,3
INFRABEES,20072,NSE_EQ,2026-09-28,1001.0599975585938,1018.2999877929688,1001.0599975585938,929.4500122070312,957.2213271767922,20,953.4620599784724,50,954.4421435609802,14,4.158716699769475,6.3401546794469805,929.4500122070312,39.611083416090445,12,26,9,953.9312371413489,957.8002213197216,1.0041024713747913,10,369976.0,957.2213271767922,953.4620599784724,955.2103945178696,39.611083416090445,41.34670155167527,-4.873086649747462,929.4500122070312,926.97998046875,,3
INFY,1594,NSE_EQ,2026-09-28,1376.9000244140625,1728.0,1376.9000244140625,1000.2000122070312,1126.0236483829904,20,1259.8757541323962,50,1270.4747640069008,14,14.242361877274254,26.53047488232732,1000.2000122070312,34.931005564434585,12,26,9,1091.0210431871421,1155.083767678049,-68.1388728774927,10,447280442.0,1126.0236483829904,1259.8757541323962,1279.416590112731,34.931005564434585,38.372884120902214,4.076148386585771,1000.2000122070312,999.5,401288.25,3
INGERRAND,1597,NSE_EQ,2026-09-28,4955.0,4955.0,4955.0,4233.60009765625,4386.407026579176,20,4160.888858456619,50,4157.921052775002,14,79.61118677337149,86.28121290196223,4233.60009765625,47.98965288896761,12,26,9,4449.020846978912,4329.457150608523,166.40585301560608,10,1377318.0,4386.407026579176,4160.888858456619,4158.011700018369,47.98965288896761,46.18460417424963,-46.84215664521693,4233.60009765625,4234.39990234375,13224.19,3
INNOVACAP,21062,NSE_EQ,2026-09-28,1353.5,1353.5,1236.0999755859375,1281.0,1018.4808128205004,20,904.7830602138017,50,889.4272667531405,14,32.454765037387396,9.082025537208668,1281.0,78.13498488551197,12,26,9,1087.2424059304726,982.2015278408899,80.13019922288237,10,4272629.0,1018.4808128205004,904.7830602138017,877.5753164643656,78.13498488551197,73.5281374550864,24.91067886670038,1281.0,1295.300048828125,7412.71,3
INNOVANA,27754,NSE_EQ,2026-09-28,436.8500061035156,524.9500122070312,436.8500061035156,301.0,329.0971168645089,20,366.40670226154975,50,369.0763635783477,14,4.496362735068195,7.425728907521994,301.0,37.71454598625545,12,26,9,318.11778675171007,337.67640638379436,-20.45566472378963,10,772838.0,329.0971168645089,366.40670226154975,371.7631539284843,37.71454598625545,38.229899429589715,0.8970450917053441,301.0,302.0,620.95,3
INOXGREEN,12188,NSE_EQ,2026-09-28,209.89999389648438,279.0,209.89999389648438,172.32000732421875,179.22779780225846,20,179.15072756368897,50,179.42953247142245,14,3.3734764852488306,3.940566620256552,172.32000732421875,46.12327869259572,12,26,9,178.05634993357347,179.64258144232556,-0.046932840617177174,10,56071514.0,179.22779780225846,179.15072756368897,179.76053349783894,46.12327869259572,45.59193228196783,-1.5392986681349154,172.32000732421875,176.0,6790.67,3
INOXINDIA,20607,NSE_EQ,2026-09-28,2339.5,2339.5,2339.5,2156.800048828125,1909.6410683670233,20,1613.8532254407016,50,1591.692130608562,14,45.673705987884375,19.533237539814774,2156.800048828125,70.04423688174055,12,26,9,2033.4706125441555,1829.160728912628,197.39188448691942,10,15390494.0,1909.6410683670233,1613.8532254407016,1570.9938482322532,70.04423688174055,68.01190569410774,6.917999144608132,2156.800048828125,2073.0,18677.41,3
INOXWIND,7852,NSE_EQ,2026-09-28,108.2699966430664,159.3000030517578,108.2699966430664,74.75,81.76828620716371,20,99.51614657025439,50,100.52700969557088,14,0.9329723414206862,1.7865739773790612,74.75,34.3061758121644,12,26,9,77.75644065591213,85.24204522498717,-8.277926982823534,10,573027410.0,81.76828620716371,99.51614657025439,101.49545894633876,34.3061758121644,36.25844256101336,0.7923224137484972,74.75,73.0999984741211,12676.62,3
INSECTICID,14657,NSE_EQ,2026-09-28,775.0,777.5999755859375,775.0,602.5,638.3925132362775,20,668.3744608565239,50,671.0632143608718,14,6.27264367140651,9.691932125477363,602.5,39.29101374952204,12,26,9,625.4172994828949,645.7987479906911,-15.3143168774129,10,1336806.0,638.3925132362775,668.3744608565239,673.735183290461,39.29101374952204,39.8436404535825,-5.067131630383322,602.5,597.1500244140625,1741.45,3
INSPIRISYS,13730,NSE_EQ,2026-09-28,133.89999389648438,133.89999389648438,133.89999389648438,88.4800033569336,94.12135232178436,20,94.92930815642549,50,95.192545087017,14,2.001130384116265,2.4655584153333017,88.4800033569336,44.801204515588054,12,26,9,92.32306109956433,94.48716435351653,0.10262261663230632,10,231321.0,94.12135232178436,94.92930815642549,95.68366922680914,44.801204515588054,39.668555077788774,-2.266725870584512,88.4800033569336,91.80000305175781,341.41,3
INTELLECT,5926,NSE_EQ,2026-09-28,834.4000244140625,1244.5999755859375,834.4000244140625,633.0499877929688,708.6324945237659,20,774.493230885931,50,780.2664244815621,14,7.078229208690475,14.206612875531453,633.0499877929688,33.254788457826706,12,26,9,689.2722910411317,723.2610561371721,-29.94492674841121,10,18363372.0,708.6324945237659,774.493230885931,785.6875025335838,33.254788457826706,34.94340068012741,-4.043838347629215,633.0499877929688,639.0,8799.19,3
INTENTECH,20071,NSE_EQ,2026-09-28,113.41999816894531,145.0,113.41999816894531,85.06999969482422,88.85316413280357,20,96.88018333119982,50,97.36223164288862,14,1.8067625910269987,2.292220332652303,85.06999969482422,44.078314661658176,12,26,9,85.28301213714526,91.052352538242,-5.258875400846384,10,1416692.0,88.85316413280357,96.88018333119982,98.14681255118414,44.078314661658176,36.39758025888743,-0.510465000250357,85.06999969482422,84.4000015258789,196.35,3
INTERARCH,24909,NSE_EQ,2026-09-28,2280.10009765625,2762.60009765625,2280.10009765625,1719.699951171875,1787.7844615552635,20,1859.1398649662278,50,1864.8312900190585,14,18.780198779041033,26.24816294617793,1719.699951171875,41.70748847947279,12,26,9,1750.3684629781878,1813.1730897020336,-60.8400550424531,10,2395635.0,1787.7844615552635,1859.1398649662278,1871.3223610880761,41.70748847947279,40.39319172727157,-1.964571681392684,1719.699951171875,1692.300048828125,2888.0,3
INTLCONV,5606,NSE_EQ,2026-09-28,86.0999984741211,114.54000091552734,86.0999984741211,81.16999816894531,78.56855576644271,20,80.26313971604145,50,80.22612508531068,14,1.298947250097553,1.1246132568989207,81.16999816894531,53.59665031459613,12,26,9,78.5255448317911,78.8461404470334,-0.7412993803927715,10,2704219.0,78.56855576644271,80.26313971604145,80.37413025311434,53.59665031459613,46.373748540299594,0.42070376515046026,81.16999816894531,80.4000015258789,511.42,3
INVENTURE,24870,NSE_EQ,2026-09-28,1.149999976158142,1.5800000429153442,1.149999976158142,0.8700000047683716,0.9357815300228067,20,1.0900736274670983,50,1.0990562243119444,14,0.011188956836678232,0.018486487824518394,0.8700000047683716,37.70442857528205,12,26,9,0.9118460751242933,0.9603277447433041,-0.05727203764776368,10,45857667.0,0.9357815300228067,1.0900736274670983,1.1075891320105997,37.70442857528205,39.61130920534492,0.008790368028752889,0.8700000047683716,0.8899999856948853,92.26,3
IOB,9348,NSE_EQ,2026-09-28,36.529998779296875,41.79999923706055,36.529998779296875,31.979999542236328,33.544119556249036,20,35.30885385791428,50,35.44472546263583,14,0.22421668500974085,0.37026501866353606,31.979999542236328,37.716330649760216,12,26,9,33.16221418815372,33.82827221388635,-0.5706083356483647,10,89335688.0,33.544119556249036,35.30885385791428,35.57838780115381,37.716330649760216,38.59746621099451,-0.09544969008426696,31.979999542236328,31.920000076293945,60880.08,3
IOC,1624,NSE_EQ,2026-09-28,149.3000030517578,188.9600067138672,149.3000030517578,135.6999969482422,140.25378268706302,20,144.90677417450752,50,145.28256100006936,14,1.3289835774753729,1.8062932189900274,135.6999969482422,42.388078110794616,12,26,9,138.21808590475473,141.68977272692823,-3.596093821113039,10,355242266.0,140.25378268706302,144.90677417450752,145.62062471435792,42.388078110794616,43.68180014607744,0.12440699893954354,135.6999969482422,136.5,184646.76,3
IOLCP,20413,NSE_EQ,2026-09-28,219.0399932861328,219.0399932861328,219.0399932861328,204.19000244140625,160.56905532109454,20,127.77255774447134,50,124.65347836908624,14,5.9525315430230705,1.7428406941035355,204.19000244140625,77.35209369476453,12,26,9,177.534958284979,150.86847365393515,22.583560614597996,10,184368131.0,160.56905532109454,127.77255774447134,121.44953895980468,77.35209369476453,77.13133385299604,4.082924016445862,204.19000244140625,203.25,5824.52,3
IONEXCHANG,1630,NSE_EQ,2026-09-28,486.0,486.0,486.0,420.1499938964844,402.60658567049734,20,406.5794539927568,50,406.0255544048496,14,10.032679259134298,8.472590085122368,420.1499938964844,54.21525659797036,12,26,9,409.2464758058305,400.08196406467636,5.639656754297457,10,21829025.0,402.60658567049734,406.5794539927568,404.54496528696717,54.21525659797036,59.28383864717138,3.524854986856715,420.1499938964844,424.5,4889.95,3
IPCALAB,1633,NSE_EQ,2026-09-28,2038.0,2038.0,2038.0,1970.800048828125,1798.4085358792297,20,1645.3918280263094,50,1632.1098598303167,14,33.72661456089753,16.669707025035827,1970.800048828125,66.92277035217451,12,26,9,1872.670781220207,1755.391692733531,98.13672868448552,10,19623354.0,1798.4085358792297,1645.3918280263094,1616.7021000035566,66.92277035217451,70.8171897536112,19.142359802190327,1970.800048828125,2020.0,48919.45,3
IPL,4934,NSE_EQ,2026-09-28,194.0,213.9600067138672,194.0,133.9199981689453,146.70616359007576,20,158.8547298026623,50,159.87247395097725,14,1.5334680005517867,2.7639232600187307,133.9199981689453,35.683695236728454,12,26,9,142.15708387175422,149.47965736587267,-5.762388348314049,10,35322647.0,146.70616359007576,158.8547298026623,160.9011464318765,35.683695236728454,36.13414473887862,-1.560185145804395,133.9199981689453,132.0,1521.63,3
IRB,15313,NSE_EQ,2026-09-28,23.950000762939453,23.950000762939453,23.950000762939453,17.68000030517578,19.794051314177374,20,20.861723337499125,50,20.991589583716404,14,0.16450776234091583,0.34923777168181924,17.68000030517578,32.021253995686465,12,26,9,19.334278097094895,20.043727783327853,-0.5158542566791126,10,633218994.0,19.794051314177374,20.861723337499125,21.094103462960486,32.021253995686465,36.028641757206024,-0.19359542955384523,17.68000030517578,17.81999969482422,21059.13,3
IRCON,4986,NSE_EQ,2026-09-28,164.39999389648438,186.44000244140625,164.39999389648438,105.94999694824219,126.30347098927885,20,141.7475126001549,50,143.20863568798805,14,1.1389007925519177,3.022826923840863,105.94999694824219,27.36605732436219,12,26,9,120.5848663518939,129.87858530678932,-7.649454440299538,10,64559907.0,126.30347098927885,141.7475126001549,144.57021271712546,27.36605732436219,29.329255381509526,-1.6442645145958874,105.94999694824219,107.0,9779.48,3
IRCTC,13611,NSE_EQ,2026-09-28,581.2999877929688,735.75,581.2999877929688,458.70001220703125,502.70266549135846,20,565.9571789839255,50,570.3350225258396,14,4.459111392990768,8.997189620379045,458.70001220703125,33.137720303375474,12,26,9,486.62340113228083,515.5239402270574,-29.465368395104278,10,36014529.0,502.70266549135846,565.9571789839255,574.1548193636289,33.137720303375474,36.649177828936956,0.5648293003276734,458.70001220703125,461.20001220703125,36269.5,3
IREDA,20261,NSE_EQ,2026-09-28,142.85000610351562,158.6999969482422,142.85000610351562,113.22000122070312,119.88995810042856,20,129.5479337632599,50,130.2143799894867,14,1.0616992653694874,1.7452427782885123,113.22000122070312,37.82405368034901,12,26,9,117.13736547842905,121.78944573773403,-4.130078595109321,10,200841447.0,119.88995810042856,129.5479337632599,130.86313020559538,37.82405368034901,38.91330661189009,-0.5220016641956597,113.22000122070312,109.75,31673.54,3
IRFC,2029,NSE_EQ,2026-09-28,108.37999725341797,137.1699981689453,108.37999725341797,79.94999694824219,89.39574717598087,20,101.02012273162711,50,101.88012786564282,14,0.5465812510903197,1.5087172888896656,79.94999694824219,26.593764383039087,12,26,9,85.67463435557762,92.03147545476396,-6.1078693812704055,10,327038056.0,89.39574717598087,101.02012273162711,102.71196981934251,26.593764383039087,28.107875046382148,-0.24897171791593475,79.94999694824219,79.68000030517578,103636.7,3
IRIS,6489,NSE_EQ,2026-09-28,290.0,388.1000061035156,290.0,235.94000244140625,249.72589238395767,20,265.5713826100408,50,266.7808266985565,14,4.879546194416469,6.193494285852234,235.94000244140625,44.06690468721252,12,26,9,247.11724381717,252.49454029506597,-5.4646769107823205,10,1226231.0,249.72589238395767,265.5713826100408,267.95188099899184,44.06690468721252,44.68665991447302,0.08738043288633879,235.94000244140625,239.0,481.63,3
IRISDOREME,2275,NSE_EQ,2026-09-28,68.0,68.0,66.30000305175781,66.1500015258789,51.853299172588585,20,45.09339733892841,50,44.23394410680798,14,1.6782086613665275,0.3553925444981953,66.1500015258789,82.5239804405468,12,26,9,56.84838926285485,49.29907678054147,5.804466772770196,10,56144135.0,51.853299172588585,45.09339733892841,43.40349277112444,82.5239804405468,81.50402059442011,1.7448457095431866,66.1500015258789,66.48999786376953,1243.46,3
IRMENERGY,19597,NSE_EQ,2026-09-28,366.8900146484375,378.0,366.8900146484375,268.25,272.26138088044655,20,276.25521284180354,50,276.58195622310166,14,5.389593049691662,5.616380019059943,268.25,48.96970959336535,12,26,9,274.7251442080252,271.26669054301505,3.6557697075140316,10,5212813.0,272.26138088044655,276.25521284180354,276.84244373396166,48.96970959336535,49.597391609243566,-0.19731604250387758,268.25,267.6000061035156,1092.53,3
ISFT,18483,NSE_EQ,2026-09-28,114.94999694824219,114.94999694824219,99.1500015258789,98.79000091552734,84.04208129735918,20,86.62563140845678,50,86.12912653061717,14,3.0195077663598697,1.8550333712942735,98.79000091552734,61.94445140764569,12,26,9,86.1344438402535,83.64863177571875,0.35806177563748653,10,5171247.0,84.04208129735918,86.62563140845678,85.76051930076035,61.94445140764569,59.80648691623294,2.127750288897255,98.79000091552734,101.19999694824219,154.1,3
ISGEC,3329,NSE_EQ,2026-09-28,1113.9000244140625,1113.9000244140625,1113.9000244140625,890.5499877929688,854.7053814235916,20,906.7270808745195,50,907.3873703880522,14,16.296442594140064,14.635112573934135,890.5499877929688,52.68549384468173,12,26,9,832.4149839093808,867.0979504809791,-32.13314379222649,10,3720968.0,854.7053814235916,906.7270808745195,912.3317528528706,52.68549384468173,37.67400870282778,-2.5498227793717945,890.5499877929688,849.0999755859375,6461.24,3
ISHANCH,30249,NSE_EQ,2026-09-28,71.98999786376953,83.37000274658203,71.98999786376953,50.220001220703125,52.09755271113113,20,54.717841777107424,50,54.90142710594025,14,0.8778433231067272,1.1209542032597386,50.220001220703125,43.91857161753264,12,26,9,50.051043380059006,53.198474386958694,-2.8104900649181577,10,3338541.0,52.09755271113113,54.717841777107424,55.059036338202,43.91857161753264,45.244382303786985,-0.33694094198152946,50.220001220703125,51.400001525878906,126.58,3
ITC,1660,NSE_EQ,2026-09-28,317.8999938964844,426.3999938964844,317.8999938964844,269.0,281.48766990312885,20,315.44365505091366,50,317.3393144407469,14,1.8965245617804263,3.4808485639774185,269.0,35.26860638879593,12,26,9,273.0797717821671,288.4146534576697,-16.158341021491736,10,609213874.0,281.48766990312885,315.44365505091366,319.58581756922763,35.26860638879593,28.944884918937433,0.8234593459891073,269.0,268.1000061035156,333690.98,3
ITCHOTELS,29251,NSE_EQ,2026-09-28,188.0,237.6300048828125,188.0,161.89999389648438,164.36151582070764,20,174.0578312660569,50,174.55406952603943,14,2.4490650266779985,2.7960144741630093,161.89999389648438,46.69261974552168,12,26,9,162.6425314202124,166.09485912160716,-3.553483396533031,10,74024443.0,164.36151582070764,174.0578312660569,175.19709264743867,46.69261974552168,44.34298581884069,0.10115569513828016,161.89999389648438,164.8000030517578,33064.48,3
ITDC,19299,NSE_EQ,2026-09-28,822.0,822.0,822.0,679.7000122070312,650.4096194183276,20,613.6763740199301,50,610.9815316449465,14,16.682273243228938,13.401124456022595,679.7000122070312,55.45342121925273,12,26,9,667.9607374386911,638.7371307184524,32.62939125471783,10,23281993.0,650.4096194183276,613.6763740199301,609.0501660878843,55.45342121925273,53.06879072768824,-3.405784534479068,679.7000122070312,685.75,5796.4,3
ITI,1675,NSE_EQ,2026-09-28,325.8500061035156,372.8500061035156,325.8500061035156,252.89999389648438,277.53321020306333,20,285.9374060055431,50,287.28587180591285,14,2.316170864374869,4.442130689742379,252.89999389648438,34.271493300914145,12,26,9,271.9917830399597,280.16575129857284,-4.636014317575863,10,10289055.0,277.53321020306333,285.9374060055431,288.55060176562483,34.271493300914145,35.54892902456494,-3.5379539410372525,252.89999389648438,250.8000030517578,23936.5,3
IVALUE,759041,NSE_EQ,2026-09-28,321.45001220703125,340.0,321.45001220703125,225.22000122070312,254.63638400095306,20,258.2448013676911,50,259.59275239409874,14,4.255256909829133,6.5753936723924875,225.22000122070312,39.28902402976682,12,26,9,249.89038311718747,256.89121133100446,-0.9469504640932631,10,11295729.0,254.63638400095306,258.2448013676911,261.12592601102943,39.28902402976682,37.984326317939065,-6.053877749723725,225.22000122070312,233.89999389648438,1213.78,3
IVC,6711,NSE_EQ,2026-09-28,10.989999771118164,10.989999771118164,10.989999771118164,7.800000190734863,8.287832150037026,20,8.256781694356457,50,8.27542583736142,14,0.19236234072958447,0.2248129579362573,7.800000190734863,46.11067370114525,12,26,9,8.398840539829848,8.228608629254548,0.1927257726221376,10,21179625.0,8.287832150037026,8.256781694356457,8.290749337034644,46.11067370114525,46.91393120489066,-0.02249386204683776,7.800000190734863,7.650000095367432,252.51,3
IVP,8857,NSE_EQ,2026-09-28,232.0,232.0,222.0,228.6199951171875,180.92968994870614,20,168.48623546636233,50,166.0317962969409,14,5.646792810927491,1.5374076202626636,228.6199951171875,78.60015690002162,12,26,9,192.28945277633449,175.85092112115018,9.83337099262226,10,740105.0,180.92968994870614,168.48623546636233,164.03146172595348,78.60015690002162,75.25976721150153,6.605160662562046,228.6199951171875,222.0,237.11,3
IXIGO,24067,NSE_EQ,2026-09-28,223.6999969482422,339.1499938964844,223.6999969482422,156.8000030517578,176.4738093751855,20,189.4660242602208,50,190.79933124832132,14,3.9451892977828438,5.780561984361513,156.8000030517578,40.56436550074925,12,26,9,171.2092194167075,180.08750381651942,-7.201818285556026,10,52977775.0,176.4738093751855,189.4660242602208,191.82583481370244,40.56436550074925,43.38419722610894,-1.6764661142558914,156.8000030517578,159.85000610351562,6891.78,3
IZMO,14174,NSE_EQ,2026-09-28,1175.4000244140625,1374.699951171875,1175.4000244140625,903.9500122070312,906.7875642657544,20,820.7434653930106,50,817.3472798087648,14,24.34789613745948,23.104039056164954,903.9500122070312,51.31064947743338,12,26,9,922.0507572971185,890.595889916447,47.15390138176322,10,5722300.0,906.7875642657544,820.7434653930106,812.5716595729618,51.31064947743338,53.7712506930746,-15.699034001091789,903.9500122070312,910.1500244140625,1318.93,3
J&KBANK,5633,NSE_EQ,2026-09-28,201.75,201.75,201.75,146.10000610351562,149.41897257461852,20,135.28392790718695,50,134.84245532774494,14,2.8183998479185646,2.799925581936193,146.10000610351562,50.164410785856255,12,26,9,151.6143588045606,146.3883530834751,9.108113818797847,10,152603806.0,149.41897257461852,135.28392790718695,134.36337179699763,50.164410785856255,50.47241490834863,-3.882108097712347,146.10000610351562,146.8800048828125,15775.21,3
JAGRAN,13211,NSE_EQ,2026-09-28,78.9000015258789,78.9000015258789,78.9000015258789,62.650001525878906,63.613418790974336,20,66.40558479212565,50,66.55887390503368,14,0.5279402434175899,0.6499074579621242,62.650001525878906,44.822453938583756,12,26,9,62.84464523546579,64.1473337991934,-1.2529325760896195,10,8439797.0,63.613418790974336,66.40558479212565,66.7302564884901,44.822453938583756,43.83469651011867,-0.04975598763799427,62.650001525878906,62.9900016784668,1354.38,3
JAGSNPHARM,4410,NSE_EQ,2026-09-28,264.5,264.5,264.5,242.2899932861328,225.28942345055944,20,215.45287379007422,50,214.35748115758204,14,4.011678599866007,2.408500781719179,242.2899932861328,62.48545969560584,12,26,9,231.26361739974874,221.90924290181118,8.774651485941305,10,28014782.0,225.28942345055944,215.45287379007422,213.78350087140396,62.48545969560584,55.640185829059185,0.5797230119962506,242.2899932861328,247.6699981689453,1599.56,3
JAIBALAJI,11256,NSE_EQ,2026-09-28,88.5,102.0,88.5,64.95999908447266,67.05690259656811,20,76.1139649465614,50,76.5692288592997,14,1.697241946374522,1.9564587045307777,64.95999908447266,46.45268204865076,12,26,9,66.210334871344,68.10925255457241,-2.263899853741838,10,35125357.0,67.05690259656811,76.1139649465614,77.06266663490648,46.45268204865076,45.945447708279524,0.3649821705134335,64.95999908447266,64.55000305175781,5848.79,3
JAICORPLTD,5143,NSE_EQ,2026-09-28,125.3499984741211,173.39999389648438,125.3499984741211,94.43000030517578,104.20670094004687,20,116.91863135328283,50,117.83653466136884,14,1.1472194654914463,2.094389188051692,94.43000030517578,35.39043691278138,12,26,9,100.83595435934404,106.38213208195492,-4.597935125828892,10,14264397.0,104.20670094004687,116.91863135328283,118.7923116610596,35.39043691278138,35.37619407006862,-0.9482425967819861,94.43000030517578,95.13999938964844,1599.72,3
JAIPURKURT,5516,NSE_EQ,2026-09-28,36.0,42.7400016784668,36.0,25.1299991607666,27.606644070213747,20,31.11998257194057,50,31.364471690764,14,0.33757588058276283,0.5940776561520986,25.1299991607666,36.234057755617506,12,26,9,26.56139964981458,28.344268482404445,-1.6988553584116368,10,1156914.0,27.606644070213747,31.11998257194057,31.630368478898458,36.234057755617506,34.83515662533523,-0.08401347417822924,25.1299991607666,25.010000228881836,48.38,3
JAMNAAUTO,20778,NSE_EQ,2026-09-28,148.89999389648438,152.60000610351562,148.89999389648438,138.1999969482422,128.4261899823963,20,122.69717734461092,50,122.06440919752393,14,3.9411135814379707,3.099691294548625,138.1999969482422,55.975327407233685,12,26,9,129.35640144324867,127.44581364418738,2.1027325931610106,10,114587483.0,128.4261899823963,122.69717734461092,121.9433647247985,55.975327407233685,49.18614433312859,-0.19214479409972096,138.1999969482422,138.38999938964844,5594.69,3
JASH,13982,NSE_EQ,2026-09-28,603.0,603.0,572.8499755859375,593.8499755859375,491.0248911198912,20,472.6915952537828,50,467.7463552402254,14,15.187287604737127,6.558573406463717,593.8499755859375,69.83990009369815,12,26,9,508.24286614978405,482.714105559023,19.204733174816926,10,22707155.0,491.0248911198912,472.6915952537828,465.56661364129326,69.83990009369815,60.37835744657055,6.3240274159441405,593.8499755859375,578.3499755859375,3563.87,3
JAYAGROGN,4041,NSE_EQ,2026-09-28,265.0,265.0,265.0,234.83999633789062,221.72234053649254,20,218.48134216878046,50,217.8136419986127,14,4.3352851153403025,3.121928267034829,234.83999633789062,58.13545748317462,12,26,9,226.58837365718404,219.34826653737787,6.0366352581308185,10,1136576.0,221.72234053649254,218.48134216878046,217.42277026836632,58.13545748317462,54.91846390026235,1.2034718616753501,234.83999633789062,231.10000610351562,694.15,3
JAYBARMARU,1708,NSE_EQ,2026-09-28,207.0,207.0,207.0,121.55000305175781,128.77049765275436,20,116.07376374832151,50,115.85024377675268,14,4.1221141165944974,4.448210610418722,121.55000305175781,48.09752544850264,12,26,9,129.23070437874085,126.25670056375836,9.040851369895547,10,17762404.0,128.77049765275436,116.07376374832151,116.04209039923732,48.09752544850264,43.17177778723238,-6.066847554913052,121.55000305175781,125.80000305175781,1308.74,3
JAYNECOIND,2331,NSE_EQ,2026-09-28,117.0,117.0,117.0,88.55000305175781,90.70663896702794,20,83.16979417487916,50,82.95019381255757,14,1.8708598476046092,1.938798589604694,88.55000305175781,49.10833552246416,12,26,9,91.1445215744313,89.65094811841277,2.6514741407181655,10,214257281.0,90.70663896702794,83.16979417487916,82.69265061567296,49.10833552246416,49.77088617592121,-1.1579006846996416,88.55000305175781,89.95999908447266,8550.9,3
JAYSREETEA,1720,NSE_EQ,2026-09-28,112.69999694824219,112.69999694824219,112.69999694824219,89.37000274658203,89.79552312583408,20,90.58670620030124,50,90.63636756575917,14,1.5891530663298457,1.5902296432042384,89.37000274658203,49.98306940414621,12,26,9,90.97278446596977,89.4102176538237,1.067825909892349,10,4578059.0,89.79552312583408,90.58670620030124,90.68764798667107,49.98306940414621,49.99429504062956,0.49474090225372436,89.37000274658203,88.0,253.78,3
JBMA,11655,NSE_EQ,2026-09-28,738.5,738.5,738.5,586.5999755859375,634.8764320611617,20,637.2326735976902,50,639.2993143328638,14,8.695892913221254,12.367876697772731,586.5999755859375,41.28364995353223,12,26,9,630.8977759909458,634.440451626106,7.0548975088414,10,24459564.0,634.8764320611617,637.2326735976902,640.940103669473,41.28364995353223,43.11105373620453,-10.597573144001608,586.5999755859375,592.0,13711.44,3
JETFREIGHT,7211,NSE_EQ,2026-09-28,25.950000762939453,25.950000762939453,25.950000762939453,21.43000030517578,21.365605411795833,20,19.492122474769047,50,19.41302542046673,14,0.5033009546392267,0.4638130309513545,21.43000030517578,52.04153410436715,12,26,9,21.698090088201845,20.983740135374024,1.0390401856377849,10,10514650.0,21.365605411795833,19.492122474769047,19.30172036050013,52.04153410436715,54.92154992972213,-0.32469023280996434,21.43000030517578,21.25,100.59,3
JGCHEM,23056,NSE_EQ,2026-09-28,675.0,675.0,675.0,620.0999755859375,526.4894846617302,20,457.50815149148707,50,450.8717505080401,14,15.83352744150057,6.760452288521811,620.0999755859375,70.07852370718616,12,26,9,566.3898883403612,505.13777928829853,50.34034769153496,10,33317347.0,526.4894846617302,457.50815149148707,444.27875973636577,70.07852370718616,69.3319840532287,10.911761360527663,620.0999755859375,607.0,2419.43,3
JHS,13720,NSE_EQ,2026-09-28,9.770000457763672,13.899999618530273,9.770000457763672,8.430000305175781,8.343319527148703,20,9.572482837051465,50,9.619114777128024,14,0.17333296337999685,0.18156423077150796,8.430000305175781,48.84033073138397,12,26,9,8.24946299500388,8.504588356229005,-0.41882683328607984,10,5010526.0,8.343319527148703,9.572482837051465,9.66316027979231,48.84033073138397,49.94609425776823,0.16370147206095398,8.430000305175781,8.0600004196167,77.96,3
JINDALPHOT,11743,NSE_EQ,2026-09-28,1248.0,1616.5999755859375,1248.0,1058.4000244140625,1084.2350209209665,20,1109.0740288244715,50,1111.1423555351005,14,19.358336789458004,22.49748587925263,1058.4000244140625,46.250044928466664,12,26,9,1066.4357827659956,1097.3669194731046,-36.11820387279113,10,189801.0,1084.2350209209665,1109.0740288244715,1110.55224859425,46.250044928466664,52.241007143479635,5.187067165682038,1058.4000244140625,1064.0,1078.2,3
JINDALPOLY,1756,NSE_EQ,2026-09-28,894.0,1026.449951171875,909.4000244140625,694.0999755859375,667.1575306904249,20,651.2835310055178,50,649.5359210226436,14,17.061820267340536,14.62962455863225,694.0999755859375,53.8373064435279,12,26,9,670.7874456588811,663.1874544750079,6.034614444690062,10,1821253.0,667.1575306904249,651.2835310055178,646.7231009743012,53.8373064435279,56.96357879833822,1.5653767391830957,694.0999755859375,699.7999877929688,3005.39,3
JINDALSAW,3024,NSE_EQ,2026-09-28,320.0,320.0,320.0,285.5,268.8380158334998,20,242.03687551836347,50,240.26287043748036,14,6.508357706989098,4.476376824687203,285.5,59.249112377009844,12,26,9,282.284574247764,260.327107377171,21.287402667903407,10,98149937.0,268.8380158334998,242.03687551836347,238.2531916798265,59.249112377009844,60.83134303297967,0.670064202689602,285.5,283.70001220703125,17833.52,3
JINDALSTEL,6733,NSE_EQ,2026-09-28,1306.199951171875,1306.199951171875,1306.199951171875,1164.800048828125,1129.448581478376,20,1105.4963274096785,50,1103.0757673517828,14,15.923747458501065,13.053272761822369,1164.800048828125,54.95301910764698,12,26,9,1129.671672277742,1127.956055803325,-2.320896276697833,10,36989312.0,1129.448581478376,1105.4963274096785,1102.4053905089984,54.95301910764698,49.29055051213427,4.03651275111478,1164.800048828125,1154.4000244140625,117008.5,3
JINDRILL,13875,NSE_EQ,2026-09-28,704.4000244140625,704.4000244140625,704.4000244140625,592.2000122070312,599.4978698188352,20,588.3611681484387,50,588.204480635843,14,13.804593181180246,13.818689212644232,592.2000122070312,49.97448523447898,12,26,9,610.1015869876132,593.189747953638,18.6651777366628,10,36117209.0,599.4978698188352,588.3611681484387,587.9332359440024,49.97448523447898,50.31928824001088,-1.7533387026875005,592.2000122070312,591.5,1693.22,3
JINDWORLD,20642,NSE_EQ,2026-09-28,61.9900016784668,61.9900016784668,61.9900016784668,46.7599983215332,38.71120885579525,20,36.71010412680536,50,36.299904363755246,14,1.9387479460458525,1.1867804906668475,46.7599983215332,62.02944510992664,12,26,9,42.40426474848062,37.161853840846675,3.39195267325161,10,1061862047.0,38.71120885579525,36.71010412680536,35.75296165358446,62.02944510992664,66.49731272022609,1.8504582343823364,46.7599983215332,49.38999938964844,4918.13,3
JIOFIN,18143,NSE_EQ,2026-09-28,268.20001220703125,316.8500061035156,268.20001220703125,227.0,241.10421436698593,20,254.6609457734659,50,255.78996396830124,14,1.9558544294645066,3.292793500355489,227.0,37.26396694189361,12,26,9,237.78379185808498,243.89584198130675,-5.669525263922965,10,631091058.0,241.10421436698593,254.6609457734659,256.8471053796748,37.26396694189361,38.789554232673495,-0.44252485929879803,227.0,227.1999969482422,145823.28,3
JISLDVREQS,25684,NSE_EQ,2026-09-28,26.450000762939453,34.22999954223633,26.450000762939453,19.850000381469727,22.17777195569656,20,24.3562960446493,50,24.54022647988112,14,0.34618282502478587,0.5647847813022971,19.850000381469727,38.001661378559376,12,26,9,21.562896746257206,22.61774328935568,-0.9244087066712361,10,2238880.0,22.17777195569656,24.3562960446493,24.687174477669835,38.001661378559376,41.553052654247445,-0.13043783642723805,19.850000381469727,20.690000534057617,1496.73,3
JISLJALEQS,10397,NSE_EQ,2026-09-28,37.88999938964844,55.790000915527344,37.88999938964844,28.75,30.89639231479666,20,36.095392878359505,50,36.39520483257826,14,0.6373641969445661,0.88260866773291,28.75,41.93260365077694,12,26,9,30.005467908064638,31.77658155681135,-2.038093435768433,10,173081820.0,30.89639231479666,36.095392878359505,36.63909074099802,41.93260365077694,45.50368005061328,0.26697978702171987,28.75,28.690000534057617,2167.09,3
JITFINFRA,19691,NSE_EQ,2026-09-28,410.1499938964844,433.1499938964844,410.1499938964844,279.1499938964844,309.82556153586023,20,329.2483499070053,50,331.2931807645776,14,6.098683316409587,8.638431220065382,279.1499938964844,41.3831574784541,12,26,9,305.624343867598,311.79231661330596,-1.203965435421097,10,1050212.0,309.82556153586023,329.2483499070053,333.1929024284379,41.3831574784541,42.53773300299555,-4.964007310286874,279.1499938964844,276.0,707.73,3
JKCEMENT,13270,NSE_EQ,2026-09-28,6020.0,6764.5,6020.0,5000.0,5255.000432675081,20,5398.02983341441,50,5414.275949063977,14,66.71056879688466,90.49364582866815,5000.0,42.43561087454532,12,26,9,5176.153244379989,5302.084856278727,-92.98465600272415,10,1640375.0,5255.000432675081,5398.02983341441,5428.552518413527,42.43561087454532,43.71680794643847,-32.94695589601393,5000.0,5165.0,38552.95,3
JKIL,15266,NSE_EQ,2026-09-28,548.9000244140625,672.0,548.9000244140625,473.54998779296875,494.48187717323526,20,530.9078717043892,50,533.2490098232228,14,5.251089559062781,7.416542544689739,473.54998779296875,41.452810723065255,12,26,9,488.86549461517416,500.55588755702144,-13.180170196473192,10,3186582.0,494.48187717323526,530.9078717043892,535.1550923550699,41.452810723065255,44.73176946912557,1.4897772546259134,473.54998779296875,479.95001220703125,3530.48,3
JKLAKSHMI,13491,NSE_EQ,2026-09-28,686.0,884.9500122070312,686.0,510.3500061035156,568.328189039169,20,645.2266872329873,50,650.7318578913331,14,5.580228820206742,11.629875978950224,510.3500061035156,32.42414201033853,12,26,9,544.643534755073,586.0935528971436,-41.40077402571872,10,9214246.0,568.328189039169,645.2266872329873,655.6515250621209,32.42414201033853,35.335242301814546,-0.04924411635185777,510.3500061035156,509.45001220703125,6204.32,3
JKPAPER,11860,NSE_EQ,2026-09-28,442.0,444.79998779296875,442.0,408.45001220703125,386.6379558282966,20,374.7943394744915,50,373.4206385466327,14,6.6248767276318645,4.544699519267175,408.45001220703125,59.311800028860546,12,26,9,396.41971465057867,382.0156730751937,9.871974840903428,10,24982918.0,386.6379558282966,374.7943394744915,371.0867868096171,59.311800028860546,69.09958230802445,4.532066734481523,408.45001220703125,410.5,7265.34,3
JKTYRE,14435,NSE_EQ,2026-09-28,441.5,611.9000244140625,441.5,345.8500061035156,384.8998323476588,20,400.3909515572557,50,402.61711259618386,14,4.401024734108768,7.9602486740137,345.8500061035156,35.60332814268875,12,26,9,373.08038477045034,391.26738805166104,-14.481663786076519,10,27382220.0,384.8998323476588,400.3909515572557,404.79128020812954,35.60332814268875,36.33824937976551,-3.7053394951341883,345.8500061035156,347.3500061035156,9626.29,3
JLHL,18553,NSE_EQ,2026-09-28,340.0,340.0,340.0,265.6499938964844,286.85459099811044,20,281.75771549209884,50,282.41517351640965,14,3.2891936364164125,4.755628819206856,265.6499938964844,40.88584495879448,12,26,9,288.95032033356057,284.9728076515711,7.951953022406041,10,7464487.0,286.85459099811044,281.75771549209884,282.51171170920315,40.88584495879448,46.8796429796423,-3.9744403404165602,265.6499938964844,269.79998779296875,8609.66,3
JMA,7109,NSE_EQ,2026-09-28,103.69999694824219,103.69999694824219,103.69999694824219,88.19000244140625,89.44772496943581,20,88.31589514106042,50,88.32103361859733,14,1.1058033757869297,1.1614835778198649,88.19000244140625,48.77209627249962,12,26,9,90.13024886902592,88.97944783000628,1.3366566567446578,10,873799.0,89.44772496943581,88.31589514106042,88.2439329873371,48.77209627249962,52.0867925280317,-0.18585561772501746,88.19000244140625,88.79000091552734,200.27,3
JMFINANCIL,13637,NSE_EQ,2026-09-28,147.1999969482422,182.5,147.1999969482422,127.68000030517578,127.95756677781404,20,131.55847692797437,50,131.71678209625188,14,1.7189511410459792,1.8242016992856498,127.68000030517578,48.51473302193451,12,26,9,127.21258036554437,128.88557574140998,-2.368973404892197,10,136678766.0,127.95756677781404,131.55847692797437,131.93787511847611,48.51473302193451,47.04141440347109,0.6959780290265862,127.68000030517578,126.5,12106.54,3
JNKINDIA,23621,NSE_EQ,2026-09-28,558.0,558.0,558.0,420.3999938964844,418.9285889248966,20,383.7826773887916,50,382.28809304153884,14,10.567865594092202,9.346375162184419,420.3999938964844,53.066876731222585,12,26,9,432.4828123304226,406.47003967467367,36.78763399320936,10,9561888.0,418.9285889248966,383.7826773887916,380.9978113739901,53.066876731222585,51.94654618992004,-10.774861337460457,420.3999938964844,425.8500061035156,1911.38,3
JOCIL,16927,NSE_EQ,2026-09-28,175.1199951171875,175.1199951171875,175.1199951171875,147.60000610351562,145.35281172852953,20,145.07406890991587,50,144.97096943262608,14,2.0136410805722336,1.749785546230272,147.60000610351562,53.50552249993166,12,26,9,147.5544162944069,144.28517023249307,3.2325282783385876,10,321976.0,145.35281172852953,145.07406890991587,144.93100912586624,53.50552249993166,52.00239995930657,0.036717783575245466,147.60000610351562,146.6999969482422,130.29,3
JPOLYINVST,31507,NSE_EQ,2026-09-28,1226.9000244140625,1487.699951171875,1226.9000244140625,957.0499877929688,1028.8347568804838,20,1019.5675094614579,50,1022.1192450397635,14,15.117537429742336,21.060565560899494,957.0499877929688,41.78642930408148,12,26,9,1011.1832194682561,1033.9743841522622,-10.559309827499499,10,654095.0,1028.8347568804838,1019.5675094614579,1023.8077856536314,41.78642930408148,43.83769765975981,-12.231854856506663,957.0499877929688,964.1500244140625,994.99,3
JPPOWER,11763,NSE_EQ,2026-09-28,24.5,24.5,24.5,15.869999885559082,17.03774307520672,20,17.258263251136604,50,17.3149270619765,14,0.2762021401713791,0.3750293623782774,15.869999885559082,42.41228182144316,12,26,9,16.723068578328483,17.142566778781703,-0.13287372463272185,10,2650201025.0,17.03774307520672,17.258263251136604,17.394311844687415,42.41228182144316,39.070857464156916,-0.28662447582049744,15.869999885559082,15.84000015258789,10718.81,3
JSFB,22663,NSE_EQ,2026-09-28,606.9500122070312,606.9500122070312,606.9500122070312,535.25,509.3640792724765,20,477.55344543508954,50,475.19848402427687,14,10.888197015634477,7.940446397138233,535.25,57.82783590371835,12,26,9,526.7535562481406,498.48163786737547,29.651695048639017,10,42378256.0,509.3640792724765,477.55344543508954,473.07189203371803,57.82783590371835,56.51640264052098,-1.379776667873859,535.25,522.7000122070312,5304.1,3
JSL,11236,NSE_EQ,2026-09-28,801.7999877929688,884.0,801.7999877929688,748.25,732.4261405593845,20,732.0793886613728,50,731.4193637087758,14,8.590474607236523,7.443942478865958,748.25,53.575222355180905,12,26,9,733.6432685949023,733.2134259041234,-4.826802161980033,10,34771749.0,732.4261405593845,732.0793886613728,730.6221943823164,53.575222355180905,54.22745683404306,5.256644852759002,748.25,738.0,61664.12,3
JSLL,758115,NSE_EQ,2026-09-28,784.4500122070312,839.0,784.4500122070312,508.25,562.6456815573746,20,676.8470354760575,50,683.7285471281415,14,9.879836613075067,15.772694015111526,508.25,38.51408173437384,12,26,9,538.0870280513246,581.4896943220701,-41.78886837581946,10,24516630.0,562.6456815573746,676.8470354760575,690.8031819539234,38.51408173437384,38.74603809046784,-1.6137978949260372,508.25,507.29998779296875,6256.73,3
JSWCEMENT,758460,NSE_EQ,2026-09-28,143.39999389648438,143.39999389648438,143.39999389648438,115.47000122070312,125.99288974181655,20,127.29800589480718,50,127.780781595791,14,1.1248478913913258,1.9805644569182426,115.47000122070312,36.22217487489662,12,26,9,124.45220099963683,126.61617623011828,-0.217442875912218,10,57500617.0,125.99288974181655,127.29800589480718,128.20285421433732,36.22217487489662,37.941399114650956,-1.946532354569237,115.47000122070312,115.5199966430664,15101.5,3
JSWDULUX,1467,NSE_EQ,2026-09-28,3376.199951171875,3745.0,3376.199951171875,3199.60009765625,3104.0198988369016,20,3127.525428222354,50,3124.583604980154,14,39.02421668649621,31.374437135685504,3199.60009765625,55.43318595987155,12,26,9,3125.8779679969302,3100.0257504168485,7.177224065162607,10,942660.0,3104.0198988369016,3127.525428222354,3121.9625256394206,55.43318595987155,54.93940970032436,18.674993514919137,3199.60009765625,3128.5,14493.47,3
JSWENERGY,17869,NSE_EQ,2026-09-28,617.3499755859375,617.3499755859375,617.3499755859375,506.54998779296875,538.6216295679196,20,532.7148565565595,50,533.7828103836448,14,5.381337947192819,7.725091054571801,506.54998779296875,41.058765484238975,12,26,9,536.9082510693872,537.2932947181107,6.581452288109495,10,79049573.0,538.6216295679196,532.7148565565595,534.1004761135895,41.058765484238975,45.9270507803339,-6.966495936832962,506.54998779296875,510.0,86899.9,3
JSWHL,11880,NSE_EQ,2026-09-28,13879.0,22790.0,14964.0,11062.0,12060.047138589067,20,13889.80519975518,50,14005.22582015335,14,160.16804941615894,276.33008474437634,11062.0,36.69386805608941,12,26,9,11567.305218000243,12498.641180126102,-1088.388108501818,10,223767.0,12060.047138589067,13889.80519975518,14116.377894445322,36.69386805608941,38.064210403413014,157.05214637595918,11062.0,11014.0,12160.21,3
JSWINFRA,19020,NSE_EQ,2026-09-28,375.5,375.5,356.95001220703125,362.04998779296875,323.66463595326417,20,303.41591692299676,50,301.02268954054887,14,6.566662858795594,3.034029010793655,362.04998779296875,68.39780869955717,12,26,9,335.6462434162779,317.0464361145457,16.020044248109574,10,161427036.0,323.66463595326417,303.41591692299676,299.09504421567334,68.39780869955717,64.78193153519756,2.5797630536226244,362.04998779296875,360.6499938964844,74966.62,3
JSWSTEEL,11723,NSE_EQ,2026-09-28,1351.0,1351.0,1351.0,1277.0,1268.875924070187,20,1215.788241241393,50,1213.2898021083888,14,11.924834617077332,10.422359397435583,1277.0,53.36166415046559,12,26,9,1279.6748558700199,1259.1705571111909,23.761400015625682,10,67219347.0,1268.875924070187,1215.788241241393,1210.74652972155,53.36166415046559,53.15202354238269,-3.2571012567966733,1277.0,1279.0,309578.37,3
JTEKTINDIA,3237,NSE_EQ,2026-09-28,159.5,171.30999755859375,159.5,118.06999969482422,129.30459555390595,20,135.26819454402323,50,135.97016168072523,14,1.9484176142340528,2.947582993710746,118.06999969482422,39.79610646028786,12,26,9,126.38713503852864,130.83141428642804,-2.6969453649234776,10,9095653.0,129.30459555390595,135.26819454402323,136.71302555981336,39.79610646028786,39.531448023726085,-1.7473338829759246,118.06999969482422,118.55000305175781,3289.69,3
JTLIND,7287,NSE_EQ,2026-09-28,94.0,94.0,94.0,91.16000366210938,80.04780836600624,20,75.40837590839915,50,74.76545232661506,14,2.4011654861012404,1.3827210189622074,91.16000366210938,63.457650827742725,12,26,9,83.62233021812125,78.1738583538493,4.213413650449389,10,145377239.0,80.04780836600624,75.40837590839915,74.23873616978526,63.457650827742725,60.88041466909102,1.2350582138225628,91.16000366210938,90.79000091552734,3323.21,3
JUBLCPL,29590,NSE_EQ,2026-09-28,2479.0,2753.10009765625,2479.0,2210.10009765625,2040.6586580779249,20,1968.7187305736375,50,1958.8664298763879,14,70.49367837083642,56.206380240871205,2210.10009765625,55.63823659062025,12,26,9,2083.0539909056833,2024.1101682958752,37.55063522747703,10,906194.0,2040.6586580779249,1968.7187305736375,1957.1834280106918,55.63823659062025,49.68097123052793,21.393187382331163,2210.10009765625,2166.60009765625,3251.49,3
JUBLFOOD,18096,NSE_EQ,2026-09-28,527.8499755859375,635.0,527.8499755859375,484.54998779296875,471.7964927763087,20,500.6522742874911,50,501.309510470941,14,7.713358508102209,7.037509231814677,484.54998779296875,52.29087972383697,12,26,9,474.9604586344238,474.954485285082,-9.034483454558941,10,103087109.0,471.7964927763087,500.6522742874911,501.3629598779182,52.29087972383697,56.519319467689655,9.040456803900728,484.54998779296875,478.5,31890.75,3
JUBLINGREA,2783,NSE_EQ,2026-09-28,795.0,795.0,795.0,656.0999755859375,680.2214534843159,20,677.3086399923686,50,678.1742997640597,14,10.815114266745223,12.587010333185125,656.0999755859375,46.21424102142167,12,26,9,679.1226919136683,679.2775557198538,7.902396815944279,10,12674445.0,680.2214534843159,677.3086399923686,680.3487599824268,46.21424102142167,40.55316007674089,-8.057260622129796,656.0999755859375,630.3499755859375,10303.24,3
JUBLPHARMA,3637,NSE_EQ,2026-09-28,1091.8499755859375,1184.800048828125,1086.0,1071.949951171875,968.2103987745928,20,974.0193934579627,50,970.0222278369866,14,19.185075145623262,11.142891954062511,1071.949951171875,63.2586914993786,12,26,9,978.1137367785377,967.2728378152958,-4.533153332405751,10,13387382.0,968.2103987745928,974.0193934579627,966.1292565481264,63.2586914993786,62.683024215572146,15.37405229564765,1071.949951171875,1059.550048828125,16745.84,3
JUNIPER,22824,NSE_EQ,2026-09-28,233.99000549316406,291.6000061035156,233.99000549316406,216.2899932861328,209.55607519268898,20,227.0575743979519,50,227.49706750455675,14,3.00867989784329,2.657274882590805,216.2899932861328,53.10102205956506,12,26,9,210.52573204298344,211.3027036651861,-5.337400953067531,10,12474886.0,209.55607519268898,227.0575743979519,227.6263354912303,53.10102205956506,59.09025546268503,4.560429330864865,216.2899932861328,220.2899932861328,4766.92,3
JUSTDIAL,29962,NSE_EQ,2026-09-28,838.2999877929688,878.5999755859375,838.2999877929688,672.2000122070312,646.7249747925244,20,667.3007711180232,50,667.1008020939821,14,12.130212756110359,9.881968118125384,672.2000122070312,55.10681938066492,12,26,9,662.952860485012,642.9865077847332,12.428827541606069,10,11618544.0,646.7249747925244,667.3007711180232,667.0232838121038,55.10681938066492,54.63576163390589,7.5375251586727074,672.2000122070312,670.7999877929688,5627.58,3
JWL,20224,NSE_EQ,2026-09-28,308.6000061035156,358.25,308.6000061035156,226.72999572753906,254.6772173248354,20,282.1832012195258,50,284.44659736205585,14,2.6704872950605116,5.32077333311777,226.72999572753906,33.41759728926881,12,26,9,246.2376021068362,260.26726052026993,-12.062202701807916,10,43089067.0,254.6772173248354,282.1832012195258,286.66360113671885,33.41759728926881,34.46500334556424,-1.9674557116258207,226.72999572753906,230.0,9559.04,3
JYOTHYLAB,15146,NSE_EQ,2026-09-28,277.79998779296875,325.0,277.79998779296875,191.07000732421875,206.672768729129,20,239.6815286019584,50,241.66567232758044,14,2.058201494271159,3.7950304642039763,191.07000732421875,35.163504690618055,12,26,9,200.3849273135864,212.59359630509272,-14.024955950196494,10,43776327.0,206.672768729129,239.6815286019584,243.56753620526868,35.163504690618055,36.968028037718426,1.8162869586901653,191.07000732421875,192.86000061035156,6957.27,3
JYOTICNC,21334,NSE_EQ,2026-09-28,1134.5999755859375,1134.5999755859375,1065.0,1065.0999755859375,886.8602895949901,20,869.4312154664449,50,861.4447354615676,14,27.535313575149647,12.499120489527694,1065.0999755859375,68.77907535963958,12,26,9,934.7561171669843,871.1762494256482,27.589935689887056,10,60813123.0,886.8602895949901,869.4312154664449,853.7608491060448,68.77907535963958,67.89700081784622,35.989932051449046,1065.0999755859375,1072.550048828125,23675.54,3
JYOTISTRUC,1802,NSE_EQ,2026-09-28,14.470000267028809,15.489999771118164,14.470000267028809,9.029999732971191,10.768800916003759,20,12.228598054517482,50,12.359153088049984,14,0.1579146517580195,0.31459590410793326,9.029999732971191,33.42034369340492,12,26,9,10.315111845715782,11.02439218219048,-0.4746626629584302,10,227199865.0,10.768800916003759,12.228598054517482,12.484424644221289,33.42034369340492,34.78762854978294,-0.23461767351626828,9.029999732971191,9.119999885559082,1066.12,3
KABRAEXTRU,1805,NSE_EQ,2026-09-28,846.4000244140625,846.4000244140625,741.9000244140625,846.4000244140625,479.7607166086501,20,366.45006225567323,50,346.86026788186143,14,37.82747089717623,6.0917604117685045,846.4000244140625,86.12962879765193,12,26,9,566.5850832553358,439.247174316618,81.16453035909268,10,19010420.0,479.7607166086501,366.45006225567323,333.19742266945013,86.12962879765193,81.05077002492561,46.17337857962514,846.4000244140625,846.4000244140625,3090.54,3
KAJARIACER,1808,NSE_EQ,2026-09-28,1275.0,1293.800048828125,1275.0,1218.0999755859375,1180.96466558166,20,1134.3437480227838,50,1130.9251264895938,14,16.538767956145648,12.36030666542389,1218.0999755859375,57.22940326885599,12,26,9,1204.319317067139,1165.9564868732848,40.03848367093944,10,10495281.0,1180.96466558166,1134.3437480227838,1127.9955418086845,57.22940326885599,55.53698240297929,-1.675653477085163,1218.0999755859375,1214.699951171875,19059.47,3
KAKATCEM,1811,NSE_EQ,2026-09-28,157.89999389648438,165.5500030517578,157.89999389648438,106.72000122070312,115.05199058371724,20,124.093151924644,50,124.80226011664158,14,1.6785383426746756,2.454049704798926,106.72000122070312,40.617122330904145,12,26,9,112.77965068505934,116.5421514065907,-2.755256021928921,10,129439.0,115.05199058371724,124.093151924644,125.51541351605329,40.617122330904145,41.049927574559014,-1.0072446996024462,106.72000122070312,106.19999694824219,83.52,3
KALAMANDIR,18755,NSE_EQ,2026-09-28,123.73999786376953,223.02999877929688,123.73999786376953,77.19000244140625,92.89693829433477,20,111.6339348233545,50,113.03980961445443,14,0.9127958231504213,2.486516981490362,77.19000244140625,26.852363274843697,12,26,9,87.23829843506186,96.98141276833155,-9.187780791166436,10,19158953.0,92.89693829433477,111.6339348233545,114.45939359315743,26.852363274843697,27.469985503528818,-0.5553335421032521,77.19000244140625,78.48999786376953,1129.34,3
KALPATARU,758558,NSE_EQ,2026-09-28,409.79998779296875,410.70001220703125,409.79998779296875,281.8500061035156,292.67154079823314,20,322.867032046615,50,324.5411963708232,14,4.90517854701934,6.308869927962696,281.8500061035156,43.741370995163265,12,26,9,284.12334338587294,298.9823959684956,-14.824020797097377,10,6183115.0,292.67154079823314,322.867032046615,326.58573449995754,43.741370995163265,40.95846499729966,-0.035031785525289294,281.8500061035156,282.0,5737.78,3
KALYANI,19653,NSE_EQ,2026-09-28,144.99000549316406,144.99000549316406,144.99000549316406,144.99000549316406,140.80668442217112,20,139.34090648203653,50,139.1103310121946,14,0.366423144901984,0.0,144.99000549316406,100.0,12,26,9,141.99707706611065,140.29397520270587,0.8971783514779366,10,250.0,140.80668442217112,139.34090648203653,138.87034429868564,100.0,100.0,0.805923511926846,144.99000549316406,144.99000549316406,14.51,3
KALYANIFRG,15160,NSE_EQ,2026-09-28,1192.25,1192.25,1192.25,974.25,759.2108209432038,20,687.6254179817486,50,675.9264554503914,14,29.520364572146654,10.715588767072528,974.25,73.36812507775795,12,26,9,822.933070094979,733.1060385485687,45.192357166870636,10,579070.0,759.2108209432038,687.6254179817486,663.7091679177543,73.36812507775795,73.49860291592472,44.63467437953972,974.25,936.9500122070312,344.25,3
KALYANKJIL,2955,NSE_EQ,2026-09-28,648.9500122070312,648.9500122070312,648.9500122070312,573.0,530.2955780745822,20,493.0672652427237,50,489.8047046403859,14,12.245425239452656,7.626814097116485,573.0,61.62076166684684,12,26,9,562.1113618545206,514.9183337865197,39.54699439741148,10,552706918.0,530.2955780745822,493.0672652427237,486.0477548058736,61.62076166684684,63.64533640805949,7.646033670589418,573.0,574.5999755859375,58143.5,3
KAMATHOTEL,1826,NSE_EQ,2026-09-28,246.0,329.6000061035156,241.11000061035156,237.1300048828125,201.25302983454299,20,206.09698875589237,50,204.83033503642625,14,5.829033544392166,2.9663505268274064,237.1300048828125,66.27378062393026,12,26,9,209.16145178633846,199.911184768643,0.9463919511712455,10,3972353.0,201.25302983454299,206.09698875589237,203.8315730766168,66.27378062393026,63.983546026549575,8.303875066524204,237.1300048828125,240.3000030517578,682.7,3
KAMDHENU,13457,NSE_EQ,2026-09-28,43.70000076293945,43.70000076293945,41.04999923706055,39.959999084472656,33.735857018632124,20,30.49748683658396,50,30.111261846874214,14,0.9711402593132332,0.37732413049562874,39.959999084472656,72.01823545751085,12,26,9,36.27432649722649,32.41660335173595,3.131451339201592,10,36029441.0,33.735857018632124,30.49748683658396,29.66478276972375,72.01823545751085,76.43119224869916,0.7262718062889468,39.959999084472656,41.0,1092.96,3
KAMOPAINTS,13814,NSE_EQ,2026-09-28,6.0,9.149999618530273,6.0,4.190000057220459,4.733419999517517,20,6.314459457436356,50,6.4011720860165955,14,0.04901363574850703,0.10834618269211711,4.190000057220459,31.147491293656458,12,26,9,4.53639194803952,4.92400337915362,-0.4105378838686816,10,10838083.0,4.733419999517517,6.314459457436356,6.483260748038269,31.147491293656458,34.25751387422484,0.02292645275458105,4.190000057220459,4.300000190734863,135.55,3
KANANIIND,25786,NSE_EQ,2026-09-28,1.8899999856948853,2.0399999618530273,1.8899999856948853,1.399999976158142,1.5083690497853612,20,1.6494201762507088,50,1.6596005925810176,14,0.014334897335248165,0.024440700858131544,1.399999976158142,36.96886186966836,12,26,9,1.4854423490723505,1.527737444087385,-0.038499583274347486,10,5824966.0,1.5083690497853612,1.6494201762507088,1.6693802103563793,36.96886186966836,38.38296660827997,-0.0037955117406869923,1.399999976158142,1.399999976158142,25.99,3
KANORICHEM,9805,NSE_EQ,2026-09-28,199.89999389648438,199.89999389648438,191.4499969482422,198.5500030517578,143.38442134015506,20,116.06747470645195,50,112.70084089643946,14,6.606803662956255,1.5965761858622631,198.5500030517578,80.53758066448418,12,26,9,159.04555179386642,134.65762432687146,20.05124646935285,10,2119192.0,143.38442134015506,116.06747470645195,109.78618131627978,80.53758066448418,77.73860748724879,4.336680997642116,198.5500030517578,191.10000610351562,861.18,3
KANPRPLA,1782,NSE_EQ,2026-09-28,283.1400146484375,283.1400146484375,283.1400146484375,257.45001220703125,228.55497646965526,20,208.02555457977627,50,206.00822977866383,14,7.299994477705501,4.5667592126437375,257.45001220703125,61.516356268878305,12,26,9,239.9844603662942,222.73850210463223,12.875287123886809,10,2690843.0,228.55497646965526,208.02555457977627,204.3718307449964,61.516356268878305,58.694436356592476,4.37067113777516,257.45001220703125,259.6000061035156,638.43,3
KANSAINER,1196,NSE_EQ,2026-09-28,225.39999389648438,264.0,225.39999389648438,180.6300048828125,199.1817834061636,20,211.37587154412557,50,212.6308048772404,14,2.097704555506896,3.745326743344699,180.6300048828125,35.90096386988692,12,26,9,195.1750313013186,201.6447302527332,-4.44507024717987,10,14729078.0,199.1817834061636,211.37587154412557,213.8010415369699,35.90096386988692,37.424432249099326,-2.024628704234744,180.6300048828125,179.41000366210938,14491.56,3
KAPSTON,18967,NSE_EQ,2026-09-28,616.2000122070312,616.2000122070312,600.0,535.7000122070312,477.7055325392642,20,394.2074060130843,50,388.4321975970048,14,15.437248223192785,8.911013393208775,535.7000122070312,63.40184965317562,12,26,9,519.2339760737617,454.2767029606153,55.24039343281833,10,5329221.0,477.7055325392642,394.2074060130843,380.43759391553687,63.40184965317562,73.94439041807706,9.716879680328084,535.7000122070312,582.75,1643.4,3
KARMAENG,24385,NSE_EQ,2026-09-28,54.0,66.25,54.0,38.970001220703125,40.87779785243382,20,45.23883212645888,50,45.4947027756734,14,0.8015723301953424,1.0222347742077493,38.970001220703125,43.95049938451065,12,26,9,39.9075010800475,41.69649543361247,-2.005502078709662,10,437608.0,40.87779785243382,45.23883212645888,45.667139604975844,43.95049938451065,48.30141441060097,0.2165077251446954,38.970001220703125,38.66999816894531,45.23,3
KARURVYSYA,1838,NSE_EQ,2026-09-28,358.6499938964844,358.6499938964844,358.6499938964844,327.95001220703125,319.75716341237086,20,290.9202435417201,50,289.4088244125237,14,4.57549520075998,3.3938826842947045,327.95001220703125,57.413455187519745,12,26,9,328.3518975258048,313.5958994885237,14.977735701638968,10,74673989.0,319.75716341237086,290.9202435417201,287.6642868825661,57.413455187519745,59.65926427220377,-0.22173766435783726,327.95001220703125,325.0,31078.4,3
KAUSHALYA,15140,NSE_EQ,2026-09-28,1435.949951171875,1435.949951171875,1435.949951171875,835.7000122070312,876.8080464446837,20,894.7183709099095,50,897.127283510027,14,13.667423549927685,17.212869173361877,835.7000122070312,44.25937173717227,12,26,9,868.1408845712798,881.1004736048774,-4.229425328427434,10,8176.0,876.8080464446837,894.7183709099095,899.7406430171327,44.25937173717227,43.922114209030674,-8.730163705170147,835.7000122070312,826.0499877929688,28.07,3
KAVDEFENCE,15248,NSE_EQ,2026-09-28,86.45999908447266,162.8699951171875,80.0,82.33999633789062,65.25949386533891,20,66.00269716632268,50,65.33586862870766,14,2.454700328645121,1.1575913546430492,82.33999633789062,67.9541007167692,12,26,9,66.39704251669812,65.42320775338453,-1.6806782652745427,10,17211480.0,65.25949386533891,66.00269716632268,65.03488371214581,67.9541007167692,60.41657759876131,2.654513028588133,82.33999633789062,82.30000305175781,496.63,3
KAYA,10282,NSE_EQ,2026-09-28,393.0,476.20001220703125,393.0,316.79998779296875,302.73801201929797,20,313.96838481882565,50,313.852809187228,14,10.076182212970654,8.98601720741506,316.79998779296875,52.859494283722945,12,26,9,311.42690614564145,302.4014677914782,-1.4127825593448122,10,1572714.0,302.73801201929797,313.96838481882565,312.744760582625,52.859494283722945,58.13083518689646,10.438220913508083,316.79998779296875,314.54998779296875,461.91,3
KAYNES,12092,NSE_EQ,2026-09-28,4538.60009765625,7705.0,4538.60009765625,3650.0,3635.5278966692163,20,4033.0460700569333,50,4048.680603528645,14,86.92057637012917,91.81668991190168,3650.0,48.630360180722775,12,26,9,3608.1752522987836,3700.467132163321,-152.62715465048873,10,60130654.0,3635.5278966692163,4033.0460700569333,4070.463485305324,48.630360180722775,45.7009309891898,60.335274785951384,3650.0,3530.0,24218.95,3
KCP,1841,NSE_EQ,2026-09-28,188.10000610351562,207.8000030517578,188.10000610351562,163.2899932861328,163.87221226331187,20,170.77434894735228,50,171.07983285189184,14,1.957934422380653,2.0916936456741566,163.2899932861328,48.348499898686335,12,26,9,163.18492857568577,164.8314955503203,-2.021821469641396,10,8923566.0,163.87221226331187,170.77434894735228,171.4524792153061,48.348499898686335,47.098150783254546,0.3752544950068577,163.2899932861328,158.4499969482422,2024.49,3
KCPSUGIND,8849,NSE_EQ,2026-09-28,36.470001220703125,36.470001220703125,36.470001220703125,30.329999923706055,28.28341485809871,20,28.10439696990953,50,28.013556033019874,14,0.8230433874584914,0.6274248827219461,30.329999923706055,56.743287969760644,12,26,9,29.45786921594475,27.83218820362582,1.1292490731289013,10,14376455.0,28.28341485809871,28.10439696990953,27.961048147140662,56.743287969760644,54.43195988901373,0.4964319391900305,30.329999923706055,29.5,339.94,3
KDDL,14908,NSE_EQ,2026-09-28,4270.0,4270.0,4155.5,4033.39990234375,3447.4864770835566,20,3016.149110819714,50,2974.628670349345,14,85.79523988155539,28.732360647450925,4033.39990234375,74.91228270326513,12,26,9,3689.010571175176,3310.956299556687,331.0617499911853,10,2538319.0,3447.4864770835566,3016.149110819714,2938.5563751659,74.91228270326513,71.83863925204989,46.9925216273038,4033.39990234375,4200.0,4996.24,3
KEC,13260,NSE_EQ,2026-09-28,617.0,893.0,617.0,396.95001220703125,470.50097386697485,20,565.9955077155703,50,572.8953238587759,14,3.977421501950519,11.556453257997726,396.95001220703125,25.604825347283608,12,26,9,440.51378775653995,491.97515264608035,-48.9641915993269,10,48578951.0,470.50097386697485,565.9955077155703,579.7788064652565,25.604825347283608,26.494158386935013,-2.497173290213489,396.95001220703125,395.3999938964844,10396.9,3
KECL,18220,NSE_EQ,2026-09-28,155.0,155.0,155.0,126.16999816894531,123.12210607000604,20,118.99567651189493,50,118.7028470565051,14,3.070470243846851,2.657692518297228,126.16999816894531,53.60305513905403,12,26,9,126.37912713598226,121.07707039685864,5.991764872501026,10,11281824.0,123.12210607000604,118.99567651189493,118.53643270047279,53.60305513905403,51.55517947074656,-0.6897081333774118,126.16999816894531,125.6500015258789,800.93,3
KEEPLEARN,778,NSE_EQ,2026-09-28,2.4800000190734863,3.2100000381469727,2.4800000190734863,1.850000023841858,1.9322353832850518,20,2.2033298194977053,50,2.217751443810189,14,0.022976321475334422,0.033041435518475604,1.850000023841858,41.01613971775648,12,26,9,1.8950906697516827,1.9729993971075601,-0.09179769040579412,10,2078785.0,1.9322353832850518,2.2033298194977053,2.2323535429736614,41.01613971775648,41.54589334220019,0.013888963049916728,1.850000023841858,1.8200000524520874,29.59,3
KEI,13310,NSE_EQ,2026-09-28,5899.0,5899.0,5899.0,4673.5,5011.17753582182,20,4737.173753555329,50,4739.772682271873,14,84.19986699473438,106.15498453083751,4673.5,44.23310796647762,12,26,9,5008.296912140343,4967.7350267839065,154.6453062432975,10,24785655.0,5011.17753582182,4737.173753555329,4743.4368733850115,44.23310796647762,43.73697399786442,-114.083420886861,4673.5,4636.5,43806.96,3
KELLTONTEC,13430,NSE_EQ,2026-09-28,18.059999465942383,26.139999389648438,18.059999465942383,13.460000038146973,14.656751464469131,20,16.84567838787622,50,16.983869340926393,14,0.20920234068059798,0.3389928728791216,13.460000038146973,38.16201519202207,12,26,9,14.16863043716084,15.073991990609773,-0.9494096914418199,10,156003122.0,14.656751464469131,16.84567838787622,17.12157830763044,38.16201519202207,38.922744833683296,0.04404813799288598,13.460000038146973,13.5600004196167,700.36,3
KENNAMET,11841,NSE_EQ,2026-09-28,5136.0,5136.0,5136.0,4207.2001953125,3583.434967294259,20,3073.396681459156,50,3027.118987016162,14,112.13128406155253,50.658916494404366,4207.2001953125,68.88085626690345,12,26,9,3887.922537527783,3429.651003094833,328.68049386660454,10,2218687.0,3583.434967294259,3073.396681459156,2975.9197619964134,68.88085626690345,71.20211898772754,129.59104056634538,4207.2001953125,4275.7998046875,9197.25,3
KERNEX,13121,NSE_EQ,2026-09-28,2580.0,2580.0,2580.0,1693.5,1821.1152960563913,20,1569.79956509037,50,1564.7505677471195,14,55.35601606920667,60.17469653629495,1693.5,47.91454568295512,12,26,9,1865.5367726904183,1765.5526540515582,177.22058594456334,10,15731147.0,1821.1152960563913,1569.79956509037,1557.903652144961,47.91454568295512,49.09842289606154,-77.23646730570326,1693.5,1706.0,2792.28,3
KESORAMIND,1859,NSE_EQ,2026-09-28,14.260000228881836,14.260000228881836,14.260000228881836,11.569999694824219,11.41023501630984,20,17.278627768535223,50,17.511632996033633,14,0.3136948491997925,0.31043030955778733,11.569999694824219,50.261529245873035,12,26,9,11.59510026365675,11.47486286106548,0.0785661948785303,10,19867927.0,11.41023501630984,17.278627768535223,17.73904660483569,50.261529245873035,52.483961186964656,0.04167120771273973,11.569999694824219,11.390000343322754,347.26,3
KEYFINSERV,4157,NSE_EQ,2026-09-28,349.8999938964844,382.1000061035156,349.8999938964844,227.35000610351562,255.25410194767008,20,265.1447742163027,50,266.687417812743,14,4.808627017424961,7.242330192528195,227.35000610351562,39.9024486905771,12,26,9,249.5625792267503,258.512650621331,-6.857610557254459,10,51324.0,255.25410194767008,265.1447742163027,267.53384315415116,39.9024486905771,44.8466117727368,-2.0924608373262163,227.35000610351562,232.0,125.26,3
KFINTECH,13359,NSE_EQ,2026-09-28,1006.0,1215.0,1006.0,888.7999877929688,917.2853502275455,20,952.4675944236087,50,955.0662722452674,14,14.4043687826632,17.141972317986138,888.7999877929688,45.660980893808656,12,26,9,915.8407500319345,923.1646328710485,-13.002437004401592,10,47091284.0,917.2853502275455,952.4675944236087,956.0893853981354,45.660980893808656,50.35879280654191,5.678554165287544,888.7999877929688,897.9500122070312,15200.65,3
KHADIM,433,NSE_EQ,2026-09-28,128.35000610351562,279.54998779296875,125.83999633789062,118.0999984741211,112.17847972861435,20,142.91356674350055,50,143.9263654483732,14,2.9003945404250677,2.805178710302406,118.0999984741211,50.83441072385253,12,26,9,111.75348082802034,116.01859114317433,-9.974822462845186,10,2326573.0,112.17847972861435,142.91356674350055,144.66458459573983,50.83441072385253,56.28865231106556,5.709712147691196,118.0999984741211,118.0999984741211,215.77,3
KHAICHEM,896,NSE_EQ,2026-09-28,68.79000091552734,132.89999389648438,68.79000091552734,49.59000015258789,53.91750107502807,20,62.04589349689034,50,62.554297306861876,14,0.8387817743862627,1.3192692563790673,49.59000015258789,38.86755977632269,12,26,9,52.49834279140667,55.542223809329975,-3.80422313079492,10,10435669.0,53.91750107502807,62.04589349689034,63.069166640745664,38.86755977632269,39.32309726441643,0.7603421128716157,49.59000015258789,49.40999984741211,474.11,3
KHAITANLTD,3912,NSE_EQ,2026-09-28,178.0,178.0,178.0,146.00999450683594,139.32075522718543,20,125.67465306687114,50,124.84463913054606,14,4.273194076112822,3.4300401951196124,146.00999450683594,55.47272646336325,12,26,9,145.3794857442144,135.60127495276228,9.002284112831196,10,364658.0,139.32075522718543,125.67465306687114,123.73095073249436,55.47272646336325,58.810084658341715,0.7759266786209285,146.00999450683594,148.0,68.56,3
KHANDSE,9641,NSE_EQ,2026-09-28,20.5,25.5,20.5,17.81999969482422,17.71405235082655,20,18.92189573317761,50,18.96687108168183,14,0.29586921620270173,0.3010037120905653,17.81999969482422,49.56988366832573,12,26,9,17.678867378514454,17.85522097786734,-0.3095154998641251,10,100661.0,17.71405235082655,18.92189573317761,19.002661731848928,49.56988366832573,51.22503161021998,0.13316190051123888,17.81999969482422,18.469999313354492,25.01,3
KICL,21119,NSE_EQ,2026-09-28,5821.0,6554.89990234375,5821.0,5009.5,5162.204880049219,20,5066.367732607795,50,5068.688864550971,14,59.46516230906834,68.88794384826026,5009.5,46.32935196455551,12,26,9,5182.0090936821425,5136.096445379255,100.96160171892465,10,55500.0,5162.204880049219,5066.367732607795,5071.104736573459,46.32935196455551,46.32935196455551,-55.04895341603701,5009.5,4998.0,2131.51,3
KILITCH,19941,NSE_EQ,2026-09-28,232.5,232.5,207.77000427246094,224.27000427246094,182.5228527303563,20,176.97372566203293,50,175.0432653105869,14,6.450812694963844,3.04272413903876,224.27000427246094,67.94951984448238,12,26,9,187.6444238357511,180.24855476934243,4.493996310606946,10,1392559.0,182.5228527303563,176.97372566203293,174.37360279476422,67.94951984448238,57.439956846616866,2.901872755801719,224.27000427246094,217.22999572753906,761.59,3
KIMS,4847,NSE_EQ,2026-09-28,858.0,858.0,858.0,780.1500244140625,773.9047780871691,20,731.7677215621125,50,729.7929336906043,14,10.643107522185147,9.316330279770366,780.1500244140625,53.32368390227101,12,26,9,784.8006061021102,764.4328986024245,26.434659576160374,10,25008920.0,773.9047780871691,731.7677215621125,726.5252993275294,53.32368390227101,59.66532085323682,-6.066952076474667,780.1500244140625,800.9500122070312,30472.57,3
KINGFA,18944,NSE_EQ,2026-09-28,6435.0,6435.0,6347.0,6237.5,5508.109641394669,20,4906.4952803444,50,4852.16855709315,14,132.7700372150861,63.554666469676135,6237.5,67.6277792469125,12,26,9,5745.934369443992,5360.40883162201,335.4644607920086,10,832884.0,5508.109641394669,4906.4952803444,4812.3387022806255,67.6277792469125,61.9603296800744,50.06107702997315,6237.5,6279.0,8604.11,3
KIOCL,19126,NSE_EQ,2026-09-28,442.0,634.5499877929688,442.0,340.75,371.9574412730517,20,370.92288021005794,50,372.1544263410807,14,4.974453402166516,7.443596222608913,340.75,40.05825030882396,12,26,9,367.88792364334444,372.8013812209192,0.5160236831133825,10,8461575.0,371.9574412730517,370.92288021005794,373.4403215429009,40.05825030882396,40.023749888304835,-5.429481260688157,340.75,340.0,20481.21,3
KIRIINDUS,16639,NSE_EQ,2026-09-28,603.9500122070312,779.0,603.9500122070312,557.5,465.69896981038994,20,467.7453936895112,50,464.08194037071576,14,14.455309461175776,7.021230261588413,557.5,67.30744173771058,12,26,9,486.219274013116,461.1098108881971,4.473220352464987,10,54058333.0,465.69896981038994,467.7453936895112,461.31997875319394,67.30744173771058,64.2453560026419,20.636242772453887,557.5,563.0,3491.75,3
KIRLFER,14466,NSE_EQ,2026-09-28,513.0,534.0,513.0,483.20001220703125,460.38166015116917,20,446.8753470608583,50,445.3927076671369,14,6.023538140766208,4.135377089700514,483.20001220703125,59.293123371101046,12,26,9,463.2425834089724,458.92563477757824,1.7298862694085444,10,6221478.0,460.38166015116917,446.8753470608583,443.9536347598166,59.293123371101046,58.54994504152984,2.5870623619856103,483.20001220703125,476.45001220703125,7891.6,3
KIRLOSBROS,18581,NSE_EQ,2026-09-28,2189.199951171875,2189.199951171875,2189.199951171875,1771.9000244140625,1812.3879968797742,20,1774.7214720560148,50,1774.8366331842578,14,26.44219806106411,28.334334647128426,1771.9000244140625,48.27285838249003,12,26,9,1832.0315229369812,1798.3964704296725,47.37207562042165,10,2415097.0,1812.3879968797742,1774.7214720560148,1773.3442498687557,48.27285838249003,50.89432212754115,-13.737023113112919,1771.9000244140625,1768.4000244140625,13757.39,3
KIRLOSENG,20936,NSE_EQ,2026-09-28,2720.0,2720.0,2720.0,2137.199951171875,2045.8714962036915,20,1714.8025240907803,50,1697.5618127813477,14,46.052565097016114,32.297249085915546,2137.199951171875,58.77814207637083,12,26,9,2131.125752449408,1970.8256211689793,196.50348743204827,10,19607606.0,2045.8714962036915,1714.8025240907803,1678.6826991129842,58.77814207637083,60.03143025846406,-36.20335615161949,2137.199951171875,2164.0,30639.17,3
KIRLOSIND,19025,NSE_EQ,2026-09-28,4574.7998046875,4574.7998046875,4574.7998046875,3597.5,3631.590947958291,20,3555.3106009650064,50,3553.5885846778638,14,59.83041771997883,58.80988970277043,3597.5,50.43009329602121,12,26,9,3699.746679838869,3589.6458525995886,131.44760978706327,10,998066.0,3631.590947958291,3555.3106009650064,3547.620769814588,50.43009329602121,53.73997930241505,-21.346782547782738,3597.5,3635.0,3713.89,3
KIRLPNU,15180,NSE_EQ,2026-09-28,1098.550048828125,1098.550048828125,1098.550048828125,691.9500122070312,743.3036337972849,20,698.7146472781441,50,698.9907548320671,14,13.814389517462446,16.975923605675266,691.9500122070312,44.86602478583264,12,26,9,743.1300894264118,734.6892330795943,30.191208592631842,10,8372587.0,743.3036337972849,698.7146472781441,699.0046621960672,44.86602478583264,45.574385180630955,-21.750352245814287,691.9500122070312,699.7999877929688,4415.61,3
KITEX,28899,NSE_EQ,2026-09-28,177.77000427246094,232.6999969482422,177.77000427246094,117.68000030517578,141.4954019143527,20,161.3913225407781,50,163.17545814223126,14,1.831918037754018,4.130183515321943,117.68000030517578,30.72604553018553,12,26,9,133.12942341659766,146.74337611933413,-11.581353676722129,10,21462332.0,141.4954019143527,161.3913225407781,164.95812990313865,30.72604553018553,31.410941908938256,-2.0325990260143403,117.68000030517578,116.25,2314.2,3
KKCL,13381,NSE_EQ,2026-09-28,568.0499877929688,568.4500122070312,568.0499877929688,467.8500061035156,490.851714308182,20,494.03534479651097,50,495.1041341309189,14,5.545948056250816,7.228807959379727,467.8500061035156,43.41333837973168,12,26,9,493.2340614421768,489.8018579865929,5.129364255013146,10,2169410.0,490.851714308182,494.03534479651097,495.4920577238741,43.41333837973168,48.196721962796985,-1.6971607994292155,467.8500061035156,472.0,2891.73,3
KMEW,27084,NSE_EQ,2026-09-28,3175.0,3175.0,3175.0,2865.10009765625,2499.730077407856,20,2020.6994821392152,50,1986.234150893622,14,66.00421666663443,27.233313710883127,2865.10009765625,70.79146819889395,12,26,9,2691.9094841660367,2379.2733680190167,285.14266003974757,10,4970928.0,2499.730077407856,2020.6994821392152,1949.525336740045,70.79146819889395,71.92097970257169,27.49345610727238,2865.10009765625,2905.0,6944.11,3
KMSUGAR,14667,NSE_EQ,2026-09-28,36.5,36.5,36.5,32.459999084472656,29.178492039615282,20,28.431870386544528,50,28.267456970302565,14,0.8190838122186018,0.5373008491644541,32.459999084472656,60.387280654103826,12,26,9,29.876670036499434,28.840811335183847,0.7416916955993277,10,16894211.0,29.178492039615282,28.431870386544528,28.25306742463192,60.387280654103826,50.34642734198075,0.29416700571625853,32.459999084472656,29.200000762939453,305.74,3
KNAGRI,760923,NSE_EQ,2026-09-28,233.89999389648438,244.0,233.89999389648438,204.75999450683594,203.62793208487017,20,204.0254741398118,50,203.99549371666794,14,4.6437384753444295,4.5048629347111815,204.75999450683594,50.75899874969197,12,26,9,204.63272498437064,203.01036554916982,2.7819406449167756,10,738794.0,203.62793208487017,204.0254741398118,204.3193915190383,50.75899874969197,47.17049947497795,-1.159581209715955,204.75999450683594,218.5,505.3,3
KNRCON,15283,NSE_EQ,2026-09-28,145.32000732421875,204.9499969482422,145.32000732421875,120.2699966430664,127.98623556703316,20,145.77186378922298,50,146.81275632580082,14,2.107700673258043,2.9169228950914534,120.2699966430664,41.94743436174238,12,26,9,126.06642805032678,130.3183661064291,-4.803063865147072,10,74677274.0,127.98623556703316,145.77186378922298,147.71123605127195,41.94743436174238,44.83466287600768,0.5511258090447537,120.2699966430664,120.08999633789062,3331.44,3
KOHINOOR,3009,NSE_EQ,2026-09-28,38.470001220703125,38.470001220703125,38.470001220703125,31.049999237060547,28.287808424762993,20,28.331271631879233,50,28.220303158198362,14,0.8961091030186302,0.6526530572548072,31.049999237060547,57.859697634943515,12,26,9,29.428821139983455,27.917661117630864,0.7566931565018346,10,11250805.0,28.287808424762993,28.331271631879233,28.125213522326437,57.859697634943515,56.86500947995667,0.7544668658507566,31.049999237060547,31.899999618530273,110.97,3
KOKUYOCMLN,16827,NSE_EQ,2026-09-28,98.77999877929688,111.61000061035156,98.77999877929688,76.02999877929688,82.69410580333233,20,89.62535326013612,50,90.18026568792548,14,0.6837875007934983,1.3038601986904708,76.02999877929688,34.40184600978445,12,26,9,80.92415181342554,83.88458214027877,-2.3001842664973657,10,1886944.0,82.69410580333233,89.62535326013612,90.68599078067642,34.40184600978445,36.724597763482116,-0.660246060355862,76.02999877929688,77.48999786376953,749.64,3
KOLTEPATIL,15124,NSE_EQ,2026-09-28,554.5999755859375,554.5999755859375,554.5999755859375,432.0,412.3623499754307,20,396.13294695510336,50,394.66898560633206,14,7.389729890294758,5.335054300501922,432.0,58.07351841486986,12,26,9,425.3645539126318,406.09964518472276,15.748721120701859,10,20047978.0,412.3623499754307,396.13294695510336,393.15547481475375,58.07351841486986,58.01459880603457,3.516187607207158,432.0,433.0,3771.18,3
KOPRAN,1919,NSE_EQ,2026-09-28,287.20001220703125,287.20001220703125,282.1000061035156,284.5299987792969,207.99530317451735,20,185.38458567587355,50,181.33783412063178,14,8.995644171194709,2.37745326116999,284.5299987792969,79.09581558314612,12,26,9,224.8869081200803,199.62734626527245,16.76490750962481,10,51010678.0,207.99530317451735,185.38458567587355,177.40876587643243,79.09581558314612,78.1445867568891,8.494654345183047,284.5299987792969,271.79998779296875,1379.86,3
KOTAKBANK,1922,NSE_EQ,2026-09-28,429.1000061035156,453.20001220703125,429.1000061035156,404.0,401.3778855485369,20,400.13785896620266,50,399.98022055665984,14,4.260783929417926,3.982805773791264,404.0,51.68602614658542,12,26,9,404.9649430862628,400.4571721312057,1.633913184503479,10,503844131.0,401.3778855485369,400.13785896620266,399.4692091508092,51.68602614658542,55.79537205333565,2.873857770553604,404.0,406.8999938964844,395319.21,3
KOTARISUG,11648,NSE_EQ,2026-09-28,39.939998626708984,39.939998626708984,39.939998626708984,27.520000457763672,27.33841677338899,20,28.333903102802864,50,28.36712361892691,14,0.6399474431132169,0.618761495841809,27.520000457763672,50.841574514001486,12,26,9,27.791971195532575,27.241841576829255,0.2959664025859545,10,10712296.0,27.33841677338899,28.333903102802864,28.42414910078701,50.841574514001486,49.25785200720434,0.25416321611736525,27.520000457763672,27.09000015258789,214.26,3
KOTHARIPET,4594,NSE_EQ,2026-09-28,155.47000122070312,155.47000122070312,155.47000122070312,133.52000427246094,132.56874233023143,20,134.28769141191611,50,134.31902558087344,14,2.4313450755763624,2.314035165378907,133.52000427246094,51.23604331203014,12,26,9,134.17285557043974,132.02300602488464,1.84715351169096,10,4849837.0,132.56874233023143,134.28769141191611,134.23123065679877,51.23604331203014,53.61684813609828,0.30269603386413935,133.52000427246094,134.6999969482422,779.07,3
KOTHARIPRO,5528,NSE_EQ,2026-09-28,81.68000030517578,100.41999816894531,81.68000030517578,67.97000122070312,68.44356165616414,20,71.11234291008493,50,71.2406017545495,14,1.0067043594886098,1.0943610003444426,67.97000122070312,47.913995382256985,12,26,9,67.61287388629269,69.01414423651539,-1.1776933114681438,10,539376.0,68.44356165616414,71.11234291008493,71.57246302574126,47.913995382256985,37.604938310103115,-0.2235770387545588,67.97000122070312,67.12999725341797,394.54,3
KOTYARK,761335,NSE_EQ,2026-09-28,45.5,45.5,45.5,31.200000762939453,34.60820051297456,20,34.49381611655763,50,34.628257559562456,14,0.9888324351385719,1.2258256801716587,31.200000762939453,44.64943949147906,12,26,9,34.39201650192155,34.330911676085286,1.176284746711534,10,8823040.0,34.60820051297456,34.49381611655763,34.76941092622648,44.64943949147906,44.59583034195213,-1.1151799208752669,31.200000762939453,31.0,299.11,3
KOVAI,5192,NSE_EQ,2026-09-28,6444.0,6444.0,6444.0,6090.5,5633.248283407683,20,4477.652240502577,50,4411.821719706763,14,88.09270072255775,28.83440410464786,6090.5,75.33984601153067,12,26,9,5959.763460629397,5364.082554810509,687.9503737125826,10,223917.0,5633.248283407683,4477.652240502577,4337.77362663357,75.33984601153067,82.13883950759892,-92.26946789369435,6090.5,6101.0,6609.87,3
KPEL,27079,NSE_EQ,2026-09-28,434.0,463.25,434.0,222.42999267578125,281.69647340187487,20,325.53921223844566,50,329.74775181243194,14,4.145623263287017,9.666591455281722,222.42999267578125,30.014181995837077,12,26,9,261.28893845512283,292.51023288536527,-21.348562923973706,10,16440094.0,281.69647340187487,325.53921223844566,334.3545986258858,30.014181995837077,27.946147016642755,-9.872731506268732,222.42999267578125,219.27000427246094,1534.61,3
KPIGREEN,5108,NSE_EQ,2026-09-28,507.29998779296875,542.25,507.29998779296875,339.75,356.33661569021194,20,396.10486379763194,50,398.40506231998427,14,7.5098492543916455,9.762532002033238,339.75,43.47894562365669,12,26,9,336.1652002768508,367.4109870136886,-24.70297931419779,10,82678960.0,356.33661569021194,396.10486379763194,403.05628885520684,43.47894562365669,26.720822838023665,-6.542807422640038,339.75,334.70001220703125,7899.88,3
KPIL,1814,NSE_EQ,2026-09-28,1479.5999755859375,1479.5999755859375,1479.5999755859375,1391.199951171875,1345.4649352047554,20,1272.4383505177555,50,1267.5909382461587,14,17.58496123708215,12.33391631859692,1391.199951171875,58.775471119718695,12,26,9,1376.8109269267238,1325.8735593887634,47.03909321201703,10,10534886.0,1345.4649352047554,1272.4383505177555,1260.3293438888588,58.775471119718695,67.52978826938029,3.8982743259433974,1391.199951171875,1406.5999755859375,23660.86,3
KPITTECH,9683,NSE_EQ,2026-09-28,826.0,1284.9000244140625,826.0,519.4000244140625,632.411087499981,20,803.6610542385725,50,815.2635452518178,14,8.714153799057591,20.627649416408694,519.4000244140625,29.69876709712338,12,26,9,587.8999999914392,668.2419755540499,-83.74904782768701,10,129585975.0,632.411087499981,803.6610542385725,826.8253226090349,29.69876709712338,30.638540034709223,3.40707226507638,519.4000244140625,517.9500122070312,13880.14,3
KPRMILL,14912,NSE_EQ,2026-09-28,1334.0,1334.0,1334.0,1106.4000244140625,1086.2471064691892,20,1034.3900059009577,50,1031.4508214718514,14,21.32300694869678,18.357338630112952,1106.4000244140625,53.736948702593416,12,26,9,1112.032773896094,1070.1384434385966,43.84403016490609,10,10939639.0,1086.2471064691892,1034.3900059009577,1026.9630989027817,53.736948702593416,57.350211830331794,-1.9496997074085698,1106.4000244140625,1118.0,37700.33,3
KRBL,10577,NSE_EQ,2026-09-28,452.79998779296875,452.79998779296875,452.79998779296875,398.6499938964844,384.57112073656134,20,370.3758428609513,50,369.2217958799091,14,7.514983179986438,6.039223779878668,398.6499938964844,55.443916433021826,12,26,9,394.0951677098781,380.06476621503765,10.639287455135161,10,32382213.0,384.57112073656134,370.3758428609513,368.27370541757756,55.443916433021826,53.938966912360776,3.3911140397053146,398.6499938964844,396.0,8878.67,3
KREBSBIO,1937,NSE_EQ,2026-09-28,71.5,76.8499984741211,71.5,56.939998626708984,57.612429664819786,20,61.65455489520226,50,61.846985763304026,14,1.1117111953005083,1.222087205743591,56.939998626708984,47.63527110152911,12,26,9,57.02186756865294,58.25359293491171,-1.5531671115553007,10,495812.0,57.612429664819786,61.65455489520226,62.03216879963109,47.63527110152911,48.18088871384579,0.321441745296529,56.939998626708984,58.22999954223633,125.3,3
KRIDHANINF,11480,NSE_EQ,2026-09-28,3.3299999237060547,4.78000020980835,3.3299999237060547,1.8600000143051147,2.3721916607842566,20,2.9059284639461347,50,2.9486194210743397,14,0.035176897561326075,0.0860242092443063,1.8600000143051147,29.023577827336595,12,26,9,2.1726958794879923,2.500799414810538,-0.28617238641232823,10,2207411.0,2.3721916607842566,2.9059284639461347,2.9942773548767474,29.023577827336595,27.74611754213359,-0.04193114891021765,1.8600000143051147,1.850000023841858,18.52,3
KRISHANA,12847,NSE_EQ,2026-09-28,206.38999938964844,206.38999938964844,206.38999938964844,187.24000549316406,163.9130241221128,20,135.70725996980457,50,133.60388260150418,14,4.520057523464265,2.081878450496679,187.24000549316406,68.46563706906687,12,26,9,175.34495202393285,156.64714537540465,17.927430446317405,10,44478197.0,163.9130241221128,135.70725996980457,131.71465334484523,68.46563706906687,65.74131093739757,0.7703762022107945,187.24000549316406,186.22999572753906,5700.2,3
KRISHIVAL,756782,NSE_EQ,2026-09-28,449.8999938964844,508.0,449.8999938964844,413.3999938964844,397.86557576447524,20,380.9709886163383,50,379.64735574776086,14,4.207424886554947,2.624376194888749,413.3999938964844,61.58588103484176,12,26,9,406.21426952567725,393.4423036836711,11.070118679841608,10,1262563.0,397.86557576447524,380.9709886163383,378.0288809704054,61.58588103484176,65.63463502062098,1.7018471621645173,413.3999938964844,415.0,827.47,3
KRISHNADEF,761192,NSE_EQ,2026-09-28,1400.0,1400.0,1400.0,1006.7999877929688,1097.3091268110054,20,1028.044201915448,50,1028.9113126959573,14,21.875476664838807,28.05946035177157,1006.7999877929688,43.80795885967001,12,26,9,1087.0292971868998,1089.169174252797,31.942079845751216,10,4524842.0,1097.3091268110054,1028.044201915448,1028.8668764794656,43.80795885967001,45.311674737391385,-34.08195691164827,1006.7999877929688,1023.0999755859375,1506.85,3
KRITI,6417,NSE_EQ,2026-09-28,101.83999633789062,132.89999389648438,101.83999633789062,61.209999084472656,68.18083275491172,20,82.7870561385773,50,83.66775234486728,14,1.0084214927029669,1.7888711816053458,61.209999084472656,36.04991004212026,12,26,9,64.87037665195798,70.8827942340783,-6.044033353497373,10,936163.0,68.18083275491172,82.7870561385773,84.65664025173089,36.04991004212026,33.02275463673364,0.031615771377052404,61.209999084472656,63.5,313.35,3
KRITIKA,9288,NSE_EQ,2026-09-28,7.5,9.550000190734863,7.5,5.039999961853027,5.671964647657769,20,6.587349286503608,50,6.650506401795468,14,0.06379835285901078,0.12615342216733408,5.039999961853027,33.58660525818327,12,26,9,5.487521796444636,5.823469385834868,-0.32350696610031104,10,6365701.0,5.671964647657769,6.587349286503608,6.709710752510992,33.58660525818327,35.736726474928886,-0.01244062328992157,5.039999961853027,5.019999980926514,133.32,3
KRITINUT,11432,NSE_EQ,2026-09-28,102.98999786376953,102.98999786376953,102.98999786376953,77.48999786376953,81.83605423420778,20,83.95834328796624,50,84.22235738691305,14,2.0166857982756228,2.3513314114775503,77.48999786376953,46.169364758285404,12,26,9,81.95235577146914,81.81856461347402,0.504954634527328,10,828432.0,81.83605423420778,83.95834328796624,84.34000477666906,46.169364758285404,49.27137222312593,-0.3711634765322084,77.48999786376953,77.9000015258789,390.81,3
KRN,25643,NSE_EQ,2026-09-28,1687.0,1687.0,1687.0,1381.800048828125,1325.4946773159027,20,1129.5923228731667,50,1119.298129977046,14,36.88691001432283,28.017524361385178,1381.800048828125,56.83264998628293,12,26,9,1402.825306331442,1274.4488633596804,124.32010271443947,10,9460237.0,1325.4946773159027,1129.5923228731667,1105.9551984997063,56.83264998628293,61.16781647893781,4.056340257322191,1381.800048828125,1401.0999755859375,8774.27,3
KRONOX,24026,NSE_EQ,2026-09-28,223.4199981689453,223.4199981689453,223.4199981689453,206.5800018310547,164.77484346097197,20,153.83147109646737,50,151.6784698419944,14,8.048281691902416,4.44101915172698,206.5800018310547,64.44141103389084,12,26,9,174.20166318868374,160.26841691316454,10.135458155332254,10,40483498.0,164.77484346097197,153.83147109646737,150.81677500753977,64.44141103389084,55.92359383816915,3.797788120186942,206.5800018310547,205.0,772.58,3
KROSS,25252,NSE_EQ,2026-09-28,283.0,283.0,248.77000427246094,267.8699951171875,211.3220533441272,20,199.5222378683884,50,196.73253349088637,14,7.490206504631841,2.7773427015071297,267.8699951171875,72.95028593730473,12,26,9,220.95204515657633,207.14826243355066,7.030247289528305,10,43616470.0,211.3220533441272,199.5222378683884,194.9995755745386,72.95028593730473,66.20817576240842,6.773535433497372,267.8699951171875,274.8500061035156,1701.61,3
KRSNAA,5359,NSE_EQ,2026-09-28,630.3499755859375,848.0999755859375,630.3499755859375,548.4500122070312,563.9313192127457,20,616.7237668926895,50,619.5104507574102,14,5.856152175184559,7.999379026932371,548.4500122070312,42.26580771071282,12,26,9,554.2936024414603,574.4396191337339,-25.78352208613926,10,6501463.0,563.9313192127457,616.7237668926895,622.7088355061184,42.26580771071282,40.00812259061071,5.637505393865627,548.4500122070312,552.0,1742.72,3
KRYSTAL,23175,NSE_EQ,2026-09-28,696.9000244140625,696.9000244140625,696.9000244140625,631.5499877929688,615.9271669051409,20,606.6278732698619,50,605.6106441056534,14,8.639848040487356,7.0350265734073485,631.5499877929688,55.119088690053836,12,26,9,625.1076402032196,611.3075858613112,10.879025795445763,10,2138590.0,615.9271669051409,606.6278732698619,603.9478142493152,55.119088690053836,59.105254282284534,2.921028546462672,631.5499877929688,639.3499755859375,874.64,3
KSB,1949,NSE_EQ,2026-09-28,1028.300048828125,1028.300048828125,1028.300048828125,819.0999755859375,832.3642187121982,20,822.8075660569483,50,822.9588962802549,14,10.569063804288925,11.55020830949246,819.0999755859375,47.78215010838392,12,26,9,826.1985574958835,832.0934507679507,3.086753611586315,10,7766390.0,832.3642187121982,822.8075660569483,823.3613012065534,47.78215010838392,46.750414027113024,-8.981646883653493,819.0999755859375,802.1500244140625,13913.16,3
KSCL,14972,NSE_EQ,2026-09-28,1025.0,1095.9000244140625,1025.0,804.5499877929688,809.7913847714117,20,883.0429906607418,50,886.246786696161,14,17.155840212598356,19.12507956688177,804.5499877929688,47.286122614513786,12,26,9,782.684511451517,827.347337179015,-39.60872668580066,10,33709785.0,809.7913847714117,883.0429906607418,893.9976769455579,47.286122614513786,33.01748803329427,-5.054099041697327,804.5499877929688,798.9000244140625,3945.19,3
KSHITIJPOL,10407,NSE_EQ,2026-09-28,7.199999809265137,7.199999809265137,7.199999809265137,4.809999942779541,3.594962631116863,20,3.464512982645822,50,3.4095951475383233,14,0.26093044150942835,0.1626001209438163,4.809999942779541,61.608409083401995,12,26,9,3.675006439902006,3.540136662605758,0.07258419139663717,10,119956517.0,3.594962631116863,3.464512982645822,3.3773337327739634,61.608409083401995,57.20589123261969,0.062285585899610765,4.809999942779541,4.809999942779541,71.51,3
KSL,18889,NSE_EQ,2026-09-28,1032.9000244140625,1032.9000244140625,1002.7999877929688,964.7000122070312,880.5213117837909,20,833.266181469853,50,827.901535317315,14,17.611823658257094,9.748950991648035,964.7000122070312,64.36887801463678,12,26,9,909.2964961611214,864.6828582531382,37.02950186111883,10,4880766.0,880.5213117837909,833.266181469853,822.7118025632068,64.36887801463678,63.44804126760236,7.58413604686433,964.7000122070312,974.2000122070312,4170.26,3
KSOLVES,11060,NSE_EQ,2026-09-28,353.989990234375,353.989990234375,353.989990234375,248.5,275.3591526609724,20,297.3352653542218,50,299.3285414911288,14,2.647902381604569,5.060628380908704,248.5,34.3502862371824,12,26,9,268.78329786444635,279.2263544646116,-7.3576509760420645,10,1455017.0,275.3591526609724,297.3352653542218,301.27664497633754,34.3502862371824,35.366186652853585,-3.0854056241231564,248.5,252.0,590.48,3
KTKBANK,8054,NSE_EQ,2026-09-28,345.8999938964844,345.8999938964844,345.8999938964844,335.5,294.97185934702804,20,257.2983282176615,50,254.1064232469538,14,7.045104641439197,3.028306226524722,335.5,69.93762821532945,12,26,9,310.8234211559878,284.82643444750045,23.991946901304704,10,130871457.0,294.97185934702804,257.2983282176615,251.66995122466747,69.93762821532945,64.47071972445151,2.005039807182623,335.5,338.1499938964844,12289.9,3
KUANTUM,13870,NSE_EQ,2026-09-28,88.80000305175781,113.0,88.80000305175781,79.58999633789062,78.35013219761576,20,86.10575954439778,50,86.37170906303074,14,1.3341372002825937,1.3451935664477694,79.58999633789062,49.79367298911981,12,26,9,77.52661495917603,79.50858880586239,-2.8184410436235385,10,7359051.0,78.35013219761576,86.10575954439778,86.6819830393558,49.79367298911981,48.67161071706577,0.8364671969371802,79.58999633789062,80.18000030517578,686.18,3
LAGNAM,5865,NSE_EQ,2026-09-28,95.9000015258789,95.9000015258789,95.9000015258789,74.98999786376953,77.80075191075322,20,80.36507645105337,50,80.58446741379964,14,1.113466522059271,1.346129391105739,74.98999786376953,45.27030298348729,12,26,9,77.21675874551443,77.97343700742931,0.4273280604040133,10,445801.0,77.80075191075322,80.36507645105337,80.92097643730614,45.27030298348729,40.707245362584835,-1.1840063223188986,74.98999786376953,76.4800033569336,132.55,3
LAL,14924,NSE_EQ,2026-09-28,10.289999961853027,11.430000305175781,10.289999961853027,8.829999923706055,8.511225953488273,20,9.075507899966686,50,9.08552863369161,14,0.13479975250563378,0.10838152688186906,8.829999923706055,55.43179674239397,12,26,9,8.6821106801375,8.482660698803677,0.11163855688405758,10,5475308.0,8.511225953488273,9.075507899966686,9.094733898059543,55.43179674239397,55.92458687024107,0.08781142444976506,8.829999923706055,9.199999809265137,145.57,3
LALPATHLAB,11654,NSE_EQ,2026-09-28,2038.5999755859375,2038.5999755859375,2038.5999755859375,1952.300048828125,1778.7162280684615,20,1637.9636409575423,50,1625.1335834934368,14,30.540223064074308,13.474979263641774,1952.300048828125,69.3856246227984,12,26,9,1851.2832629114323,1736.5191226313193,104.34133960522772,10,15746531.0,1778.7162280684615,1637.9636409575423,1614.0410757007583,69.3856246227984,66.36137639130627,10.42280067488528,1952.300048828125,1980.0,32248.42,3
LAMBODHARA,6407,NSE_EQ,2026-09-28,154.5,154.5,147.19000244140625,144.57000732421875,120.75577970925696,20,119.64707500985159,50,118.62981246640803,14,4.602575635891172,2.6370622384781046,144.57000732421875,63.574666520073045,12,26,9,125.28652913231696,119.1763918268529,3.0206966011794405,10,3124367.0,120.75577970925696,119.64707500985159,118.56531505342579,63.574666520073045,52.05025165424446,3.08944070428461,144.57000732421875,147.0,143.04,3
LANCER,9392,NSE_EQ,2026-09-28,237.60000610351562,259.0,245.4499969482422,11.619999885559082,97.46993028369751,20,129.48318594128926,50,134.29392822927827,14,3.204686529544832,10.950201923440625,11.619999885559082,22.640139766477077,12,26,9,66.92539358730983,109.99465956895938,-26.827316649629864,10,15150151.0,97.46993028369751,129.48318594128926,139.28102735469054,22.640139766477077,22.696259510157105,-16.241949332019686,11.619999885559082,11.59000015258789,402.52,3
LANCORHOL,23030,NSE_EQ,2026-09-28,41.75,41.75,41.75,33.59000015258789,29.865911475151055,20,27.681348112161285,50,27.440178641123463,14,1.0951455735642182,0.7301770842144223,33.59000015258789,59.997369171814015,12,26,9,31.809100047772525,28.96431820837656,1.8786814336241173,10,13770593.0,29.865911475151055,27.681348112161285,27.131614504026462,59.997369171814015,63.501116217605826,0.9661004057718463,33.59000015258789,35.400001525878906,241.43,3
LANDMARK,13276,NSE_EQ,2026-09-28,585.0,662.0,585.0,488.54998779296875,478.16346563726626,20,474.11458307187075,50,473.52538287917287,14,9.742603968514896,8.48758370709259,488.54998779296875,53.44214849499755,12,26,9,491.02558289551564,472.79630676364667,15.87938040261825,10,7690440.0,478.16346563726626,474.11458307187075,472.26111279260846,53.44214849499755,57.004624376198244,2.349895729250722,488.54998779296875,489.04998779296875,1988.99,3
LANDSMILL,17376,NSE_EQ,2026-09-28,1.1699999570846558,1.7200000286102295,1.1699999570846558,0.6200000047683716,0.7687671347475247,20,0.9277208049758376,50,0.9402808376373668,14,0.014673068907413886,0.030286326959540914,0.6200000047683716,32.63626795794782,12,26,9,0.6963418900773171,0.8158747588794985,-0.11046861674871095,10,130135815.0,0.7687671347475247,0.9277208049758376,0.9558025043823947,32.63626795794782,25.538269689564757,-0.009064252053470445,0.6200000047683716,0.5299999713897705,104.39,3
LAOPALA,14423,NSE_EQ,2026-09-28,210.0,250.89999389648438,210.0,160.77999877929688,176.93186734113743,20,194.46187328031866,50,195.83664366811544,14,1.9753206004132728,3.4926064264454415,160.77999877929688,36.125584535243526,12,26,9,172.8501434123488,179.97182109316444,-5.814182884882863,10,16620868.0,176.93186734113743,194.46187328031866,197.19324111973174,36.125584535243526,37.00539149506812,-1.3074947959327599,160.77999877929688,159.6300048828125,1757.84,3
LASA,21723,NSE_EQ,2026-09-28,9.0,12.479999542236328,9.0,5.889999866485596,7.1587530705018425,20,8.87021835597888,50,8.991859926978604,14,0.1333318749576108,0.25405620031048565,5.889999866485596,34.418167070666,12,26,9,6.836433789414074,7.413068318998423,-0.5197829263178217,10,1230458.0,7.1587530705018425,8.87021835597888,9.105813401170991,34.418167070666,36.50475539419082,-0.056851603266527384,5.889999866485596,5.889999866485596,28.23,3
LATENTVIEW,6818,NSE_EQ,2026-09-28,340.8500061035156,517.5,340.8500061035156,243.75,288.0602645914166,20,330.3873161899302,50,333.92353317727424,14,4.123151571254253,8.397464580516145,243.75,32.93089989561932,12,26,9,274.62999198455384,297.7414460379594,-21.199790517358384,10,31896541.0,288.0602645914166,330.3873161899302,337.1306159149787,32.93089989561932,35.26459077610818,-1.9116635360471825,243.75,245.0,4988.06,3
LATTEYS,15840,NSE_EQ,2026-09-28,29.860000610351562,37.0,29.860000610351562,20.670000076293945,21.25902948738156,20,21.773961092626813,50,21.819020725946523,14,0.46699086994417166,0.5204499695385194,20.670000076293945,47.29304797529164,12,26,9,21.149174337250116,21.349259624197025,-0.20579851508529454,10,2827555.0,21.25902948738156,21.773961092626813,21.865103182758315,47.29304797529164,47.36156948146044,0.005713228138386012,20.670000076293945,20.0,121.46,3
LAURUSLABS,19234,NSE_EQ,2026-09-28,2055.300048828125,2055.300048828125,1982.0,2007.0,1671.639937653926,20,1357.2881346311349,50,1330.769282983426,14,46.4436593936931,13.393320650026409,2007.0,77.61698427921887,12,26,9,1804.5799897334277,1589.737522521173,192.7212920691258,10,123920872.0,1671.639937653926,1357.2881346311349,1305.33129453377,77.61698427921887,76.10523068676005,22.121175143128823,2007.0,2026.0,108342.14,3
LAXMICOT,6568,NSE_EQ,2026-09-28,16.489999771118164,24.440000534057617,16.489999771118164,13.3100004196167,14.090283044478898,20,16.425144128459262,50,16.55229285126916,14,0.2851393989317295,0.37998223470514064,13.3100004196167,42.870263800110315,12,26,9,13.683111829309546,14.472199266643747,-0.816202493971162,10,1124881.0,14.090283044478898,16.425144128459262,16.70871295674836,42.870263800110315,39.00558804082217,0.027115056636960788,13.3100004196167,13.109999656677246,22.23,3
LAXMIDENTL,29171,NSE_EQ,2026-09-28,275.489990234375,344.79998779296875,275.489990234375,199.07000732421875,209.3365034500246,20,243.18614908990114,50,244.98680793748,14,2.80708775929499,4.004884435483551,199.07000732421875,41.20815057710683,12,26,9,205.36540056251604,213.42076376218486,-7.891497332668424,10,4577874.0,209.3365034500246,243.18614908990114,246.9066777737754,41.20815057710683,40.50948577151693,-0.16386586700039452,199.07000732421875,197.0500030517578,1077.59,3
LAXMIINDIA,758863,NSE_EQ,2026-09-28,143.0,159.58999633789062,143.0,122.05999755859375,121.23580674502045,20,123.47978051555305,50,123.53773084032689,14,3.123309940717345,2.9983585326986755,122.05999755859375,51.02056660338014,12,26,9,124.08407973116692,120.58475445678081,2.4492711135474505,10,9233691.0,121.23580674502045,123.47978051555305,123.3972299212817,51.02056660338014,54.12790833569304,1.0500541608386587,122.05999755859375,121.0,619.98,3
LCCINFOTEC,7529,NSE_EQ,2026-09-28,5.630000114440918,5.889999866485596,5.630000114440918,4.230000019073486,4.09893167509958,20,4.510156627367109,50,4.52159159097093,14,0.14700353977648598,0.14613242130645637,4.230000019073486,50.14858608046782,12,26,9,3.9161467868871767,4.203107709582342,-0.25017922998720876,10,5230388.0,4.09893167509958,4.510156627367109,4.565738184185236,50.14858608046782,38.26452995925727,-0.03678169270795695,4.230000019073486,4.230000019073486,69.19,3
LEMERITE,760300,NSE_EQ,2026-09-28,100.0,107.56999969482422,100.0,21.059999465942383,32.89609138681939,20,51.86718604383991,50,53.124622230692864,14,0.6804705588876366,2.097217611793339,21.059999465942383,24.497730381334094,12,26,9,24.751990546942594,38.61930395977645,-15.196838314031467,10,13314511.0,32.89609138681939,51.86718604383991,54.54399455106932,24.497730381334094,18.841996394940338,1.3295249011976082,21.059999465942383,20.010000228881836,251.18,3
LEMONTREE,2606,NSE_EQ,2026-09-28,128.3800048828125,174.1999969482422,128.3800048828125,106.1500015258789,111.10745898394664,20,121.03639319814167,50,121.64400102149932,14,0.9866937622338738,1.566051108441061,106.1500015258789,38.65226696050499,12,26,9,108.58300160392304,113.3067121319488,-5.061115988802784,10,122495886.0,111.10745898394664,121.03639319814167,122.26334795214406,38.65226696050499,39.001483855701316,0.3374054607770214,106.1500015258789,106.80000305175781,8234.08,3
LEXUS,14459,NSE_EQ,2026-09-28,25.790000915527344,39.25,28.68000030517578,12.180000305175781,15.737767961646918,20,21.14970893449389,50,21.515819490792587,14,0.3800894621980612,0.7635101058022907,12.180000305175781,33.23623695159915,12,26,9,14.131856903608071,16.965859483160038,-3.045452987672877,10,1076744.0,15.737767961646918,21.14970893449389,21.863403959804533,33.23623695159915,35.03037762339464,0.21145040812090965,12.180000305175781,12.489999771118164,24.94,3
LFIC,7902,NSE_EQ,2026-09-28,166.97999572753906,224.85000610351562,166.97999572753906,133.05999755859375,140.19174943639166,20,152.55232761131614,50,153.34793291959053,14,1.7422398656328826,2.4729204064198167,133.05999755859375,41.332707493574055,12,26,9,138.1783129125944,142.17988999966076,-3.902776832243698,10,329335.0,140.19174943639166,152.55232761131614,154.1890728145467,41.332707493574055,41.012851506715634,-0.09880025482265342,133.05999755859375,136.0,39.0,3
LGBBROSLTD,18321,NSE_EQ,2026-09-28,1845.0,2048.0,1845.0,1735.300048828125,1652.5266399849995,20,1620.6453562797776,50,1615.9655729104572,14,22.274620674485142,15.686284795020402,1735.300048828125,58.67779074020933,12,26,9,1663.1896124927903,1650.1606655069497,-8.87288577199367,10,1178654.0,1652.5266399849995,1620.6453562797776,1611.2947789715345,58.67779074020933,58.29325211261768,21.901832757834217,1735.300048828125,1750.0,5533.44,3
LGHL,19876,NSE_EQ,2026-09-28,281.3900146484375,395.3125,281.3900146484375,182.99000549316406,205.3197390259932,20,232.2912116368259,50,234.3035057651386,14,2.471107537473955,4.938304184489164,182.99000549316406,33.35092757970314,12,26,9,192.2976335905066,213.79778936134102,-20.927352830175494,10,767733.0,205.3197390259932,232.2912116368259,236.47426130178965,33.35092757970314,32.12736277339039,-0.5728029406589314,182.99000549316406,183.50999450683594,918.14,3
LIBAS,11082,NSE_EQ,2026-09-28,13.449999809265137,13.449999809265137,13.449999809265137,12.380000114440918,11.06137643390895,20,11.432699139450092,50,11.394033793532099,14,0.23421408583196554,0.1354741794696977,12.380000114440918,63.354482090701026,12,26,9,11.09523205442958,11.089101772855795,-0.17137161237005144,10,3709612.0,11.06137643390895,11.432699139450092,11.365218830759135,63.354482090701026,61.25858785581749,0.1775018939438368,12.380000114440918,12.350000381469727,24.37,3
LIBERTSHOE,1994,NSE_EQ,2026-09-28,293.0,348.75,293.0,235.9199981689453,247.03180536070747,20,269.67226128160354,50,271.049904673957,14,4.54039820787107,5.735457896890321,235.9199981689453,44.18510887640052,12,26,9,241.968209461614,250.7775249257535,-6.883334759501096,10,1363143.0,247.03180536070747,269.67226128160354,273.08132940435127,44.18510887640052,37.86164955814012,-1.9259807046384054,235.9199981689453,240.8000030517578,393.13,3
LICHSGFIN,1997,NSE_EQ,2026-09-28,598.2000122070312,598.2000122070312,598.2000122070312,566.0,540.686456303744,20,544.9584847433417,50,544.099647385927,14,7.522698259058098,5.5563140654763945,566.0,57.5173267858041,12,26,9,543.0311409318447,540.3996205519767,-0.9313867330615817,10,130026634.0,540.686456303744,544.9584847433417,543.9343258745746,57.5173267858041,52.92860519073091,3.562907112929575,566.0,564.75,31352.09,3
LICI,9480,NSE_EQ,2026-09-28,450.20001220703125,468.4750061035156,450.20001220703125,409.04998779296875,414.48698650944067,20,419.35710483710125,50,419.7778034919638,14,4.929349274300285,5.409933098263274,409.04998779296875,47.67593239721225,12,26,9,413.6297214444279,415.1612304207149,-0.48558200729591006,10,564445210.0,414.48698650944067,419.35710483710125,420.2707745648182,47.67593239721225,47.183350634033836,-1.0459269689910902,409.04998779296875,404.0,507322.41,3
LIKHITHA,578,NSE_EQ,2026-09-28,272.0,272.0,272.0,230.22999572753906,218.52416846486943,20,220.56020925918602,50,220.16552409721243,14,4.824796273229498,3.8072619923119517,230.22999572753906,55.89392616231211,12,26,9,220.42987803110032,217.14593721116205,4.734061339259154,10,3732403.0,218.52416846486943,220.56020925918602,220.14044349794366,55.89392616231211,52.15239400093325,-1.4501205193208877,230.22999572753906,225.1199951171875,886.47,3
LINC,6951,NSE_EQ,2026-09-28,122.75,133.3800048828125,122.75,93.2300033569336,99.62727327588708,20,107.16820570736218,50,107.73711192574702,14,1.0600320700483812,1.6843225655676413,93.2300033569336,38.62591431483989,12,26,9,97.47100534545957,101.09818963077332,-2.927501445603105,10,1020499.0,99.62727327588708,107.16820570736218,108.38719822644714,38.62591431483989,36.2705278691933,-0.6996828397106407,93.2300033569336,93.16000366210938,538.62,3
LINCOLN,11596,NSE_EQ,2026-09-28,770.0,770.0,770.0,591.0,608.2356846879827,20,595.4603632861626,50,595.6424189304959,14,7.9716001429806,9.038806953287695,591.0,46.86307680860496,12,26,9,609.0131020895902,605.4059398834013,7.641100706835136,10,2483030.0,608.2356846879827,595.4603632861626,595.2666002914982,46.86307680860496,49.75681218079747,-4.03393850064619,591.0,595.0999755859375,1173.67,3
LINDEINDIA,1627,NSE_EQ,2026-09-28,8049.0,8049.0,8049.0,6142.5,6681.00701937384,20,6702.855272288102,50,6725.726916054963,14,64.6967513757758,108.71608706161673,6142.5,37.30793634355588,12,26,9,6554.96513499654,6712.343097182659,-37.86845178937912,10,1059325.0,6681.00701937384,6702.855272288102,6745.491279975574,37.30793634355588,38.893953963662874,-119.50951039674035,6142.5,6185.0,53329.29,3
LLOYDSENGG,17801,NSE_EQ,2026-09-28,99.75,99.75,99.75,98.55999755859375,82.21906695662136,20,72.05163440615655,50,70.96966039993463,14,2.776083287805053,1.2511475605599027,98.55999755859375,68.9328074881065,12,26,9,86.69090269189014,79.18531998600209,8.031671342345362,10,458111452.0,82.21906695662136,72.05163440615655,70.5018914242105,68.9328074881065,56.48315881091288,-0.5260886364573025,98.55999755859375,91.2300033569336,13113.85,3
LLOYDSENT,25807,NSE_EQ,2026-09-28,84.69999694824219,84.69999694824219,84.69999694824219,79.66999816894531,72.84804214963411,20,67.58680816062542,50,67.0936167317144,14,2.1249886813631664,1.4891034396878753,79.66999816894531,58.797302619535394,12,26,9,74.46456395588163,71.59257093032772,3.6096923552100697,10,150129087.0,72.84804214963411,67.58680816062542,67.02233593146232,58.797302619535394,47.576389350199946,-0.7376993296561642,79.66999816894531,75.58000183105469,11769.72,3
LLOYDSME,17313,NSE_EQ,2026-09-28,2125.0,2125.0,2125.0,1838.0,1792.5286284769238,20,1609.414633269234,50,1600.0846183006313,14,29.09556974145762,21.82972282737103,1838.0,57.13382932878231,12,26,9,1839.6282128840949,1750.4152699697793,116.22660684944414,10,21003762.0,1792.5286284769238,1609.414633269234,1590.8350128773152,57.13382932878231,56.44347512411829,-27.013663935128548,1838.0,1822.0,102768.12,3
LMW,1979,NSE_EQ,2026-09-28,20151.0,20151.0,20151.0,17133.0,16910.694484721564,20,16012.231447461787,50,15966.485792256146,14,313.993659541663,270.55492208870396,17133.0,53.715579749745,12,26,9,17447.921290543065,16610.045027653865,783.0471030415201,10,271495.0,16910.694484721564,16012.231447461787,15893.321947042112,53.715579749745,58.164822412556425,54.829159847679875,17133.0,17146.0,18117.45,3
LODHA,3220,NSE_EQ,2026-09-28,1344.949951171875,1344.949951171875,1344.949951171875,1165.0,1117.405235338518,20,1087.2523787014766,50,1084.0790064035775,14,27.5588609328091,22.354708352620914,1165.0,55.21316413020707,12,26,9,1155.8747974008418,1099.4330036139918,52.6227283299341,10,86053892.0,1117.405235338518,1087.2523787014766,1081.6046821273205,55.21316413020707,53.87316639899681,3.8190654569158866,1165.0,1150.0,113235.73,3
LOKESHMACH,13436,NSE_EQ,2026-09-28,385.79998779296875,385.79998779296875,385.79998779296875,340.20001220703125,311.517230289366,20,269.26327160706023,50,266.36789443971446,14,8.245736632925338,4.939566723205876,340.20001220703125,62.537329708770336,12,26,9,329.8043592108362,299.09520674239354,31.544727615399495,10,1725170.0,311.517230289366,269.26327160706023,263.1665845069286,62.537329708770336,64.13554829446599,-0.8355751469568418,340.20001220703125,342.25,683.67,3
LORDSCHLO,18232,NSE_EQ,2026-09-28,169.0,233.0,169.0,148.1999969482422,141.11077185016006,20,146.85123727425977,50,146.7961858589952,14,3.2620421190793345,2.8024278956455797,148.1999969482422,53.78940140125834,12,26,9,140.98387308399793,142.03111073118777,-2.2422292696400667,10,1181753.0,141.11077185016006,146.85123727425977,147.23439762635851,53.78940140125834,46.079440697709515,1.1949916224502353,148.1999969482422,138.10000610351562,429.04,3
LOTUSDEV,758147,NSE_EQ,2026-09-28,226.0,226.0,220.39999389648438,217.99000549316406,176.33363645778988,20,168.67060036556217,50,166.6575634215784,14,6.4367587704089715,2.8681186357576443,217.99000549316406,69.17618029167308,12,26,9,187.86175732140694,171.7895466328625,9.370837044912204,10,104468497.0,176.33363645778988,168.67060036556217,164.67909642316067,69.17618029167308,68.48426183040154,6.701373643632227,217.99000549316406,220.13999938964844,10479.44,3
LOTUSEYE,16807,NSE_EQ,2026-09-28,143.1999969482422,147.0,143.1999969482422,115.06999969482422,116.03783494776954,20,111.88269099793901,50,111.75259676541309,14,1.9464772842905245,1.9953447074698119,115.06999969482422,49.3801416796416,12,26,9,115.5687319921472,115.78734159340299,0.7694135731054597,10,536763.0,116.03783494776954,111.88269099793901,111.61596812424132,49.3801416796416,49.406999268229285,-0.988023174361238,115.06999969482422,113.2300033569336,235.25,3
LOVABLE,22415,NSE_EQ,2026-09-28,86.9000015258789,101.94999694824219,86.9000015258789,69.68000030517578,72.67082142940089,20,77.75544869766925,50,78.08505883613837,14,1.0670709104969405,1.3582508197036067,69.68000030517578,43.99708695178786,12,26,9,71.98599059436532,73.33412496788893,-1.2135928887335077,10,497594.0,72.67082142940089,77.75544869766925,78.42853070010544,43.99708695178786,43.98058505218177,-0.13454148479009898,69.68000030517578,69.83000183105469,103.24,3
LOYALTEX,10590,NSE_EQ,2026-09-28,257.94000244140625,333.989990234375,257.7900085449219,222.19000244140625,213.4223366002028,20,231.47769128416004,50,231.8567806246806,14,5.133330743889451,4.609894271523873,222.19000244140625,52.68615613176092,12,26,9,213.25831549462612,215.0082288782892,-3.6637033472712957,10,100565.0,213.4223366002028,231.47769128416004,233.10195509493224,52.68615613176092,44.153996567577394,1.913789963608211,222.19000244140625,231.8000030517578,105.89,3
LPDC,16863,NSE_EQ,2026-09-28,9.050000190734863,9.460000038146973,9.050000190734863,6.510000228881836,6.7313057783876715,20,6.995644151322,50,7.015466352237924,14,0.20481081991651529,0.22432981992025525,6.510000228881836,47.72580382841808,12,26,9,6.723354619662238,6.757537337085819,-0.04794527753153182,10,4740165.0,6.7313057783876715,6.995644151322,7.013240482057375,47.72580382841808,52.63156730463334,0.013762560107950454,6.510000228881836,6.599999904632568,86.38,3
LT,11483,NSE_EQ,2026-09-28,4272.2998046875,4440.0,4272.2998046875,3876.199951171875,3963.4053961550044,20,3909.621776623541,50,3910.985932764425,14,37.27815765420725,43.54936700324241,3876.199951171875,46.12062266188851,12,26,9,3958.502167707838,3958.9318694381013,17.161704104383155,10,65028161.0,3963.4053961550044,3909.621776623541,3912.04658308134,46.12062266188851,46.482102040642474,-17.591405834646487,3876.199951171875,3865.0,524414.96,3
LTF,24948,NSE_EQ,2026-09-28,338.6000061035156,338.6000061035156,338.6000061035156,284.0,300.93115600452535,20,281.40652238397223,50,281.30066615474664,14,4.59417967508549,5.5990789881567045,284.0,45.07076516808618,12,26,9,304.4262195781434,297.65046538390203,8.938703742104238,10,232319404.0,300.93115600452535,281.40652238397223,280.01497955726813,45.07076516808618,56.466492024273684,-2.1629495478628797,284.0,284.95001220703125,69979.03,3
LTFOODS,13816,NSE_EQ,2026-09-28,490.70001220703125,490.70001220703125,490.70001220703125,422.3500061035156,413.88560415475916,20,405.9951853487674,50,405.32764164449196,14,5.51315698604382,4.647554535135795,422.3500061035156,54.25955627764704,12,26,9,419.9747279230037,411.4030869289901,5.261908658674619,10,73562148.0,413.88560415475916,405.9951853487674,404.59815713173526,54.25955627764704,54.585730030298514,3.309732335338973,422.3500061035156,424.0,14343.86,3
LTM,17818,NSE_EQ,2026-09-28,4850.0,6429.5,4850.0,4083.0,4343.525691867535,20,4625.325422388892,50,4647.461153914969,14,64.06494815126588,88.85905547256331,4083.0,41.893323894956566,12,26,9,4316.276833402357,4395.4876397147345,-122.64352105906617,10,19528482.0,4343.525691867535,4625.325422388892,4662.659564374509,41.893323894956566,46.022820581764975,43.43271474668835,4083.0,4038.0,120615.48,3
LTTS,18564,NSE_EQ,2026-09-28,3847.89990234375,4726.0,3847.89990234375,3206.10009765625,3441.930739446068,20,3666.720545885819,50,3685.5213805074336,14,42.01512730123377,63.5030965047406,3206.10009765625,39.817887172258196,12,26,9,3407.961203605956,3478.5466459787303,-74.21654812757893,10,3924033.0,3441.930739446068,3666.720545885819,3699.318171548553,39.817887172258196,44.03259938604383,3.631105754804736,3206.10009765625,3218.60009765625,33551.37,3
LUMAXIND,2018,NSE_EQ,2026-09-28,6609.5,6934.5,6609.5,5769.0,5630.299676914737,20,5206.938702697819,50,5183.997425256914,14,98.82447110525247,81.38430209583144,5769.0,54.83887901227778,12,26,9,5741.125979029595,5555.143807729663,161.31697097092174,10,930588.0,5630.299676914737,5206.938702697819,5156.772830369441,54.83887901227778,56.681128194960266,24.665200329010162,5769.0,5685.5,5292.93,3
LUMAXTECH,14014,NSE_EQ,2026-09-28,2190.0,2190.0,2148.699951171875,2026.800048828125,1799.7268300460235,20,1583.8738932055555,50,1565.795274608716,14,50.415618426156065,28.738578992565568,2026.800048828125,63.69291846831576,12,26,9,1882.527207539432,1752.4354443296922,92.86065743122879,10,13457884.0,1799.7268300460235,1583.8738932055555,1543.8807980143013,63.69291846831576,68.37612969754447,37.23110577851105,2026.800048828125,2074.800048828125,13844.66,3
LUPIN,10440,NSE_EQ,2026-09-28,2529.5,2529.5,2529.5,2092.0,2235.674051721667,20,2208.216419069995,50,2212.9599463789746,14,14.51723994977653,25.93507628600584,2092.0,35.88728977881175,12,26,9,2202.1935457448594,2240.552666966057,2.288709184337251,10,40276582.0,2235.674051721667,2208.216419069995,2218.26443398628,35.88728977881175,34.85197519145666,-40.64783040553496,2092.0,2091.300048828125,94203.8,3
LUXIND,11301,NSE_EQ,2026-09-28,1823.3499755859375,1823.3499755859375,1823.3499755859375,1174.699951171875,1207.7138459693435,20,1233.6996461460194,50,1236.1077969612904,14,25.147989021753936,27.93857573165253,1174.699951171875,47.37166388250849,12,26,9,1194.4783724239107,1210.5620000606725,1.5918992036155601,10,1609822.0,1207.7138459693435,1233.6996461460194,1240.0632192384094,47.37166388250849,44.73173947981646,-17.675526840377337,1174.699951171875,1166.0,3400.68,3
LXCHEM,2841,NSE_EQ,2026-09-28,203.8000030517578,216.8000030517578,203.8000030517578,181.4199981689453,167.67003742879285,20,167.7987074278713,50,167.24273637721524,14,3.1025121106307414,1.8814446646188114,181.4199981689453,62.24998029753969,12,26,9,172.49108220258034,165.73451207085927,5.22381989112799,10,66037134.0,167.67003742879285,167.7987074278713,166.79386825003365,62.24998029753969,60.44738158593379,1.5327502405930868,181.4199981689453,180.7899932861328,4972.96,3
LYKALABS,7248,NSE_EQ,2026-09-28,88.0,100.94000244140625,84.80000305175781,85.8499984741211,72.55873005793762,20,76.06919951769423,50,75.66998323375844,14,2.0874846742693736,1.0230013758181467,85.8499984741211,67.11120515106111,12,26,9,75.43111969067917,72.00611030818398,0.7598415457385587,10,867702.0,72.55873005793762,76.06919951769423,75.35692147440611,67.11120515106111,65.09957314834512,2.665167836756632,85.8499984741211,85.8499984741211,304.85,3
M&M,2031,NSE_EQ,2026-09-28,3534.60009765625,3839.89990234375,3534.60009765625,3035.0,3207.5604804304467,20,3231.0858654209096,50,3239.089370131967,14,32.51192596199369,46.84920324799635,3035.0,40.967065723027865,12,26,9,3189.6094105031643,3219.5580232946522,-14.76233751903474,10,93295213.0,3207.5604804304467,3231.0858654209096,3246.72567095368,40.967065723027865,41.603632990986824,-15.186275272453164,3035.0,2965.0,334191.17,3
M&MFIN,13285,NSE_EQ,2026-09-28,415.0,415.0,415.0,333.1000061035156,349.86854593331424,20,333.8257368299471,50,333.85535849225045,14,6.5623856663596865,7.514589933923803,333.1000061035156,46.617866313752295,12,26,9,355.77346867700436,346.0656647536568,10.956473686177802,10,110281037.0,349.86854593331424,333.8257368299471,333.0617001534456,46.617866313752295,51.94177187057992,-1.2486697628302323,333.1000061035156,341.45001220703125,45946.94,3
MAANALU,15017,NSE_EQ,2026-09-28,169.0,184.74000549316406,169.0,100.18000030517578,120.51782467154341,20,127.01232691381179,50,128.1075239182459,14,1.3935733640240087,3.173627240980231,100.18000030517578,30.51263748951783,12,26,9,115.5497992918452,122.99268018522066,-5.437204008634767,10,3182898.0,120.51782467154341,127.01232691381179,129.0600760519267,30.51263748951783,32.87238437932258,-2.0056768847406925,100.18000030517578,103.63999938964844,608.08,3
MACPOWER,22347,NSE_EQ,2026-09-28,2175.0,2175.0,2149.0,2062.5,1588.7165970922006,20,1294.045214603063,50,1262.6797131582898,14,70.27144990269036,25.708755087768175,2062.5,73.21452367149674,12,26,9,1762.0104142219402,1496.2528575723209,207.09951365215272,10,2996714.0,1588.7165970922006,1294.045214603063,1228.319701450465,73.21452367149674,75.57678530597076,58.65804299746662,2062.5,2072.0,2188.38,3
MADHAV,15151,NSE_EQ,2026-09-28,42.869998931884766,46.790000915527344,42.869998931884766,35.77000045776367,35.93745838772079,20,37.943790095265335,50,38.032516202918465,14,0.5280276847085043,0.5714275983058735,35.77000045776367,48.026299283478835,12,26,9,35.618266584433734,36.27247355620628,-0.823778722710667,10,152216.0,35.93745838772079,37.943790095265335,38.13751690163054,48.026299283478835,46.9580377415922,0.1695717509381216,35.77000045776367,34.119998931884766,31.11,3
MADHUCON,13671,NSE_EQ,2026-09-28,6.889999866485596,8.4399995803833,6.889999866485596,4.190000057220459,5.047452897457951,20,5.624475490215605,50,5.6830255078888765,14,0.07951589506523817,0.15525294939280473,4.190000057220459,33.86986686789652,12,26,9,4.844078748450234,5.1567493716742705,-0.16936347326730766,10,1027404.0,5.047452897457951,5.624475490215605,5.748863276714488,33.86986686789652,31.36396223903931,-0.14330714995672894,4.190000057220459,4.260000228881836,30.25,3
MADRASFERT,4911,NSE_EQ,2026-09-28,74.68000030517578,86.94999694824219,74.68000030517578,60.16999816894531,65.85022528312876,20,70.71940460713704,50,71.14999262502242,14,0.632574146907273,1.1539132983042346,60.16999816894531,35.40882129358489,12,26,9,64.52707999709426,66.78699823284589,-1.8081147295081306,10,3506511.0,65.85022528312876,70.71940460713704,71.55284951668469,35.40882129358489,37.053275638268154,-0.4518035062434964,60.16999816894531,60.720001220703125,950.5,3
MAGADSUGAR,21392,NSE_EQ,2026-09-28,634.9500122070312,634.9500122070312,634.9500122070312,551.4500122070312,518.9008289216335,20,518.4182175233314,50,517.0699810056293,14,12.275149147866165,9.385076908623725,551.4500122070312,56.671380602642664,12,26,9,530.6095146318621,514.3254728689835,11.853265010621323,10,2879660.0,518.9008289216335,518.4182175233314,517.572837373206,56.671380602642664,48.78402506658242,4.430776752257264,551.4500122070312,505.45001220703125,772.27,3
MAGNUM,14957,NSE_EQ,2026-09-28,22.799999237060547,28.0,22.799999237060547,19.020000457763672,19.539480323866513,20,21.578297823609333,50,21.68271812425609,14,0.1988199994391671,0.26562804696342807,19.020000457763672,42.807801858385886,12,26,9,19.229476331368396,19.833853810874697,-0.6888492902407894,10,1490907.0,19.539480323866513,21.578297823609333,21.784461699366233,42.807801858385886,43.95704638278268,0.08447181073448862,19.020000457763672,18.649999618530273,131.3,3
MAHABANK,11377,NSE_EQ,2026-09-28,94.5,94.5,94.5,84.87999725341797,81.18985015707042,20,73.98880897768326,50,73.5442706807145,14,1.2867882320382509,0.8660818287931239,84.87999725341797,59.77082664902365,12,26,9,82.85399257400947,79.67025641330561,3.7036029370855283,10,607112368.0,81.18985015707042,73.98880897768326,73.13628169153847,59.77082664902365,57.89906971840601,-0.5198667763816696,84.87999725341797,82.30000305175781,63007.57,3
MAHAPEXLTD,5239,NSE_EQ,2026-09-28,63.400001525878906,117.88999938964844,63.400001525878906,51.58000183105469,53.470870640389286,20,67.89854013782443,50,68.56460292585585,14,1.3550406469909448,1.7205686052740834,51.58000183105469,44.05763332884459,12,26,9,52.00075374738649,55.87493668893787,-6.294697850657409,10,1231114.0,53.470870640389286,67.89854013782443,69.12968870973964,44.05763332884459,47.52321538483711,2.4205149091060267,51.58000183105469,50.97999954223633,146.99,3
MAHASTEEL,17531,NSE_EQ,2026-09-28,1421.0,1421.0,1421.0,1232.0999755859375,1043.0087480900727,20,865.7334799653262,50,850.7797454501991,14,42.34864334382644,24.102068104813977,1232.0999755859375,63.72940548056825,12,26,9,1115.7446172055343,1001.3238972663739,87.7876575774238,10,738448.0,1043.0087480900727,865.7334799653262,838.8972850843271,63.72940548056825,59.83514661071256,26.633062361736535,1232.0999755859375,1255.0,2015.27,3
MAHEPC,17603,NSE_EQ,2026-09-28,134.8000030517578,154.0,134.8000030517578,99.0199966430664,109.01920192928048,20,117.12496102656893,50,117.86393916467107,14,1.2196445667811837,2.164458783523995,99.0199966430664,36.04040540520714,12,26,9,106.00307047354107,110.9897470117025,-4.256941457773991,10,982792.0,109.01920192928048,117.12496102656893,118.48532446161076,36.04040540520714,39.02198646109818,-0.7297350803874423,99.0199966430664,99.9800033569336,274.56,3
MAHESHWARI,9576,NSE_EQ,2026-09-28,76.80999755859375,76.80999755859375,76.80999755859375,73.4000015258789,67.96482454481166,20,61.7801607402706,50,61.305881524531486,14,1.1009176166520038,0.5119008654768037,73.4000015258789,68.26047871170658,12,26,9,70.71813448373071,66.02884480486104,5.349419159943824,10,619312.0,67.96482454481166,61.7801607402706,61.00408089499227,68.26047871170658,59.91705312888296,-0.6601294810741534,73.4000015258789,72.5,211.51,3
MAHLIFE,8050,NSE_EQ,2026-09-28,408.0,427.04998779296875,408.0,356.8500061035156,363.29315489394907,20,365.5785631130116,50,365.9348307460523,14,4.626216711415258,5.046812277222015,356.8500061035156,47.82593660010311,12,26,9,365.240538470679,362.3952751431585,3.910063857984162,10,5387207.0,363.29315489394907,365.5785631130116,365.9158444950142,47.82593660010311,51.45450843340404,-1.0648005304637058,356.8500061035156,353.0,7487.61,3
MAHLOG,385,NSE_EQ,2026-09-28,450.0,450.0,450.0,420.25,391.6485570792341,20,375.83540315799644,50,374.0225624705677,14,7.680216378996891,5.091400212777125,420.25,60.13503712555535,12,26,9,398.28466086462674,387.2728612780381,10.145966716642798,10,8292922.0,391.6485570792341,375.83540315799644,373.2581772652848,60.13503712555535,52.88938341489549,0.8658328699458675,420.25,420.04998779296875,4264.73,3
MAHSCOOTER,2085,NSE_EQ,2026-09-28,14125.0,18098.0,14125.0,13052.0,13138.198338561915,20,13146.27695330492,50,13150.124992215324,14,226.53811161501758,233.5487228014666,13052.0,49.238120865234016,12,26,9,13215.213516560565,13140.356771215444,-3.069815684046727,10,199834.0,13138.198338561915,13146.27695330492,13126.497440877174,49.238120865234016,55.021077240519425,77.92656102916818,13052.0,13254.0,14706.12,3
MAHSEAMLES,2088,NSE_EQ,2026-09-28,738.5999755859375,738.5999755859375,738.5999755859375,715.6500244140625,643.2704330483692,20,623.2508400919337,50,619.4794448134794,14,11.037122405323844,4.726228703978621,715.6500244140625,70.01761445769282,12,26,9,662.4329934078183,634.7109349474429,15.152513747478771,10,13735113.0,643.2704330483692,623.2508400919337,615.4765655081941,70.01761445769282,70.62565301776189,12.569544712896707,715.6500244140625,708.9000244140625,9535.06,3
MAITHANALL,24538,NSE_EQ,2026-09-28,1210.0999755859375,1210.0999755859375,1210.0999755859375,955.1500244140625,1002.0581107869913,20,1010.1577685130436,50,1012.4029825578999,14,17.61058156233937,21.277117434187737,955.1500244140625,45.28573820711813,12,26,9,1002.359782131625,1002.6370242260077,0.03053299262376656,10,4178774.0,1002.0581107869913,1010.1577685130436,1012.5377991690004,45.28573820711813,50.26692836865655,-0.30777508700646666,955.1500244140625,983.3499755859375,2745.54,3
MALLCOM,7965,NSE_EQ,2026-09-28,1152.0,1520.0,1152.0,946.8499755859375,1007.9643387686551,20,1077.418381095911,50,1082.7477037697874,14,13.189570776544878,19.248776654429076,946.8499755859375,40.66042761460387,12,26,9,988.4858679587749,1023.0911614645908,-34.30321166301101,10,160243.0,1007.9643387686551,1077.418381095911,1087.3945478251233,40.66042761460387,42.735391216184794,-0.30208184280488126,946.8499755859375,967.5499877929688,588.04,3
MALUPAPER,13352,NSE_EQ,2026-09-28,38.79999923706055,44.11000061035156,38.79999923706055,32.59000015258789,32.37569663538122,20,33.655955895115966,50,33.69946429277017,14,0.6314305741382376,0.6300730314700005,32.59000015258789,50.05380653143605,12,26,9,32.35363221960435,32.536994011353805,-0.4083487197391005,10,1110033.0,32.37569663538122,33.655955895115966,33.76229957625417,50.05380653143605,48.807400873173805,0.22498692798964548,32.59000015258789,32.349998474121094,55.06,3
MAMATA,28687,NSE_EQ,2026-09-28,442.20001220703125,475.70001220703125,442.20001220703125,411.8999938964844,404.5532738619914,20,406.05830544159323,50,405.8198691781283,14,7.011068743089083,6.462586537630947,411.8999938964844,52.035387554567244,12,26,9,406.89350576866565,404.156057485977,1.1776128259605967,10,3144988.0,404.5532738619914,406.05830544159323,405.9043536343784,52.035387554567244,49.869448155208545,1.559835456728064,411.8999938964844,405.0,994.27,3
MANAKALUCO,7420,NSE_EQ,2026-09-28,47.349998474121094,68.12000274658203,47.349998474121094,35.630001068115234,36.2978387626908,20,33.95169882787909,50,33.883196695624555,14,0.9097101543344819,0.913630855445995,35.630001068115234,49.89248579693864,12,26,9,36.8896073330288,35.768378356343135,1.4949157092331231,10,5690086.0,36.2978387626908,33.95169882787909,33.80210272679761,49.89248579693864,50.36601749113597,-0.3736867325474589,35.630001068115234,35.939998626708984,233.09,3
MANAKCOAT,7413,NSE_EQ,2026-09-28,138.88999938964844,182.82000732421875,133.27999877929688,129.91000366210938,120.65798798837619,20,118.74605703583745,50,118.29038574496921,14,2.6598951798142414,1.8954903415965088,129.91000366210938,58.390122357646305,12,26,9,123.05269908441161,120.02739555816667,1.1140120286652204,10,21222633.0,120.65798798837619,118.74605703583745,117.84427899085762,58.390122357646305,57.935010406230155,1.9112914975797197,129.91000366210938,132.55999755859375,1355.69,3
MANAKSIA,15199,NSE_EQ,2026-09-28,73.4000015258789,73.4000015258789,73.4000015258789,64.11000061035156,60.63958767830878,20,62.272673165208694,50,62.19768020826408,14,1.391605704645134,1.1137464238896289,64.11000061035156,55.545313921959725,12,26,9,61.61678486719148,60.489981981682654,0.01972257382803172,10,2833355.0,60.63958767830878,62.272673165208694,62.11350380304096,55.545313921959725,55.7838793895376,1.1070803116807915,64.11000061035156,64.4800033569336,411.86,3
MANAKSTEEL,7482,NSE_EQ,2026-09-28,120.76000213623047,120.76000213623047,120.76000213623047,105.08000183105469,86.20615488683052,20,74.0915202448271,50,72.82668426171577,14,3.505620154395587,1.7208437352406523,105.08000183105469,67.07441643951695,12,26,9,93.73790808975085,82.40789338590116,7.998910576682798,10,6271116.0,86.20615488683052,74.0915202448271,71.40818150378357,67.07441643951695,69.44720358912134,3.3311041271668866,105.08000183105469,102.16999816894531,722.12,3
MANALIPETC,13796,NSE_EQ,2026-09-28,93.0,93.0,93.0,84.6500015258789,70.91806795768802,20,65.61533264368163,50,64.83840738318378,14,2.1049492700401147,0.8698222653232633,84.6500015258789,70.76003131726176,12,26,9,75.37908538393928,68.86109683110936,4.340333342819121,10,250738831.0,70.91806795768802,65.61533264368163,64.10038326947922,70.76003131726176,69.49276424331728,2.1776552100107986,84.6500015258789,83.75,1432.27,3
MANAPPURAM,19061,NSE_EQ,2026-09-28,381.54998779296875,381.54998779296875,381.54998779296875,334.0,329.9382436499671,20,306.25503099582113,50,305.1225832813648,14,6.1198453164103865,5.3516969014170614,334.0,53.34806079430008,12,26,9,335.94721311522073,324.8476340332481,14.534496992028988,10,258457466.0,329.9382436499671,306.25503099582113,304.55003590931915,53.34806079430008,48.594894081212004,-3.4349179100563383,334.0,324.95001220703125,29768.54,3
MANBA,25597,NSE_EQ,2026-09-28,154.0,154.0,154.0,139.35000610351562,130.12570212212194,20,129.8053141742992,50,129.41573491188223,14,1.9987304897410958,1.2169886260758271,139.35000610351562,62.15500849903482,12,26,9,132.24290924361668,129.29943241113577,2.218635364490112,10,8601005.0,130.12570212212194,129.8053141742992,129.23841819372083,62.15500849903482,56.78971200455838,0.7248414679907995,139.35000610351562,140.64999389648438,696.65,3
MANCREDIT,24823,NSE_EQ,2026-09-28,287.2699890136719,287.2699890136719,287.2699890136719,221.92999267578125,218.7227610755668,20,199.66248195619474,50,198.75360396764017,14,5.397664279371564,4.720030641216879,221.92999267578125,53.34875504486586,12,26,9,225.12307182485088,213.86189352314238,13.75066852558319,10,10867887.0,218.7227610755668,199.66248195619474,197.7480368075582,53.34875504486586,53.90436390514164,-2.489490223874693,221.92999267578125,220.52999877929688,445.27,3
MANGALAM,11817,NSE_EQ,2026-09-28,38.25,73.94000244140625,38.25,31.829999923706055,30.848950399569063,20,39.23872841600109,50,39.54112549731925,14,0.9520143689723527,0.9599637765094139,31.829999923706055,49.792115627580614,12,26,9,30.89211798190017,31.72631024183887,-2.2052050531348786,10,2664891.0,30.848950399569063,39.23872841600109,39.75668170857582,49.792115627580614,54.763611819930325,1.3710127931961789,31.829999923706055,31.649999618530273,49.5,3
MANGLMCEM,2106,NSE_EQ,2026-09-28,1120.0,1120.0,1120.0,1028.5999755859375,964.8089846538313,20,892.2392239879941,50,886.6734790248128,14,19.17128574526769,12.487168529834163,1028.5999755859375,60.556607024068015,12,26,9,997.6656715933932,944.7147015862785,46.974239702508825,10,6701534.0,964.8089846538313,892.2392239879941,880.7907618899837,60.556607024068015,60.85870100700838,5.976730304605908,1028.5999755859375,1037.5,2786.58,3
MANINDS,11884,NSE_EQ,2026-09-28,1039.699951171875,1039.699951171875,944.0,1020.3499755859375,673.4630101872879,20,549.3873987551157,50,530.1644364354903,14,37.259128377230354,7.337422924990669,1020.3499755859375,83.5471068709628,12,26,9,746.3311693873183,636.6051079792462,71.39242936309604,10,66350820.0,673.4630101872879,549.3873987551157,517.0466588290626,83.5471068709628,77.45065728296655,38.333632044976,1020.3499755859375,968.0,7208.79,3
MANINFRA,18226,NSE_EQ,2026-09-28,138.69000244140625,150.86000061035156,138.69000244140625,129.9499969482422,115.17955561559519,20,121.28787174434281,50,120.9343156135714,14,3.0787952910659095,1.9397179790371932,129.9499969482422,61.3487526157853,12,26,9,117.83885294133482,115.05487507293526,-0.6351145340337273,10,108471717.0,115.17955561559519,121.28787174434281,120.74224688801723,61.3487526157853,58.82276577119135,3.4190924024332876,129.9499969482422,124.16999816894531,5234.69,3
MANKIND,15380,NSE_EQ,2026-09-28,2642.0,2642.0,2642.0,2474.89990234375,2378.0640531875606,20,2348.316220118572,50,2343.1495392114216,14,30.990037082148547,22.59650774953123,2474.89990234375,57.83175082381422,12,26,9,2388.9891600965284,2367.332759421759,36.08088946940818,10,18655464.0,2378.0640531875606,2348.316220118572,2344.882175457934,57.83175082381422,45.079045891700474,-14.424488794638748,2474.89990234375,2488.300048828125,100975.14,3
MANOMAY,13753,NSE_EQ,2026-09-28,251.80999755859375,259.8800048828125,251.80999755859375,229.1199951171875,213.8080883196153,20,207.24970415002858,50,206.35703921259352,14,4.290944542183582,2.941545957243322,229.1199951171875,59.32872697895134,12,26,9,218.98543066014986,211.8385910732432,2.926347838038734,10,6930453.0,213.8080883196153,207.24970415002858,205.40508192838178,59.32872697895134,59.6586737026488,4.220491748867917,229.1199951171875,238.8000030517578,410.62,3
MANORAMA,10227,NSE_EQ,2026-09-28,2149.5,2149.5,2149.5,1872.800048828125,1719.314811277482,20,1533.9889097796224,50,1520.1598836960102,14,41.6022182657638,25.252411068787843,1872.800048828125,62.227879624579785,12,26,9,1814.1921290384828,1667.6845085962764,117.77965058400201,10,25017600.0,1719.314811277482,1533.9889097796224,1501.9255922381303,62.227879624579785,69.18344031474385,28.727969858204403,1872.800048828125,1876.199951171875,11144.74,3
MANORG,6422,NSE_EQ,2026-09-28,635.0,635.0,635.0,458.8999938964844,486.96241607819445,20,486.1846343147189,50,487.29829310729986,14,11.644907074265015,13.853457760129611,458.8999938964844,45.66923075222947,12,26,9,482.17549032589375,487.5903834352131,2.0949447317745866,10,560880.0,486.96241607819445,486.1846343147189,488.53699845016797,45.66923075222947,45.3708197367021,-7.5098378410939235,458.8999938964844,456.25,385.27,3
MANUGRAPH,13575,NSE_EQ,2026-09-28,24.260000228881836,24.260000228881836,18.799999237060547,19.81999969482422,15.797513933579177,20,16.177061082771026,50,16.028369710850487,14,0.6210595622238447,0.3053484905875237,19.81999969482422,67.0395254379662,12,26,9,16.229865653002285,15.71609544179774,0.04061187777407024,10,4283281.0,15.797513933579177,16.177061082771026,15.944221529555083,67.0395254379662,61.96629937746431,0.4731583334304743,19.81999969482422,23.0,57.37,3
MANYAVAR,8167,NSE_EQ,2026-09-28,604.0,711.4500122070312,604.0,532.5,493.223730589092,20,530.4007916394497,50,530.3151096655497,14,11.560413560681004,8.313203290840304,532.5,58.16965098527631,12,26,9,514.014371086767,490.02961636392916,6.182182891745379,10,71668474.0,493.223730589092,530.4007916394497,529.7463386314905,58.16965098527631,60.734540537997354,17.802571831092486,532.5,524.9000244140625,13062.87,3
MAPMYINDIA,7227,NSE_EQ,2026-09-28,1231.949951171875,1998.0,1231.949951171875,881.9000244140625,987.2166812276637,20,1157.913433621545,50,1169.179287058585,14,19.386667198841298,30.141284688596823,881.9000244140625,39.14288085827022,12,26,9,961.1594414579107,1016.2488452861305,-59.56383073001059,10,11509375.0,987.2166812276637,1157.913433621545,1180.1906855338718,39.14288085827022,40.1563580079827,4.474426901790771,881.9000244140625,881.4000244140625,4751.97,3
MARALOVER,2112,NSE_EQ,2026-09-28,68.88999938964844,68.88999938964844,68.88999938964844,58.61000061035156,55.77907306562735,20,54.22680551110884,50,54.04789958869077,14,1.3002196974272093,1.0014017949396832,58.61000061035156,56.49146489721545,12,26,9,57.50581223595813,54.84382013900017,2.392041571322926,10,1338528.0,55.77907306562735,54.22680551110884,53.83107913882706,56.49146489721545,57.837666445559556,0.2699505256350334,58.61000061035156,59.0,249.18,3
MARATHON,18659,NSE_EQ,2026-09-28,528.0,678.0499877929688,528.0,411.70001220703125,417.49755844104305,20,457.22461413424116,50,459.08276115167826,14,8.899660102285058,10.087984640136742,411.70001220703125,46.87079531460594,12,26,9,410.0878782588215,425.7029132571138,-22.02769765634577,10,11533724.0,417.49755844104305,457.22461413424116,461.1269554843998,46.87079531460594,46.32562323623261,6.412662658053481,411.70001220703125,408.75,2542.75,3
MARICO,4067,NSE_EQ,2026-09-28,889.0999755859375,889.0999755859375,889.0999755859375,819.0,822.1196950569611,20,789.542807523908,50,788.3404731371287,14,6.185323621358011,5.883490830153296,819.0,51.250465786914624,12,26,9,826.2352512902438,816.1540603000053,17.875131140094165,10,75376912.0,822.1196950569611,789.542807523908,787.7053894115395,51.250465786914624,46.466243882704894,-7.793940149855668,819.0,822.0,104455.56,3
MARINE,1328,NSE_EQ,2026-09-28,450.0,450.0,450.0,413.75,326.13558770519046,20,268.67704326463496,50,262.7556980917629,14,14.588685265328706,6.293055987751549,413.75,69.86335616612784,12,26,9,359.6225132144424,308.4060336433381,39.99721450773204,10,71787902.0,326.13558770519046,268.67704326463496,258.00286894420094,69.86335616612784,65.82439830676387,11.219265063372248,413.75,404.54998779296875,5950.41,3
MARKSANS,10579,NSE_EQ,2026-09-28,350.95001220703125,350.95001220703125,349.95001220703125,336.95001220703125,281.9225320694761,20,242.77926625376577,50,238.93556233730595,14,8.625824069970516,3.2971390888704946,336.95001220703125,72.34631152554029,12,26,9,303.87994419623703,269.4480489332968,29.86716604792149,10,169673457.0,281.9225320694761,242.77926625376577,235.62068757978847,72.34631152554029,69.25160105293126,4.564729215018769,336.95001220703125,337.5,15377.0,3
MARUTI,10999,NSE_EQ,2026-09-28,14598.0,17370.0,14598.0,12065.0,13259.05558039113,20,13641.543208703693,50,13705.891911099761,14,113.23249343955186,217.5714961303117,12065.0,34.2294824154888,12,26,9,12996.040287051348,13401.235464598236,-257.1792767674574,10,16626336.0,13259.05558039113,13641.543208703693,13771.316070736486,34.2294824154888,34.51266288118441,-148.01590077943047,12065.0,11997.0,376131.21,3
MASFIN,199,NSE_EQ,2026-09-28,358.8500061035156,358.8500061035156,358.8500061035156,282.75,303.66674329023584,20,306.3830658885189,50,307.34768082274417,14,2.4199097659520037,4.181323264199582,282.75,36.65845085151364,12,26,9,299.12801556348654,305.44409990549775,-3.21364736853379,10,10322139.0,303.66674329023584,306.3830658885189,308.0986060723651,36.65845085151364,39.29461521773066,-3.1024369734774186,282.75,280.3500061035156,5082.93,3
MASKINVEST,18727,NSE_EQ,2026-09-28,193.63999938964844,246.08999633789062,193.63999938964844,145.05999755859375,148.21720448332314,20,150.29772073089904,50,150.5115053501768,14,2.4088964251621117,2.6928779215795333,145.05999755859375,47.21683597591108,12,26,9,147.4805326940181,148.66979923563773,-0.5231102823135486,10,9951.0,148.21720448332314,150.29772073089904,150.7956483011327,47.21683597591108,46.07684508851652,-0.666156259306068,145.05999755859375,140.0,42.95,3
MASTEK,2124,NSE_EQ,2026-09-28,1945.699951171875,2369.0,1945.699951171875,1582.800048828125,1706.8105458125503,20,1837.6130526491881,50,1848.0135834173948,14,33.076920831262825,44.24296170376264,1582.800048828125,42.77932110965013,12,26,9,1694.4881296938424,1724.3073095566692,-27.474958731605142,10,11761339.0,1706.8105458125503,1837.6130526491881,1858.6182214682322,42.77932110965013,42.99379402538729,-2.3442211312216443,1582.800048828125,1543.5999755859375,4809.85,3
MASTERTR,27047,NSE_EQ,2026-09-28,106.66999816894531,164.5,106.66999816894531,84.87000274658203,85.3887738360165,20,95.80472439914325,50,96.25103956863555,14,2.119363868883672,2.2875255076636813,84.87000274658203,48.09205967734368,12,26,9,85.30836176018704,86.68757807420131,-3.1364638706511014,10,28858721.0,85.3887738360165,95.80472439914325,96.51679637291579,48.09205967734368,52.21352196187341,1.7572475566368295,84.87000274658203,85.20999908447266,1032.94,3
MATRIMONY,21726,NSE_EQ,2026-09-28,561.9500122070312,573.0,561.9500122070312,535.4000244140625,482.8969241338731,20,481.26553370073316,50,479.0559626512095,14,10.545142896220133,6.077384470285348,535.4000244140625,63.43886620676393,12,26,9,499.54852579816645,477.7793015500914,9.390550258465105,10,2673090.0,482.8969241338731,481.26553370073316,476.7500840739948,63.43886620676393,63.479773005119796,12.37867398960993,535.4000244140625,538.5499877929688,1091.47,3
MAWANASUG,17022,NSE_EQ,2026-09-28,164.0,164.0,164.0,149.63999938964844,121.97351412799594,20,107.91214924473478,50,106.20897168779952,14,4.914496895307893,2.401525873787789,149.63999938964844,67.17443412105952,12,26,9,129.88089181662153,117.5970097577805,9.902416994868465,10,20547372.0,121.97351412799594,107.91214924473478,105.31097025816409,67.17443412105952,58.489237634964084,2.3814650639725645,149.63999938964844,130.0,590.16,3
MAXESTATES,19646,NSE_EQ,2026-09-28,652.7999877929688,652.7999877929688,595.0,594.6500244140625,481.0808185991326,20,452.38227002116247,50,446.5754229030849,14,14.625051161294875,4.873576313081874,594.6500244140625,75.00554170037728,12,26,9,509.75150422420734,469.33429089343133,20.982109678936816,10,10939697.0,481.0808185991326,452.38227002116247,440.5580932256598,75.00554170037728,74.94588260018065,19.435103651839192,594.6500244140625,616.9000244140625,9466.96,3
MAXHEALTH,22377,NSE_EQ,2026-09-28,1167.9000244140625,1221.9000244140625,1167.9000244140625,1014.0,1039.198898276483,20,1051.6240044429994,50,1053.159678093734,14,13.998865247538118,16.1845525829695,1014.0,46.37932432353268,12,26,9,1035.2286719799022,1041.9102365857061,-2.8825839404903677,10,83020824.0,1039.198898276483,1051.6240044429994,1053.3172139821263,46.37932432353268,50.6068702487514,-3.7989806653135743,1014.0,1050.0,96781.0,3
MAXIND,22428,NSE_EQ,2026-09-28,189.1300048828125,228.8000030517578,189.1300048828125,148.4499969482422,157.5773087970992,20,168.77849501960145,50,169.60822963475897,14,2.587163336275179,3.4661962454506323,148.4499969482422,42.73929710181828,12,26,9,154.94872157604365,159.52934559832468,-3.5900010667367956,10,4238447.0,157.5773087970992,168.77849501960145,170.29876952020194,42.73929710181828,44.990216773332406,-0.9906229555442332,148.4499969482422,147.72999572753906,761.09,3
MAYURUNIQ,28906,NSE_EQ,2026-09-28,907.0,907.0,907.0,729.5999755859375,730.2085540338246,20,660.5073008634708,50,657.6871916911253,14,13.291390343042607,11.821137311878982,729.5999755859375,52.92732983984486,12,26,9,747.425829866292,713.2661716900774,48.32935099705175,10,5201590.0,730.2085540338246,660.5073008634708,654.1887087228422,52.92732983984486,55.08971309647932,-14.169692820837113,729.5999755859375,733.0999755859375,3099.16,3
MAZDA,18870,NSE_EQ,2026-09-28,280.8999938964844,308.0,278.0,280.04998779296875,239.7455870128269,20,234.2387449079774,50,232.36889825961043,14,6.689501715244402,3.282089513568309,280.04998779296875,67.08559909591182,12,26,9,248.88443485087168,236.1550668310217,7.24782786172863,10,1334935.0,239.7455870128269,234.2387449079774,230.9859961477578,67.08559909591182,63.47502624530586,5.481540158121342,280.04998779296875,278.79998779296875,573.12,3
MAZDOCK,509,NSE_EQ,2026-09-28,2810.0,2929.699951171875,2810.0,2199.60009765625,2426.30994150842,20,2479.360318445837,50,2490.779102967861,14,30.245742523595588,49.07319622109435,2199.60009765625,38.13180433609925,12,26,9,2398.4816578987384,2441.8915743872385,-22.30870175751027,10,34758507.0,2426.30994150842,2479.360318445837,2499.3823316604266,38.13180433609925,41.10811420999576,-21.10121473098986,2199.60009765625,2202.0,86848.73,3
MBAPL,12686,NSE_EQ,2026-09-28,174.94000244140625,174.94000244140625,174.94000244140625,168.47000122070312,143.71302618710402,20,117.83699394378752,50,115.77034058554605,14,3.702215503694243,1.190922076681921,168.47000122070312,75.66138173882354,12,26,9,154.7143209199331,136.85648182949276,16.72238960194649,10,44306075.0,143.71302618710402,117.83699394378752,113.97239500437573,75.66138173882354,72.14400382281082,1.1354494884938475,168.47000122070312,163.60000610351562,7280.05,3
MBECL,13687,NSE_EQ,2026-09-28,456.3999938964844,456.3999938964844,401.5899963378906,456.3999938964844,165.9180604796648,20,110.49837433062356,50,96.37994087895578,14,24.111082791137314,0.007123593855169244,456.3999938964844,99.97046383241997,12,26,9,216.54208371436602,145.65515940251845,28.301369255708913,10,87818.0,165.9180604796648,110.49837433062356,83.92238759491762,99.97046383241997,99.96474028103295,42.58555505613865,456.3999938964844,456.3999938964844,1551.73,3
MBEL,758150,NSE_EQ,2026-09-28,346.6700134277344,535.9000244140625,346.6700134277344,257.70001220703125,286.1695055104794,20,328.7800183353449,50,331.6812430752761,14,4.680460907708946,7.524731361877108,257.70001220703125,38.348112871372955,12,26,9,275.2803515365209,294.5228272403798,-17.14093710171547,10,9004416.0,286.1695055104794,328.7800183353449,334.923334629369,38.348112871372955,36.31693106294935,-2.1015386021434033,257.70001220703125,265.8999938964844,1469.15,3
MBLINFRA,18029,NSE_EQ,2026-09-28,32.529998779296875,45.599998474121094,32.529998779296875,21.1200008392334,24.6436168584522,20,28.769253406629197,50,29.081467797135147,14,0.4750887625712892,0.8113737671579252,21.1200008392334,36.929856221408166,12,26,9,23.74219061309204,25.363248320241322,-1.4733534578219318,10,1429063.0,24.6436168584522,28.769253406629197,29.35867052699669,36.929856221408166,39.49557563991895,-0.1477042493273517,21.1200008392334,20.5,322.85,3
MCL,22360,NSE_EQ,2026-09-28,66.5999984741211,93.19999694824219,66.5999984741211,59.36000061035156,58.09530305735796,20,57.96556479270644,50,57.90864904504745,14,1.0713370833663312,0.9973108229355427,59.36000061035156,51.78924263054329,12,26,9,57.658404440250514,58.368486482229734,-1.0185210293524085,10,3030731.0,58.09530305735796,57.96556479270644,57.98900212334697,51.78924263054329,45.3337223959157,0.30843898737318853,59.36000061035156,62.599998474121094,159.1,3
MCLEODRUSS,11943,NSE_EQ,2026-09-28,78.41000366210938,78.41000366210938,78.41000366210938,43.08000183105469,50.31240368287421,20,49.09271351954646,50,49.33813032315836,14,1.1541413619828151,1.730683755951824,43.08000183105469,40.00732504745767,12,26,9,48.62098509868127,50.576783287717255,-0.01605478214648698,10,11554088.0,50.31240368287421,49.09271351954646,49.54254373099933,40.00732504745767,41.28510442300877,-1.9397434068895014,43.08000183105469,44.54999923706055,459.94,3
MCLOUD,29482,NSE_EQ,2026-09-28,34.54999923706055,79.31999969482422,34.54999923706055,24.440000534057617,27.367592878832095,20,35.34433161734019,50,35.78940635543336,14,0.772361083965891,1.0832636541042817,24.440000534057617,41.62269817383105,12,26,9,26.81374548577416,28.208271114129552,-1.5161259759028507,10,131687540.0,27.367592878832095,35.34433161734019,36.21754542148939,41.62269817383105,43.04774798014603,0.1216003475474583,24.440000534057617,24.899999618530273,1428.43,3
MCX,31181,NSE_EQ,2026-09-28,3481.39990234375,3481.39990234375,3480.0,3324.89990234375,2987.1742736573237,20,2605.5730930973173,50,2576.2128151688917,14,63.537807651240904,30.440126931628587,3324.89990234375,67.6092828952454,12,26,9,3100.479828147492,2907.7846731753016,167.26245195246702,10,102417051.0,2987.1742736573237,2605.5730930973173,2548.303134155377,67.6092828952454,65.92862315962927,25.43270301972325,3324.89990234375,3463.60009765625,84034.68,3
MEDANTA,11956,NSE_EQ,2026-09-28,1544.0,1544.0,1544.0,1495.4000244140625,1369.6795784466485,20,1281.8884874746345,50,1273.173730864862,14,22.09231263952173,9.939085838985308,1495.4000244140625,68.97080267770886,12,26,9,1421.98932643201,1341.3350998100054,69.11033326871926,10,12322949.0,1369.6795784466485,1281.8884874746345,1263.9400045975476,68.97080267770886,69.59154669766849,11.543893353285412,1495.4000244140625,1506.0,38779.34,3
MEDIASSIST,21705,NSE_EQ,2026-09-28,406.45001220703125,575.5499877929688,406.45001220703125,319.8500061035156,349.4239129056173,20,387.24281753460906,50,389.99354453179654,14,5.516040983557735,8.455114440795414,319.8500061035156,39.48163781746149,12,26,9,340.15981718076387,356.78053292179555,-15.311035220655633,10,10230055.0,349.4239129056173,387.24281753460906,392.65246446764473,39.48163781746149,40.5173783726575,-1.3096805203760553,319.8500061035156,318.29998779296875,2318.81,3
MEDICAMEQ,6281,NSE_EQ,2026-09-28,363.8999938964844,447.6499938964844,363.8999938964844,315.29998779296875,273.0506517456115,20,300.4059378235894,50,299.798017416676,14,8.20581566085612,5.204481235080357,315.29998779296875,61.19041005976986,12,26,9,277.84082964569444,275.5889451816356,-11.102281977462326,10,2636982.0,273.0506517456115,300.4059378235894,298.64487576866406,61.19041005976986,65.64871737513364,13.354166441521159,315.29998779296875,307.95001220703125,513.95,3
MEDICO,9667,NSE_EQ,2026-09-28,51.4900016784668,56.880001068115234,51.4900016784668,26.0,40.162092584491994,20,43.24408758880604,50,43.947927898553225,14,0.7824482900458044,1.9425201374655674,26.0,28.714031404774474,12,26,9,38.48478622565644,40.96387500460159,-1.1376855414472904,10,23796975.0,40.162092584491994,43.24408758880604,44.317639266263626,28.714031404774474,37.438282005805625,-1.341403237497857,26.0,33.150001525878906,192.04,3
MEDPLUS,7254,NSE_EQ,2026-09-28,1022.2000122070312,1022.2000122070312,1022.2000122070312,654.9000244140625,739.4917015141443,20,784.3372566611991,50,789.620408997817,14,5.558883304141046,13.501533168935833,654.9000244140625,29.164542716015944,12,26,9,705.3163389498391,755.9655190481103,-37.84110959689699,10,7589327.0,739.4917015141443,784.3372566611991,794.9253226542968,29.164542716015944,29.69309586992057,-12.808070501374253,654.9000244140625,658.0,7789.75,3
MEGASTAR,8153,NSE_EQ,2026-09-28,392.0,392.0,392.0,253.60000610351562,302.32365353238015,20,286.08272521896066,50,287.40855048897885,14,5.284616453078641,8.776053576462084,253.60000610351562,37.58438567988539,12,26,9,300.2674794894828,299.56720759152546,12.051079385186119,10,223284.0,302.32365353238015,286.08272521896066,287.6374714153466,37.58438567988539,43.868896600175724,-11.350807487228769,253.60000610351562,270.0,282.24,3
MEIL,758748,NSE_EQ,2026-09-28,355.29998779296875,495.0,355.29998779296875,270.79998779296875,288.6819441228193,20,330.0366907900695,50,332.4545154021961,14,4.687209819533824,6.710876273498196,270.79998779296875,41.12277957260957,12,26,9,282.54682992074913,296.5211230780712,-15.504195933411427,10,3256169.0,288.6819441228193,330.0366907900695,334.92816884295854,41.12277957260957,41.39516667478175,1.5299027760893757,270.79998779296875,270.1499938964844,746.27,3
MENONBE,6961,NSE_EQ,2026-09-28,330.0,330.0,324.0,298.25,230.79345327538442,20,179.3473528820189,50,174.49418361189723,14,11.003371047002465,4.416157383436832,298.25,71.3599711991256,12,26,9,260.7584132843465,214.8678524872255,35.796096548151496,10,3399415.0,230.79345327538442,179.3473528820189,168.68374187754546,71.3599711991256,78.08817659426052,10.094464248969501,298.25,298.8500061035156,1677.69,3
METROBRAND,7242,NSE_EQ,2026-09-28,1128.0999755859375,1308.800048828125,1128.0999755859375,882.0,977.5848575654743,20,1031.4079724549297,50,1037.5062570449268,14,9.30366131760143,17.82112069345531,882.0,34.299487877207724,12,26,9,955.1709087652234,990.6934585507448,-26.304178159743614,10,3334523.0,977.5848575654743,1031.4079724549297,1041.4514113901917,34.299487877207724,40.589743618871694,-9.218371625777777,882.0,884.8499755859375,23661.53,3
METROPOLIS,9581,NSE_EQ,2026-09-28,609.0499877929688,609.0499877929688,609.0499877929688,582.5999755859375,556.8525481628346,20,523.381675762079,50,520.9646022998807,14,9.07313028205682,6.2705386981685125,582.5999755859375,59.132729556080236,12,26,9,571.5745029590431,547.5541835247838,22.91327814417162,10,11410360.0,556.8525481628346,523.381675762079,517.8427488342826,59.132729556080236,63.52419466264005,1.1070412900877429,582.5999755859375,584.9500122070312,11778.64,3
MFML,24937,NSE_EQ,2026-09-28,26.950000762939453,31.889999389648438,26.950000762939453,18.75,20.378358145004285,20,24.05891873798667,50,24.27560929872082,14,0.17842934390469303,0.36414011728623735,18.75,32.8859909499963,12,26,9,19.460072007993983,21.030433346175375,-1.5624444527485393,10,191107.0,20.378358145004285,24.05891873798667,24.497879069129585,32.8859909499963,33.236029052910865,-0.007916885432853071,18.75,19.540000915527344,17.88,3
MFSL,2142,NSE_EQ,2026-09-28,1748.0,1892.5,1748.0,1458.0,1559.7443654915628,20,1565.0034654236347,50,1569.3709538082728,14,21.902624271168342,30.602162609916927,1458.0,41.71548076325725,12,26,9,1538.0198689251292,1569.9248838820326,-24.43577825715985,10,44098698.0,1559.7443654915628,1565.0034654236347,1569.794258045345,41.71548076325725,48.360304494100355,-7.469236699743565,1458.0,1390.0,49361.21,3
MGEL,1593,NSE_EQ,2026-09-28,17.389999389648438,18.170000076293945,17.389999389648438,15.989999771118164,15.039840878848281,20,14.468033786925233,50,14.40591272634593,14,0.32157942624148156,0.23331890343217346,15.989999771118164,57.95285533308557,12,26,9,15.295891411817749,14.867410719563086,0.4704461267229413,10,43187755.0,15.039840878848281,14.468033786925233,14.355541803204018,57.95285533308557,55.96912230697671,-0.041965434468278384,15.989999771118164,15.789999961853027,514.76,3
MGL,17534,NSE_EQ,2026-09-28,1252.0,1335.4000244140625,1252.0,1071.300048828125,1104.6753402976587,20,1143.0897951244037,50,1146.0199888507823,14,11.970912980387723,15.004290358003601,1071.300048828125,44.3774707838833,12,26,9,1099.108840529629,1109.710843757265,-7.436293981258283,10,12538595.0,1104.6753402976587,1143.0897951244037,1148.645296511146,44.3774707838833,45.634156045255125,-3.1657092463775225,1071.300048828125,1076.5,10371.03,3
MHLXMIRU,7889,NSE_EQ,2026-09-28,203.41000366210938,244.64999389648438,203.41000366210938,170.80999755859375,166.11065247242084,20,178.59507963290565,50,178.91283808491838,14,4.590698283589189,4.440154112515593,170.80999755859375,50.83349923390692,12,26,9,164.70192970572572,168.42277018926447,-6.216228560557014,10,926587.0,166.11065247242084,178.59507963290565,179.93091305896797,50.83349923390692,43.278530191981226,2.495388077018263,170.80999755859375,162.89999389648438,182.63,3
MHRIL,17333,NSE_EQ,2026-09-28,277.55999755859375,363.95001220703125,277.55999755859375,200.0,223.42754758606554,20,256.6299355749634,50,258.9413615167986,14,1.9277376591857023,4.382201567828881,200.0,30.550811819748247,12,26,9,213.7293364697494,230.70909241039055,-16.65877631282452,10,5473395.0,223.42754758606554,256.6299355749634,261.37611124049926,30.550811819748247,29.988106440077644,-0.3209796278166337,200.0,200.0,3979.42,3
MICEL,7165,NSE_EQ,2026-09-28,57.599998474121094,61.59000015258789,57.599998474121094,36.099998474121094,38.25597532830165,20,42.46516227146952,50,42.724964875442915,14,1.0860311242800538,1.3204386565001993,36.099998474121094,45.12963898212461,12,26,9,37.193319830642196,39.01533092770395,-1.5980895791660374,10,7409808.0,38.25597532830165,42.46516227146952,43.10680022007794,45.12963898212461,40.291355167822225,-0.22392151789571657,36.099998474121094,36.099998474121094,838.11,3
MIDHANI,2463,NSE_EQ,2026-09-28,482.3999938964844,482.3999938964844,482.3999938964844,405.04998779296875,410.2229314730395,20,390.74924778211334,50,390.16554410820083,14,7.74837692312147,7.679396512546284,405.04998779296875,50.22355918973929,12,26,9,416.8852808990504,404.9697188036374,14.386576066586823,10,98036654.0,410.2229314730395,390.74924778211334,389.05801579453686,50.22355918973929,53.24330071772285,-2.4710139711738712,405.04998779296875,407.0,7556.38,3
MINDACORP,25897,NSE_EQ,2026-09-28,769.0,769.0,769.0,678.8499755859375,668.2544669525203,20,616.5536006684262,50,614.0108914881196,14,8.611321137726897,6.588483336379874,678.8499755859375,56.65415731101336,12,26,9,688.0511523287948,654.624167226482,37.00525126047393,10,20691194.0,668.2544669525203,616.5536006684262,610.850111050613,56.65415731101336,60.21986334530922,-3.578266158161064,678.8499755859375,680.2999877929688,15889.03,3
MINDTECK,18049,NSE_EQ,2026-09-28,231.1999969482422,307.67999267578125,231.1999969482422,156.5500030517578,183.7294413563929,20,198.40320007895264,50,200.11149383516465,14,2.2007252644086592,4.651538788714151,156.5500030517578,32.116760932552125,12,26,9,175.6982511786131,187.81725382768437,-7.919084659979462,10,1483750.0,183.7294413563929,198.40320007895264,201.81686085574057,32.116760932552125,32.72394908200552,-4.199917989091801,156.5500030517578,158.25,491.74,3
MIRZAINT,4394,NSE_EQ,2026-09-28,41.900001525878906,43.29999923706055,41.900001525878906,28.920000076293945,32.178225108964966,20,33.58158283098686,50,33.77185151485188,14,0.5703633903398726,0.8495368223209064,28.920000076293945,40.16925874467315,12,26,9,31.516082523235166,32.5017820392917,-0.4844741852596296,10,6240140.0,32.178225108964966,33.58158283098686,33.9609067036357,40.16925874467315,40.6187926735766,-0.5012253307969016,28.920000076293945,28.600000381469727,402.27,3
MITCON,8469,NSE_EQ,2026-09-28,92.83999633789062,92.83999633789062,91.69999694824219,86.7699966430664,77.7915871936484,20,75.70409230015032,50,75.25242273513334,14,1.9383991100270987,1.1606360165962177,86.7699966430664,62.54847172833316,12,26,9,79.39187904399496,76.7968965439791,2.3226039392431703,10,532853.0,77.7915871936484,75.70409230015032,75.05823582080284,62.54847172833316,55.636204809900505,0.2723785607726894,86.7699966430664,90.6500015258789,146.62,3
MITTAL,18562,NSE_EQ,2026-09-28,1.2100000381469727,1.6200000047683716,1.2100000381469727,0.7099999785423279,0.8837042605188454,20,1.0571951790766876,50,1.0713664117515593,14,0.009959705379324084,0.026217405933416295,0.7099999785423279,27.530405325138844,12,26,9,0.8397998998064177,0.9157917262007332,-0.06496984501961095,10,61849847.0,0.8837042605188454,1.0571951790766876,1.0836670823974794,27.530405325138844,31.230069426147452,-0.011021981374704615,0.7099999785423279,0.75,32.93,3
MKPL,16736,NSE_EQ,2026-09-28,5.800000190734863,7.489999771118164,5.800000190734863,4.03000020980835,4.415262028679651,20,5.215587738811882,50,5.2639790665263115,14,0.029873444850769065,0.07323130445254615,4.03000020980835,28.973878558093276,12,26,9,4.205676700189963,4.568299743909441,-0.3598179387568186,10,3917580.0,4.415262028679651,5.215587738811882,5.316794537461662,28.973878558093276,25.893514310375735,-0.002805104962659344,4.03000020980835,4.059999942779541,137.89,3
MMFL,13844,NSE_EQ,2026-09-28,687.9500122070312,687.9500122070312,687.9500122070312,616.1500244140625,560.8609775409673,20,489.99009649345794,50,484.840711680372,14,12.92942247968461,6.885706512945254,616.1500244140625,65.25025643029446,12,26,9,593.7963095305233,540.609326719616,48.40689366225084,10,7282112.0,560.8609775409673,489.99009649345794,478.9750269410823,65.25025643029446,68.30333052129554,4.780089148656515,616.1500244140625,605.0,2919.11,3
MMP,16395,NSE_EQ,2026-09-28,498.0,498.0,498.0,460.25,352.38634251449463,20,305.61045200783445,50,299.29863372243994,14,12.62663892386934,2.9111020977297755,460.25,81.26431574781023,12,26,9,386.944081785281,336.1309020298158,32.82502337683251,10,5331443.0,352.38634251449463,305.61045200783445,292.4598021966818,81.26431574781023,83.80709832614924,17.988156378632716,460.25,456.0,1140.57,3
MMTC,17957,NSE_EQ,2026-09-28,78.3499984741211,78.3499984741211,78.3499984741211,58.349998474121094,63.32289937120033,20,63.98447192415164,50,64.21445043231616,14,0.9129025373560393,1.3104940673904015,58.349998474121094,41.05891568815038,12,26,9,62.702819435513135,63.49761756093154,-0.0346598003154964,10,103828071.0,63.32289937120033,63.98447192415164,64.37544839046116,41.05891568815038,43.75798487623124,-0.7601383251029065,58.349998474121094,58.29999923706055,8582.43,3
MOBIKWIK,28046,NSE_EQ,2026-09-28,243.5,296.70001220703125,243.5,200.6199951171875,202.89050742872598,20,220.39864911614544,50,221.2059411161029,14,3.6297874282302134,3.9686510669629933,200.6199951171875,47.77017581344413,12,26,9,202.50727565075331,204.55343935009085,-3.507261860460873,10,97461867.0,202.89050742872598,220.39864911614544,221.56210215237084,47.77017581344413,53.76430904924507,1.4610981611233322,200.6199951171875,203.00999450683594,1553.04,3
MODIRUBBER,2229,NSE_EQ,2026-09-28,152.0,167.5,152.0,121.62000274658203,126.11147406841468,20,124.3136236352806,50,124.4235673450234,14,2.25419304765063,2.580929617052741,121.62000274658203,46.621217370685294,12,26,9,125.83235105789032,125.91519518767117,0.891671263649195,10,207434.0,126.11147406841468,124.3136236352806,124.59432528303375,46.621217370685294,45.51035809748316,-0.9745153934300474,121.62000274658203,118.0,301.4,3
MODISONLTD,3325,NSE_EQ,2026-09-28,546.0,546.0,546.0,444.04998779296875,343.16449625265165,20,258.9584229238613,50,251.40366517410177,14,17.901533077462382,7.92213233749292,444.04998779296875,69.3222003530724,12,26,9,388.54137133485784,317.9448848428421,56.984163616674365,10,7772205.0,343.16449625265165,258.9584229238613,242.98748799330934,69.3222003530724,72.02153244609875,13.612322875341377,444.04998779296875,448.0,1438.16,3
MODTHREAD,2241,NSE_EQ,2026-09-28,65.6500015258789,65.6500015258789,65.6500015258789,47.31999969482422,49.036731657576084,20,47.789160011375664,50,47.80830941205123,14,0.9877891718839523,1.0786761223631234,47.31999969482422,47.80090789010115,12,26,9,49.85360576293415,48.56923825047931,1.2951270066589273,10,812624.0,49.036731657576084,47.789160011375664,47.80089340117712,47.80090789010115,48.93417479454958,-0.01075949420408473,47.31999969482422,47.4900016784668,166.43,3
MOHITIND,29423,NSE_EQ,2026-09-28,29.790000915527344,34.79999923706055,29.790000915527344,23.0,23.830298086826218,20,25.231105913680082,50,25.322171461177227,14,0.5176418427177544,0.6030745717826991,23.0,46.18847694387409,12,26,9,23.682943374388085,24.064233311958606,-0.492163028769536,10,1877930.0,23.830298086826218,25.231105913680082,25.3916478130933,46.18847694387409,48.0887317169044,0.11087309119901456,23.0,23.969999313354492,31.95,3
MOIL,20830,NSE_EQ,2026-09-28,337.3999938964844,404.8999938964844,337.3999938964844,241.8800048828125,271.05365646745076,20,297.0337032110402,50,299.28487457137595,14,2.675616008670107,5.512374963733807,241.8800048828125,32.677319963929705,12,26,9,260.4145233391786,277.7302040296158,-15.001336892578044,10,69252828.0,271.05365646745076,297.0337032110402,301.54629782397035,32.677319963929705,33.257569921877106,-2.314343797859161,241.8800048828125,245.5,4890.04,3
MOKSH,3586,NSE_EQ,2026-09-28,15.0,16.649999618530273,15.0,9.920000076293945,10.990309032428062,20,12.121610086593506,50,12.211471719666957,14,0.1606016604546396,0.26583077822966417,9.920000076293945,37.661689375731605,12,26,9,10.60724246416744,11.247009478945676,-0.5807840949325025,10,5616526.0,10.990309032428062,12.121610086593506,12.294797092865855,37.661689375731605,39.3077266528074,-0.058982919845733894,9.920000076293945,9.880000114440918,60.1,3
MOL,5394,NSE_EQ,2026-09-28,68.80000305175781,85.3499984741211,68.80000305175781,58.52000045776367,56.808638248409025,20,59.556403175020044,50,59.59870532674479,14,1.6463662760117388,1.5024521695490918,58.52000045776367,52.2852080701181,12,26,9,58.48138727935646,56.617566343652705,0.36126686493700527,10,94041987.0,56.808638248409025,59.556403175020044,59.45783618754823,52.2852080701181,58.273355048288195,1.5025540707667515,58.52000045776367,59.900001525878906,1469.15,3
MOLDTECH,17629,NSE_EQ,2026-09-28,227.0,227.0,227.0,200.0800018310547,168.2341121073929,20,157.19729032890044,50,155.44697557371046,14,5.750537864313464,2.845375715680064,200.0800018310547,66.89850718948007,12,26,9,180.71493895603697,162.9583533134643,11.406314299932522,10,9460548.0,168.2341121073929,157.19729032890044,153.9244031481476,66.89850718948007,64.75154659691779,6.350271342640152,200.0800018310547,201.0,575.35,3
MOLDTKPAC,6713,NSE_EQ,2026-09-28,744.9500122070312,815.0,744.9500122070312,669.8499755859375,671.8061324459716,20,655.2884853746361,50,654.6941388353993,14,11.675456081212634,11.270471168099263,669.8499755859375,50.88247667813362,12,26,9,680.4346825445933,665.478582553262,20.161846100812564,10,4126291.0,671.8061324459716,655.2884853746361,654.5469613269271,50.88247667813362,49.050640613599555,-5.205746109481193,669.8499755859375,677.0,2180.02,3
MONARCH,7679,NSE_EQ,2026-09-28,406.95001220703125,406.95001220703125,406.95001220703125,362.75,356.67483365869924,20,336.71445274441777,50,335.6517773462307,14,4.4605768911936465,3.4091239663010873,362.75,56.68038686560242,12,26,9,367.0871409397055,350.0251788567385,18.61770172805656,10,11371116.0,356.67483365869924,336.71445274441777,334.40695218091423,56.68038686560242,58.48522407319658,-1.5557396450895595,362.75,365.1499938964844,2814.82,3
MONTECARLO,5938,NSE_EQ,2026-09-28,613.5999755859375,860.9500122070312,613.5999755859375,524.0999755859375,546.3524842525084,20,572.6057528118932,50,574.585580453769,14,7.895259266953265,10.046032319382208,524.0999755859375,44.00608077161227,12,26,9,542.3868686580548,551.1821674035725,-12.080520106899563,10,3370001.0,546.3524842525084,572.6057528118932,575.4645842358425,44.00608077161227,49.73882450426599,3.285221361381865,524.0999755859375,520.0,1065.92,3
MOREPENLAB,2259,NSE_EQ,2026-09-28,126.80000305175781,126.80000305175781,123.44999694824219,120.37999725341797,81.68759966556382,20,63.99351876392988,50,61.692029845991584,14,4.0829488266984,0.5623071005684495,120.37999725341797,87.89502431356249,12,26,9,94.7501706558686,75.44839189451804,13.103369993422417,10,1129868885.0,81.68759966556382,63.99351876392988,59.27537794069006,87.89502431356249,88.6034920359482,6.198408767928145,120.37999725341797,117.30000305175781,6754.79,3
MOSCHIP,29459,NSE_EQ,2026-09-28,255.77999877929688,288.45001220703125,255.77999877929688,204.07000732421875,210.48212817228256,20,203.55335121945558,50,203.5322632151795,14,3.9785867596081137,4.391805929292247,204.07000732421875,47.53166198383926,12,26,9,211.25688605101115,209.4343230420753,3.7170405422300776,10,90354270.0,210.48212817228256,203.55335121945558,203.3135801060175,47.53166198383926,49.57056380195426,-1.894477533294233,204.07000732421875,203.0,3771.31,3
MOTHERSON,4204,NSE_EQ,2026-09-28,173.27000427246094,173.27000427246094,173.27000427246094,165.7100067138672,152.68055411648447,20,135.89175333650616,50,134.67468177008325,14,2.7811794828098115,1.3992170502067849,165.7100067138672,66.52908308683573,12,26,9,159.0776606619381,148.40550190301846,10.491443766561531,10,706890113.0,152.68055411648447,135.89175333650616,133.53609705358792,66.52908308683573,64.63150050897183,0.18071499235810506,165.7100067138672,162.60000610351562,171394.02,3
MOTILALOFS,14947,NSE_EQ,2026-09-28,1060.199951171875,1097.0999755859375,1060.199951171875,1029.0,942.2624300704758,20,886.8852204004173,50,881.0846171514547,14,19.288862094554908,11.119802736057181,1029.0,63.4321243698178,12,26,9,974.8254524420395,925.1768559099239,39.56292412145499,10,45407509.0,942.2624300704758,886.8852204004173,875.8227647902895,63.4321243698178,61.72385479076746,10.085672410660571,1029.0,1020.0,61079.18,3
MOTISONS,20788,NSE_EQ,2026-09-28,19.780000686645508,19.780000686645508,19.1200008392334,17.850000381469727,15.458758842020375,20,15.450896795696943,50,15.352974200359277,14,0.47048077071946487,0.2694372265616403,17.850000381469727,63.58552872727634,12,26,9,16.107907908342423,15.254186298676712,0.39461476222291236,10,2822988160.0,15.458758842020375,15.450896795696943,15.23268746416739,63.58552872727634,66.47319038219484,0.4591068474427977,17.850000381469727,18.889999389648438,1782.78,3
MOTOGENFIN,2268,NSE_EQ,2026-09-28,34.400001525878906,34.400001525878906,34.400001525878906,25.920000076293945,26.456936682817858,20,26.083689936809026,50,26.09037115560556,14,0.4855337842656803,0.5101041502994167,25.920000076293945,48.76609934290677,12,26,9,26.626721821681976,26.26722177032916,0.649087049016446,10,1714470.0,26.456936682817858,26.083689936809026,26.086304650362617,48.76609934290677,49.72936922158669,-0.28958699766363183,25.920000076293945,26.209999084472656,101.18,3
MPHASIS,4503,NSE_EQ,2026-09-28,2556.89990234375,2975.0,2556.89990234375,2234.0,2352.108265832696,20,2430.7999642677432,50,2438.832615870508,14,30.567398765067473,40.81150862760647,2234.0,42.824133741510295,12,26,9,2345.265525636334,2364.6273287677127,-20.34502932186632,10,20684386.0,2352.108265832696,2430.7999642677432,2444.482930708335,42.824133741510295,45.8721599654889,0.9832261904877555,2234.0,2235.0,42145.23,3
MPSLTD,10578,NSE_EQ,2026-09-28,2979.0,2979.0,2979.0,2666.89990234375,2393.9890503546403,20,2183.168003810519,50,2163.4238446867134,14,64.72308213579852,36.75351306717028,2666.89990234375,63.78129065755744,12,26,9,2550.2041661472845,2313.8327088170263,207.52418026379866,10,1434197.0,2393.9890503546403,2183.168003810519,2142.8574690074724,63.78129065755744,63.799260353416216,28.847277066459526,2666.89990234375,2600.0,4479.11,3
MRF,2277,NSE_EQ,2026-09-28,140795.0,163600.0,140795.0,124035.0,130614.25670624156,20,134055.4544849384,50,134464.45262718078,14,834.283457634674,1426.581943319608,124035.0,36.90106705523176,12,26,9,129350.49701169372,131580.22495515094,-2008.4615457925352,10,178054.0,130614.25670624156,134055.4544849384,134823.4098772698,36.90106705523176,38.911028485651514,-221.26639766469134,124035.0,124480.0,52379.94,3
MRPL,2283,NSE_EQ,2026-09-28,194.85000610351562,212.30999755859375,195.63999938964844,164.60000610351562,167.6089301354782,20,163.81493996154748,50,163.78289644554877,14,2.999550658855573,3.174846720140381,164.60000610351562,48.58046016052409,12,26,9,168.3587825619192,166.99640549304274,1.2268281178635905,10,473151682.0,167.6089301354782,163.81493996154748,163.7177083460686,48.58046016052409,49.02281373919474,0.1355489510128789,164.60000610351562,164.4499969482422,29745.14,3
MSPL,11919,NSE_EQ,2026-09-28,46.119998931884766,46.119998931884766,46.119998931884766,33.72999954223633,35.985502854640835,20,35.468650611092905,50,35.53961596084215,14,0.6627308450340005,0.8377968080720113,33.72999954223633,44.16651993464987,12,26,9,35.4830573373291,36.01510606733345,0.14055506091866748,10,36821549.0,35.985502854640835,35.468650611092905,35.59633491737126,44.16651993464987,45.06755840258151,-0.6726037909230156,33.72999954223633,34.79999923706055,1878.1,3
MSTCLTD,9356,NSE_EQ,2026-09-28,805.0,805.0,805.0,740.7999877929688,638.5509700609597,20,573.8670258100278,50,567.0534355250098,14,20.10846743485922,10.270005297689364,740.7999877929688,66.19314806209559,12,26,9,679.795077403872,616.0264916799795,53.75933025655687,10,15003753.0,638.5509700609597,573.8670258100278,560.6454129834605,66.19314806209559,64.80710795656887,10.009255467335684,740.7999877929688,740.0,5060.25,3
MSUMI,8596,NSE_EQ,2026-09-28,43.439998626708984,53.59000015258789,43.439998626708984,34.290000915527344,38.53581147254945,20,40.19777125336214,50,40.43890473653907,14,0.31985064361228543,0.6902211627001116,34.290000915527344,31.66612924085136,12,26,9,37.63393509116796,39.032310235723855,-0.9425537920313858,10,480731372.0,38.53581147254945,40.19777125336214,40.633553984195956,31.66612924085136,35.0905586635937,-0.4558213525245065,34.290000915527344,34.70000076293945,22795.42,3
MTARTECH,2715,NSE_EQ,2026-09-28,8714.0,8714.0,8714.0,6900.0,6630.128522545267,20,5267.497444658774,50,5200.864687297907,14,194.22521208413485,147.30106222669352,6900.0,56.86977157938,12,26,9,6931.45244697822,6339.710485136105,728.9959584618572,10,6301974.0,6630.128522545267,5267.497444658774,5119.18569494272,56.86977157938,60.703944531701026,-137.25399661974177,6900.0,6900.0,21653.28,3
MTEDUCARE,31413,NSE_EQ,2026-09-28,2.5299999713897705,2.5299999713897705,2.5299999713897705,1.7000000476837158,1.7928956672070995,20,1.8425204009936826,50,1.8483375582716404,14,0.04283155481225915,0.04948426012222613,1.7000000476837158,46.396768357248284,12,26,9,1.7984619753283124,1.7868055546531454,0.040014350648773164,10,1895386.0,1.7928956672070995,1.8425204009936826,1.8548003134165865,46.396768357248284,45.97878422391692,-0.02835792997360613,1.7000000476837158,1.7699999809265137,12.06,3
MTNL,2294,NSE_EQ,2026-09-28,34.400001525878906,44.66999816894531,34.400001525878906,23.610000610351562,27.461270361850275,20,31.42185144429829,50,31.740702498745094,14,0.35296551526424386,0.7215144604541444,23.610000610351562,32.849892342410016,12,26,9,26.323425547786712,28.26546285246152,-1.6665059791530203,10,34391239.0,27.461270361850275,31.42185144429829,32.06481283595671,32.849892342410016,33.270113958273015,-0.2755313255217886,23.610000610351562,23.989999771118164,1488.15,3
MUFIN,19783,NSE_EQ,2026-09-28,141.5,141.5,141.5,133.02000427246094,129.6089203229554,20,119.80603335927623,50,119.26668760771767,14,1.8206348408825133,1.3375134658658638,133.02000427246094,57.648807593745815,12,26,9,132.94651389994252,127.13684028236713,6.312151480605825,10,42560546.0,129.6089203229554,119.80603335927623,118.68777702239014,57.648807593745815,58.214962300755566,-0.5024778630304407,133.02000427246094,132.4199981689453,2575.3,3
MUFTI,20878,NSE_EQ,2026-09-28,94.4000015258789,116.81999969482422,94.4000015258789,72.13999938964844,80.1211076900995,20,92.25693075987463,50,93.0780299994757,14,1.0400908872515038,1.8299047705329472,72.13999938964844,36.2401554312602,12,26,9,77.61801594012395,82.05598888040397,-3.830222632503825,10,4340350.0,80.1211076900995,92.25693075987463,93.87182725441683,36.2401554312602,37.63580898610683,-0.6077503077761945,72.13999938964844,72.25,464.44,3
MUKANDLTD,11325,NSE_EQ,2026-09-28,167.9499969482422,167.9499969482422,154.25,167.0500030517578,139.37379962178642,20,135.59322163063183,50,134.30927136854504,14,4.101021330798854,1.8698614567093776,167.0500030517578,68.68366834094715,12,26,9,141.64113757343387,138.21282242793455,1.9796510600224955,10,9900402.0,139.37379962178642,135.59322163063183,134.2900580048409,68.68366834094715,48.992869637226846,1.4486640854768162,167.0500030517578,154.0399932861328,2473.99,3
MUKKA,22981,NSE_EQ,2026-09-28,33.290000915527344,33.290000915527344,33.290000915527344,27.399999618530273,25.71286687610612,20,25.650026883384054,50,25.578599424806658,14,0.7803112959723687,0.6223461890069606,27.399999618530273,55.63092232626328,12,26,9,26.632101918344578,25.378489648788722,0.6848774577553853,10,47063894.0,25.71286687610612,25.650026883384054,25.523440205199755,55.63092232626328,54.54294755255136,0.56873481180047,27.399999618530273,26.899999618530273,809.19,3
MUKTAARTS,8687,NSE_EQ,2026-09-28,69.19000244140625,72.69999694824219,69.19000244140625,56.209999084472656,57.085670771656616,20,59.714197537845834,50,59.857226046146785,14,1.1051305662235698,1.1962025191240622,56.209999084472656,48.021321783440676,12,26,9,57.108642363553486,57.33081838090383,-0.44469350911532973,10,161043.0,57.085670771656616,59.714197537845834,59.936296571746844,48.021321783440676,50.71289870689153,0.22251749176498709,56.209999084472656,58.97999954223633,129.95,3
MUNJALAU,13511,NSE_EQ,2026-09-28,130.60000610351562,130.60000610351562,130.60000610351562,109.0199966430664,102.09756398899077,20,93.76620981671965,50,93.14360627278712,14,2.291699593886018,1.53703531095506,109.0199966430664,59.85526945175488,12,26,9,106.08343510225637,99.57773901287182,6.61381321638697,10,97274196.0,102.09756398899077,93.76620981671965,92.7008964119307,59.85526945175488,55.69800311499166,-0.10811712700241305,109.0199966430664,105.69999694824219,1063.21,3
MUNJALSHOW,2307,NSE_EQ,2026-09-28,147.10000610351562,147.10000610351562,147.10000610351562,129.1999969482422,130.6182118397719,20,130.57092996189547,50,130.62688641143234,14,1.436980639701835,1.530557362892517,129.1999969482422,48.423327298439425,12,26,9,130.5333373849594,130.44311734756104,0.9948188597493764,10,2942551.0,130.6182118397719,130.57092996189547,130.82390205876598,48.423327298439425,43.82618747717304,-0.9045988223510232,129.1999969482422,129.07000732421875,512.99,3
MURUDCERA,2313,NSE_EQ,2026-09-28,36.0,46.0,36.0,28.889999389648438,30.778971669010055,20,33.344218869842955,50,33.52602374658559,14,0.28195757414129907,0.4706261385932816,28.889999389648438,37.46527720043009,12,26,9,30.126783533736162,31.260192344077442,-1.0129585993117904,10,740159.0,30.778971669010055,33.344218869842955,33.74096348200206,37.46527720043009,33.48827986672377,-0.12045021102948916,28.889999389648438,29.0,178.82,3
MUTHOOTCAP,10415,NSE_EQ,2026-09-28,269.0,303.0,269.0,226.16000366210938,228.82164835557307,20,237.10794304499802,50,237.55479771368732,14,4.448224831745039,4.652231513698017,226.16000366210938,48.879140373794925,12,26,9,231.8258359166418,228.68861550177022,1.411206063157813,10,732090.0,228.82164835557307,237.10794304499802,237.6884629763155,48.879140373794925,52.20641324032528,1.7260143517137794,226.16000366210938,236.0,367.42,3
MUTHOOTFIN,23650,NSE_EQ,2026-09-28,3678.5,4149.5,3678.5,2835.0,3036.39774881903,20,3094.6301078702486,50,3105.227255130259,14,39.2887030585743,58.49003150320853,2835.0,40.18123494301227,12,26,9,2954.241610269247,3079.298456064062,-108.62168246392933,10,45351694.0,3036.39774881903,3094.6301078702486,3116.0079554353206,40.18123494301227,40.361091902137794,-16.435163330885885,2835.0,2830.0,111505.04,3
MUTHOOTMF,20831,NSE_EQ,2026-09-28,262.7699890136719,262.7699890136719,262.7699890136719,181.55999755859375,202.06589453795897,20,191.21500089407868,50,191.609082662874,14,3.2582404250358095,4.614826178405953,181.55999755859375,41.3846419590995,12,26,9,203.05967594779383,199.6280471651089,9.000335317829236,10,20938967.0,202.06589453795897,191.21500089407868,191.70414731118325,41.3846419590995,44.501523424016604,-5.568706535144312,181.55999755859375,184.5,3004.81,3
MVGJL,19015,NSE_EQ,2026-09-28,233.99000549316406,233.99000549316406,233.99000549316406,224.3800048828125,174.25255230233006,20,176.71507824902582,50,174.7695710394835,14,6.577582100232852,2.583723968625564,224.3800048828125,71.79742768983243,12,26,9,181.4551010480097,172.56558679748696,0.6785412802151902,10,18386097.0,174.25255230233006,176.71507824902582,173.14914531780107,71.79742768983243,69.43585900628149,8.21097297030756,224.3800048828125,214.6999969482422,1072.3,3
MWL,759169,NSE_EQ,2026-09-28,48.0,48.0,48.0,43.06999969482422,38.08654657541351,20,32.50123112105132,50,32.069852811917734,14,0.8354360785552885,0.3375215689451618,43.06999969482422,71.22474373525645,12,26,9,39.872155391108386,36.80347972354599,3.038872922033089,10,73030137.0,38.08654657541351,32.50123112105132,31.643316173311778,71.22474373525645,70.2275814694136,0.029802745529306396,43.06999969482422,44.2599983215332,1270.8,3
NACLIND,20425,NSE_EQ,2026-09-28,245.0,245.0,245.0,139.6699981689453,170.0965976280474,20,170.4924191719808,50,171.7504771721047,14,3.9035650118991456,6.319917723697368,139.6699981689453,38.18234072335803,12,26,9,166.51307742687666,170.98142019340096,1.4341977790099767,10,24470262.0,170.0965976280474,170.4924191719808,172.77090481178243,38.18234072335803,40.169356623060956,-5.902540545534278,139.6699981689453,140.97999572753906,3205.15,3
NAGREEKCAP,14942,NSE_EQ,2026-09-28,38.0,42.75,38.0,28.059999465942383,25.426346243930997,20,26.341292741625875,50,26.27114144675581,14,0.6908631829976867,0.5081760402605943,28.059999465942383,57.618063662698894,12,26,9,25.25941355763331,25.64811002605177,-0.8515589888768751,10,728725.0,25.426346243930997,26.341292741625875,26.192820667682266,57.618063662698894,58.067761270692124,0.4628625204584125,28.059999465942383,30.75,35.08,3
NAGREEKEXP,14702,NSE_EQ,2026-09-28,30.889999389648438,35.900001525878906,30.889999389648438,23.469999313354492,23.83648312582588,20,25.377201331375826,50,25.455046311703224,14,0.6331188530303588,0.6916167625296887,23.469999313354492,47.79209116097481,12,26,9,23.270812236696827,24.177076544580174,-0.7713815594875367,10,3942061.0,23.83648312582588,25.377201331375826,25.63157884847615,47.79209116097481,40.25387909413268,-0.13488274839581071,23.469999313354492,25.399999618530273,71.89,3
NAHARCAP,15360,NSE_EQ,2026-09-28,293.0,307.0,293.0,248.6999969482422,252.53132054029527,20,256.3922942038141,50,256.70626552036805,14,2.7513411871920224,3.0453614118820376,248.6999969482422,47.463901074233306,12,26,9,253.37114817799142,252.4727921680448,0.9583700134672134,10,237034.0,252.53132054029527,256.3922942038141,257.0820314599749,47.463901074233306,46.67540662761289,-0.06001400352060304,248.6999969482422,252.0,411.97,3
NAHARINDUS,13106,NSE_EQ,2026-09-28,154.0,154.0,154.0,132.89999389648438,123.0869730190875,20,117.37646468923604,50,116.74285125220548,14,2.4427100311077,1.4978719963458065,132.89999389648438,61.988559407967315,12,26,9,127.2132412964799,120.91110204250461,5.150395294747743,10,2339546.0,123.0869730190875,117.37646468923604,116.1490903528615,61.988559407967315,60.84590520693412,1.1517439592275407,132.89999389648438,130.5500030517578,559.56,3
NAHARPOLY,14445,NSE_EQ,2026-09-28,289.5,338.79998779296875,289.5,227.67999267578125,244.49077516196903,20,251.64496149312325,50,252.62312348566783,14,3.6765950011793973,5.133182161594385,227.67999267578125,41.73312143143711,12,26,9,240.92806559761559,246.33158279626034,-2.7818149579354654,10,796045.0,244.49077516196903,251.64496149312325,253.66814875967628,41.73312143143711,41.41965192984631,-2.621702240709284,227.67999267578125,233.0,545.86,3
NAHARSPING,14440,NSE_EQ,2026-09-28,349.0,349.0,349.0,269.95001220703125,271.28173114500265,20,251.89962910522476,50,251.16287877453877,14,4.964246081828732,4.565062049024197,269.95001220703125,52.094506900832094,12,26,9,278.1520949230175,265.6338528007343,16.16627944049726,10,2096959.0,271.28173114500265,251.89962910522476,250.4266692466819,52.094506900832094,51.82367142044952,-3.6480373182140617,269.95001220703125,271.1499938964844,969.92,3
NAM-INDIA,357,NSE_EQ,2026-09-28,1269.5,1269.5,1269.5,1157.0,1135.4012091450838,20,1024.2075039828012,50,1018.7874021045482,14,20.38684032917496,16.55689058837346,1157.0,55.183490738048675,12,26,9,1163.6272551014963,1111.2161345980023,63.8964576375414,10,51478090.0,1135.4012091450838,1024.2075039828012,1013.2277042312644,55.183490738048675,55.00951773661425,-11.485337134047427,1157.0,1144.0,71086.18,3
NARMADA,11627,NSE_EQ,2026-09-28,22.584999084472656,22.584999084472656,22.584999084472656,13.369999885559082,15.55366680261915,20,14.94821492280969,50,15.012631863105632,14,0.41387598834053535,0.5876602912806911,13.369999885559082,41.32411344070932,12,26,9,14.976663809537545,15.633993266320086,-0.058986684610855225,10,74749241.0,15.55366680261915,14.94821492280969,15.06539233641489,41.32411344070932,42.38204033231175,-0.5983427721716862,13.369999885559082,13.600000381469727,197.27,3
NATCAPSUQ,29588,NSE_EQ,2026-09-28,234.0,290.989990234375,234.0,169.52000427246094,167.7484923972304,20,173.90835728807085,50,174.08747373768756,14,5.5530430270829445,5.411896412354713,169.52000427246094,50.643626968976086,12,26,9,171.37714355539356,167.39852288964633,0.11129977294460824,10,1513507.0,167.7484923972304,173.90835728807085,174.18981952979502,50.643626968976086,51.33247695426929,3.867320892802621,169.52000427246094,169.0,169.73,3
NATCOPHARM,3918,NSE_EQ,2026-09-28,1226.800048828125,1226.800048828125,1226.800048828125,839.2999877929688,901.6992932559391,20,931.6715589522604,50,935.4418271628438,14,11.346595653665677,17.08570599735477,839.2999877929688,39.90741162264802,12,26,9,874.4968243576018,912.5834979929261,-23.57897113503075,10,18919967.0,901.6992932559391,931.6715589522604,940.4231252342225,39.90741162264802,35.72526359693461,-14.507702500293611,839.2999877929688,844.0,14763.05,3
NATHBIOGEN,11065,NSE_EQ,2026-09-28,204.0,204.0,204.0,149.35000610351562,156.6845232596218,20,160.84133343670172,50,161.3103672054032,14,2.029472961072825,2.670843768098783,149.35000610351562,43.17736607997698,12,26,9,154.53927902253344,157.55966462283317,-1.2471142821713803,10,1000750.0,156.6845232596218,160.84133343670172,161.88058642448533,43.17736607997698,41.38702076241355,-1.7732713181283524,149.35000610351562,151.0,276.81,3
NATIONALUM,6364,NSE_EQ,2026-09-28,445.1499938964844,445.1499938964844,445.1499938964844,358.70001220703125,368.4758741818396,20,341.37403730294795,50,340.66685465380164,14,6.488998956143189,6.969868913713222,358.70001220703125,48.21355717947485,12,26,9,367.7782137203005,365.6486510735781,6.16725605560973,10,287440321.0,368.4758741818396,341.37403730294795,340.2655017825282,48.21355717947485,45.857327497547,-4.037693408887296,358.70001220703125,360.6000061035156,63729.6,3
NAUKRI,13751,NSE_EQ,2026-09-28,1391.0,1419.9000244140625,1391.0,1254.800048828125,1197.9420742893576,20,1195.763031650844,50,1193.3533574803428,14,19.53207809991556,14.117037388251733,1254.800048828125,58.04633440300686,12,26,9,1235.8990628190872,1185.4593071401346,33.27087648832649,10,75397311.0,1197.9420742893576,1195.763031650844,1190.9922720235454,58.04633440300686,57.72325135374733,17.168879190626186,1254.800048828125,1216.4000244140625,80982.74,3
NAVA,4014,NSE_EQ,2026-09-28,739.4000244140625,739.4000244140625,739.4000244140625,551.4500122070312,576.9572122441574,20,577.1333939774428,50,578.1816952741943,14,7.9338558713551155,10.160884274328254,551.4500122070312,43.84619954461072,12,26,9,568.6742932288039,580.0760057049272,-6.886908168867153,10,12904629.0,576.9572122441574,577.1333939774428,578.8299282326117,43.84619954461072,45.80816459016846,-4.51480430725614,551.4500122070312,552.25,15533.03,3
NAVINFLUOR,14672,NSE_EQ,2026-09-28,8949.5,8949.5,8949.5,8584.5,7846.044273752449,20,6894.012843096955,50,6825.013367304994,14,107.68250570136982,30.763059163766787,8584.5,77.77967160325151,12,26,9,8186.117750871413,7620.086228802382,530.7462361754708,10,10203151.0,7846.044273752449,6894.012843096955,6752.973096582748,77.77967160325151,78.00100952600991,35.28528589356006,8584.5,8488.5,43411.22,3
NAVKARCORP,10557,NSE_EQ,2026-09-28,120.94999694824219,131.36000061035156,120.94999694824219,88.20999908447266,97.50485014624661,20,100.89393401173592,50,101.41164564142014,14,1.0155079161956084,1.7917725886999618,88.20999908447266,36.174080731322746,12,26,9,95.98670510088834,98.19157624161734,-0.6364322853362934,10,15153122.0,97.50485014624661,100.89393401173592,101.92191674261649,36.174080731322746,36.830058995350775,-1.5684388553927038,88.20999908447266,88.25,1324.13,3
NAVKARURB,29146,NSE_EQ,2026-09-28,1.2100000381469727,2.5799999237060547,1.2100000381469727,0.8899999856948853,0.9742868952661804,20,1.3134053186298171,50,1.3306871689536917,14,0.028545431514180212,0.039173115267106054,0.8899999856948853,42.15304797720293,12,26,9,0.9350217429509662,1.021272365208734,-0.09638585937714736,10,28646940.0,0.9742868952661804,1.3134053186298171,1.3511233806125893,42.15304797720293,38.244732528680345,0.010135237119379442,0.8899999856948853,0.9100000262260437,100.99,3
NAVNETEDUL,2385,NSE_EQ,2026-09-28,162.60000610351562,166.0,162.60000610351562,122.76000213623047,135.69548124697405,20,140.40194421956068,50,141.122023488268,14,1.1299049167068618,2.2533315541236,122.76000213623047,33.397160572388586,12,26,9,132.71406252717603,137.15872167302734,-2.7569896498871636,10,7661139.0,135.69548124697405,140.40194421956068,141.7029224310688,33.397160572388586,36.58738103770507,-1.6876694959641547,122.76000213623047,122.75,2691.1,3
NAZARA,2987,NSE_EQ,2026-09-28,384.5,384.5,380.0,376.45001220703125,332.21212021917046,20,301.8520470050911,50,298.8072320988894,14,6.526594645010858,2.298173541023212,376.45001220703125,73.95768939675648,12,26,9,349.8467945417752,322.7979593522789,21.999992790301047,10,106732828.0,332.21212021917046,301.8520470050911,295.9279352007414,73.95768939675648,72.36983429034144,5.048842399195241,376.45001220703125,376.79998779296875,14061.85,3
NBCC,31415,NSE_EQ,2026-09-28,114.29000091552734,125.8499984741211,114.29000091552734,82.86000061035156,91.76005367092985,20,96.3056738624227,50,96.85447685230314,14,0.9949043223596419,1.8013816941917862,82.86000061035156,35.579490669793,12,26,9,89.03043602400598,93.14370286714548,-2.563133570101327,10,229722668.0,91.76005367092985,96.3056738624227,97.44445543705514,35.579490669793,34.81353297307609,-1.5501332730381718,82.86000061035156,82.2300033569336,22023.99,3
NBIFIN,19111,NSE_EQ,2026-09-28,2453.0,2991.0,2453.0,1926.4000244140625,2014.5663743828095,20,2097.6028379860795,50,2104.5907079277945,14,29.47036757991689,37.240031501275716,1926.4000244140625,44.17657214739307,12,26,9,2008.1317968175333,2025.049737054998,-11.510450265065959,10,94438.0,2014.5663743828095,2097.6028379860795,2110.051551156352,44.17657214739307,46.38156418385543,-5.407489972398832,1926.4000244140625,1936.199951171875,566.74,3
NCC,2319,NSE_EQ,2026-09-28,171.77000427246094,217.25,171.77000427246094,132.82000732421875,145.82510534163612,20,160.4668057066467,50,161.5952464569499,14,1.9163232029026827,3.1358336113479406,132.82000732421875,37.93079418076074,12,26,9,142.9648855221454,148.23432462780434,-5.026785963724464,10,105275041.0,145.82510534163612,160.4668057066467,162.5938277456902,37.93079418076074,40.39211823020366,-0.2426531419344684,132.82000732421875,134.1300048828125,8201.87,3
NCLIND,14490,NSE_EQ,2026-09-28,200.0,214.8000030517578,200.0,179.25999450683594,179.6041473949413,20,185.86141398916686,50,186.13085968232323,14,1.8243668414739964,1.9506389218446607,179.25999450683594,48.32752466767552,12,26,9,178.337471444127,180.70197384888272,-2.2515038277838553,10,2240115.0,179.6041473949413,185.86141398916686,186.59905788722992,48.32752466767552,43.40125584138505,-0.11299857697185622,179.25999450683594,176.07000732421875,802.71,3
NDGL,18371,NSE_EQ,2026-09-28,3200.0,4050.0,3200.0,2575.60009765625,2707.3919643410877,20,2889.754960697961,50,2902.5776081690515,14,47.59638576954101,59.748522930238394,2575.60009765625,44.33967697774829,12,26,9,2701.106676015111,2728.5931126361143,-31.553352600284168,10,11834.0,2707.3919643410877,2889.754960697961,2912.9073064616655,44.33967697774829,46.63279175995485,4.066915979281045,2575.60009765625,2583.10009765625,250.0,3
NDL,31258,NSE_EQ,2026-09-28,3.200000047683716,3.4800000190734863,3.200000047683716,2.609999895095825,2.634950348421029,20,2.821913300462202,50,2.83056282721185,14,0.05704946042998933,0.06059906086948619,2.609999895095825,48.49143856620972,12,26,9,2.6522171359353544,2.651651844168145,-0.050489149792619904,10,72351487.0,2.634950348421029,2.821913300462202,2.8326266172454044,48.49143856620972,54.072417659031935,0.051054441559829335,2.609999895095825,2.700000047683716,396.54,3
NDLVENTURE,14547,NSE_EQ,2026-09-28,140.0,140.0,140.0,119.69000244140625,123.40572796791098,20,114.1988066179358,50,113.9746761761615,14,1.5264633976776008,1.6594725572713045,119.69000244140625,47.91255754235906,12,26,9,124.17592323883396,121.73922650556952,4.5350016255208905,10,1116025.0,123.40572796791098,114.1988066179358,113.60629561192319,47.91255754235906,51.75316108567818,-2.09830489225645,119.69000244140625,123.75,358.52,3
NDRAUTO,22255,NSE_EQ,2026-09-28,930.9500122070312,1080.4000244140625,930.9500122070312,746.5999755859375,771.9891313280568,20,791.3277148453475,50,793.1533368559355,14,12.992655793260322,15.45686935536456,746.5999755859375,45.66914816814905,12,26,9,760.2902510706277,777.741278925889,-7.38161670930259,10,1092652.0,771.9891313280568,791.3277148453475,795.8942893806676,45.66914816814905,42.70586024479121,-10.069411145958668,746.5999755859375,760.0499877929688,1726.28,3
NDTV,11427,NSE_EQ,2026-09-28,91.0,121.13999938964844,91.0,70.08000183105469,76.65717515220507,20,87.99568450570436,50,88.72693685977168,14,0.718673557144778,1.3726564941297643,70.08000183105469,34.36442548639269,12,26,9,74.76256921814544,78.27695525590119,-3.229679479258717,10,3477966.0,76.65717515220507,87.99568450570436,89.421097498101,34.36442548639269,36.403515503006886,-0.28470655849702453,70.08000183105469,69.93000030517578,789.34,3
NECCLTD,13533,NSE_EQ,2026-09-28,19.989999771118164,24.010000228881836,19.950000762939453,19.18000030517578,16.842798722949155,20,17.5525415797677,50,17.486114693016347,14,0.41626575936248195,0.23031053579150004,19.18000030517578,64.37999080423268,12,26,9,17.333621520737925,16.759379694016204,0.06640608510009563,10,4345463.0,16.842798722949155,17.5525415797677,17.425547973818873,64.37999080423268,63.534007942863944,0.5078357416216255,19.18000030517578,19.0,207.0,3
NECLIFE,11927,NSE_EQ,2026-09-28,14.90999984741211,22.399999618530273,14.90999984741211,10.84000015258789,11.557421378038345,20,13.756847506499678,50,13.875902500536894,14,0.26898445128624,0.3526970888531881,10.84000015258789,43.26724117076298,12,26,9,11.295243530264745,11.868098134099059,-0.7358395115125149,10,10085731.0,11.557421378038345,13.756847506499678,13.994102621283854,43.26724117076298,43.97458717710011,0.16298490767820129,10.84000015258789,10.899999618530273,208.94,3
NELCAST,14761,NSE_EQ,2026-09-28,173.1999969482422,173.1999969482422,173.1999969482422,118.38999938964844,123.13723645336508,20,124.57934130541153,50,124.83196750605492,14,2.790985937742231,3.2264008591628106,118.38999938964844,46.38202648328566,12,26,9,120.1938812197163,123.96882301407226,-1.1610086922023732,10,8311740.0,123.13723645336508,124.57934130541153,125.50510918638817,46.38202648328566,39.11910674170435,-2.61393310215358,118.38999938964844,110.76000213623047,1042.29,3
NELCO,2388,NSE_EQ,2026-09-28,1120.0,1120.0,1120.0,976.5,891.6635408437023,20,833.3210733832725,50,827.4770355621816,14,30.5698357596516,22.01112265134737,976.5,58.13860508342684,12,26,9,934.8019374502016,868.3288783463693,61.08470034042695,10,21181173.0,891.6635408437023,833.3210733832725,819.9516094387631,58.13860508342684,61.07132030846317,5.388358763405435,976.5,996.9000244140625,2163.24,3
NEOGEN,9917,NSE_EQ,2026-09-28,2499.699951171875,2499.699951171875,2498.199951171875,2385.199951171875,2070.257706541685,20,1805.254979098363,50,1781.5837557484238,14,62.05666359098641,30.70578130301542,2385.199951171875,66.89847778580823,12,26,9,2202.8741551157955,1989.4443439945367,192.85465175939638,10,10023040.0,2070.257706541685,1805.254979098363,1752.7341171118799,66.89847778580823,72.67352436924942,20.575159361862433,2385.199951171875,2325.89990234375,6538.25,3
NESCO,15409,NSE_EQ,2026-09-28,1323.9000244140625,1422.800048828125,1323.9000244140625,1070.300048828125,1095.0955968045157,20,1125.1458195025873,50,1127.3844223872593,14,13.945921861836888,16.77779660483488,1070.300048828125,45.39138671305374,12,26,9,1080.801504042853,1105.54095134407,-28.213088530878053,10,2128667.0,1095.0955968045157,1125.1458195025873,1128.040927430489,45.39138671305374,50.173945267209575,3.473641229660984,1070.300048828125,1073.5,7438.88,3
NESTLEIND,17963,NSE_EQ,2026-09-28,1553.0,1553.0,1553.0,1362.5999755859375,1411.720636305616,20,1353.5074803977868,50,1353.1363581452092,14,12.396187386109442,15.132396195520537,1362.5999755859375,45.03024047478239,12,26,9,1418.7370492781927,1400.2342656298013,36.67800844698888,10,74737199.0,1411.720636305616,1353.5074803977868,1352.3500860526028,45.03024047478239,46.20515637696693,-18.17522479859747,1362.5999755859375,1357.0,260618.22,3
NETWEB,17433,NSE_EQ,2026-09-28,5813.0,5813.0,5813.0,4545.0,4622.210513413332,20,4004.6705949191905,50,3982.616333487321,14,125.19110570853378,118.76107290368181,4545.0,51.3178879650575,12,26,9,4796.291972037474,4483.954178611521,364.70772300961346,10,74035587.0,4622.210513413332,4004.6705949191905,3954.784347099048,51.3178879650575,53.178568485721996,-52.36992958366011,4545.0,4675.0,25713.66,3
NETWORK18,14111,NSE_EQ,2026-09-28,37.349998474121094,54.209999084472656,37.349998474121094,26.75,30.12907855338423,20,36.04519752017258,50,36.424593337322484,14,0.3608087157406317,0.7182363319009655,26.75,33.43778061251746,12,26,9,28.783074490588742,31.209324056144844,-2.4183814433114907,10,214435094.0,30.12907855338423,36.04519752017258,36.809270616396866,33.43778061251746,34.00045497257324,-0.007868122244611087,26.75,26.959999084472656,4075.39,3
NEUEON,30554,NSE_EQ,2026-09-28,27.399999618530273,27.399999618530273,27.399999618530273,14.390000343322754,15.10151528776738,20,13.5192569832591,50,13.483716437950378,14,0.7006002591763364,0.7499255248756123,14.390000343322754,48.29974529782266,12,26,9,14.402027152244745,15.065370296283707,0.2104140316308345,10,1424947.0,15.10151528776738,13.5192569832591,13.573255885954351,48.29974529782266,38.98566087379989,-0.8737571756697959,14.390000343322754,14.390000343322754,687.28,3
NEULANDLAB,2406,NSE_EQ,2026-09-28,24225.0,24225.0,24225.0,21890.0,20239.592259582667,20,17535.222309474168,50,17357.476281289437,14,462.2132894988181,268.50495678422607,21890.0,63.254652781693295,12,26,9,21514.640371669902,19482.68751540011,1871.3529891339836,10,3319751.0,20239.592259582667,17535.222309474168,17133.69980297472,63.254652781693295,69.73003652046197,160.59986713580884,21890.0,22100.0,27738.42,3
NEWGEN,1164,NSE_EQ,2026-09-28,607.0,1041.949951171875,607.0,485.29998779296875,518.3089025329192,20,607.817001988655,50,612.8176964456218,14,10.89907833846627,14.57331747396091,485.29998779296875,42.787802210379255,12,26,9,512.671263260089,530.4814292715772,-24.623292987433008,10,61836269.0,518.3089025329192,607.817001988655,617.5327049620565,42.787802210379255,44.27774257800789,6.813126975944744,485.29998779296875,490.75,6775.2,3
NEXTMEDIA,9867,NSE_EQ,2026-09-28,5.519999980926514,8.479999542236328,5.519999980926514,3.75,4.089657638424346,20,4.747296319048563,50,4.788002291254626,14,0.07587693524301434,0.11339288977048552,3.75,40.08929328148443,12,26,9,3.9652054240004135,4.215355476842603,-0.29869111406269483,10,2745759.0,4.089657638424346,4.747296319048563,4.827512591581639,40.08929328148443,41.17708000969736,0.048541061220505,3.75,3.799999952316284,24.71,3
NFL,13925,NSE_EQ,2026-09-28,79.94999694824219,98.30000305175781,79.94999694824219,66.66999816894531,71.92642582901676,20,77.89263684998186,50,78.35070373492212,14,0.5192749028775887,1.0317052026173692,66.66999816894531,33.48043608282613,12,26,9,70.27066328229006,73.12927357491479,-2.584562267981098,10,29836376.0,71.92642582901676,77.89263684998186,78.8225691561219,33.48043608282613,33.66649686915363,-0.2740480246436343,66.66999816894531,66.22000122070312,3213.41,3
NGIL,5401,NSE_EQ,2026-09-28,43.88999938964844,43.88999938964844,43.88999938964844,39.5,38.0417520930833,20,35.51061077624851,50,35.34777856303417,14,1.2465384698959956,1.0695016830427262,39.5,53.82197145046547,12,26,9,38.80109869041869,37.31484629739984,2.0751753592386164,10,1712467.0,38.0417520930833,35.51061077624851,35.23789193640179,53.82197145046547,51.64464767290449,-0.5889229662197648,39.5,40.20000076293945,67.3,3
NGLFINE,10277,NSE_EQ,2026-09-28,3602.0,3602.0,3602.0,2906.10009765625,2852.2868564429223,20,2447.3168559472297,50,2428.5910093468615,14,71.28784663272377,59.21759454047878,2906.10009765625,54.624424845331056,12,26,9,2927.1742549512187,2764.409721118286,249.6452390983723,10,592867.0,2852.2868564429223,2447.3168559472297,2414.7294198846157,54.624424845331056,50.92007529872865,-86.88070526543973,2906.10009765625,2975.5,1721.48,3
NH,11840,NSE_EQ,2026-09-28,2092.89990234375,2093.300048828125,2092.89990234375,1861.4000244140625,1889.1739689562296,20,1840.1527380282366,50,1839.2855018492232,14,27.2139157880108,28.637751969731823,1861.4000244140625,48.725341391865925,12,26,9,1894.9895944368604,1881.313033892835,24.860127847441998,10,12799924.0,1889.1739689562296,1840.1527380282366,1835.6440937614364,48.725341391865925,53.29915548525029,-11.183567303416492,1861.4000244140625,1884.5,37017.83,3
NHPC,17400,NSE_EQ,2026-09-28,86.83000183105469,88.12000274658203,86.83000183105469,76.0,77.28891979432497,20,78.5610868093376,50,78.66562096482076,14,0.6228647089896454,0.7453347722852299,76.0,45.52440762579927,12,26,9,76.8883451149508,77.5486912398474,-0.523225407475304,10,427421088.0,77.28891979432497,78.5610868093376,78.73564643488518,45.52440762579927,47.90004802379456,-0.1371207174213016,76.0,76.16999816894531,75524.55,3
NIACL,399,NSE_EQ,2026-09-28,242.60000610351562,242.60000610351562,242.60000610351562,176.60000610351562,180.44216429083042,20,174.00742651450105,50,173.90160693943923,14,5.25087286635272,5.30180186730513,176.60000610351562,49.758691506002876,12,26,9,185.6983750325117,177.62986509449,7.5467346685476,10,344840940.0,180.44216429083042,174.00742651450105,173.34003972626903,49.758691506002876,53.785186086922074,0.5217752694741193,176.60000610351562,180.39999389648438,28335.58,3
NIBE,29487,NSE_EQ,2026-09-28,1848.0,1848.0,1848.0,1261.4000244140625,1367.7594137509768,20,1320.64517146563,50,1323.0633407330408,14,28.299346783908216,35.23858006008749,1261.4000244140625,44.53929832081464,12,26,9,1373.732069844578,1351.5488342033077,63.11728099753482,10,2929642.0,1367.7594137509768,1320.64517146563,1324.5353138241853,44.53929832081464,45.859085374785494,-40.93404535626446,1261.4000244140625,1309.9000244140625,1856.34,3
NIBL,29733,NSE_EQ,2026-09-28,38.099998474121094,40.79999923706055,38.099998474121094,32.650001525878906,31.885830605474933,20,30.857974388158965,50,30.78483042335407,14,0.7765146870883053,0.6977035203241877,32.650001525878906,52.67298173254978,12,26,9,32.118536528408555,31.66345542234243,0.6128256961265554,10,1503279.0,31.885830605474933,30.857974388158965,30.7772725094765,52.67298173254978,48.47923341103196,-0.15774459006043073,32.650001525878906,33.16999816894531,78.5,3
NIITLTD,11522,NSE_EQ,2026-09-28,111.0999984741211,111.0999984741211,111.0999984741211,88.5,91.076289752843,20,92.56585461852792,50,92.73180786826376,14,2.191349831392224,2.3081938435912863,88.5,48.701601532965554,12,26,9,93.24316725656738,90.10059573527636,3.622267463804315,10,16902034.0,91.076289752843,92.56585461852792,92.77922861003681,48.701601532965554,51.196676470288864,-0.47969594251329717,88.5,89.94999694824219,1191.13,3
NIITMTS,17747,NSE_EQ,2026-09-28,347.0,443.8999938964844,347.0,212.0800018310547,242.11173496305227,20,284.56467427333683,50,287.52323233220545,14,3.794744323279214,6.957465823574546,212.0800018310547,35.29269119046755,12,26,9,230.3352447464429,251.63549215933057,-23.459027009085307,10,7494601.0,242.11173496305227,284.56467427333683,290.3952008493522,35.29269119046755,36.52531942644324,2.158779596197636,212.0800018310547,217.57000732421875,2871.1,3
NILAINFRA,9253,NSE_EQ,2026-09-28,9.5,11.550000190734863,9.5,6.869999885559082,7.307302883670502,20,8.190773836746489,50,8.24468297761128,14,0.0851158820243879,0.13560631237156306,6.869999885559082,38.56244826548775,12,26,9,7.0462782052283925,7.495236473873748,-0.4259578698247502,10,8801989.0,7.307302883670502,8.190773836746489,8.310588400597826,38.56244826548775,33.38896603591216,-0.02300039882060484,6.869999885559082,7.190000057220459,280.56,3
NILASPACES,7411,NSE_EQ,2026-09-28,15.770000457763672,19.969999313354492,15.770000457763672,11.0600004196167,12.530784265236637,20,13.190575590512235,50,13.277537842385522,14,0.16721355754994355,0.29844734434986914,11.0600004196167,35.90886777647475,12,26,9,12.245976239456818,12.734575942960335,-0.47486850148666754,10,55372313.0,12.530784265236637,13.190575590512235,13.317437338371263,35.90886777647475,44.34320290738775,-0.013731202016849908,11.0600004196167,11.640000343322754,450.05,3
NILKAMAL,2421,NSE_EQ,2026-09-28,2149.5,2149.5,2149.5,1884.0,1708.2449738483924,20,1576.9886306041435,50,1564.4575543022715,14,42.28306834845581,23.999640227851547,1884.0,63.792004365328275,12,26,9,1825.059329583592,1653.3577553072241,130.96560803506998,10,4160043.0,1708.2449738483924,1576.9886306041435,1551.2721483554255,63.792004365328275,64.03352105357533,40.73596624129789,1884.0,1889.0999755859375,2826.07,3
NINSYS,14194,NSE_EQ,2026-09-28,935.0,935.0,935.0,708.75,698.7105523625258,20,598.6328251398733,50,594.1382465741539,14,13.207091813111534,10.151185096578278,708.75,56.54137873343209,12,26,9,725.5751531698221,673.1378401201886,74.34849000260847,10,190038.0,698.7105523625258,598.6328251398733,589.5112362302417,56.54137873343209,56.37462315691941,-21.91117695297494,708.75,713.0499877929688,1326.82,3
NIPPOBATRY,6782,NSE_EQ,2026-09-28,469.0,469.70001220703125,469.0,320.1499938964844,334.58255791898586,20,365.5113058075455,50,367.3627879263643,14,4.797826489293484,6.391071623119376,320.1499938964844,42.88024112017626,12,26,9,328.3943107539875,339.90532338197323,-11.653030987657495,10,98104.0,334.58255791898586,365.5113058075455,369.30412670731926,42.88024112017626,42.75232711418828,0.14201835967175924,320.1499938964844,320.25,242.12,3
NIRAJ,255,NSE_EQ,2026-09-28,36.849998474121094,49.0,36.849998474121094,28.110000610351562,29.01667774928181,20,32.71136560000166,50,32.89917641590575,14,0.5854411112383966,0.7045195010645201,28.110000610351562,45.38441760583924,12,26,9,28.535222062255915,29.552292257074388,-1.1237521870729585,10,1962796.0,29.01667774928181,32.71136560000166,33.10975505446851,45.38441760583924,44.242052302746494,0.10668199225448571,28.110000610351562,29.1299991607666,168.51,3
NIRAJISPAT,18844,NSE_EQ,2026-09-28,429.6499938964844,429.6499938964844,429.6499938964844,288.6000061035156,252.32374180053458,20,249.48385711983747,50,247.88727961029957,14,14.099911256490907,11.001962745263029,288.6000061035156,56.17075145666698,12,26,9,265.6475905939836,248.63038984216854,5.197644258789328,10,15052.0,252.32374180053458,249.48385711983747,246.37247469643424,56.17075145666698,55.71711815159874,11.819556493025711,288.6000061035156,278.0,18.1,3
NITCO,13300,NSE_EQ,2026-09-28,119.4000015258789,120.0,119.4000015258789,87.95999908447266,96.1546261350308,20,97.66810240442587,50,98.064351519526,14,2.1107231950309475,2.757711569692558,87.95999908447266,43.35527324562646,12,26,9,95.22603447250997,96.33508440234027,0.9076430812621581,10,47542178.0,96.1546261350308,97.66810240442587,98.51595770399645,43.35527324562646,42.546040605992864,-2.016693011092464,87.95999908447266,90.01000213623047,2045.46,3
NITINSPIN,13175,NSE_EQ,2026-09-28,665.5,665.5,665.5,612.3499755859375,559.5078713795168,20,480.42965788226866,50,475.0451551188536,14,12.456295497900387,6.495219878323555,612.3499755859375,65.7271740576889,12,26,9,591.3421159825274,538.1235394535041,52.263065747047584,10,9817559.0,559.5078713795168,480.42965788226866,469.1612834009688,65.7271740576889,67.46908412926689,0.9555107819756827,612.3499755859375,610.0,3425.23,3
NITIRAJ,3247,NSE_EQ,2026-09-28,241.0,241.0,241.0,217.83999633789062,209.59484412719365,20,206.57399312788652,50,206.11415626217206,14,4.308593268328061,3.5286934247688158,217.83999633789062,54.975573014613495,12,26,9,213.7234456001912,207.90111150358592,3.1517601681257226,10,191837.0,209.59484412719365,206.57399312788652,205.05718327259393,54.975573014613495,63.128240068227356,2.670573928479566,217.83999633789062,227.99000549316406,225.05,3
NIVABUPA,27097,NSE_EQ,2026-09-28,91.4000015258789,91.4000015258789,91.4000015258789,77.19000244140625,81.62857448397071,20,80.55407707052092,50,80.69138623905621,14,0.5916612648616333,0.9108733212758443,77.19000244140625,39.37754713404634,12,26,9,81.47631535151862,81.39406407363303,1.1725508393015514,10,51223481.0,81.62857448397071,80.55407707052092,80.73634092889971,39.37754713404634,44.44883161387365,-1.0902995614159618,77.19000244140625,76.73999786376953,13748.77,3
NKIND,2439,NSE_EQ,2026-09-28,76.9000015258789,78.5,76.9000015258789,60.36000061035156,61.290034720049285,20,63.15893821512058,50,63.27318056633564,14,1.2265637735172032,1.3517651191862867,60.36000061035156,47.57204470648807,12,26,9,60.197833434388514,61.89989447007627,-1.3958779932040772,10,412662.0,61.290034720049285,63.15893821512058,63.49657572263258,47.57204470648807,43.56998054239424,-0.3061830424836782,60.36000061035156,59.0,35.8,3
NLCINDIA,8585,NSE_EQ,2026-09-28,387.79998779296875,387.79998779296875,387.79998779296875,262.54998779296875,286.02788424791953,20,280.1554065158909,50,280.87399503519384,14,3.1871362134535275,5.031277210017569,262.54998779296875,38.78043180878848,12,26,9,280.3625268477399,286.59845284553364,0.44569429342882616,10,78036969.0,286.02788424791953,280.1554065158909,281.36681165732546,38.78043180878848,41.0080085605922,-6.681620291222568,262.54998779296875,263.25,40573.34,3
NMDC,15332,NSE_EQ,2026-09-28,97.48999786376953,97.48999786376953,97.48999786376953,79.9000015258789,83.96161751517367,20,82.00124427787685,50,82.08700928816248,14,0.7597288095787497,1.0595135701324059,79.9000015258789,41.760725126652616,12,26,9,83.40844380277345,83.8431520290437,0.5667184782078702,10,692593328.0,83.96161751517367,82.00124427787685,82.20688715601078,41.760725126652616,39.993713469177365,-1.001426704478116,79.9000015258789,80.76000213623047,69382.36,3
NOCIL,2442,NSE_EQ,2026-09-28,211.1999969482422,211.1999969482422,204.5,188.41000366210938,172.8601894353036,20,172.38511611022275,50,171.7310390672886,14,4.085677931293646,2.760731859984851,188.41000366210938,59.676210683419924,12,26,9,176.55872800577245,171.3510135791033,2.693192802878139,10,68234872.0,172.8601894353036,172.38511611022275,170.7992448431537,59.676210683419924,63.76773110980606,2.5145216237910173,188.41000366210938,192.5,3020.15,3
NOIDATOLL,10786,NSE_EQ,2026-09-28,7.429999828338623,7.429999828338623,7.429999828338623,3.9600000381469727,4.282911612706689,20,4.516206259378701,50,4.538908554122853,14,0.10390951241620026,0.13051629462687095,3.9600000381469727,44.32511664430738,12,26,9,4.206916170958481,4.302757497142281,-0.003359328814128322,10,3849314.0,4.282911612706689,4.516206259378701,4.56090482163807,44.32511664430738,44.872008723125546,-0.09248199736967172,3.9600000381469727,3.9600000381469727,70.64,3
NORBTEAEXP,4160,NSE_EQ,2026-09-28,94.44999694824219,99.3499984741211,94.44999694824219,70.12000274658203,70.52405116333286,20,68.83946533056357,50,68.7871984972567,14,1.7096277479703672,1.7953976685492148,70.12000274658203,48.776472202247035,12,26,9,68.8000019806869,71.18854239889197,-2.1577396274225213,10,74661.0,70.52405116333286,68.83946533056357,68.92136986449167,48.776472202247035,43.45249111565498,-0.23080079078254645,70.12000274658203,66.5199966430664,107.02,3
NORTHARC,25426,NSE_EQ,2026-09-28,334.0,334.0,334.0,300.8999938964844,290.3584586298437,20,273.2611354597521,50,272.13301878886506,14,5.417161603833788,4.2468302723832005,300.8999938964844,56.05511338606754,12,26,9,296.25888226863464,286.2862417794196,9.894708719206296,10,75725069.0,290.3584586298437,273.2611354597521,270.4404886943895,56.05511338606754,61.86200231873363,0.07793177000875673,300.8999938964844,303.0,4742.69,3
NOVAAGRI,22477,NSE_EQ,2026-09-28,31.399999618530273,51.9900016784668,31.399999618530273,22.899999618530273,25.029478525083945,20,30.975008136976943,50,31.304600321403335,14,0.30687770242266055,0.5680111707401861,22.899999618530273,35.076192169784306,12,26,9,23.911561255527666,26.101576978291114,-2.5224425785556854,10,2036203.0,25.029478525083945,30.975008136976943,31.647645248051212,35.076192169784306,35.076192169784306,0.3324268557922374,22.899999618530273,22.0,204.01,3
NOVARTIND,9007,NSE_EQ,2026-09-28,2588.800048828125,2588.800048828125,2588.800048828125,1965.5999755859375,1571.2462745007435,20,1224.0545365180938,50,1193.7873757398145,14,87.92148896563795,49.0075001619273,1965.5999755859375,64.20955089628893,12,26,9,1733.0170432296147,1474.1690888618878,220.2285392493489,10,5365160.0,1571.2462745007435,1224.0545365180938,1158.9705319402915,64.20955089628893,67.04962270994389,38.61941511837807,1965.5999755859375,1990.0,4904.81,3
NPST,756324,NSE_EQ,2026-09-28,1934.0,2058.0,1934.0,1796.300048828125,1580.1943104674747,20,1563.641280923172,50,1554.1450046821535,14,47.17689169836278,28.187979226448704,1796.300048828125,62.59798646166233,12,26,9,1652.0082273553662,1552.216659039258,68.10227673624904,10,5757308.0,1580.1943104674747,1563.641280923172,1542.9468416079555,62.59798646166233,64.56849762307853,31.68929157985913,1796.300048828125,1799.0,3559.11,3
NRAIL,20314,NSE_EQ,2026-09-28,685.0,685.0,685.0,677.25,526.7467469340597,20,474.8597134016652,50,466.59888537724333,14,20.80353599425837,7.923580995525664,677.25,72.41776472611764,12,26,9,557.9999738745922,511.9148500502054,26.35437474656785,10,1336089.0,526.7467469340597,474.8597134016652,460.12536999643567,72.41776472611764,68.31741215944437,19.730749077818963,677.25,650.0,1147.12,3
NRBBEARING,7553,NSE_EQ,2026-09-28,548.7999877929688,548.7999877929688,534.9000244140625,534.7999877929688,436.16659652028443,20,367.75219281073737,50,360.93391546452386,14,14.049287309828642,4.727395599234521,534.7999877929688,74.82305249479026,12,26,9,469.18178613115947,416.51084180518666,45.626705477158914,10,32991308.0,436.16659652028443,367.75219281073737,354.2169324222595,74.82305249479026,73.899670370409,7.044238848813897,534.7999877929688,531.9000244140625,5283.63,3
NRL,13680,NSE_EQ,2026-09-28,167.25999450683594,167.25999450683594,143.97999572753906,161.6999969482422,108.87113262663075,20,87.52768066657858,50,84.50023918569435,14,5.09197917746142,0.3935700965442706,161.6999969482422,92.82532929912276,12,26,9,122.93375317556867,101.61848543087135,16.159986523096293,10,3886917.0,108.87113262663075,87.52768066657858,82.08514698229635,92.82532929912276,90.62413164012874,5.1552812216010295,161.6999969482422,161.6999969482422,1091.96,3
NSIL,11239,NSE_EQ,2026-09-28,6050.0,8730.0,6050.0,5468.0,5600.004247269708,20,5841.060377935317,50,5856.287332136759,14,50.273211741727245,65.02240124732721,5468.0,43.60375077454154,12,26,9,5561.3446131143955,5650.416377541955,-118.01381551136576,10,87368.0,5600.004247269708,5841.060377935317,5870.523549774994,43.60375077454154,44.697556156583175,28.94205108380659,5468.0,5510.0,2780.12,3
NSLNISP,14180,NSE_EQ,2026-09-28,53.75,53.75,53.75,42.16999816894531,43.52180400679336,20,42.82505335248518,50,42.851790298752114,14,1.0039149944941472,1.0900820836141893,42.16999816894531,47.942521266603606,12,26,9,43.68718949978162,43.32298276305504,0.6295131269372546,10,352241888.0,43.52180400679336,42.82505335248518,42.862067516084,47.942521266603606,48.656200148671964,-0.26530639021067504,42.16999816894531,42.619998931884766,12463.87,3
NTPC,11630,NSE_EQ,2026-09-28,414.3999938964844,414.3999938964844,414.3999938964844,326.6000061035156,345.54945274698866,20,351.34238057203254,50,352.3522734074822,14,2.23062657054722,3.93930032113351,326.6000061035156,36.15320910130885,12,26,9,338.44806555168134,348.4707278491796,-6.81723024373029,10,373807517.0,345.54945274698866,351.34238057203254,353.52379502017595,36.15320910130885,33.89561410220652,-3.2054320537679537,326.6000061035156,327.29998779296875,312727.64,3
NTPCGREEN,27176,NSE_EQ,2026-09-28,119.94999694824219,119.94999694824219,119.94999694824219,93.47000122070312,93.52497741218242,20,97.008659963869,50,97.15309501461046,14,1.1491590085243721,1.2259887181765514,93.47000122070312,48.38263302975904,12,26,9,91.95452026999045,94.34868749821953,-1.962368476109907,10,124104042.0,93.52497741218242,97.008659963869,97.50424162533913,48.38263302975904,39.41903273737899,-0.4317987521191726,93.47000122070312,95.43000030517578,78400.2,3
NUCLEUS,10791,NSE_EQ,2026-09-28,897.0,1064.800048828125,897.0,679.5499877929688,737.5527046853034,20,815.2797131568725,50,820.8197019472359,14,7.94517329286765,13.834445302111922,679.5499877929688,36.47985504529953,12,26,9,717.3709256393864,753.4348883017453,-36.58625270585972,10,1422922.0,737.5527046853034,815.2797131568725,826.3123428430415,36.47985504529953,37.299450848701134,0.5222900435008171,679.5499877929688,674.0,1736.56,3
NURECA,2353,NSE_EQ,2026-09-28,358.0,358.0,358.0,351.5,305.8247657750923,20,287.17805220317405,50,284.5526665788138,14,9.816245138243618,5.721651193663372,351.5,63.1761528623795,12,26,9,320.0894262106602,299.16215174075364,14.205843739658079,10,667534.0,305.8247657750923,287.17805220317405,282.0466524715396,63.1761528623795,62.212046053336,6.721430730248457,351.5,345.0,337.27,3
NUVAMA,18721,NSE_EQ,2026-09-28,2066.0,2066.0,2066.0,1681.4000244140625,1690.0841096954684,20,1553.5486087968125,50,1548.3301836695778,14,37.342290114823356,35.01613341614843,1681.4000244140625,51.60738486631018,12,26,9,1731.4466449902536,1656.4504777431546,96.40992399218604,10,14488245.0,1690.0841096954684,1553.5486087968125,1541.5803972409126,51.60738486631018,53.307072999694135,-21.413756745087,1681.4000244140625,1695.0,29930.24,3
NUVOCO,5426,NSE_EQ,2026-09-28,398.0,439.8500061035156,398.0,335.45001220703125,331.42631784862374,20,337.9030693455349,50,338.0031941266983,14,5.837452706510108,5.580275867767305,335.45001220703125,51.126217167756934,12,26,9,332.71348979952853,331.93132060926564,-0.5205398091098926,10,14498563.0,331.42631784862374,337.9030693455349,338.38699771948126,51.126217167756934,48.93804943786857,1.302708999372784,335.45001220703125,333.0,11824.74,3
NYKAA,6545,NSE_EQ,2026-09-28,349.54998779296875,349.54998779296875,349.54998779296875,333.70001220703125,314.9619499247462,20,283.0492343602523,50,280.9818556726286,14,4.5590793691576605,2.4263937963303293,333.70001220703125,65.26514755910844,12,26,9,326.60780754934905,307.1835121337556,19.433457384463473,10,231472990.0,314.9619499247462,283.0492343602523,278.89336023492024,65.26514755910844,64.70575477081616,-0.00916196887001064,333.70001220703125,335.5,93389.53,3
OAL,10768,NSE_EQ,2026-09-28,570.0,570.0,559.7999877929688,533.6500244140625,406.1983863370048,20,361.026888028203,50,353.98104572673935,14,17.126263564803185,5.823309906605901,533.6500244140625,74.62562903898556,12,26,9,443.6011706249285,388.97209774868725,34.61967147548893,10,3930869.0,406.1983863370048,361.026888028203,347.44353639256286,74.62562903898556,72.98609946964461,20.009401400752324,533.6500244140625,533.0499877929688,1776.7,3
OBCL,8797,NSE_EQ,2026-09-28,62.0,62.0,62.0,57.599998474121094,55.25188717656596,20,55.29310568710622,50,55.1989467978403,14,0.628937001314058,0.44529862471900816,57.599998474121094,58.54739743054273,12,26,9,55.474431292012554,55.21482387283647,-0.1202809564223,10,739135.0,55.25188717656596,55.29310568710622,55.124618077027094,58.54739743054273,56.88463187348163,0.37988837559838484,57.599998474121094,59.41999816894531,123.34,3
OBEROIRLTY,20242,NSE_EQ,2026-09-28,1986.0999755859375,1986.0999755859375,1986.0999755859375,1858.5,1785.2785414491236,20,1725.7898983531122,50,1720.373159510382,14,30.033839731366633,22.716196312000108,1858.5,56.93615016049521,12,26,9,1814.4378452238088,1766.121993558416,53.22760505674274,10,20266526.0,1785.2785414491236,1725.7898983531122,1717.7353292863158,56.93615016049521,52.1764651057094,-4.911753391349983,1858.5,1837.5,66882.63,3
OCCLLTD,25920,NSE_EQ,2026-09-28,183.02999877929688,183.02999877929688,183.02999877929688,167.6699981689453,142.26791013135463,20,123.45247884266014,50,121.64768213546483,14,4.397036745559911,1.9599147713919096,167.6699981689453,69.1689520336047,12,26,9,151.95569093874047,136.78292038261287,13.588981283499278,10,4095504.0,142.26791013135463,123.45247884266014,120.3235060455699,69.1689520336047,63.61736665330848,1.5837892726283247,167.6699981689453,158.97999572753906,879.18,3
ODIGMA,27571,NSE_EQ,2026-09-28,31.389999389648438,47.36000061035156,31.389999389648438,21.0,23.514878290872673,20,28.24504822958598,50,28.540764483854794,14,0.4110720790277594,0.6884215573519424,21.0,37.38739956524848,12,26,9,22.624766967276276,24.29724591849684,-1.7547299145894402,10,693890.0,23.514878290872673,28.24504822958598,28.848550789318253,37.38739956524848,37.38739956524848,0.08225096336887483,21.0,20.709999084472656,62.02,3
OFSS,10738,NSE_EQ,2026-09-28,12540.0,12540.0,12540.0,10770.0,10861.29557726444,20,9766.894972654956,50,9725.951910314343,14,221.2996625385611,199.59376759173276,10770.0,52.578549983556286,12,26,9,11340.365483209796,10536.013153939577,884.449775538313,10,10474120.0,10861.29557726444,9766.894972654956,9637.378518898602,52.578549983556286,64.99926699702048,-80.09744626809368,10770.0,10782.0,93023.05,3
OIL,17438,NSE_EQ,2026-09-28,531.0,531.0,531.0,475.1499938964844,464.97054562260695,20,455.3812400574292,50,454.574352145631,14,6.889393875930894,5.908732423560082,475.1499938964844,53.831269630499804,12,26,9,469.340371815548,462.74710835816546,3.2845177483809858,10,117436380.0,464.97054562260695,455.3812400574292,453.71208030639013,53.831269630499804,53.99702689400068,3.308745709001548,475.1499938964844,476.0,75710.07,3
OILCOUNTUB,8109,NSE_EQ,2026-09-28,72.19999694824219,82.16999816894531,70.58999633789062,72.19999694824219,60.280023635612814,20,59.920962458022984,50,59.41977737678955,14,2.237356910144679,1.2711029500098152,72.19999694824219,63.77034366430396,12,26,9,62.1691993900234,59.688381386184666,1.064543761670586,10,1533014.0,60.280023635612814,59.920962458022984,59.169972334392085,63.77034366430396,58.08738979122814,1.416274242168149,72.19999694824219,72.19999694824219,383.6,3
OLAELEC,24777,NSE_EQ,2026-09-28,49.04999923706055,58.650001525878906,49.04999923706055,38.47999954223633,38.52999461697422,20,41.33153804782721,50,41.447927374586016,14,0.9944357392373944,1.0000262905795252,38.47999954223633,49.85984813803039,12,26,9,38.59142560224821,38.54186506278607,0.35707788831681087,10,3103937655.0,38.52999461697422,41.33153804782721,41.65437341478755,49.85984813803039,45.80321197117631,-0.30751734885467585,38.47999954223633,42.5,17091.2,3
OLECTRA,10637,NSE_EQ,2026-09-28,1556.0,1595.0,1556.0,1207.199951171875,1277.1708252932801,20,1274.5971557594414,50,1277.348062069138,14,20.163467417929642,25.264246081108745,1207.199951171875,44.38582940864163,12,26,9,1273.150813891429,1273.9972885737454,22.965482640216422,10,16597351.0,1277.1708252932801,1274.5971557594414,1280.5541034259138,44.38582940864163,43.641466008764084,-23.811957322532933,1207.199951171875,1247.0,9666.26,3
OMAXAUTO,10922,NSE_EQ,2026-09-28,263.3999938964844,263.3999938964844,263.3999938964844,200.24000549316406,190.46474733123236,20,165.0082899354042,50,163.57026072896502,14,6.8378142065916,5.595622730732022,200.24000549316406,54.99536645467141,12,26,9,194.10522259219732,185.04382725911069,15.834684244746205,10,3908235.0,190.46474733123236,165.0082899354042,162.81149571128566,54.99536645467141,49.77904689478024,-6.773288911659568,200.24000549316406,202.5,437.15,3
OMAXE,14853,NSE_EQ,2026-09-28,138.88999938964844,138.88999938964844,138.88999938964844,118.52999877929688,100.89084308877494,20,90.85704970715673,50,89.72754158176325,14,3.713012550641166,2.0328905134084514,118.52999877929688,64.62017387436217,12,26,9,108.72034100678125,97.18035476441072,8.001744082927711,10,197745471.0,100.89084308877494,90.85704970715673,88.60172705209669,64.62017387436217,64.07533681580921,3.53824215944282,118.52999877929688,118.0,2047.68,3
OMINFRAL,24231,NSE_EQ,2026-09-28,102.41000366210938,135.0,102.41000366210938,79.02999877929688,85.23139276922227,20,93.14878530589584,50,93.7250623069815,14,1.0570730344055772,1.6577961747932084,79.02999877929688,38.93642577049011,12,26,9,83.38678423397239,86.59713261530543,-2.673650800800897,10,4483839.0,85.23139276922227,93.14878530589584,94.35343212232546,38.93642577049011,37.79071657756284,-0.5366975805321372,79.02999877929688,79.19000244140625,751.72,3
ONELIFECAP,25496,NSE_EQ,2026-09-28,40.099998474121094,40.099998474121094,40.099998474121094,36.04999923706055,30.941318088954546,20,24.748859551036926,50,24.287588543444127,14,0.9896746315916174,0.4544739999681478,36.04999923706055,68.52997052822124,12,26,9,33.054628307940575,29.34318879108467,4.175861793446981,10,2693034.0,30.941318088954546,24.748859551036926,23.89034724081884,68.52997052822124,65.01755392527863,-0.46442227659107704,36.04999923706055,37.0,132.92,3
ONEPOINT,9939,NSE_EQ,2026-09-28,72.4000015258789,72.4000015258789,65.8499984741211,69.5999984741211,57.738283244306544,20,55.24420332227856,50,54.65825249975437,14,1.7960380642134357,0.8172604011404374,69.5999984741211,68.72686331181194,12,26,9,59.040055449127166,56.98644532586374,1.4546237425914368,10,90389978.0,57.738283244306544,55.24420332227856,54.454915892003584,68.72686331181194,57.02858667410705,0.5989863806719884,69.5999984741211,71.0,1824.49,3
ONESOURCE,29224,NSE_EQ,2026-09-28,1917.800048828125,1925.0,1917.800048828125,1602.5999755859375,1601.856579055192,20,1621.5486223435369,50,1622.3220364969081,14,20.664299447781907,21.076389520757647,1602.5999755859375,49.50636886553749,12,26,9,1592.816627579929,1605.7519007027815,-7.510964684425106,10,12418518.0,1601.856579055192,1621.5486223435369,1623.441302296208,49.50636886553749,48.83215536340632,-5.424308438427444,1602.5999755859375,1601.5999755859375,18201.94,3
ONGC,2475,NSE_EQ,2026-09-28,307.5,307.5,307.5,235.86000061035156,244.89688726382226,20,251.42051530908077,50,252.0556383580085,14,2.105258905738659,3.032081623833658,235.86000061035156,40.97954756201302,12,26,9,239.37469624888865,247.56933148937367,-6.94630623266055,10,505735148.0,244.89688726382226,251.42051530908077,252.84158265622284,40.97954756201302,38.356904866307865,-1.2483290078244629,235.86000061035156,238.0,291825.66,3
ONIDA,2202,NSE_EQ,2026-09-28,49.22999954223633,49.22999954223633,49.22999954223633,33.68000030517578,35.81097206126926,20,32.75301943696095,50,32.71518348315626,14,0.781919432252342,0.9066309566569772,33.68000030517578,46.30714235051078,12,26,9,35.610441992932245,35.39381790536083,1.4178953884508207,10,19799883.0,35.81097206126926,32.75301943696095,32.70804814003413,46.30714235051078,44.45077669614689,-1.2012713008794027,33.68000030517578,33.220001220703125,1218.36,3
ONMOBILE,15282,NSE_EQ,2026-09-28,84.0,84.0,84.0,52.810001373291016,55.4910329084824,20,56.357105688842786,50,56.50188545682449,14,1.958492685165344,2.1761820639616754,52.810001373291016,47.3675150767023,12,26,9,54.69881064707009,55.625057573205396,0.5783907687250134,10,2647569.0,55.4910329084824,56.357105688842786,56.81583990921361,47.3675150767023,43.460524350719524,-1.5046376948603195,52.810001373291016,51.54999923706055,544.33,3
ONWARDTEC,2481,NSE_EQ,2026-09-28,310.8999938964844,348.6000061035156,310.8999938964844,287.6499938964844,280.50936207354465,20,283.92842604287597,50,283.77652531415725,14,3.4876521758406764,2.865308403148302,287.6499938964844,54.89806102961381,12,26,9,283.6727379848969,279.60380404320375,2.764624638657823,10,2090180.0,280.50936207354465,283.92842604287597,283.6367911552644,54.89806102961381,54.66871635359716,1.3043093030353372,287.6499938964844,287.70001220703125,639.11,3
OPTIEMUS,21469,NSE_EQ,2026-09-28,850.6500244140625,850.6500244140625,661.0,758.5499877929688,551.3426694547435,20,516.8340311115006,50,506.96807369593046,14,26.645453609706838,9.404581650583705,758.5499877929688,73.91242038272583,12,26,9,585.3671002521313,536.2722910134727,33.16651483397038,10,32542959.0,551.3426694547435,516.8340311115006,503.5749348432771,73.91242038272583,60.84343357800477,15.928294404688245,758.5499877929688,775.5,6962.32,3
ORBTEXP,31475,NSE_EQ,2026-09-28,278.6099853515625,278.6099853515625,278.6099853515625,226.89999389648438,220.61100013890945,20,203.8464803343152,50,202.9055205970838,14,4.85902699945413,3.9148605117629947,226.89999389648438,55.38054816912144,12,26,9,229.1382688829596,215.37267531652216,14.516075626114311,10,605278.0,220.61100013890945,203.8464803343152,201.80697011842523,55.38054816912144,56.729109546832845,-0.750482059676866,226.89999389648438,227.0500030517578,599.12,3
ORCHASP,29492,NSE_EQ,2026-09-28,2.240000009536743,4.159999847412109,2.2899999618530273,1.3799999952316284,1.668540823491622,20,2.088080562977906,50,2.1169818106410188,14,0.021050227379246136,0.05247087580839676,1.3799999952316284,28.631544504332425,12,26,9,1.5264633630092397,1.7701214177438003,-0.24341136245191805,10,16239163.0,1.668540823491622,2.088080562977906,2.1462463753137895,28.631544504332425,29.198901006544148,-0.00024669228264254106,1.3799999952316284,1.3799999952316284,37.52,3
ORCHPHARMA,926,NSE_EQ,2026-09-28,1143.5,1143.5,1133.0,1064.9000244140625,934.7432977882434,20,858.9549103245173,50,850.5489873004542,14,24.487156264902488,11.972238837758656,1064.9000244140625,67.16281549913917,12,26,9,981.8516685983695,906.1797499527543,75.78651625316989,10,4380715.0,934.7432977882434,858.9549103245173,844.869353630798,67.16281549913917,61.48915316954338,-0.11459760755461446,1064.9000244140625,1102.5999755859375,6326.09,3
ORICONENT,10159,NSE_EQ,2026-09-28,73.12000274658203,73.12000274658203,73.12000274658203,51.400001525878906,56.186412769128566,20,56.79853270000811,50,57.01888091119705,14,0.7713765399729926,1.200923490228374,51.400001525878906,39.11050692902119,12,26,9,54.56342966049274,56.904437299387915,-1.809778816086539,10,3220582.0,56.186412769128566,56.79853270000811,57.19312094838877,39.11050692902119,41.120967619995305,-0.531228822808639,51.400001525878906,52.9900016784668,820.13,3
ORIENTALTL,14346,NSE_EQ,2026-09-28,7.690000057220459,10.84000015258789,7.690000057220459,4.989999771118164,5.580781066819457,20,6.801927641827979,50,6.875883881448788,14,0.06454981264852133,0.13271501695011287,4.989999771118164,32.72241320455244,12,26,9,5.269319663133478,5.833274331927624,-0.5996935627556669,10,3301137.0,5.580781066819457,6.801927641827979,6.954083221991719,32.72241320455244,31.98356786441012,0.035738893961520746,4.989999771118164,5.139999866485596,27.0,3
ORIENTBELL,14278,NSE_EQ,2026-09-28,434.95001220703125,434.95001220703125,434.95001220703125,407.54998779296875,351.63573654545866,20,324.0212758501923,50,320.61194066885446,14,9.873106695699999,4.778620903333844,407.54998779296875,67.38527336770201,12,26,9,369.2095641520269,342.5912514287593,18.8714211548474,10,1675646.0,351.63573654545866,324.0212758501923,317.6471219206444,67.38527336770201,64.94119029988114,7.746891568420249,407.54998779296875,388.25,585.4,3
ORIENTCEM,30089,NSE_EQ,2026-09-28,152.64999389648438,226.86000061035156,152.64999389648438,122.16000366210938,134.2919162789385,20,159.41495152601541,50,160.93556164290953,14,0.9212292592226247,2.2157500180169896,122.16000366210938,29.366762665810796,12,26,9,130.26696786623216,138.24113169103964,-8.424231451835588,10,15698743.0,134.2919162789385,159.41495152601541,162.42068648336468,29.366762665810796,31.056876183175447,0.45006762702811187,122.16000366210938,121.23999786376953,2460.11,3
ORIENTCER,13111,NSE_EQ,2026-09-28,49.43000030517578,56.63999938964844,48.88999938964844,47.79999923706055,43.33867502992752,20,41.89136000573717,50,41.65019105751988,14,0.9820050305035737,0.5940659092541317,47.79999923706055,62.30715926115233,12,26,9,44.452434977662655,42.825989115762866,0.9946786810145709,10,4193227.0,43.33867502992752,41.89136000573717,41.45142332689769,62.30715926115233,59.985927450446475,0.6317671808852183,47.79999923706055,47.290000915527344,577.62,3
ORIENTELEC,2972,NSE_EQ,2026-09-28,199.89999389648438,217.50999450683594,199.89999389648438,162.25999450683594,176.94563979792468,20,184.12791592658624,50,185.02048414780052,14,1.8056102122293287,3.035888393672802,162.25999450683594,37.294448665711926,12,26,9,175.23174570310647,178.0521894879024,-1.4776171696195237,10,16697694.0,176.94563979792468,184.12791592658624,185.74132021055354,37.294448665711926,40.328892812543145,-1.3428266151764174,162.25999450683594,163.99000549316406,3424.96,3
ORIENTHOT,2493,NSE_EQ,2026-09-28,148.8000030517578,148.8000030517578,148.8000030517578,140.92999267578125,128.63994634343743,20,123.05222500658131,50,122.32252020375682,14,3.0443382689525627,1.8560436004586507,140.92999267578125,62.12451090711311,12,26,9,134.4006470272819,125.83048178791616,7.106028242427371,10,89490012.0,128.63994634343743,123.05222500658131,121.46017421418598,62.12451090711311,64.49347849373822,1.4641369969383788,140.92999267578125,139.25,2455.31,3
ORIENTLTD,18211,NSE_EQ,2026-09-28,102.30000305175781,102.30000305175781,102.30000305175781,80.4800033569336,75.6518619848161,20,75.03177507599564,50,74.80939841146755,14,1.8692399410873934,1.415877415188987,80.4800033569336,56.90024855629944,12,26,9,78.13238045810078,74.68387056282884,2.5074619437649326,10,909688.0,75.6518619848161,75.03177507599564,74.56406774684076,56.90024855629944,57.32402026124005,0.9410479515070072,80.4800033569336,76.5,79.26,3
ORIENTPPR,2496,NSE_EQ,2026-09-28,20.34000015258789,27.59000015258789,20.34000015258789,16.760000228881836,17.60388743723511,20,20.022634384424915,50,20.155803125467486,14,0.2540667907861969,0.3502586337323903,16.760000228881836,42.04138705376984,12,26,9,17.32880591384295,17.94407898645591,-0.7652040281221014,10,13386491.0,17.60388743723511,20.022634384424915,20.276448119856386,42.04138705376984,44.34774014434973,0.14993095550914026,16.760000228881836,16.90999984741211,351.38,3
ORIENTTECH,24961,NSE_EQ,2026-09-28,332.79998779296875,466.7272644042969,332.79998779296875,237.3000030517578,257.0843804220449,20,281.8432348280657,50,283.6613259209762,14,4.547669433292528,6.584977057674834,237.3000030517578,40.84985036561025,12,26,9,249.21188989100577,262.83381978746957,-13.464190162423883,10,23440128.0,257.0843804220449,281.8432348280657,285.5924001992399,40.84985036561025,40.48710083150682,-0.15773973403991448,237.3000030517578,235.1999969482422,1068.77,3
ORISSAMINE,19931,NSE_EQ,2026-09-28,5199.0,6138.89990234375,5199.0,3734.699951171875,4109.604107863906,20,4358.385154239127,50,4383.8416931398315,14,76.46778965241553,108.05658930158346,3734.699951171875,41.44048070281194,12,26,9,4087.489486770958,4139.039612349511,-37.03196424134826,10,1453003.0,4109.604107863906,4358.385154239127,4406.806662199748,41.44048070281194,42.8761352528644,-14.518161337204717,3734.699951171875,3715.0,2213.94,3
ORTINGLOBE,2979,NSE_EQ,2026-09-28,21.299999237060547,21.299999237060547,21.299999237060547,15.229999542236328,15.703048417618124,20,15.203053443273879,50,15.201953602499902,14,0.38719121027274567,0.41351133074890567,15.229999542236328,48.35643580932208,12,26,9,15.766244266416612,15.592794106695044,0.27663679664203095,10,674283.0,15.703048417618124,15.203053443273879,15.176319058777201,48.35643580932208,51.091056979659164,-0.10318663692046265,15.229999542236328,14.5,12.01,3
OSIAHYPER,12643,NSE_EQ,2026-09-28,7.210000038146973,25.299999237060547,7.210000038146973,2.190000057220459,3.609529107569403,20,8.281130636132255,50,8.529748210781715,14,0.10856755726518928,0.29484487738136794,2.190000057220459,26.912298169566554,12,26,9,2.765105279067433,4.459763820530382,-2.0546903443808144,10,20287366.0,3.609529107569403,8.281130636132255,8.78647262715906,26.912298169566554,27.152681863744363,0.3600318029178653,2.190000057220459,2.2200000286102295,40.27,3
OSWALAGRO,2514,NSE_EQ,2026-09-28,55.0,81.0,55.0,34.0,39.75130976354818,20,47.97891193315008,50,48.5494797671562,14,0.43674553783337744,1.0394966709075435,34.0,29.58495125307894,12,26,9,37.45417948719348,41.53539363492269,-4.058472849097576,10,1962152.0,39.75130976354818,47.97891193315008,49.14823399977011,29.58495125307894,29.173719957050935,-0.022741298631636653,34.0,34.04999923706055,458.32,3
OSWALGREEN,471,NSE_EQ,2026-09-28,30.25,43.790000915527344,30.25,19.989999771118164,22.170269906509656,20,26.730138104954328,50,27.00524579204968,14,0.25888390703572817,0.511358562410274,19.989999771118164,33.61070277284642,12,26,9,21.00944253806022,23.11209722529481,-2.216937818307182,10,8677809.0,22.170269906509656,26.730138104954328,27.314031312784053,33.61070277284642,30.042574929843894,0.1142831310725918,19.989999771118164,20.09000015258789,500.04,3
OSWALPUMPS,756802,NSE_EQ,2026-09-28,449.3999938964844,790.0,449.3999938964844,274.95001220703125,336.66094700925163,20,449.3244432251197,50,456.4417669401437,14,4.979552229135206,11.102902222620004,274.95001220703125,30.96263847084451,12,26,9,312.5178577786479,355.197859185841,-38.54364614979389,10,25894008.0,336.66094700925163,449.3244432251197,463.7210224844958,30.96263847084451,31.401963709770186,-4.136355257399231,274.95001220703125,279.8999938964844,3007.67,3
OSWALSEEDS,14305,NSE_EQ,2026-09-28,17.0,20.280000686645508,17.0,13.079999923706055,12.275032545358721,20,13.119529430270225,50,13.121142879517741,14,0.44902810799938975,0.3907888661088818,13.079999923706055,53.46737704083364,12,26,9,12.494143730547352,12.308237627324011,-0.23169383713339925,10,12977644.0,12.275032545358721,13.119529430270225,13.09669972084382,53.46737704083364,56.54534714825886,0.4175999403567395,13.079999923706055,13.239999771118164,115.78,3
PAGEIND,14413,NSE_EQ,2026-09-28,43855.0,43855.0,43855.0,37695.0,37529.37698460859,20,38128.992371512955,50,38146.70634586042,14,547.5113070524794,539.3615249879738,37695.0,50.37491884166456,12,26,9,37360.45748168004,37577.594118858266,120.33527567078681,10,1162894.0,37529.37698460859,38128.992371512955,38218.00048242615,50.37491884166456,45.758622157726904,-337.47191284901464,37695.0,37350.0,41698.83,3
PAISALO,25468,NSE_EQ,2026-09-28,94.87999725341797,94.87999725341797,92.75,89.0199966430664,68.76317570487372,20,55.745110749092525,50,54.38695214117522,14,2.447853073566123,0.5517714211593255,89.0199966430664,81.60531686117504,12,26,9,75.20102773682751,64.93476327101983,8.733691162401868,10,591816386.0,68.76317570487372,55.745110749092525,52.953358263826026,81.60531686117504,82.56875033905035,1.5325733034058118,89.0199966430664,89.5,7067.58,3
PAKKA,17197,NSE_EQ,2026-09-28,102.26000213623047,160.3000030517578,102.26000213623047,75.05999755859375,80.0024163216443,20,101.16528321900219,50,102.23080508269233,14,1.5088129468015496,2.1723411458774082,75.05999755859375,40.98749763837003,12,26,9,77.2527696834847,83.09260117323521,-7.336803727367496,10,8694102.0,80.0024163216443,101.16528321900219,103.19696049183919,40.98749763837003,43.973919737994244,1.496972237616987,75.05999755859375,75.9000015258789,330.64,3
PALASHSECU,21383,NSE_EQ,2026-09-28,108.5,132.6999969482422,108.5,88.91999816894531,91.23300207117592,20,98.55487664777148,50,98.94813699384602,14,1.0804764173537238,1.3764691620252305,88.91999816894531,43.97640820464723,12,26,9,89.6731424172106,92.53637492106897,-2.9029268883385067,10,86224.0,91.23300207117592,98.55487664777148,99.47214256051926,43.97640820464723,38.992555439607905,0.03969438448013651,88.91999816894531,84.0,90.23,3
PALREDTEC,17062,NSE_EQ,2026-09-28,60.20000076293945,73.5999984741211,60.20000076293945,46.84000015258789,48.8938323932072,20,48.90281039225298,50,48.98700672856584,14,1.4421213826122699,1.5372915006466665,46.84000015258789,48.402871274250884,12,26,9,50.077278691165475,48.16416190032489,2.447022812853738,10,216933.0,48.8938323932072,48.90281039225298,49.10484380017583,48.402871274250884,47.470962455923484,-0.5339060220131553,46.84000015258789,47.0,56.06,3
PANACEABIO,4055,NSE_EQ,2026-09-28,647.0,647.0,647.0,372.6000061035156,418.2285202694841,20,410.9595629136954,50,412.52525911002925,14,8.042759968924818,11.550410653492625,372.6000061035156,41.04879258144533,12,26,9,410.2646534971572,418.34626503913455,6.804308062417309,10,5823031.0,418.2285202694841,410.9595629136954,414.34669850650045,41.04879258144533,40.021096376819976,-14.885919604394648,372.6000061035156,374.70001220703125,2223.74,3
PANACHE,16355,NSE_EQ,2026-09-28,559.4000244140625,559.4000244140625,559.4000244140625,525.0,457.47708061782384,20,390.4529037282059,50,384.96118551303067,14,11.833540931645356,5.037440472783605,525.0,70.14139040268766,12,26,9,489.0149360979914,439.318793050346,43.10646073478388,10,403465.0,457.47708061782384,390.4529037282059,379.35960075001026,70.14139040268766,69.78318140301226,6.589682312861484,525.0,525.0,884.42,3
PANAMAPET,25392,NSE_EQ,2026-09-28,599.5999755859375,599.5999755859375,599.5999755859375,473.3999938964844,433.88350371828795,20,379.56221873928115,50,375.73210546755854,14,13.83174381485471,9.303711596645448,473.3999938964844,59.78591546539964,12,26,9,460.6764424074947,416.9891400147104,44.355711413909894,10,29912721.0,433.88350371828795,379.56221873928115,371.87627253941685,59.78591546539964,59.384650167293,-0.6684090211256333,473.3999938964844,482.5,2851.34,3
PANSARI,6141,NSE_EQ,2026-09-28,388.8999938964844,388.8999938964844,388.8999938964844,289.95001220703125,303.49498913174676,20,288.90368908467514,50,288.8609820184565,14,6.420881516384698,7.312549453174137,289.95001220703125,46.75365923211073,12,26,9,302.87851144222464,301.90066032354616,6.375362387282181,10,189611.0,303.49498913174676,288.90368908467514,289.02061343933104,46.75365923211073,45.331997997362436,-5.397511268603709,289.95001220703125,288.0,493.47,3
PAR,5637,NSE_EQ,2026-09-28,180.0,180.0,180.0,131.41000366210938,110.32399934939592,20,106.38907514014815,50,105.36781275149667,14,4.824234216784463,2.9421331435508895,131.41000366210938,62.1169974706959,12,26,9,117.87843264604089,107.29648698083051,5.634112048959569,10,3851867.0,110.32399934939592,106.38907514014815,104.09302934937344,62.1169974706959,65.2306737736601,4.947833616250815,131.41000366210938,132.99000549316406,159.46,3
PARACABLES,13951,NSE_EQ,2026-09-28,75.69999694824219,75.69999694824219,75.69999694824219,59.810001373291016,60.83270785623993,20,55.14490788824813,50,54.95449590926678,14,1.50289194776933,1.4220143563867804,59.810001373291016,51.382567217069955,12,26,9,62.9326091170734,59.03304334617154,5.28245338869542,10,81034664.0,60.83270785623993,55.14490788824813,54.6661079685118,51.382567217069955,54.31388546582048,-1.3828876177935614,59.810001373291016,60.689998626708984,1775.46,3
PARADEEP,9741,NSE_EQ,2026-09-28,168.0,201.99000549316406,168.0,155.49000549316406,145.87948656502556,20,142.11243817696456,50,141.56641502120132,14,2.861354739858186,1.9820359717822476,155.49000549316406,59.0775122267404,12,26,9,150.30113065859797,144.2355057807605,3.999332833618955,10,395887761.0,145.87948656502556,142.11243817696456,140.9927995070794,59.0775122267404,59.19098370298528,2.0662920442185237,155.49000549316406,154.5,16179.29,3
PARAGMILK,17130,NSE_EQ,2026-09-28,286.20001220703125,376.95001220703125,279.45001220703125,268.8999938964844,238.5580208782207,20,235.97556723527532,50,234.63171308583821,14,5.399784584275609,2.958176686685177,268.8999938964844,64.6064800878753,12,26,9,244.3063070768901,237.26175454354686,0.5461495320177256,10,64867274.0,238.5580208782207,235.97556723527532,233.24933402811732,64.6064800878753,64.48507528369191,6.498403001325524,268.8999938964844,262.0,3413.99,3
PARAS,5911,NSE_EQ,2026-09-28,1585.0,1585.0,1585.0,1321.0,1225.8817777014917,20,1013.9822870581036,50,1001.4509518359854,14,39.07034892553063,26.382761749965248,1321.0,59.692119323761425,12,26,9,1318.6037232405915,1165.1372381151236,157.03981080107624,10,55428593.0,1225.8817777014917,1013.9822870581036,986.2979314549286,59.692119323761425,63.261312064568315,-3.573325675608345,1321.0,1343.4000244140625,10538.19,3
PARASPETRO,3972,NSE_EQ,2026-09-28,2.75,3.2300000190734863,2.75,2.0799999237060547,2.180470695883687,20,2.235725507709421,50,2.242081653995273,14,0.04611972936713614,0.05421098470189407,2.0799999237060547,45.967707690592675,12,26,9,2.1777578814102783,2.1841747832089005,0.0006805441878359908,10,11745446.0,2.180470695883687,2.235725507709421,2.2462482478357257,45.967707690592675,48.018882488558795,-0.007097445986458189,2.0799999237060547,2.119999885559082,68.85,3
PARIN,766227,NSE_EQ,2026-09-28,789.0,789.0,748.0,736.7999877929688,698.4481372375908,20,637.9091559311177,50,633.8727954469605,14,10.158378199655905,6.275903978003474,736.7999877929688,61.81211987138152,12,26,9,708.8558219140236,688.1902708022725,24.440259577463276,10,428542.0,698.4481372375908,637.9091559311177,631.0104605672445,61.81211987138152,55.46296010395388,-3.774708465712134,736.7999877929688,789.0,818.45,3
PARKHOTELS,22649,NSE_EQ,2026-09-28,134.8000030517578,158.36000061035156,134.8000030517578,104.9000015258789,116.32606607452615,20,125.28451641577499,50,126.11653743168911,14,0.9003402799567171,1.929075355317137,104.9000015258789,31.820714805287864,12,26,9,113.79455206918436,117.991262292744,-3.010746412903932,10,6099366.0,116.32606607452615,125.28451641577499,126.88129417365937,31.820714805287864,33.94598714677595,-1.1859638106557022,104.9000015258789,105.69999694824219,2240.34,3
PARSVNATH,13795,NSE_EQ,2026-09-28,9.800000190734863,18.75,9.800000190734863,1.9800000190734863,2.968749386118483,20,6.634787148101907,50,6.824778459490822,14,0.10122898879030971,0.24532321616712632,1.9800000190734863,29.210314446778014,12,26,9,2.1165780689391327,3.723866372274363,-1.8906402191517875,10,44893144.0,2.968749386118483,6.634787148101907,7.028238803413769,29.210314446778014,27.10693562285958,0.28335191581655716,1.9800000190734863,1.9700000286102295,91.32,3
PASHUPATI,757955,NSE_EQ,2026-09-28,118.3499984741211,118.3499984741211,118.3499984741211,79.69000244140625,85.24401041300007,20,83.39134510758907,50,83.54242031845367,14,0.6215725650841026,1.0782248310612081,79.69000244140625,36.56745012633059,12,26,9,83.72456233027059,85.61619070420691,-0.8062121343106248,10,4899423.0,85.24401041300007,83.39134510758907,83.6763965707893,36.56745012633059,37.46482337198505,-1.0854162396257032,79.69000244140625,80.5,1239.35,3
PASUPTAC,6045,NSE_EQ,2026-09-28,81.29000091552734,81.29000091552734,78.94999694824219,75.87000274658203,62.695142856226724,20,56.920533012398316,50,56.147085268145915,14,2.0895045207861096,0.93668497187008,75.87000274658203,69.04737875327432,12,26,9,65.40386830429485,61.11800913486329,3.3348980069938023,10,6483018.0,62.695142856226724,56.920533012398316,55.582476366562744,69.04737875327432,64.0493621393446,0.9509611624377512,75.87000274658203,76.25,659.68,3
PATANJALI,17029,NSE_EQ,2026-09-28,484.0,614.0499877929688,490.5,403.95001220703125,390.17222454995266,20,449.59572360860693,50,451.4588138698957,14,6.077563538705552,6.289907603451625,403.95001220703125,49.141521891155854,12,26,9,372.4223511221644,404.40755256217807,-37.8560524447445,10,208376708.0,390.17222454995266,449.59572360860693,454.90611239519757,49.141521891155854,35.34345933424339,5.870851004730831,403.95001220703125,404.8500061035156,42917.44,3
PATELENG,11699,NSE_EQ,2026-09-28,35.95000076293945,38.79999923706055,35.95000076293945,27.610000610351562,28.18491806559416,20,30.543968861321872,50,30.663722667483924,14,0.547248454185928,0.6191790784142933,27.610000610351562,46.916626956326375,12,26,9,27.821513776538854,28.48545408953545,-0.4843360836918905,10,135573453.0,28.18491806559416,30.543968861321872,30.869588864555375,46.916626956326375,39.550099365194285,-0.1796042293047072,27.610000610351562,27.559999465942383,2716.87,3
PATELRMART,759439,NSE_EQ,2026-09-28,246.77999877929688,266.0,246.77999877929688,206.27999877929688,213.9827981189212,20,211.53781437951181,50,211.75241909788792,14,3.6671687921214304,4.232089042727819,206.27999877929688,46.424219449363186,12,26,9,215.57626064235876,213.28544911207146,3.913851371638326,10,3848252.0,213.9827981189212,211.53781437951181,211.99659929484415,46.424219449363186,46.17600497536333,-1.623039841351026,206.27999877929688,207.02999877929688,678.71,3
PATINTLOG,15219,NSE_EQ,2026-09-28,16.25,16.25,16.25,13.59000015258789,13.54562371150722,20,13.676740966148284,50,13.680281407518095,14,0.277935633248852,0.2675147647634277,13.59000015258789,50.95525354123856,12,26,9,13.682489860398507,13.462515571987927,0.3209240892347805,10,2950957.0,13.54562371150722,13.676740966148284,13.667231669049446,50.95525354123856,53.846308386201905,-0.10094980082420096,13.59000015258789,13.800000190734863,96.72,3
PAVNAIND,16192,NSE_EQ,2026-09-28,23.5,42.29999923706055,23.5,15.460000038146973,17.59882806592327,20,22.060137184965928,50,22.329530537897316,14,0.41213991176403036,0.6425012593903366,15.460000038146973,39.078686005868605,12,26,9,16.88778257043136,18.3195359736091,-1.549273394819675,10,4729559.0,17.59882806592327,22.060137184965928,22.601348107758678,39.078686005868605,39.642515540874854,0.1175199916419345,15.460000038146973,15.010000228881836,226.24,3
PAYTM,6705,NSE_EQ,2026-09-28,1855.5,1855.5,1855.5,1674.0,1464.54728688623,20,1285.7601814847212,50,1269.9136582800159,14,43.71131619623395,22.972103682924256,1674.0,65.55050157212446,12,26,9,1572.2658876233809,1411.7340577604994,114.07292931742143,10,203796405.0,1464.54728688623,1285.7601814847212,1246.2407453765854,65.55050157212446,80.7686935115459,46.4589005454601,1674.0,1732.5,105267.44,3
PCBL,2649,NSE_EQ,2026-09-28,374.0,394.0,374.0,339.6000061035156,315.9450780943166,20,318.02767465852054,50,317.14717133423505,14,5.145119378337488,3.1577105173500932,339.6000061035156,61.96826194174855,12,26,9,322.33124184081515,313.9051834105822,4.993435615182987,10,108959122.0,315.9450780943166,318.02767465852054,316.34909619656986,61.96826194174855,60.99515294664746,3.432622815049969,339.6000061035156,339.3999938964844,13024.95,3
PCJEWELLER,29124,NSE_EQ,2026-09-28,14.859999656677246,14.859999656677246,14.4399995803833,14.109999656677246,10.823273756144824,20,10.602955391618721,50,10.459810727738782,14,0.47494931524378675,0.20546148866170671,14.109999656677246,69.80331771888729,12,26,9,11.453477666443312,10.625621544162948,0.28289258691452934,10,13088403481.0,10.823273756144824,10.602955391618721,10.367558093482046,69.80331771888729,64.64419160043019,0.5449635353658349,14.109999656677246,14.350000381469727,17107.86,3
PDMJEPAPER,15377,NSE_EQ,2026-09-28,108.98999786376953,127.18000030517578,108.98999786376953,94.47000122070312,90.96962198591156,20,93.13428846926759,50,93.07976958145389,14,2.0382480371228833,1.7402969856373096,94.47000122070312,53.94266906561727,12,26,9,92.99074904194924,90.58815448514703,0.8653161390635579,10,17557848.0,90.96962198591156,93.13428846926759,92.7324133873136,53.94266906561727,62.33224094982152,1.5372784177386558,94.47000122070312,96.29000091552734,900.18,3
PDSL,5264,NSE_EQ,2026-09-28,418.5,418.5,418.5,357.6499938964844,346.7493821974734,20,346.3793470302704,50,345.9193206275678,14,5.60421231384271,4.488097868453915,357.6499938964844,55.529529043541594,12,26,9,353.78495969325235,343.483876920821,10.00745866899279,10,5401715.0,346.7493821974734,346.3793470302704,345.7058237594488,55.529529043541594,53.385059589684154,0.2936241034385674,357.6499938964844,357.0,5069.41,3
PEARLPOLY,2610,NSE_EQ,2026-09-28,24.299999237060547,31.5,24.299999237060547,18.030000686645508,17.37206857090544,20,20.1300312712631,50,20.215746805329125,14,0.3640119234102798,0.35766136032573936,18.030000686645508,50.43998878908641,12,26,9,16.86228910319032,17.85941348706784,-1.1836841399850493,10,488123.0,17.37206857090544,20.1300312712631,20.34332830135938,50.43998878908641,45.35603439669118,0.18655975610752984,18.030000686645508,18.719999313354492,29.62,3
PENIND,20621,NSE_EQ,2026-09-28,187.39999389648438,279.8999938964844,185.0,184.89999389648438,167.42710335871868,20,174.84969335577017,50,174.4394770071696,14,4.037580702876115,2.7808144185278274,184.89999389648438,59.21599776759134,12,26,9,168.6670473134438,168.325345412174,-2.9507117902551387,10,21484860.0,167.42710335871868,174.84969335577017,174.5623131023283,59.21599776759134,52.51545981204532,3.2924136915249393,184.89999389648438,179.6999969482422,2522.62,3
PENINLAND,2256,NSE_EQ,2026-09-28,22.68000030517578,37.599998474121094,22.68000030517578,16.700000762939453,16.693622458712028,20,20.552687504605274,50,20.709940024673266,14,0.4959887098497938,0.5509504948358398,16.700000762939453,47.375120506517405,12,26,9,16.212936107164822,17.29900001559504,-1.4392732622686761,10,5449961.0,16.693622458712028,20.552687504605274,20.928304937652694,47.375120506517405,42.07988777256038,0.35320935383845686,16.700000762939453,16.979999542236328,543.1,3
PERSISTENT,18365,NSE_EQ,2026-09-28,5910.0,6599.0,5910.0,5372.0,5360.851924911126,20,5358.565721352858,50,5358.017383448893,14,82.53099304731164,80.58463082872241,5372.0,50.59662041328072,12,26,9,5423.727273831651,5347.29121852676,33.97562422250034,10,23152157.0,5360.851924911126,5358.565721352858,5355.650746038644,50.59662041328072,51.590651791981195,42.4604310823906,5372.0,5277.0,82866.59,3
PETRONET,11351,NSE_EQ,2026-09-28,300.6000061035156,326.3999938964844,300.6000061035156,286.5,283.19912673490717,20,283.00713512142045,50,282.864569208009,14,2.9986433822375353,2.680942301946407,286.5,52.796868450949134,12,26,9,285.3633972371026,282.44202083778646,1.6199647955510486,10,74876929.0,283.19912673490717,283.00713512142045,282.46720443676384,52.796868450949134,57.18377518590784,1.3014116037651107,286.5,285.3500061035156,43812.89,3
PFC,14299,NSE_EQ,2026-09-28,486.5,486.5,486.5,338.0,386.2402292218958,20,399.1350182089816,50,401.6303250746543,14,3.3864519792163557,7.537255320955327,338.0,31.00094030497442,12,26,9,372.8114190283274,391.3415551218008,-9.23254631871444,10,378651780.0,386.2402292218958,399.1350182089816,404.0417674126823,31.00094030497442,31.95155413496566,-9.297589774758961,338.0,340.0,109354.36,3
PFIZER,2643,NSE_EQ,2026-09-28,5149.0,5578.5,5149.0,4000.800048828125,4548.779847375837,20,4716.84780824088,50,4746.074247400585,14,43.850404438593294,90.33951404257212,4000.800048828125,32.6778680059695,12,26,9,4449.652055985619,4598.017231760109,-76.7828431825917,10,2424628.0,4548.779847375837,4716.84780824088,4776.428302300863,32.6778680059695,32.705719981782224,-71.58233259189842,4000.800048828125,4060.0,18186.8,3
PFOCUS,13496,NSE_EQ,2026-09-28,367.0,367.0,367.0,315.45001220703125,287.02775233854214,20,253.944797578146,50,251.434380654518,14,9.123492819078281,6.324871315587261,315.45001220703125,59.05798659034396,12,26,9,297.9909174034041,280.19147740342004,13.009370850756458,10,74370303.0,287.02775233854214,253.944797578146,247.64190614639563,59.05798659034396,68.16675930411859,4.79006914922763,315.45001220703125,316.5,25029.52,3
PFS,22602,NSE_EQ,2026-09-28,33.5,40.5,33.5,26.3700008392334,28.597173248912462,20,30.91155503408364,50,31.096924593057118,14,0.29839725916265153,0.514359459672571,26.3700008392334,36.71421622823253,12,26,9,27.82713324709678,29.0964788927006,-1.0489473507988811,10,23092635.0,28.597173248912462,30.91155503408364,31.298023552925002,36.71421622823253,35.58194451058077,-0.22039829480493944,26.3700008392334,27.399999618530273,1681.14,3
PGEL,25358,NSE_EQ,2026-09-28,643.9500122070312,644.4000244140625,643.9500122070312,518.5,558.6657783067834,20,570.5151146264008,50,572.6381805295191,14,10.00316497293721,13.15647273238221,518.5,43.19223426642651,12,26,9,558.7736117590769,559.2348427274017,4.439365491870672,10,64301240.0,558.6657783067834,570.5151146264008,574.4132073097418,43.19223426642651,44.659136353737686,-4.90059646019547,518.5,513.5999755859375,14628.49,3
PGHH,2535,NSE_EQ,2026-09-28,10549.0,14509.0,10549.0,7037.5,8582.21303608113,20,10122.661736443562,50,10248.586705277992,14,39.31538471898226,189.5669623166833,7037.5,17.17711532941243,12,26,9,8075.244520318345,8934.242584617035,-798.3698275739064,10,814634.0,8582.21303608113,10122.661736443562,10361.345346309747,17.17711532941243,19.972597026296853,-60.62823672478385,7037.5,7100.0,22647.45,3
PGHL,940,NSE_EQ,2026-09-28,6975.0,6975.0,6975.0,5406.0,5819.116557780446,20,5733.192857593346,50,5746.547668107361,14,56.338555227011774,86.71182263995875,5406.0,39.38371646903563,12,26,9,5787.639084206895,5803.9798784377645,111.51705174669529,10,593859.0,5819.116557780446,5733.192857593346,5756.467981091334,39.38371646903563,41.39920129663322,-127.85784597756479,5406.0,5430.0,8833.12,3
PGIL,14260,NSE_EQ,2026-09-28,1355.0,1355.0,1269.800048828125,1329.0999755859375,1066.3084233380227,20,915.4076957161783,50,898.5222965378208,14,39.14424333102766,15.286871607428436,1329.0999755859375,71.9151966210633,12,26,9,1137.5619346852761,1025.0329551519585,96.08901048358268,10,14045081.0,1066.3084233380227,915.4076957161783,888.4170851481017,71.9151966210633,63.039198431602884,16.43996904973494,1329.0999755859375,1281.800048828125,6169.84,3
PHOENIXLTD,14552,NSE_EQ,2026-09-28,2169.800048828125,2169.800048828125,2169.800048828125,1978.4000244140625,1893.1619564866041,20,1803.5342460266766,50,1796.3968673169873,14,29.512655475098374,21.09574448461074,1978.4000244140625,58.31572525231839,12,26,9,1919.050674991838,1872.337007236333,55.41982063280263,10,20274753.0,1893.1619564866041,1803.5342460266766,1793.070207843637,58.31572525231839,51.425678622042405,-8.706152877297676,1978.4000244140625,1944.199951171875,69752.15,3
PICCADIL,757754,NSE_EQ,2026-09-28,809.7000122070312,809.7000122070312,809.7000122070312,613.0,634.1904322018024,20,626.0947714460809,50,626.6292519132679,14,13.68563863402403,14.916979380214787,613.0,47.847503425074976,12,26,9,637.1185545256265,630.7428274352415,16.113753382562404,10,13512407.0,634.1904322018024,626.0947714460809,628.148812219358,47.847503425074976,44.58137323579781,-9.738026292177405,613.0,603.2000122070312,5977.3,3
PIDILITIND,2664,NSE_EQ,2026-09-28,1707.5,1707.5,1707.5,1517.199951171875,1564.41599212322,20,1520.619665622667,50,1520.759245804332,14,13.308997302468557,15.771570607601628,1517.199951171875,45.76594701873013,12,26,9,1582.4873940976247,1551.1621503139208,41.50259564472229,10,37743622.0,1564.41599212322,1520.619665622667,1518.6637058132462,45.76594701873013,52.89925877757389,-10.177351861018437,1517.199951171875,1525.0,151648.68,3
PIGL,15716,NSE_EQ,2026-09-28,126.69999694824219,189.6999969482422,126.69999694824219,100.47000122070312,106.3315807213914,20,118.28548967398741,50,119.01265246799902,14,2.0118772868979,2.6509813867318948,100.47000122070312,43.14686392439506,12,26,9,103.94112436896398,108.40014055240641,-4.340656920862564,10,3042933.0,106.3315807213914,118.28548967398741,119.8094955130696,43.14686392439506,42.28035928139053,-0.11835926257986529,100.47000122070312,102.62999725341797,197.52,3
PIIND,24184,NSE_EQ,2026-09-28,3194.10009765625,3832.89990234375,3194.10009765625,2400.0,2620.8665424758333,20,2932.4462072023707,50,2954.178705455529,14,29.901714216109593,53.38463822338854,2400.0,35.902297723785125,12,26,9,2513.2967080876383,2693.668345270421,-166.3371471692617,10,12409397.0,2620.8665424758333,2932.4462072023707,2978.1533445015452,35.902297723785125,34.02374571919246,-14.034490013521008,2400.0,2388.60009765625,35733.59,3
PILANIINVS,11445,NSE_EQ,2026-09-28,5039.39990234375,5980.0,5039.39990234375,4015.0,4356.980628082375,20,4559.22660234229,50,4581.439933050138,14,40.060611437702235,71.18100863840291,4015.0,36.01225099948657,12,26,9,4274.751709935102,4411.097343360429,-115.40817376631793,10,98443.0,4356.980628082375,4559.22660234229,4602.437481337898,36.01225099948657,37.25621180462079,-20.937459659008994,4015.0,3998.60009765625,4395.55,3
PILITA,30835,NSE_EQ,2026-09-28,9.609999656677246,14.119999885559082,9.609999656677246,7.710000038146973,8.251225921609167,20,9.302487185118883,50,9.367486660505492,14,0.10513160457694894,0.16206236919158373,7.710000038146973,39.34654778854532,12,26,9,8.08096244017161,8.418050858034148,-0.31465807243250876,10,2792605.0,8.251225921609167,9.302487185118883,9.444526931584349,39.34654778854532,35.37291485994115,-0.02243034543002831,7.710000038146973,7.550000190734863,144.8,3
PIONEEREMB,13463,NSE_EQ,2026-09-28,29.84000015258789,38.5,29.84000015258789,21.350000381469727,23.169946364447693,20,26.93388528350078,50,27.16179895297143,14,0.40614184286407723,0.6068160266186651,21.350000381469727,40.0946431337238,12,26,9,22.353385326477106,23.84049478792097,-1.5041514775403344,10,743570.0,23.169946364447693,26.93388528350078,27.374525409707427,40.0946431337238,41.86594681609684,0.017042016096469714,21.350000381469727,21.600000381469727,64.21,3
PITTIENG,14134,NSE_EQ,2026-09-28,1228.0,1228.0,1228.0,1162.4000244140625,1025.1716775944417,20,968.0088425136711,50,960.074508558553,14,24.422978781993635,11.990571849187825,1162.4000244140625,67.07112698062429,12,26,9,1068.3293575779817,1003.6584494360052,46.07832421994077,10,7333816.0,1025.1716775944417,968.0088425136711,952.4816323533536,67.07112698062429,65.9834806091445,18.59258392203573,1162.4000244140625,1160.0,4246.46,3
PIXTRANS,9087,NSE_EQ,2026-09-28,2089.0,2089.0,2089.0,1734.800048828125,1712.6588055159182,20,1624.3918215011424,50,1619.8853632428982,14,27.0642123583818,23.00993208382254,1734.800048828125,54.04827712956606,12,26,9,1749.2186740066818,1686.0687375498374,74.19746810944446,10,2183492.0,1712.6588055159182,1624.3918215011424,1614.9378280452231,54.04827712956606,54.538390151351585,-11.047531652600014,1734.800048828125,1745.0999755859375,2362.54,3
PKTEA,10318,NSE_EQ,2026-09-28,1169.0,1169.0,1169.0,1001.3499755859375,813.4189062531188,20,773.4739419826927,50,764.1728793866419,14,38.68479417661992,23.236370988427126,1001.3499755859375,62.47426719685908,12,26,9,844.0536649786291,802.0225521885403,10.21900828356363,10,240551.0,813.4189062531188,773.4739419826927,758.2207520146679,62.47426719685908,58.05418987447972,31.81210450652511,1001.3499755859375,1019.9000244140625,301.8,3
PLASTIBLEN,13920,NSE_EQ,2026-09-28,216.2899932861328,216.2899932861328,216.2899932861328,202.99000549316406,184.15995907143656,20,179.5834735298693,50,178.62810487830623,14,3.9325919592947765,2.2370282030171755,202.99000549316406,63.741232941982446,12,26,9,189.55398663085234,181.30619710591822,7.560629528272533,10,1950675.0,184.15995907143656,179.5834735298693,178.301496714857,63.741232941982446,55.26881776964323,0.6871599966615873,202.99000549316406,190.9499969482422,526.96,3
PLATIND,22930,NSE_EQ,2026-09-28,270.69000244140625,314.8500061035156,270.69000244140625,210.63999938964844,223.23730141148158,20,235.015481409424,50,236.01039904288422,14,2.805678335417647,3.951387881456711,210.63999938964844,41.522137646232515,12,26,9,221.14048609168827,225.16003964973106,-3.62762646686506,10,3179202.0,223.23730141148158,235.015481409424,236.90674173639957,41.522137646232515,43.07485519342124,-0.39192709117772706,210.63999938964844,215.5,1133.4,3
PLAZACABLE,19458,NSE_EQ,2026-09-28,66.0,66.0,66.0,59.939998626708984,51.58739125338158,20,49.58034748449331,50,49.1575045807294,14,1.8219431944444249,1.0637527239845572,59.939998626708984,63.13704721307986,12,26,9,54.64570251528356,50.24594055299186,2.82021131960869,10,4556737.0,51.58739125338158,49.58034748449331,48.671688385114635,63.13704721307986,64.93730521094687,1.5795506426830084,59.939998626708984,60.54999923706055,251.19,3
PNB,10666,NSE_EQ,2026-09-28,119.5,135.14999389648438,119.5,116.5999984741211,113.45576228319035,20,112.54480840531234,50,112.37929044332014,14,1.1730130200420585,0.9088320898524246,116.5999984741211,56.34487476839773,12,26,9,114.52370541444274,113.19284673855864,0.24602586149283484,10,561901521.0,113.45576228319035,112.54480840531234,112.17966978210602,56.34487476839773,57.67059410501287,1.0848328143912669,116.5999984741211,117.12000274658203,130773.74,3
PNBGILTS,8736,NSE_EQ,2026-09-28,99.80000305175781,101.44999694824219,99.80000305175781,74.7300033569336,81.1185648996384,20,83.33515761949565,50,83.68638840572265,14,1.087672003707379,1.598911704598466,74.7300033569336,40.485319714577706,12,26,9,80.63093587955377,81.32962570399144,0.2421448268246196,10,14898293.0,81.1185648996384,83.33515761949565,83.87032261390824,40.485319714577706,45.91800165875389,-0.9408346512622843,74.7300033569336,75.3499984741211,1327.37,3
PNBHOUSING,18908,NSE_EQ,2026-09-28,1211.5,1211.5,1211.5,1094.9000244140625,1085.6095137830473,20,1008.6615951434854,50,1005.1416592548904,14,15.373404929714454,12.76529354033218,1094.9000244140625,54.634385261561725,12,26,9,1117.5806563565604,1064.2052755159748,56.04533345844216,10,45153486.0,1085.6095137830473,1008.6615951434854,999.918870833215,54.634385261561725,60.5010860217703,-2.6699526178565094,1094.9000244140625,1090.0,28463.68,3
PNC,9342,NSE_EQ,2026-09-28,24.450000762939453,32.88999938964844,24.450000762939453,16.889999389648438,19.038614587100856,20,22.75011104158355,50,22.989299272274778,14,0.2881599539730132,0.5151918274606772,16.889999389648438,35.869709961774475,12,26,9,18.087525423290735,19.725584306561235,-1.5195414722649034,10,773646.0,19.038614587100856,22.75011104158355,23.239474727863477,35.869709961774475,35.698198587844885,-0.11851741100559599,16.889999389648438,16.6200008392334,24.28,3
PNCINFRA,9385,NSE_EQ,2026-09-28,261.0,311.0,261.0,135.4499969482422,199.53179374038066,20,225.01775086811438,50,228.67357755872138,14,2.6531207705956383,8.085625044603018,135.4499969482422,24.706058009499102,12,26,9,187.9960289493155,205.20197550658062,-7.9228554465848235,10,60362920.0,199.53179374038066,225.01775086811438,232.33902990327377,24.706058009499102,25.281155123927803,-9.2830911106803,135.4499969482422,136.39999389648438,3401.57,3
PNGJL,25312,NSE_EQ,2026-09-28,736.4000244140625,736.4000244140625,736.4000244140625,605.5,603.5090992709248,20,602.0419308664943,50,601.9007851875757,14,10.226516454561088,9.937841639582254,605.5,50.715804623264155,12,26,9,606.6986681797232,601.9889433351481,4.338001280343663,10,27188872.0,603.5090992709248,602.0419308664943,601.7844907054359,50.715804623264155,50.58452061154297,0.37172356423147157,605.5,591.2000122070312,8010.08,3
POCL,14385,NSE_EQ,2026-09-28,647.5999755859375,647.5999755859375,647.5999755859375,466.79998779296875,500.64827661363876,20,488.4391824105719,50,489.3224148439435,14,8.630350564591852,11.337694509120292,466.79998779296875,43.22080871078199,12,26,9,492.5262850829066,502.0296881595868,-0.37598163317286337,10,20390005.0,500.64827661363876,488.4391824105719,490.1131251556542,43.22080871078199,43.71337498683992,-9.127421443507309,466.79998779296875,470.0,3506.51,3
PODDARMENT,19036,NSE_EQ,2026-09-28,333.3999938964844,333.3999938964844,333.3999938964844,271.3999938964844,258.6848355369253,20,262.12625924586683,50,261.74773946420896,14,5.13135484295,4.058916149257467,271.3999938964844,55.8346412994887,12,26,9,262.82475653686345,257.52452732181985,2.012486711053349,10,637409.0,258.6848355369253,262.12625924586683,260.83336173227934,55.8346412994887,61.97620265014639,3.2877425039902515,271.3999938964844,273.79998779296875,286.46,3
POKARNA,17651,NSE_EQ,2026-09-28,1143.300048828125,1146.199951171875,1143.300048828125,728.9500122070312,873.279696042279,20,893.0967860436207,50,899.7966543634815,14,15.651208166202764,27.351441408008473,728.9500122070312,36.395915882329305,12,26,9,851.1986405468663,880.1948682867329,-2.6628324310849973,10,5134170.0,873.279696042279,893.0967860436207,906.0393759462384,36.395915882329305,37.511211464891055,-26.333395308781643,728.9500122070312,729.0999755859375,2238.47,3
POLICYBZR,6656,NSE_EQ,2026-09-28,1904.9000244140625,1964.199951171875,1875.0,1166.0,1636.6879675619766,20,1645.7963733844695,50,1665.3798988287335,14,25.343550327910126,61.695005898722464,1166.0,29.117613419413956,12,26,9,1631.9323630617462,1638.214690503989,13.425032156435762,10,122539607.0,1636.6879675619766,1645.7963733844695,1662.211731433988,29.117613419413956,55.30595478018917,-19.707359598678593,1166.0,1160.0,54173.61,3
POLYCAB,9590,NSE_EQ,2026-09-28,10126.0,10126.0,10126.0,8408.5,8739.594854926328,20,8258.398083352824,50,8252.271474510082,14,111.66728654560718,130.41649781247597,8408.5,46.12753672936319,12,26,9,8733.513308187283,8667.176691295552,240.42915581730165,10,14372591.0,8739.594854926328,8258.398083352824,8246.2417387758,46.12753672936319,45.99208561049656,-174.0925389255707,8408.5,8394.0,123703.6,3
POLYMED,25718,NSE_EQ,2026-09-28,1913.699951171875,2094.300048828125,1913.699951171875,1724.4000244140625,1661.530287365526,20,1689.1283405252514,50,1687.688679958361,14,27.692657989637592,22.03234156171461,1724.4000244140625,55.691620391144944,12,26,9,1695.4581273917793,1651.2977602698734,31.854194688226592,10,7305705.0,1661.530287365526,1689.1283405252514,1686.1249526097226,55.691620391144944,55.81991242287889,12.3061724336793,1724.4000244140625,1714.9000244140625,16852.43,3
POLYPLEX,2687,NSE_EQ,2026-09-28,1264.0,1264.0,1264.0,1086.199951171875,1066.0572564385561,20,1015.5297747406199,50,1012.6452777434258,14,16.874751004278952,13.481358069228122,1086.199951171875,55.589308113951226,12,26,9,1102.9524382980546,1044.905244709009,59.21017996970062,10,3756831.0,1066.0572564385561,1015.5297747406199,1009.9246748420095,55.589308113951226,54.85637347343895,-1.1629863806548997,1086.199951171875,1091.5999755859375,3393.54,3
PONNIERODE,10661,NSE_EQ,2026-09-28,455.0,455.0,455.0,399.79998779296875,344.8997183077688,20,323.8480474228599,50,320.74796822407995,14,10.935894264236643,6.001968891643331,399.79998779296875,64.56478106826745,12,26,9,360.3723156240642,336.7678593265674,18.52456122608089,10,2954442.0,344.8997183077688,323.8480474228599,319.284619739205,64.56478106826745,56.6712112235915,5.079895071415876,399.79998779296875,382.0,339.28,3
POONAWALLA,11403,NSE_EQ,2026-09-28,511.8999938964844,570.4000244140625,511.8999938964844,461.54998779296875,457.33160879458654,20,444.01992272823054,50,443.3044098684453,14,8.607847671276822,7.955057120851973,461.54998779296875,51.97064029111329,12,26,9,464.45705800795315,453.58425921913584,10.324038999726856,10,55079499.0,457.33160879458654,444.01992272823054,441.8311207244437,51.97064029111329,56.30495502025121,0.5487597890904503,461.54998779296875,464.79998779296875,39148.51,3
POWERGRID,14977,NSE_EQ,2026-09-28,324.95001220703125,324.95001220703125,324.95001220703125,269.5,278.45422232246256,20,283.9099433205334,50,284.4981042723919,14,1.9132055846210856,2.7694319071596225,269.5,40.85743532313312,12,26,9,274.18107787505926,280.38084696907845,-4.536723495123329,10,389502215.0,278.45422232246256,283.9099433205334,285.0776192307357,40.85743532313312,41.362175834008426,-1.6630455988958595,269.5,268.70001220703125,247054.31,3
POWERINDIA,18457,NSE_EQ,2026-09-28,38785.0,38785.0,38785.0,31035.0,31956.396841734742,20,28045.00123549083,50,27922.960469592494,14,737.1070912031417,743.1991559693126,31035.0,49.79422957993296,12,26,9,32449.44024579066,31244.884747973134,1915.3987737816433,10,4923979.0,31956.396841734742,28045.00123549083,27727.979264269736,49.79422957993296,54.144202915651036,-710.8432759641155,31035.0,30995.0,135730.68,3
POWERMECH,10473,NSE_EQ,2026-09-28,3007.5,3007.5,3007.5,2407.300048828125,2477.4431569174053,20,2481.8957019705495,50,2484.9404225069748,14,43.44101581292797,48.50780037131229,2407.300048828125,47.24477988480468,12,26,9,2471.8633951293305,2473.6189306555975,30.785429110419958,10,2675597.0,2477.4431569174053,2481.8957019705495,2489.5747294524126,47.24477988480468,45.731318613524785,-32.54096463668702,2407.300048828125,2429.5,7473.01,3
PPAP,15213,NSE_EQ,2026-09-28,379.5,379.5,379.5,246.25,254.74786148345456,20,239.52084192360357,50,239.24618241028125,14,7.567587697276621,7.870710306021734,246.25,49.01827711616801,12,26,9,258.74533825234744,250.81102400292122,13.453713604454208,10,663210.0,254.74786148345456,239.52084192360357,239.19092430035332,49.01827711616801,47.649795700152865,-5.519399355027986,246.25,262.0,346.13,3
PPL,10299,NSE_EQ,2026-09-28,334.3999938964844,334.3999938964844,334.3999938964844,263.04998779296875,256.7406294870806,20,264.02245267672635,50,264.0621451209613,14,5.994240278611975,5.294270972590519,263.04998779296875,53.10036146682714,12,26,9,263.9621897441431,254.11591365347724,8.533669403680342,10,1192219.0,256.7406294870806,264.02245267672635,263.87692630534684,53.10036146682714,55.033010440855804,1.3126066869854967,263.04998779296875,267.0,614.5,3
PPLPHARMA,11571,NSE_EQ,2026-09-28,231.92999267578125,231.92999267578125,231.92999267578125,210.30999755859375,193.67359024893304,20,185.00528563884956,50,183.9724402543702,14,3.497546233712415,1.8833544387593335,210.30999755859375,64.99927143434515,12,26,9,201.93027010844398,189.80700248092023,9.494904468765656,10,244758514.0,193.67359024893304,185.00528563884956,182.98519276834003,64.99927143434515,63.97100328273703,2.6283631587580896,210.30999755859375,208.99000549316406,27730.65,3
PRABHA,30134,NSE_EQ,2026-09-28,262.79998779296875,262.79998779296875,262.79998779296875,230.8699951171875,189.10372824408338,20,188.41465688667134,50,186.681785938487,14,6.976880423657545,3.4284196074165534,230.8699951171875,67.05121815634324,12,26,9,201.4034945196046,185.1812312047447,5.900229966327103,10,32930503.0,189.10372824408338,188.41465688667134,184.79083864998296,67.05121815634324,68.05090718435673,10.322033348532798,230.8699951171875,224.8000030517578,3330.84,3
PRAENG,13941,NSE_EQ,2026-09-28,26.68000030517578,33.880001068115234,26.68000030517578,23.700000762939453,21.71856101816855,20,22.51889193257409,50,22.47068340888571,14,0.7416429113130988,0.5990344024367525,23.700000762939453,55.318524726784275,12,26,9,21.832753690543814,21.822022220207206,-0.44294120086658534,10,3603173.0,21.71856101816855,22.51889193257409,22.461731689490936,55.318524726784275,52.77744273819002,0.45367267120319393,23.700000762939453,22.8700008392334,157.72,3
PRAJIND,2705,NSE_EQ,2026-09-28,427.6499938964844,427.6499938964844,427.6499938964844,315.8999938964844,335.7559730917026,20,359.32833356811915,50,361.10091886083893,14,4.617364219727013,6.398672979989733,315.8999938964844,41.91492944346392,12,26,9,331.32687514901335,338.5231616068475,-4.608952899272293,10,39414392.0,335.7559730917026,359.32833356811915,362.93973237381323,41.91492944346392,41.95573426509541,-2.5873335585618698,315.8999938964844,316.04998779296875,5737.9,3
PRAKASH,2708,NSE_EQ,2026-09-28,159.0,173.2899932861328,159.0,118.80999755859375,129.61910348848954,20,136.96102381208698,50,137.70188202651528,14,1.8520248862448851,2.828944528586694,118.80999755859375,39.56498584196626,12,26,9,126.7220840397661,131.25228899046965,-3.170133627092792,10,22201867.0,129.61910348848954,136.96102381208698,138.48522406285343,39.56498584196626,39.287057992498205,-1.3600713236107573,118.80999755859375,119.0,2103.0,3
PRAKASHSTL,19599,NSE_EQ,2026-09-28,5.28000020980835,6.570000171661377,5.28000020980835,3.619999885559082,4.041366254634903,20,4.563480234917864,50,4.601989636932508,14,0.031356187926063685,0.0725751241341506,3.619999885559082,30.170106875872946,12,26,9,3.8978501305415674,4.139398693894034,-0.2130640812945553,10,5180112.0,4.041366254634903,4.563480234917864,4.640846352914756,30.170106875872946,30.805254454538243,-0.028484482057911015,3.619999885559082,3.549999952316284,59.02,3
PRAXIS,1204,NSE_EQ,2026-09-28,8.75,14.4399995803833,8.75,4.670000076293945,6.1320457973624585,20,7.939476096268082,50,8.072924097083353,14,0.19797435282923662,0.3435392779083722,4.670000076293945,36.55944035232704,12,26,9,5.533528569726506,6.502564754626667,-0.7596467269229236,10,7451078.0,6.1320457973624585,7.939476096268082,8.235492421348475,36.55944035232704,31.303831664278675,-0.2093894579772374,4.670000076293945,4.650000095367432,87.97,3
PRECAM,12603,NSE_EQ,2026-09-28,179.0,205.89999389648438,179.0,120.66000366210938,135.19691512971542,20,151.04061183196725,50,152.28063665522677,14,2.028356363209722,3.4400538180955524,120.66000366210938,37.09224977570293,12,26,9,129.69281641743024,138.48233949793658,-6.532136208090579,10,6850387.0,135.19691512971542,151.04061183196725,153.74474412433358,37.09224977570293,33.3947489401355,-2.257386872415763,120.66000366210938,119.98999786376953,1114.61,3
PRECOT,2711,NSE_EQ,2026-09-28,899.0,899.0,899.0,640.7000122070312,690.8324189100052,20,618.1430319871235,50,617.2223389169233,14,12.750241115662266,15.19108602040663,640.7000122070312,45.632195827961354,12,26,9,699.9453255745254,675.1769704728601,50.03666433395453,10,312417.0,690.8324189100052,618.1430319871235,615.490596651734,45.632195827961354,47.95531324294507,-25.26830923228924,640.7000122070312,639.7000122070312,754.9,3
PRECWIRE,2717,NSE_EQ,2026-09-28,524.9000244140625,524.9000244140625,524.9000244140625,502.6000061035156,425.1422806143621,20,353.2281699628668,50,347.1313603244729,14,15.228625201802227,7.760695843419681,502.6000061035156,66.24217031832413,12,26,9,449.98849064820314,408.21626122522406,37.79952682256185,10,42045729.0,425.1422806143621,353.2281699628668,341.77345691337035,66.24217031832413,63.49754217688533,3.972702600417229,502.6000061035156,488.8500061035156,8890.16,3
PREMEXPLN,17397,NSE_EQ,2026-09-28,829.7999877929688,829.7999877929688,829.7999877929688,680.3499755859375,649.6757328095503,20,598.3047422169826,50,594.955957181515,14,12.860254972434712,9.371495582070969,680.3499755859375,57.846344312406565,12,26,9,665.3239872566116,637.0004631701365,34.41759052410077,10,10684231.0,649.6757328095503,598.3047422169826,591.9643635970871,57.846344312406565,56.141288228092584,-6.094066437625649,680.3499755859375,680.9500122070312,3642.29,3
PREMIER,6248,NSE_EQ,2026-09-28,3.309999942779541,3.880000114440918,3.309999942779541,2.799999952316284,2.8631905678950105,20,3.0133598499773693,50,3.0220684172288417,14,0.03622492218153942,0.043700556057067526,2.799999952316284,45.32337244626139,12,26,9,2.82304937705734,2.892248576166749,-0.06357216198073563,10,561493.0,2.8631905678950105,3.0133598499773693,3.0319487619569667,45.32337244626139,44.328309134068974,-0.005627037128673115,2.799999952316284,2.990000009536743,8.5,3
PREMIERENE,25049,NSE_EQ,2026-09-28,1134.0,1134.0,1134.0,896.4000244140625,990.5206046047871,20,980.7125643429599,50,984.153892503323,14,13.295630050854964,20.22973329446284,896.4000244140625,39.65842193537881,12,26,9,985.6452339581444,987.2079739939418,20.34657245751293,10,48332477.0,990.5206046047871,980.7125643429599,987.5071126054995,39.65842193537881,40.137308721158995,-21.909312493310264,896.4000244140625,894.0,39602.2,3
PREMIERPOL,3908,NSE_EQ,2026-09-28,106.0,106.0,98.80000305175781,95.4000015258789,75.60539208129187,20,64.61358976514803,50,63.35700153001616,14,3.613381351582704,1.7981261280717362,95.4000015258789,66.7721769796656,12,26,9,81.60894794561561,72.27860655296934,7.578037989815268,10,35562398.0,75.60539208129187,64.61358976514803,62.619328110621886,66.7721769796656,59.25988634389463,1.7523034028310072,95.4000015258789,102.0,977.3,3
PRESTIGE,20302,NSE_EQ,2026-09-28,1741.5,1805.199951171875,1741.5,1477.800048828125,1526.808732516868,20,1511.0920334877426,50,1512.4508900044616,14,24.325493806088396,27.559286003267097,1477.800048828125,46.8836793669927,12,26,9,1534.747840496891,1520.6276393863154,28.603772363268973,10,22835204.0,1526.808732516868,1511.0920334877426,1515.6080701848095,46.8836793669927,43.56626760019501,-14.483571252693338,1477.800048828125,1470.0,62935.37,3
PRICOLLTD,19631,NSE_EQ,2026-09-28,823.0,823.0,823.0,759.4000244140625,692.526733562891,20,623.7243577765347,50,618.1865754647988,14,13.691426300730067,6.8819132031042844,759.4000244140625,66.54936257761328,12,26,9,726.8308374496172,673.6332930079,43.75292928045286,10,23171889.0,692.526733562891,623.7243577765347,612.092149973566,66.54936257761328,68.4750383454504,9.44461516126438,759.4000244140625,763.7999877929688,9208.55,3
PRIMESECU,11864,NSE_EQ,2026-09-28,324.0,325.0,324.0,301.8999938964844,286.8580031692918,20,282.04750373304967,50,281.23719801209313,14,4.505459633561719,3.2712362741038374,301.8999938964844,57.93539681962681,12,26,9,288.48814896880305,285.99358328702516,1.2340431389708837,10,1804845.0,286.8580031692918,282.04750373304967,280.5999405389739,57.93539681962681,55.88937437753537,1.2605225428070017,301.8999938964844,299.6499938964844,1020.76,3
PRIMO,756925,NSE_EQ,2026-09-28,26.899999618530273,26.899999618530273,26.899999618530273,25.280000686645508,23.137128787505002,20,23.629536301235213,50,23.562170407953158,14,0.9041737771264989,0.7381981421979203,25.280000686645508,55.052924766177554,12,26,9,23.165786282620125,23.119860310782432,0.09173611223671939,10,11336206.0,23.137128787505002,23.629536301235213,23.652463062095336,55.052924766177554,45.78680163101712,-0.045810140399025964,25.280000686645508,23.399999618530273,693.45,3
PRINCEPIPE,16045,NSE_EQ,2026-09-28,303.0,352.20001220703125,303.0,261.79998779296875,270.87815294552274,20,280.6384090715465,50,281.4073242257741,14,3.7039033089624605,4.384932574281917,261.79998779296875,45.79031349411987,12,26,9,272.3106431778351,270.5910828547385,2.321456505032036,10,9570102.0,270.87815294552274,280.6384090715465,281.88109305976616,45.79031349411987,49.271020650174066,-0.6018961819354063,261.79998779296875,261.20001220703125,2860.92,3
PRITI,8304,NSE_EQ,2026-09-28,54.5,85.0,54.5,33.779998779296875,38.07410238216183,20,50.367017199183,50,51.04403835917835,14,0.49747018911742646,1.0102857115507313,33.779998779296875,32.99408006939147,12,26,9,35.737973166690864,40.08566210013613,-4.589439012861404,10,277078.0,38.07410238216183,50.367017199183,51.76297868791315,32.99408006939147,31.86433202973646,0.2417500794161347,33.779998779296875,32.95000076293945,44.95,3
PRITIKAUTO,5292,NSE_EQ,2026-09-28,20.989999771118164,20.989999771118164,20.989999771118164,17.15999984741211,16.175115293272444,20,16.00942700271579,50,15.962464845789407,14,0.5089302334649682,0.41675888711368597,17.15999984741211,54.978525959863575,12,26,9,16.44077998359617,15.985724716116476,0.6546415125814902,10,5396067.0,16.175115293272444,16.00942700271579,16.009096076441047,54.978525959863575,45.05821026470061,-0.1995862451017969,17.15999984741211,17.670000076293945,304.81,3
PRIVISCL,8825,NSE_EQ,2026-09-28,3785.300048828125,3785.300048828125,3785.300048828125,3594.10009765625,3443.5271078000637,20,3152.623193918531,50,3134.6037284598488,14,57.62474513719833,41.114661669493046,3594.10009765625,58.36043278041368,12,26,9,3500.6055936223956,3388.9779442894087,140.40241285404377,10,3483672.0,3443.5271078000637,3152.623193918531,3121.9385785054037,58.36043278041368,53.32242118006687,-28.774763521056826,3594.10009765625,3524.199951171875,14129.42,3
PROSTARM,758173,NSE_EQ,2026-09-28,179.0,208.6999969482422,179.0,141.1699981689453,137.96801851233155,20,151.42048053607633,50,151.83886757146942,14,3.5249295981726196,3.382759000074227,141.1699981689453,51.02907503773748,12,26,9,135.884099840337,140.19676519304812,-5.546041828501791,10,14045832.0,137.96801851233155,151.42048053607633,152.7494336446193,51.02907503773748,44.32827165274227,1.2333764757906698,141.1699981689453,139.25999450683594,812.12,3
PROTEAN,29472,NSE_EQ,2026-09-28,696.75,909.5,696.75,690.7000122070312,573.4591875367282,20,670.3579411722578,50,669.5276525585936,14,20.505823082120976,12.585116618270257,690.7000122070312,61.96808935552391,12,26,9,564.6082328594885,585.8025891218247,-28.99991958609811,10,41663407.0,573.4591875367282,670.3579411722578,676.8430674469863,61.96808935552391,32.97465141333274,7.805563323761895,690.7000122070312,643.0,2856.75,3
PROZONER,28859,NSE_EQ,2026-09-28,69.0,72.7699966430664,69.0,56.75,48.841643920993604,20,48.41063275588112,50,48.07025041938647,14,1.4854776657956068,0.8860558298656079,56.75,62.63785303953449,12,26,9,49.14472303406314,48.94350220320726,-1.1608387287462538,10,11743835.0,48.841643920993604,48.41063275588112,47.86209745001671,62.63785303953449,58.12232536354159,1.362059559602135,56.75,54.43000030517578,844.15,3
PRSMJOHNSN,2739,NSE_EQ,2026-09-28,143.44000244140625,165.89999389648438,143.44000244140625,116.30999755859375,115.40631241952389,20,124.15087422589826,50,124.47091000823723,14,1.363241487635852,1.455166566117926,116.30999755859375,48.36920210400973,12,26,9,113.5136066523986,117.19922758513191,-4.923607087633158,10,114819304.0,115.40631241952389,124.15087422589826,124.77380416972618,48.36920210400973,49.29367511107939,1.2379861548998434,116.30999755859375,115.01000213623047,5804.15,3
PRUDENT,9553,NSE_EQ,2026-09-28,4105.5,4105.5,4105.5,3097.89990234375,3107.51156991957,20,2857.8330201500876,50,2848.0343718972854,14,61.92827571875956,56.457831884239006,3097.89990234375,52.31042473871402,12,26,9,3222.814035039094,3037.093629617888,179.60618644292543,10,2004458.0,3107.51156991957,2857.8330201500876,2821.358219825491,52.31042473871402,69.15467712915292,6.1142189782806895,3097.89990234375,3213.0,12984.52,3
PRUDMOULI,20527,NSE_EQ,2026-09-28,18.889999389648438,29.6299991607666,18.889999389648438,13.930000305175781,15.251366864796681,20,19.339952616164616,50,19.560766996204975,14,0.32121434599345167,0.4775828802966155,13.930000305175781,40.21225104715237,12,26,9,14.867089436326761,15.842638182423684,-1.3525697716939376,10,665574.0,15.251366864796681,19.339952616164616,19.776716650835233,40.21225104715237,41.47315379243342,0.3770210255970148,13.930000305175781,14.0,44.27,3
PSB,21001,NSE_EQ,2026-09-28,26.329999923706055,32.459999084472656,26.329999923706055,21.81999969482422,23.64825935301372,20,26.115847814528877,50,26.291188554108658,14,0.17702167932377827,0.3531498047249291,21.81999969482422,33.389513515878775,12,26,9,23.143118737419165,24.039873271698642,-0.8161382416432887,10,47046810.0,23.64825935301372,26.115847814528877,26.462257459114326,33.389513515878775,34.698469412125405,-0.08061629263618841,21.81999969482422,21.799999237060547,15108.39,3
PSPPROJECT,20877,NSE_EQ,2026-09-28,1143.0,1143.0,1143.0,806.6500244140625,882.504924060992,20,839.4428782291444,50,840.7813620583313,14,12.475210033297058,17.57105165775051,806.6500244140625,41.52000725272958,12,26,9,883.2183608167429,874.3977072059286,33.455289640007834,10,3234317.0,882.504924060992,839.4428782291444,842.0336635470004,41.52000725272958,41.8633504528121,-24.634636029193473,806.6500244140625,802.5999755859375,3120.44,3
PTC,11355,NSE_EQ,2026-09-28,229.50999450683594,229.50999450683594,229.50999450683594,155.08999633789062,168.51041853499441,20,172.05631298186896,50,172.74881570203132,14,3.2910642897133586,4.4592029365401515,155.08999633789062,42.46388148482286,12,26,9,164.09295105498833,170.09350110354922,-2.891412074099926,10,106021741.0,168.51041853499441,172.05631298186896,173.4230532520106,42.46388148482286,42.9147674000599,-3.109137974460956,155.08999633789062,156.35000610351562,4574.15,3
PTCIL,16682,NSE_EQ,2026-09-28,24125.0,24125.0,24125.0,21810.0,19854.341567371543,20,18040.631676782792,50,17886.77990848821,14,460.3433436018627,265.58555246700195,21810.0,63.41438481024354,12,26,9,20862.90317092683,19349.883256888832,1055.0366881030636,10,1592472.0,19854.341567371543,18040.631676782792,17686.036231283648,63.41438481024354,70.29672355437637,457.9832259349355,21810.0,21870.0,32393.85,3
PTL,14101,NSE_EQ,2026-09-28,43.77000045776367,43.77000045776367,43.77000045776367,38.2400016784668,39.17474657872754,20,39.495275678663404,50,39.54651135214081,14,0.2511526614704437,0.33042549969674867,38.2400016784668,43.18467890307219,12,26,9,38.93692419816628,39.25926257394121,-0.09796229000652301,10,1527340.0,39.17474657872754,39.495275678663404,39.59616480198106,43.18467890307219,43.66736423196374,-0.22437608576840307,38.2400016784668,38.189998626708984,503.91,3
PUNJABCHEM,4344,NSE_EQ,2026-09-28,1253.300048828125,1533.9000244140625,1253.300048828125,1077.5999755859375,1090.8520846009312,20,1106.7952506600147,50,1107.9868945405892,14,19.44837914394955,20.687974970252444,1077.5999755859375,48.455769272445856,12,26,9,1091.8242738045242,1093.1624839673539,-2.4230914084220188,10,619729.0,1090.8520846009312,1106.7952506600147,1109.304728963802,48.455769272445856,48.280887603631285,1.0848812455923365,1077.5999755859375,1051.699951171875,1303.36,3
PURVA,14922,NSE_EQ,2026-09-28,261.79998779296875,287.29998779296875,261.79998779296875,213.8699951171875,216.72554949388152,20,228.11776592259687,50,228.6993075881238,14,3.4780828577993934,3.813906265892584,213.8699951171875,47.69731274692878,12,26,9,216.3534789556158,217.9518767013412,-2.2704530623902865,10,51052953.0,216.72554949388152,228.11776592259687,229.3225449314847,47.69731274692878,47.470910406399675,0.6720553166648795,213.8699951171875,216.6300048828125,5002.87,3
PVP,4010,NSE_EQ,2026-09-28,72.04000091552734,72.04000091552734,71.9000015258789,61.939998626708984,44.08479524396938,20,36.0614462020856,50,35.0051787561826,14,2.6616778320219825,1.055288061140356,61.939998626708984,71.60888500264035,12,26,9,50.043977353933286,41.41456306294739,5.084626919381442,10,121900837.0,44.08479524396938,36.0614462020856,34.014369775647324,71.60888500264035,70.07943683478368,3.544787371604457,61.939998626708984,61.939998626708984,1545.73,3
PVRINOX,13147,NSE_EQ,2026-09-28,1357.800048828125,1357.800048828125,1339.800048828125,1254.5999755859375,1135.5832171918446,20,1088.358322255356,50,1081.5729486500259,14,21.86543487991475,10.889834930075978,1254.5999755859375,66.75394526362761,12,26,9,1183.2840743035179,1114.5832603331476,43.785924816475415,10,26281854.0,1135.5832171918446,1088.358322255356,1071.649397526685,66.75394526362761,78.79967373262065,24.914889153894876,1254.5999755859375,1264.9000244140625,12042.85,3
PVSL,23142,NSE_EQ,2026-09-28,124.0,163.0,124.0,98.66999816894531,102.39977005843075,20,109.90194590835864,50,110.3603927548653,14,1.7053100451520002,2.0616321270409297,98.66999816894531,45.27040679680123,12,26,9,102.13264465031824,103.13300427947961,-1.2403945412511335,10,1999740.0,102.39977005843075,109.90194590835864,110.83347014718362,45.27040679680123,45.356410085274064,0.24003491208976735,98.66999816894531,100.0,706.58,3
PYRAMID,18250,NSE_EQ,2026-09-28,198.69000244140625,198.69000244140625,198.69000244140625,162.2899932861328,162.7203358662818,20,163.17113398492765,50,163.20709891140905,14,2.9763022592607373,3.0101052934454993,162.2899932861328,49.71766845234684,12,26,9,162.00062485831296,162.73524605446002,0.7425725699137279,10,8306512.0,162.7203358662818,163.17113398492765,163.562898642766,49.71766845234684,44.55778123163756,-1.477193766060788,162.2899932861328,160.0800018310547,586.39,3
QMSMEDI,751653,NSE_EQ,2026-09-28,199.89999389648438,199.89999389648438,177.36000061035156,196.63999938964844,131.88336856878806,20,111.2325964600911,50,107.74658001398672,14,6.2266261030570815,0.6173896780804542,196.63999938964844,90.97913129040391,12,26,9,147.1338527684572,124.68962776230059,14.37066285070465,10,1814078.0,131.88336856878806,111.2325964600911,104.90521590801264,90.97913129040391,88.7067126524251,8.07356215545195,196.63999938964844,187.0,367.52,3
QPOWER,29711,NSE_EQ,2026-09-28,1570.0,1570.0,1570.0,1517.800048828125,1276.1807970191808,20,1070.2404758316104,50,1051.9727381582832,14,47.63017476326933,24.717280048660587,1517.800048828125,65.83531499081185,12,26,9,1356.107042271748,1226.5788238998955,105.96204506282858,10,12400048.0,1276.1807970191808,1070.2404758316104,1032.2124427530728,65.83531499081185,67.04668088448025,23.566173309023938,1517.800048828125,1502.0,11732.78,3
QUADFUTURE,29087,NSE_EQ,2026-09-28,559.7000122070312,559.7000122070312,554.4000244140625,547.5,411.3530568005466,20,390.0325445533257,50,383.60530147386964,14,18.913007405605907,7.338597065096124,547.5,72.04514842783675,12,26,9,440.41962697728155,398.4436862278062,25.41545518314974,10,72467518.0,411.3530568005466,390.0325445533257,377.7034765459855,72.04514842783675,70.49577027695277,16.560485566325603,547.5,502.8500061035156,2220.6,3
QUESS,17704,NSE_EQ,2026-09-28,388.75,388.75,388.75,340.8999938964844,303.00967703878734,20,286.5052088970117,50,284.28501359091075,14,8.454766633493904,4.556401831567738,340.8999938964844,64.98084054631329,12,26,9,325.7956850142,291.6227907647903,29.14945725706436,10,50209913.0,303.00967703878734,286.5052088970117,281.53542255803023,64.98084054631329,69.05620882285594,5.023436992345335,340.8999938964844,355.0,5071.78,3
QUICKHEAL,13116,NSE_EQ,2026-09-28,243.25,371.3999938964844,243.25,147.0399932861328,160.33852119410528,20,203.37616926990967,50,205.67560502434952,14,2.7731843391076274,4.450376929455774,147.0399932861328,38.39081909883418,12,26,9,152.51704195059767,167.5357851195484,-16.593211690255004,10,5969885.0,160.33852119410528,203.37616926990967,207.84767026151206,38.39081909883418,40.56487712253425,1.5744685213042828,147.0399932861328,146.02000427246094,812.0,3
QUINTEGRA,9355,NSE_EQ,2026-09-28,1.5099999904632568,2.049999952316284,1.5099999904632568,1.1200000047683716,1.2824433524795764,20,1.3960613626308591,50,1.4073291731558586,14,0.012254738774958945,0.026796392424089235,1.1200000047683716,31.381264508049995,12,26,9,1.2459781733280708,1.305232636742144,-0.03943453098539086,10,277018.0,1.2824433524795764,1.3960613626308591,1.4178324056863778,31.381264508049995,33.203227216110406,-0.019819932428682394,1.1200000047683716,1.1200000047683716,2.96,3
RACE,15391,NSE_EQ,2026-09-28,144.6699981689453,240.0,144.6699981689453,117.9000015258789,109.44838054179152,20,137.27763077830036,50,138.06855442125635,14,2.5320245310626484,2.249370521328396,117.9000015258789,52.955769253922085,12,26,9,105.99560140290829,113.44683177435073,-9.352266346589383,10,2252813.0,109.44838054179152,137.27763077830036,139.75298508939915,52.955769253922085,31.301246442863103,1.9010359751469483,117.9000015258789,117.5,228.75,3
RACLGEAR,27171,NSE_EQ,2026-09-28,1927.699951171875,1927.699951171875,1927.699951171875,1686.5,1464.6421714781784,20,1292.6747589487477,50,1276.6002593140026,14,48.28332142566859,27.454667508064794,1686.5,63.75046671481317,12,26,9,1542.3313845572466,1421.912633421965,85.50647718543202,10,3767484.0,1464.6421714781784,1292.6747589487477,1256.83292196298,63.75046671481317,68.56118098593139,34.91227394984956,1686.5,1660.0,1953.76,3
RADAAN,10932,NSE_EQ,2026-09-28,3.7300000190734863,3.990000009536743,3.7300000190734863,2.990000009536743,3.0089972322304046,20,3.161724723884031,50,3.168733895898206,14,0.06089574564875315,0.06501535338503561,2.990000009536743,48.364080780846436,12,26,9,2.973920281173237,3.0383156703577425,-0.0625550071498315,10,2785099.0,3.0089972322304046,3.161724723884031,3.1837842609423657,48.364080780846436,42.12609358487708,-0.0018403820346742095,2.990000009536743,3.1500000953674316,16.4,3
RADHIKAJWE,10347,NSE_EQ,2026-09-28,97.5,97.5,97.5,69.87999725341797,68.6677529018596,20,70.69893628300403,50,70.73236236584428,14,1.9366465182408341,1.822016496858252,69.87999725341797,51.52487760836894,12,26,9,70.54019362970269,68.37446355191874,0.5755864731106923,10,112639966.0,68.6677529018596,70.69893628300403,70.71164254960243,51.52487760836894,52.891871620361336,1.5901436046732558,69.87999725341797,70.98999786376953,815.66,3
RADIANTCMS,13580,NSE_EQ,2026-09-28,45.29999923706055,57.4900016784668,45.29999923706055,35.66999816894531,38.35446987949006,20,43.53888815338468,50,43.86006733642302,14,0.7748802684650312,1.0595206325479711,35.66999816894531,42.24159877140939,12,26,9,37.43076882624299,39.21403616729818,-1.931620136498845,10,14568564.0,38.35446987949006,43.53888815338468,44.20455995550375,42.24159877140939,41.6738172262039,0.14835279544365165,35.66999816894531,35.0099983215332,376.74,3
RADICO,10990,NSE_EQ,2026-09-28,4747.0,4747.0,4747.0,4557.10009765625,4128.8687633455565,20,3591.121754461333,50,3551.694066983989,14,70.93430232561084,25.47565930144255,4557.10009765625,73.57569812132994,12,26,9,4350.138106160444,3987.4732593991703,354.6398394198292,10,15610107.0,4128.8687633455565,3591.121754461333,3511.5428083978763,73.57569812132994,73.14392435845198,8.025007341444848,4557.10009765625,4494.89990234375,60471.52,3
RADIOCITY,19877,NSE_EQ,2026-09-28,7.349999904632568,8.699999809265137,7.349999904632568,6.050000190734863,6.2928245434168595,20,6.826770543133753,50,6.858475455476565,14,0.07471679476002395,0.0970048498759037,6.050000190734863,43.510411817003806,12,26,9,6.284229768451386,6.329773864920733,-0.03463107752895778,10,3116032.0,6.2928245434168595,6.826770543133753,6.89310709737839,43.510411817003806,42.55462380262767,-0.010913018940388985,6.050000190734863,5.980000019073486,202.55,3
RAILTEL,2431,NSE_EQ,2026-09-28,353.8999938964844,400.79998779296875,353.8999938964844,260.1499938964844,288.39357085039023,20,311.49197858594476,50,313.58756979775944,14,3.0531972361997863,5.7264545613414475,260.1499938964844,34.77583515390489,12,26,9,279.08228359778275,294.0269178593844,-11.975190342754745,10,35999830.0,288.39357085039023,311.49197858594476,315.5707359119537,34.77583515390489,36.20439435997008,-2.9694439188469186,260.1499938964844,261.0,8277.05,3
RAIN,15337,NSE_EQ,2026-09-28,252.0,252.0,252.0,219.35000610351562,197.23616411172222,20,173.12120074525822,50,171.23431073063546,14,5.249850104996783,2.9347879035244975,219.35000610351562,64.14272811492702,12,26,9,207.44468399066892,190.2968746471065,18.121898287752163,10,221790802.0,197.23616411172222,173.12120074525822,169.77775205968405,64.14272811492702,59.77968661104879,-0.9740889441897487,219.35000610351562,218.99000549316406,7217.54,3
RAINBOW,9408,NSE_EQ,2026-09-28,1610.0,1610.0,1610.0,1374.199951171875,1415.7338724574795,20,1375.5959450595392,50,1375.6529244018927,14,15.945577823469774,17.925911230756434,1374.199951171875,47.076695677423174,12,26,9,1435.0265222056262,1401.895663416882,43.77177539401859,10,4682339.0,1415.7338724574795,1375.5959450595392,1372.426515145975,47.076695677423174,56.702466191325,-10.640916605274327,1374.199951171875,1410.0,13866.63,3
RAJMET,2168,NSE_EQ,2026-09-28,4.199999809265137,5.28000020980835,4.199999809265137,3.109999895095825,3.4306721691187074,20,3.9830314956672073,50,4.018665438547671,14,0.04591742505894526,0.07871998608136356,3.109999895095825,36.8408045697085,12,26,9,3.3015079822752273,3.52103851160381,-0.20314247114449416,10,18374608.0,3.4306721691187074,3.9830314956672073,4.054121166840742,36.8408045697085,37.70514805070212,-0.016388058184088367,3.109999895095825,3.109999895095825,86.27,3
RAJOOENG,757052,NSE_EQ,2026-09-28,74.75,95.05999755859375,74.75,53.08000183105469,54.2579879252997,20,66.76953186052242,50,67.3282881882558,14,0.9650847839283782,1.2239113669955528,53.08000183105469,44.088007350813996,12,26,9,52.821578103274426,56.045728524008,-4.265819767270254,10,8489540.0,54.2579879252997,66.76953186052242,67.91352437232882,44.088007350813996,43.923322942861134,1.0416693465366818,53.08000183105469,54.119998931884766,1077.76,3
RAJRATAN,18962,NSE_EQ,2026-09-28,563.9500122070312,563.9500122070312,563.9500122070312,472.5,471.44538444966815,20,450.2335966419972,50,449.32476385187465,14,8.579375298761722,7.915375197355042,472.5,52.01276188313064,12,26,9,480.6655281984702,464.8657331195749,18.686778244774548,10,6308431.0,471.44538444966815,450.2335966419972,449.1910804946648,52.01276188313064,47.48752127787823,-2.8869831658792187,472.5,473.0,2336.64,3
RAJRILTD,8428,NSE_EQ,2026-09-28,24.709999084472656,28.489999771118164,24.709999084472656,20.899999618530273,21.59423850359134,20,22.216535555891344,50,22.270271716599957,14,0.2867624124451135,0.34828201742614684,20.899999618530273,45.156275522839806,12,26,9,21.53324250199583,21.68165967343749,-0.1286761259719078,10,661853.0,21.59423850359134,22.216535555891344,22.329466492998968,45.156275522839806,44.65829777202108,-0.019741045469753304,20.899999618530273,20.979999542236328,1173.43,3
RAJSREESUG,2809,NSE_EQ,2026-09-28,42.0,42.47999954223633,42.0,31.809999465942383,32.96589108189799,20,34.82074055379236,50,34.94362794513318,14,0.8093020828636182,0.9066722770358415,31.809999465942383,47.162830737811014,12,26,9,33.08707436186243,33.045131055340015,-0.03626387460428328,10,4498434.0,32.96589108189799,34.82074055379236,35.06908211272093,47.162830737811014,47.280919419333706,0.0782071811266959,31.809999465942383,31.149999618530273,103.92,3
RAJTV,14403,NSE_EQ,2026-09-28,36.59000015258789,46.900001525878906,38.9900016784668,10.760000228881836,13.85159792029207,20,24.85278616434707,50,25.428001916815038,14,0.3178471101283619,0.7689388553169936,10.760000228881836,29.246523256132676,12,26,9,10.952763957366153,16.230385616602945,-6.0335790413345975,10,2903250.0,13.85159792029207,24.85278616434707,26.114859122339332,29.246523256132676,17.540092308464494,0.7559573820978063,10.760000228881836,10.600000381469727,59.88,3
RALLIS,2816,NSE_EQ,2026-09-28,283.0,315.0,283.0,200.3800048828125,221.49975486691952,20,243.85487885531774,50,245.62936350725673,14,1.6175554311649765,3.74386208357748,200.3800048828125,30.170294082061957,12,26,9,212.96913849872328,227.14172252172446,-13.20708081047982,10,30857909.0,221.49975486691952,243.85487885531774,247.33668434217503,30.170294082061957,31.61058680718817,-0.9655032125213587,200.3800048828125,199.8000030517578,3885.11,3
RAMANEWS,13565,NSE_EQ,2026-09-28,36.45000076293945,42.0,36.45000076293945,31.100000381469727,30.870086908239628,20,30.736323682740043,50,30.72147973585312,14,0.4219308167999026,0.40572140152541236,31.100000381469727,50.97924073152903,12,26,9,30.957996362734203,30.88566221560998,-0.13185411442224815,10,1746414.0,30.870086908239628,30.736323682740043,30.696642177165245,50.97924073152903,52.0116494887073,0.20418826154647174,31.100000381469727,31.06999969482422,456.57,3
RAMAPHO,10568,NSE_EQ,2026-09-28,146.85000610351562,217.19000244140625,146.85000610351562,122.25,125.9226879691818,20,131.18949393704187,50,131.5543712405946,14,1.8888436933828732,2.321892520859372,122.25,44.857801516849115,12,26,9,123.85234266628669,127.61537022395254,-4.1815591107107375,10,1293838.0,125.9226879691818,131.18949393704187,131.9904679138196,44.857801516849115,43.536007647926965,0.418531553044887,122.25,122.48999786376953,435.46,3
RAMASTEEL,10304,NSE_EQ,2026-09-28,6.199999809265137,11.289999961853027,6.199999809265137,4.480000019073486,4.736984925353488,20,6.29645854807118,50,6.3705997125200655,14,0.13078287354824386,0.17841219939831257,4.480000019073486,42.297851741916126,12,26,9,4.409219973301032,5.0454541267983615,-0.7593032555867374,10,88121979.0,4.736984925353488,6.29645854807118,6.455930304467482,42.297851741916126,39.50270280795285,0.12306910208940791,4.480000019073486,4.480000019073486,750.05,3
RAMCOCEM,2043,NSE_EQ,2026-09-28,1024.449951171875,1214.5,1024.449951171875,867.5499877929688,910.8730810359982,20,950.6658831713357,50,954.0583686969833,14,6.393865679007827,10.758336176031742,867.5499877929688,37.277229670249106,12,26,9,894.1720876350647,922.5051713892806,-27.468118102799206,10,11654683.0,910.8730810359982,950.6658831713357,957.4995266029825,37.277229670249106,37.6219112145251,-0.8649656514166573,867.5499877929688,868.0,20222.61,3
RAMCOIND,4587,NSE_EQ,2026-09-28,395.5,395.5,395.5,319.95001220703125,323.13254047053823,20,309.7635888493312,50,309.3478164673843,14,6.350743843935902,6.291481211164421,319.95001220703125,50.23438371217563,12,26,9,328.33482424112844,319.6883457940522,10.41460931448113,10,30013130.0,323.13254047053823,309.7635888493312,308.4191556659095,50.23438371217563,53.93702367823526,-1.7681308674049099,319.95001220703125,315.8999938964844,2713.3,3
RAMCOSYS,7851,NSE_EQ,2026-09-28,967.5,967.5,967.5,580.2000122070312,586.9110318980793,20,540.7248544264211,50,539.1136234966002,14,20.580766028670833,20.152823968790205,580.2000122070312,50.525293817592924,12,26,9,597.5386215838653,576.3532065962812,33.760185058232985,10,9006032.0,586.9110318980793,540.7248544264211,537.9651999658491,50.525293817592924,49.37568898701386,-12.574770070648917,580.2000122070312,581.0,2159.77,3
RAMKY,20134,NSE_EQ,2026-09-28,527.0,705.0,527.0,312.1499938964844,387.8953796192505,20,447.15698172245607,50,452.6674710214753,14,3.574226019861945,10.773707822748088,312.1499938964844,24.911085171352852,12,26,9,363.0615785383833,403.379041847574,-34.78050474026587,10,1746279.0,387.8953796192505,447.15698172245607,458.10900020180014,24.911085171352852,25.837192127405444,-5.536958568924845,312.1499938964844,311.1000061035156,2131.27,3
RAMRAT,10485,NSE_EQ,2026-09-28,602.4500122070312,602.4500122070312,602.4500122070312,570.0,472.0583442248978,20,405.13195515398604,50,398.40264720108746,14,15.856007582490546,6.663072368737656,570.0,70.41143606591153,12,26,9,505.6825466364249,453.23963806088824,41.46002381548537,10,18474587.0,472.0583442248978,405.13195515398604,392.02112259705024,70.41143606591153,68.90743655741085,10.982884760051277,570.0,548.4000244140625,5303.91,3
RANASUG,2837,NSE_EQ,2026-09-28,16.450000762939453,16.450000762939453,16.450000762939453,14.40999984741211,13.506169414138427,20,13.490479690743665,50,13.452948255777606,14,0.23611431687591436,0.15486890601166103,14.40999984741211,60.389884540853416,12,26,9,13.874037552512878,13.368054175063914,0.2758697968812391,10,30405698.0,13.506169414138427,13.490479690743665,13.413068580291966,60.389884540853416,60.61135088746375,0.23011358056772419,14.40999984741211,13.989999771118164,218.76,3
RANEHOLDIN,2844,NSE_EQ,2026-09-28,1894.5,1894.5,1894.5,1580.5999755859375,1582.0794151568193,20,1493.409295254923,50,1489.850491976106,14,28.43030088585633,25.925700189956327,1580.5999755859375,52.30388609015473,12,26,9,1625.5663419854118,1552.284841082345,89.70110348731103,10,896128.0,1582.0794151568193,1493.409295254923,1485.419898815373,52.30388609015473,53.55661996037555,-16.41960258424436,1580.5999755859375,1598.5,2199.08,3
RATEGAIN,7177,NSE_EQ,2026-09-28,1050.0,1050.0,1050.0,827.75,840.5032371437271,20,742.5291266572606,50,739.0507236636793,14,17.80810708901989,16.470339469544353,827.75,51.951324744530034,12,26,9,873.4522470273722,814.4194448444543,75.33933616525579,10,21294827.0,840.5032371437271,742.5291266572606,734.1793236330514,51.951324744530034,55.495711287705625,-16.306533982337925,827.75,826.0,9680.7,3
RATNAMANI,13451,NSE_EQ,2026-09-28,3345.0,3345.0,3345.0,2778.300048828125,2582.7848483734665,20,2544.072514118431,50,2534.51220657926,14,63.27956470661793,46.35236039717238,2778.300048828125,57.720015995988526,12,26,9,2629.6658038776663,2561.0348819845713,35.2875965042663,10,4560946.0,2582.7848483734665,2544.072514118431,2521.2637212291784,57.720015995988526,60.92746418931481,33.343325388828795,2778.300048828125,2841.300048828125,19406.01,3
RATNAVEER,18423,NSE_EQ,2026-09-28,343.75,343.75,331.95001220703125,333.95001220703125,233.71325197151742,20,194.1523357709565,50,188.44630816132081,14,11.562253671876144,2.722978738574255,333.95001220703125,80.93850586160396,12,26,9,260.2706661953478,220.81115750266744,26.194868684625995,10,439315081.0,233.71325197151742,194.1523357709565,183.92370849443597,80.93850586160396,76.93692616525904,13.264640008054378,333.95001220703125,324.8999938964844,2365.87,3
RAYMOND,2859,NSE_EQ,2026-09-28,1223.8499755859375,1223.8499755859375,1122.0,1196.6500244140625,708.6818305449813,20,659.8745836360154,50,637.9653819716052,14,49.30964383805375,8.617287936313165,1196.6500244140625,85.12386609758886,12,26,9,796.5095130371134,671.984184944833,66.9230171022727,10,143961436.0,708.6818305449813,659.8745836360154,624.0864179704462,85.12386609758886,79.63252950685921,57.60231099000765,1196.6500244140625,1208.9000244140625,8082.01,3
RAYMONDLSL,25073,NSE_EQ,2026-09-28,844.4000244140625,1246.4000244140625,859.0,687.5999755859375,735.2624129436242,20,883.966946382107,50,891.9819247819507,14,12.127586421171188,17.999748606450627,687.5999755859375,40.25442811338004,12,26,9,706.762837809973,759.5398327274761,-55.644516327103275,10,12543883.0,735.2624129436242,883.966946382107,901.9260859736247,40.25442811338004,34.124197271725066,2.8675214096001866,687.5999755859375,685.0,4114.91,3
RAYMONDREL,758551,NSE_EQ,2026-09-28,741.9500122070312,741.9500122070312,734.9000244140625,711.2999877929688,596.6692742933924,20,584.7258968862169,50,579.5596074614515,14,24.465875051613107,15.297353748372858,711.2999877929688,61.52889438299775,12,26,9,610.4587452511383,589.2354382463176,22.00233675314153,10,58959570.0,596.6692742933924,584.7258968862169,579.2028572438386,61.52889438299775,50.61787884458838,-0.7790297483207773,711.2999877929688,702.0,4657.62,3
RBA,1494,NSE_EQ,2026-09-28,111.1500015258789,111.1500015258789,111.1500015258789,92.51000213623047,84.32967630036377,20,77.43183108918251,50,76.81639553624179,14,2.284431795317154,1.421681464997859,92.51000213623047,61.63955699300408,12,26,9,89.64676474147564,81.65138833594852,6.382478278050372,10,553039292.0,84.32967630036377,77.43183108918251,76.06930952765646,61.63955699300408,64.90444529950196,1.6128981274767389,92.51000213623047,90.6500015258789,5820.79,3
RBLBANK,18391,NSE_EQ,2026-09-28,429.6000061035156,429.6000061035156,420.3999938964844,415.04998779296875,378.6376260647532,20,339.4131582768155,50,336.32594074554396,14,7.0013041255958015,3.3791116952613294,415.04998779296875,67.4472414826412,12,26,9,393.0055167646005,369.4094056469331,21.037425966855963,10,163635950.0,378.6376260647532,339.4131582768155,333.07802020877085,67.4472414826412,67.84405922526048,2.5586851508113995,415.04998779296875,412.6000061035156,63010.83,3
RBZJEWEL,20893,NSE_EQ,2026-09-28,204.6999969482422,204.6999969482422,204.6999969482422,180.8699951171875,153.8540057447161,20,146.089502611958,50,144.66989067296905,14,6.540622495681163,4.186716777267539,180.8699951171875,60.97152638935129,12,26,9,161.1267596010714,150.67825769311955,6.162693462753877,10,40455961.0,153.8540057447161,146.089502611958,143.513559680029,60.97152638935129,58.81322443401538,4.285808445197974,180.8699951171875,172.3000030517578,760.74,3
RCF,2866,NSE_EQ,2026-09-28,140.0,157.1999969482422,140.0,108.58000183105469,121.50993813846803,20,129.35221897047504,50,130.20006456800238,14,1.1204429146709092,2.2810919123356697,108.58000183105469,32.939333908185276,12,26,9,118.11631173760613,123.38038148491789,-3.4612408936393786,10,61337776.0,121.50993813846803,129.35221897047504,131.06210794502064,32.939333908185276,33.28884891292272,-1.8028288536723869,108.58000183105469,108.4000015258789,5916.68,3
RCOM,13188,NSE_EQ,2026-09-28,1.090000033378601,1.5099999904632568,1.090000033378601,0.9300000071525574,0.8980594658114536,20,1.033983872967723,50,1.0382281123887502,14,0.02271975018758825,0.02210496139296558,0.9300000071525574,50.685769939108084,12,26,9,0.8858067208993645,0.918060478257268,-0.0532744406207445,10,128634052.0,0.8980594658114536,1.033983872967723,1.0430537489479115,50.685769939108084,49.88721913813275,0.021020683262841018,0.9300000071525574,0.949999988079071,244.07,3
RECLTD,15355,NSE_EQ,2026-09-28,387.45001220703125,390.29998779296875,387.45001220703125,312.95001220703125,337.1970301056921,20,354.16534468866985,50,355.84760315730813,14,2.9176358172658268,5.1057617816578915,312.95001220703125,36.36409365599939,12,26,9,330.06726278754627,340.83370907287696,-6.306680871123847,10,236620925.0,337.1970301056921,354.16534468866985,357.63730124536147,36.36409365599939,35.821301274908535,-4.45976541420684,312.95001220703125,309.20001220703125,80813.34,3
REDINGTON,14255,NSE_EQ,2026-09-28,419.5,419.5,413.20001220703125,407.25,324.4230561250267,20,286.70032049800864,50,281.77992541629465,14,11.2425233025167,3.7758897143361407,407.25,74.85826425136236,12,26,9,351.06872394200343,311.86706420689194,26.815552889711878,10,398487780.0,324.4230561250267,286.70032049800864,276.9607384494693,74.85826425136236,73.94112573472027,12.386106845399613,407.25,406.5,31373.84,3
REDTAPE,17859,NSE_EQ,2026-09-28,158.99000549316406,158.99000549316406,158.99000549316406,121.05000305175781,126.22828370312496,20,144.0731389390374,50,145.01285877117124,14,2.0783743923229365,2.584069867466775,121.05000305175781,44.57692739079902,12,26,9,124.42051716536709,127.36442891077411,-1.4542667770512163,10,55768858.0,126.22828370312496,144.0731389390374,146.14195510982634,44.57692739079902,41.24654596144831,-1.489644968355805,121.05000305175781,122.9000015258789,6583.04,3
REFEX,17764,NSE_EQ,2026-09-28,371.3999938964844,382.3999938964844,371.3999938964844,285.79998779296875,290.9043712450447,20,298.6694185960763,50,299.194701485999,14,5.465462412171621,5.861861945401206,285.79998779296875,48.25025080629666,12,26,9,290.390324419914,290.85500238786204,4.170632788528779,10,24759602.0,290.9043712450447,298.6694185960763,300.31081150161054,48.25025080629666,43.25892618964608,-4.635310756476813,285.79998779296875,281.0,3816.86,3
REGAAL,758680,NSE_EQ,2026-09-28,103.0,103.0,103.0,89.9800033569336,84.58538540995349,20,83.30115210829257,50,83.02854593487865,14,2.6107353441435825,2.206270944545168,89.9800033569336,54.19829636249567,12,26,9,86.04584198613239,84.20688756434876,1.2617706128667676,10,26748304.0,84.58538540995349,83.30115210829257,82.98767030857587,54.19829636249567,49.766212437384546,0.5771838089168584,89.9800033569336,91.05999755859375,894.1,3
REGENCERAM,4130,NSE_EQ,2026-09-28,53.29999923706055,54.9900016784668,53.29999923706055,33.38999938964844,36.76081613919373,20,40.56712833417748,50,40.86007237272968,14,0.621437326270679,0.9700092121771938,33.38999938964844,39.04858323904256,12,26,9,35.135349399532465,37.76923253189018,-2.434406127696186,10,667405.0,36.76081613919373,40.56712833417748,41.199259031328424,39.04858323904256,36.660588879338235,-0.19947700466153062,33.38999938964844,34.779998779296875,88.16,3
RELAXO,24225,NSE_EQ,2026-09-28,454.70001220703125,473.1000061035156,454.70001220703125,297.0,352.46974486799843,20,377.37982608881214,50,380.6606353169269,14,7.478555258079831,11.992073927964181,297.0,38.40941752123883,12,26,9,346.6840588901189,355.1485814858451,1.5840774735766858,10,13072657.0,352.46974486799843,377.37982608881214,384.31004900333204,38.40941752123883,37.082227330633444,-10.048600069302923,297.0,293.95001220703125,7249.1,3
RELCHEMQ,9652,NSE_EQ,2026-09-28,148.8000030517578,163.0,148.8000030517578,118.22000122070312,122.24558730262726,20,132.68367163105128,50,133.27402552535122,14,2.126576833878159,2.5852571874251944,118.22000122070312,45.132677090563575,12,26,9,120.04856987836436,123.88538308627997,-3.1994096444004665,10,344142.0,122.24558730262726,132.68367163105128,133.82806750809036,45.132677090563575,46.168506575113916,-0.6374035635151447,118.22000122070312,116.0199966430664,89.08,3
RELIABLE,24378,NSE_EQ,2026-09-28,159.89999389648438,175.0,159.89999389648438,147.6999969482422,141.2153676323424,20,133.9009206948078,50,133.3376930926268,14,2.6100420757003997,2.028444299811143,147.6999969482422,56.26926252235803,12,26,9,141.93933154210634,140.32209827188558,2.0640602750448833,10,1869422.0,141.2153676323424,133.9009206948078,133.05759905770373,56.26926252235803,50.5591766879895,-0.44682700482411786,147.6999969482422,150.0,149.39,3
RELIANCE,2885,NSE_EQ,2026-09-28,1473.4000244140625,1611.800048828125,1473.4000244140625,1226.0,1304.7413682271924,20,1349.2863139166077,50,1354.3184083621836,14,10.122277245809608,17.338570696600044,1226.0,36.86075997011399,12,26,9,1283.844910773823,1317.8506138930072,-29.054864574907718,10,482989204.0,1304.7413682271924,1349.2863139166077,1359.5395668906783,36.86075997011399,36.89915375478807,-4.9508385442766,1226.0,1210.5,1632380.78,3
RELIGARE,15068,NSE_EQ,2026-09-28,280.0,280.0,280.0,242.27000427246094,244.7602180822466,20,242.07430896858048,50,242.0663214051568,14,3.9869854613430156,4.086080096372341,242.27000427246094,49.386263902349825,12,26,9,246.52815843856658,243.69865405904432,3.1177324031968165,10,50829279.0,244.7602180822466,242.07430896858048,241.61923230853213,49.386263902349825,54.577299303792664,-0.288228023674554,242.27000427246094,239.0,7947.82,3
RELINFRA,4791,NSE_EQ,2026-09-28,91.0,255.7899932861328,91.0,45.20000076293945,68.41176751019457,20,110.4911239917521,50,113.15606779700975,14,1.837249934648786,4.327847598951736,45.20000076293945,29.800825122969314,12,26,9,60.14537695330007,76.1777752249214,-17.28055085021762,10,14754852.0,68.41176751019457,110.4911239917521,115.73427457735845,29.800825122969314,31.551850518605292,1.2481525785962866,45.20000076293945,45.20000076293945,1809.87,3
RELTD,24596,NSE_EQ,2026-09-28,196.4499969482422,196.4499969482422,196.4499969482422,148.77000427246094,155.67948004468516,20,149.99221883659055,50,150.04210514533054,14,2.7837578021984166,3.2038790057384143,148.77000427246094,46.49176113201195,12,26,9,156.95972133735953,154.44442801931308,4.51287672512807,10,7729845.0,155.67948004468516,149.99221883659055,150.1421912191036,46.49176113201195,45.72778643007376,-1.997583407081624,148.77000427246094,147.49000549316406,2665.41,3
REMSONSIND,3965,NSE_EQ,2026-09-28,132.8000030517578,152.4499969482422,125.0,116.80000305175781,94.30760130106724,20,102.55173977904101,50,101.97017801280766,14,3.566833577393521,1.9358590014312116,116.80000305175781,64.81978642818035,12,26,9,95.07703671177913,95.3586052309329,-4.227522160039224,10,11390503.0,94.30760130106724,102.55173977904101,102.10528716997902,64.81978642818035,53.984574045929,3.9459536408854587,116.80000305175781,116.4000015258789,445.59,3
RENUKA,12026,NSE_EQ,2026-09-28,30.299999237060547,31.770000457763672,30.299999237060547,23.309999465942383,23.746997689791012,20,25.59886313067774,50,25.69228613740163,14,0.39207801356798516,0.45120192330941933,23.309999465942383,46.49440789731314,12,26,9,23.524526851206186,24.02617417191518,-0.73943203630185,10,859990811.0,23.746997689791012,25.59886313067774,25.79972640970609,46.49440789731314,45.336871409642264,0.2377847155928562,23.309999465942383,22.920000076293945,4932.63,3
REPCOHOME,29598,NSE_EQ,2026-09-28,439.8999938964844,455.8999938964844,439.8999938964844,347.70001220703125,375.33669417166834,20,386.66292671120806,50,388.25324975219485,14,3.554797551364723,5.971278757163505,347.70001220703125,37.31649250155898,12,26,9,368.11522493013086,378.65572676762196,-6.168543043491223,10,4324288.0,375.33669417166834,386.66292671120806,389.63093341554975,37.31649250155898,39.32140327498537,-4.37195879399987,347.70001220703125,352.0,2143.05,3
REPL,1480,NSE_EQ,2026-09-28,91.0,154.49000549316406,91.0,61.4900016784668,67.80107295808455,20,91.11394147361194,50,92.32308187341378,14,1.1326858759581662,1.9826548360929086,61.4900016784668,36.35833061779075,12,26,9,63.81127761329724,71.80666484692385,-9.340990610818348,10,188554.0,67.80107295808455,91.11394147361194,93.71912607510885,36.35833061779075,31.02912596787145,1.3456033771917397,61.4900016784668,64.05000305175781,108.42,3
REPRO,13126,NSE_EQ,2026-09-28,419.70001220703125,590.0,419.70001220703125,288.25,342.1552340606701,20,389.24576763007593,50,393.36804385987494,14,3.8115920796605667,8.865303571151784,288.25,30.067235580789173,12,26,9,327.044913639173,352.3005754217675,-21.309960794223883,10,1286050.0,342.1552340606701,389.24576763007593,396.96469871129835,30.067235580789173,33.252392786346036,-3.945700988370646,288.25,307.95001220703125,483.79,3
RESPONIND,20323,NSE_EQ,2026-09-28,240.89999389648438,240.89999389648438,240.89999389648438,161.22999572753906,170.30654566614618,20,179.41045872811415,50,180.15251844242334,14,5.226795126040641,6.066135903483579,161.22999572753906,46.28377798797953,12,26,9,167.39781663236988,171.87845981056427,-2.4283831961143316,10,68622254.0,170.30654566614618,179.41045872811415,181.0085399022863,46.28377798797953,45.57812152359904,-2.0522599820800527,161.22999572753906,155.0,4349.35,3
RETAIL,24145,NSE_EQ,2026-09-28,26.3700008392334,36.540000915527344,26.3700008392334,20.059999465942383,18.569803407745884,20,22.5388940532293,50,22.64007342413897,14,0.5509210321114374,0.4963279598035517,20.059999465942383,52.60649915776273,12,26,9,18.041391358167882,19.229067480134773,-1.7034285075451636,10,317701.0,18.569803407745884,22.5388940532293,22.84211721557086,52.60649915776273,43.46826008332955,0.5157523855782722,20.059999465942383,17.979999542236328,19.63,3
RGL,15129,NSE_EQ,2026-09-28,173.8000030517578,173.8000030517578,163.4499969482422,167.47000122070312,131.03266603010835,20,123.10555196424359,50,121.29475811704116,14,4.381987158126731,1.2866655749132485,167.47000122070312,77.3020921282783,12,26,9,139.25849530926817,127.6489516143395,6.296831799193947,10,98069734.0,131.03266603010835,123.10555196424359,119.98434033012511,77.3020921282783,72.41077342373387,5.312711895734728,167.47000122070312,165.0,1771.81,3
RHETAN,759062,NSE_EQ,2026-09-28,34.869998931884766,34.869998931884766,34.869998931884766,15.170000076293945,24.61436606162228,20,24.991367774562388,50,25.39223992551212,14,0.9182672626978224,1.6712370118570525,15.170000076293945,35.46112171819716,12,26,9,23.333814523479973,24.976315112485103,-0.31542906734092063,10,554980338.0,24.61436606162228,24.991367774562388,25.629882383907542,35.46112171819716,40.35951832214723,-1.3270715216642104,15.170000076293945,15.170000076293945,1214.37,3
RHIM,31163,NSE_EQ,2026-09-28,443.79998779296875,508.29998779296875,443.79998779296875,386.45001220703125,387.9210165677694,20,411.75828184577887,50,412.79127244327873,14,6.37353132749652,6.876242936851427,386.45001220703125,48.10294273953185,12,26,9,382.74863175603224,392.234300776827,-9.731363822814703,10,36632348.0,387.9210165677694,411.75828184577887,414.59091571822756,48.10294273953185,42.61149641472502,0.24569480201992988,386.45001220703125,385.0,8002.7,3
RHL,15157,NSE_EQ,2026-09-28,201.0,273.8999938964844,201.0,171.41000366210938,175.0475240630974,20,188.71734448289294,50,189.42376655721063,14,2.2072018329219074,2.7402390232052523,171.41000366210938,44.613000884859446,12,26,9,172.28452176637964,177.84180627445454,-6.870517800140737,10,147644.0,175.0475240630974,188.71734448289294,189.8267773125352,44.613000884859446,50.55418232828928,1.3132332920658367,171.41000366210938,170.57000732421875,293.02,3
RICOAUTO,2909,NSE_EQ,2026-09-28,157.99000549316406,157.99000549316406,157.99000549316406,132.22999572753906,130.81753885969061,20,121.06356100340251,50,120.60778815751938,14,3.0802182941293155,2.798794048352523,132.22999572753906,52.39346534232644,12,26,9,132.6093898954294,128.9097382820283,5.0836987773204925,10,78493059.0,130.81753885969061,121.06356100340251,120.20075902798733,52.39346534232644,51.419572297913604,-1.3840471639193908,132.22999572753906,131.39999389648438,1715.22,3
RIIL,2912,NSE_EQ,2026-09-28,908.0,964.0,908.0,694.5499877929688,750.3614969436936,20,785.8491428607751,50,789.5756389859916,14,9.550407519257757,14.356626158021914,694.5499877929688,39.94810752424755,12,26,9,740.3544123969276,756.0467204498112,-7.984004018197639,10,3013423.0,750.3614969436936,785.8491428607751,793.1032150909683,39.94810752424755,41.00163968179547,-7.7083040346859795,694.5499877929688,703.0,1038.26,3
RISHABH,18417,NSE_EQ,2026-09-28,852.0,852.0,852.0,711.7999877929688,641.8805325147055,20,535.5794810397895,50,528.3868072947618,14,21.30722336822064,13.366278064205899,711.7999877929688,61.45102884906281,12,26,9,688.766860708711,612.9292951679741,68.30326444512109,10,13785457.0,641.8805325147055,535.5794810397895,518.7413703595671,61.45102884906281,68.96673521592803,7.5343010956157315,711.7999877929688,702.0,2770.73,3
RITCO,8944,NSE_EQ,2026-09-28,331.1499938964844,331.1499938964844,331.1499938964844,285.70001220703125,280.5482092753437,20,268.6844081039795,50,267.98989365079365,14,5.3703334243485115,4.530615811427511,285.70001220703125,54.24059144696334,12,26,9,289.8864165317191,275.45021571351856,14.13535690804532,10,5948498.0,280.5482092753437,268.6844081039795,267.0323377913554,54.24059144696334,56.587992316392295,0.30084391015519785,285.70001220703125,288.0,796.0,3
RITES,3761,NSE_EQ,2026-09-28,244.58999633789062,259.70001220703125,244.58999633789062,199.30999755859375,213.91418397844524,20,222.73928078809374,50,223.6955780627672,14,2.7037669709803223,3.942670974446942,199.30999755859375,40.67994003976985,12,26,9,212.44785722751845,215.17116941467467,-1.7029772850234266,10,22501280.0,213.91418397844524,222.73928078809374,224.36764264787854,40.67994003976985,44.46455823570378,-1.0203349021327839,199.30999755859375,201.5,9443.73,3
RKDL,20950,NSE_EQ,2026-09-28,23.950000762939453,28.200000762939453,23.950000762939453,18.600000381469727,19.235218201521704,20,21.08506797918848,50,21.186499309707614,14,0.20908877742245546,0.2911194846082819,18.600000381469727,41.80034463517261,12,26,9,18.80778751175556,19.602435813037644,-0.8544096268625099,10,539417.0,19.235218201521704,21.08506797918848,21.296560515364327,41.80034463517261,40.87156522059413,0.059761325580425684,18.600000381469727,18.979999542236328,42.05,3
RKEC,1547,NSE_EQ,2026-09-28,43.7599983215332,76.93000030517578,43.7599983215332,24.260000228881836,26.896056523937126,20,38.94391688031277,50,39.54326041710587,14,0.9010007902346834,1.319017266064622,24.260000228881836,40.58529108256989,12,26,9,23.967015028752968,29.286620199596005,-5.656155666811787,10,2680966.0,26.896056523937126,38.94391688031277,40.41727108062992,40.58529108256989,25.987753822753135,0.3365504959687504,24.260000228881836,26.0,57.62,3
RKFORGE,11411,NSE_EQ,2026-09-28,772.7999877929688,772.7999877929688,772.7999877929688,704.5,654.5193277286958,20,618.7801348183017,50,615.2813648108854,14,13.737422485291619,8.57633127849792,704.5,61.564820651487715,12,26,9,683.7875572112456,639.4078002740107,36.51077544795471,10,58382002.0,654.5193277286958,618.7801348183017,610.8397888608832,61.564820651487715,65.68606236343291,7.868981489280195,704.5,709.0,12942.88,3
RKSWAMY,23043,NSE_EQ,2026-09-28,114.9000015258789,150.85000610351562,114.9000015258789,90.58999633789062,96.60019629545116,20,112.01951847309525,50,112.89419284596073,14,1.1288848994529666,1.7605912161872994,90.58999633789062,39.06884342606244,12,26,9,94.94824223829835,98.42424841695296,-3.2964097317617265,10,1909467.0,96.60019629545116,112.01951847309525,113.85313943045385,39.06884342606244,37.22210812449908,-0.17959644689288812,90.58999633789062,90.75,443.88,3
RMDRIP,757836,NSE_EQ,2026-09-28,28.991666793823242,72.21666717529297,28.991666793823242,23.6200008392334,22.077989696497248,20,27.225045642535125,50,27.372190328384175,14,0.8674494963931061,0.867993449068157,23.6200008392334,49.984328131429685,12,26,9,21.077658783758633,23.402249591848616,-3.8102733494820358,10,28747323.0,22.077989696497248,27.225045642535125,27.583708279173013,49.984328131429685,46.85646153694955,1.4856825413920527,23.6200008392334,23.5,1011.48,3
RML,11975,NSE_EQ,2026-09-28,1440.0,1440.0,1440.0,1322.300048828125,1130.3860439869445,20,989.5649840409636,50,975.9839609884264,14,38.09672637216696,19.62769636627183,1322.300048828125,65.99758744195859,12,26,9,1203.168334397147,1088.301868409496,97.86071985395459,10,5762551.0,1130.3860439869445,989.5649840409636,961.7588165389744,65.99758744195859,66.17773871307845,17.005746133696462,1322.300048828125,1369.5999755859375,3689.94,3
RNBDENIMS,758984,NSE_EQ,2026-09-28,21.50666618347168,67.66666412353516,26.399999618530273,9.039999961853027,12.386035039539719,20,26.0687218603482,50,26.763771733756165,14,0.4557943610188028,0.8878258601582995,9.039999961853027,33.922856610441315,12,26,9,9.958705252920629,14.388464650569382,-5.432574326832654,10,11499586.0,12.386035039539719,26.0687218603482,27.490456292760623,33.922856610441315,33.640636982832504,1.0028149291839004,9.039999961853027,9.369999885559082,237.01,3
ROHLTD,13182,NSE_EQ,2026-09-28,372.70001220703125,562.9500122070312,372.70001220703125,308.6000061035156,318.9841575253911,20,345.77926490433424,50,347.2967856717146,14,3.6547575520051145,5.023499890258135,308.6000061035156,42.11395635956117,12,26,9,311.3358212541066,325.3387293933119,-15.282945823946246,10,939526.0,318.9841575253911,345.77926490433424,349.02726696866273,42.11395635956117,40.295729849741775,1.280037684740929,308.6000061035156,304.70001220703125,831.1,3
ROLEXRINGS,5279,NSE_EQ,2026-09-28,196.8300018310547,196.8300018310547,189.39999389648438,195.35000610351562,160.46096733461528,20,149.64061976393918,50,147.7749305255891,14,5.589809404974831,2.539454753032136,195.35000610351562,68.76156680760724,12,26,9,168.58359051822524,156.26749342442554,9.135260559436338,10,192391340.0,160.46096733461528,149.64061976393918,146.78288679883542,68.76156680760724,60.732839934103495,3.18083653436336,195.35000610351562,182.8000030517578,5252.59,3
ROLLT,19108,NSE_EQ,2026-09-28,6.570000171661377,6.570000171661377,5.710000038146973,5.789999961853027,3.469035846795432,20,2.550410976726007,50,2.418182854884088,14,0.25888979536913287,0.054273087842219354,5.789999961853027,82.66937406959858,12,26,9,4.065267475427223,3.1713854003977326,0.592322787078021,10,28595766.0,3.469035846795432,2.550410976726007,2.2838229698529497,82.66937406959858,82.34726477139338,0.3015592879514697,5.789999961853027,5.789999961853027,137.82,3
ROML,359,NSE_EQ,2026-09-28,50.0,62.0,50.0,42.790000915527344,43.96426901228489,20,45.63156898387392,50,45.74755135401052,14,0.39832189199023593,0.5219710503374086,42.790000915527344,43.28207613792876,12,26,9,43.368025010209294,44.337482652354964,-0.752061893510875,10,126533.0,43.96426901228489,45.63156898387392,45.927043308291715,43.28207613792876,36.14530192716363,-0.21739574863479516,42.790000915527344,42.41999816894531,63.2,3
ROSSARI,19410,NSE_EQ,2026-09-28,575.0,690.2999877929688,575.0,444.20001220703125,490.3665927142092,20,531.4500145062883,50,535.0112390899315,14,6.805103026339202,11.042198320692398,444.20001220703125,38.129591101856086,12,26,9,478.27839179777163,497.9896392303862,-13.221105484625596,10,3445287.0,490.3665927142092,531.4500145062883,538.9729218198457,38.129591101856086,36.542273119919805,-6.490141947988988,444.20001220703125,448.04998779296875,2429.53,3
ROSSELLIND,28913,NSE_EQ,2026-09-28,73.0,73.0,73.0,51.630001068115234,55.275780846526615,20,62.28416202071891,50,62.71902573307008,14,0.8032428164555695,1.08925157027544,51.630001068115234,42.44360364223044,12,26,9,55.33576504948489,55.302514081515504,0.6043172347497422,10,4803476.0,55.275780846526615,62.28416202071891,63.13041456341382,42.44360364223044,44.12569498237465,-0.5710662667803551,51.630001068115234,52.2599983215332,195.52,3
ROSSTECH,27353,NSE_EQ,2026-09-28,1505.0,1505.0,1464.9000244140625,1402.699951171875,1082.7259637504549,20,893.4988559359969,50,872.7151377631038,14,40.495914595490646,11.86910208140777,1402.699951171875,77.33390947883724,12,26,9,1160.3186877756211,1037.1437349925905,93.9855642983503,10,18068514.0,1082.7259637504549,893.4988559359969,852.2422842502458,77.33390947883724,76.42046358642234,29.18938848468038,1402.699951171875,1415.300048828125,5110.92,3
ROTO,9049,NSE_EQ,2026-09-28,78.87000274658203,80.7699966430664,78.87000274658203,62.79999923706055,64.37025968624528,20,66.09061933285616,50,66.22493035717436,14,0.9221386118987288,1.0426522060670715,62.79999923706055,46.93316985537643,12,26,9,64.6040684085911,64.34517320190781,0.6149430820684267,10,20506007.0,64.37025968624528,66.09061933285616,66.36962137970491,46.93316985537643,46.70065274602494,-0.35604787538513505,62.79999923706055,63.77000045776367,1188.99,3
ROUTE,128,NSE_EQ,2026-09-28,649.9500122070312,819.75,649.9500122070312,463.0,515.2048894980651,20,604.9889922738477,50,610.7844613462496,14,5.414653204304914,10.548021335529954,463.0,33.920714168497526,12,26,9,502.1991115927724,527.3692716883753,-23.111059215772485,10,12130673.0,515.2048894980651,604.9889922738477,616.7593375686889,33.920714168497526,34.134553047108284,-2.0591008798304244,463.0,464.29998779296875,2874.14,3
RPEL,24735,NSE_EQ,2026-09-28,1943.699951171875,1943.699951171875,1943.699951171875,1699.5,1391.270792052527,20,1102.5440352110938,50,1078.178485627873,14,52.42409508778435,21.2698437557241,1699.5,71.13759409591157,12,26,9,1541.0172270337625,1306.7408395034956,198.89744265964748,10,4902240.0,1391.270792052527,1102.5440352110938,1054.7408717998653,71.13759409591157,69.75693426321047,35.37894487061942,1699.5,1698.4000244140625,7824.67,3
RPGLIFE,16725,NSE_EQ,2026-09-28,3127.800048828125,3127.800048828125,3082.0,3050.60009765625,2603.2913714163014,20,2408.906169593406,50,2382.7145806928816,14,75.79934565004659,36.10346194564115,3050.60009765625,67.73676843204386,12,26,9,2711.4548162937017,2543.0319817415834,144.72523146297158,10,1020497.0,2603.2913714163014,2408.906169593406,2365.584567564275,67.73676843204386,61.66311640700592,23.697603089146696,3050.60009765625,2878.0,4911.68,3
RPOWER,15259,NSE_EQ,2026-09-28,30.799999237060547,50.72999954223633,30.799999237060547,20.56999969482422,24.045315830851614,20,28.76991449708125,50,29.10460489717337,14,0.285850094891542,0.6418456059731447,20.56999969482422,30.812915768080728,12,26,9,22.82250923462128,25.0284191347198,-2.147371290093278,10,843141122.0,24.045315830851614,28.76991449708125,29.430099008863444,30.812915768080728,32.201359354253654,-0.058538610005244074,20.56999969482422,20.700000762939453,8404.0,3
RPPINFRA,20760,NSE_EQ,2026-09-28,87.0,131.25,87.0,53.630001068115234,62.21263480900724,20,79.70693716797497,50,80.77130190674475,14,1.1025560448245242,2.0623603576938594,53.630001068115234,34.83681413977317,12,26,9,58.369095709962735,65.52679980314423,-7.712269104882585,10,10947900.0,62.21263480900724,79.70693716797497,81.87176315300817,34.83681413977317,34.97891256548954,0.5545650117010918,53.630001068115234,53.25,260.57,3
RPPL,6915,NSE_EQ,2026-09-28,26.969999313354492,26.969999313354492,26.969999313354492,19.0,20.780600643190144,20,20.708795275552795,50,20.778542021493724,14,0.4909899848714084,0.6030513432156243,19.0,44.8785591792881,12,26,9,21.255901202560604,20.490201961908745,1.0611647843812264,10,4289144.0,20.780600643190144,20.708795275552795,20.800523337835582,44.8785591792881,48.831892145609466,-0.2954655437293674,19.0,19.81999969482422,145.06,3
RPSGVENT,8119,NSE_EQ,2026-09-28,1179.0,1179.0,1179.0,837.2999877929688,863.9554361595414,20,853.1895996418214,50,853.8381552274889,14,14.834149719353702,16.646072975088586,837.2999877929688,47.122124463155764,12,26,9,861.7597226390847,861.3509354862946,11.561526625595656,10,1288186.0,863.9554361595414,853.1895996418214,854.2621610650585,47.122124463155764,47.788990912904914,-11.152739472805587,837.2999877929688,840.0499877929688,2788.95,3
RPTECH,22670,NSE_EQ,2026-09-28,967.7000122070312,967.7000122070312,967.7000122070312,893.0,742.1314460414499,20,585.0759464169931,50,572.5076176993194,14,26.17903300156171,10.846361102153326,893.0,70.7056160650967,12,26,9,803.3531953137821,700.1096411147827,107.01025338338735,10,24416027.0,742.1314460414499,585.0759464169931,563.3018066750889,70.7056160650967,64.13625861045716,-3.76669918438796,893.0,888.0,5757.82,3
RRKABEL,18566,NSE_EQ,2026-09-28,2983.800048828125,2983.800048828125,2983.800048828125,2528.300048828125,2370.6157456323454,20,1986.7107474958325,50,1964.6050617271674,14,64.15795054465279,43.122011589028155,2528.300048828125,59.80422556889603,12,26,9,2505.3459070916692,2270.4460044821813,269.8455515276529,10,27191836.0,2370.6157456323454,1986.7107474958325,1944.7603683761079,59.80422556889603,57.61724863948666,-34.94564891816492,2528.300048828125,2550.0,27967.83,3
RSSOFTWARE,6429,NSE_EQ,2026-09-28,47.75,75.25,47.75,30.559999465942383,32.606520795822604,20,44.54454756296231,50,45.11534544447332,14,0.8386251728528116,1.1331015221868188,30.559999465942383,42.532526184413996,12,26,9,31.32132077528445,34.090056810755634,-3.2673136662461704,10,1400385.0,32.606520795822604,44.54454756296231,45.721686065517865,42.532526184413996,41.90111363961867,0.49857763077498474,30.559999465942383,31.600000381469727,79.94,3
RSWM,2794,NSE_EQ,2026-09-28,238.0,238.0,238.0,218.33999633789062,199.66867326220878,20,181.3312405161402,50,179.82067905402795,14,4.70865509123864,2.7813252823560863,218.33999633789062,62.86605379953456,12,26,9,208.40051781402684,194.10580440951432,13.847281925894873,10,2948590.0,199.66867326220878,181.3312405161402,178.16438048902972,62.86605379953456,64.125822869731,0.44743147861764854,218.33999633789062,218.35000610351562,1007.99,3
RSYSTEMS,13414,NSE_EQ,2026-09-28,324.70001220703125,435.8999938964844,324.70001220703125,235.6199951171875,254.99200229092034,20,296.7281411739028,50,299.22235121703403,14,4.918383073449864,7.159278921172226,235.6199951171875,40.722973334076656,12,26,9,246.48543967113133,263.2981802600135,-20.059277664329947,10,11049076.0,254.99200229092034,296.7281411739028,301.55183518930136,40.722973334076656,42.358833530048486,3.246537075447769,235.6199951171875,237.4199981689453,3119.38,3
RTNINDIA,27297,NSE_EQ,2026-09-28,41.34000015258789,54.5,41.34000015258789,26.959999084472656,31.025676282006668,20,36.15425233215618,50,36.52952797491877,14,0.4059617311835507,0.8062670995677166,26.959999084472656,33.48886950098026,12,26,9,29.634922547259144,31.998522987912793,-1.98882651737244,10,65602163.0,31.025676282006668,36.15425233215618,36.93726377326128,33.48886950098026,31.80110403344814,-0.3747739232812086,26.959999084472656,26.799999237060547,3614.63,3
RTNPOWER,17520,NSE_EQ,2026-09-28,10.59000015258789,11.9399995803833,10.59000015258789,7.0,8.271848461739976,20,9.158253174386152,50,9.246345140687627,14,0.07356344901012571,0.18983016494908486,7.0,27.92909361178279,12,26,9,7.899338681387512,8.479280669305972,-0.4029528538638696,10,801932399.0,8.271848461739976,9.158253174386152,9.332318417185668,27.92909361178279,29.03129447189913,-0.17698913405459016,7.0,7.019999980926514,3520.26,3
RUBFILA,24730,NSE_EQ,2026-09-28,82.19999694824219,86.4800033569336,82.19999694824219,63.310001373291016,70.07674349890456,20,72.02749049968764,50,72.3833063823977,14,1.002232557310003,1.5640293090484267,63.310001373291016,39.0541811203464,12,26,9,69.1029789530621,70.53619176590043,-0.6424303830938907,10,2010621.0,70.07674349890456,72.02749049968764,72.58833927105265,39.0541811203464,44.015943355879784,-0.7907824297444297,63.310001373291016,65.06999969482422,340.96,3
RUBYMILLS,2939,NSE_EQ,2026-09-28,515.0,515.0,499.04998779296875,491.8500061035156,376.79106698798586,20,308.6449473030413,50,301.16718980098113,14,14.952262243868079,4.312945033666594,491.8500061035156,77.61277638213653,12,26,9,412.1932787769714,356.4817214787849,46.73819610494691,10,971607.0,376.79106698798586,308.6449473030413,294.3944217886328,77.61277638213653,75.35086741438131,8.973361193239597,491.8500061035156,485.0,1667.71,3
RUCHINFRA,4566,NSE_EQ,2026-09-28,7.119999885559082,7.75,7.119999885559082,5.090000152587891,5.793280790959862,20,6.362303610552677,50,6.414234363938994,14,0.051973140343386605,0.11435866539225327,5.090000152587891,31.24666392787819,12,26,9,5.649394946019128,5.8851337432052855,-0.16831183741951125,10,3534340.0,5.793280790959862,6.362303610552677,6.463794958007314,31.24666392787819,32.79586235225979,-0.06742695976664628,5.090000152587891,5.440000057220459,146.02,3
RUCHIRA,13821,NSE_EQ,2026-09-28,127.98999786376953,151.25,127.98999786376953,104.95999908447266,108.71892850425601,20,114.37484306430379,50,114.75912241041934,14,1.4139776799580852,1.8086923615746184,104.95999908447266,43.87596811759223,12,26,9,107.33555553669811,109.89053695372144,-2.8246892477527035,10,2009992.0,108.71892850425601,114.37484306430379,115.00071939297152,43.87596811759223,48.00422801306324,0.2697078307293759,104.95999908447266,104.16000366210938,307.12,3
RUPA,25724,NSE_EQ,2026-09-28,183.1999969482422,209.89999389648438,183.1999969482422,136.07000732421875,150.41532207938465,20,161.19643737592912,50,162.22200594946833,14,1.8743732028699411,3.116656204026668,136.07000732421875,37.55484189854563,12,26,9,147.83263155423262,151.9382483697894,-1.5939128619746685,10,4567366.0,150.41532207938465,161.19643737592912,163.24494481834012,37.55484189854563,38.149956939155196,-2.5117039535821033,136.07000732421875,136.86000061035156,1058.19,3
RUSHIL,24595,NSE_EQ,2026-09-28,19.100000381469727,30.0,19.100000381469727,16.100000381469727,16.78865874137726,20,18.91619184664815,50,19.031138437063596,14,0.36076919574903893,0.4420342950992714,16.100000381469727,44.93866803790546,12,26,9,16.60552326646614,17.094666182663843,-0.6712208875058863,10,32146678.0,16.78865874137726,18.91619184664815,19.103429792499586,44.93866803790546,50.110566057326075,0.1820779713081826,16.100000381469727,16.979999542236328,456.37,3
RUSTOMJEE,12219,NSE_EQ,2026-09-28,446.1499938964844,634.0,446.1499938964844,366.5,387.64088498927566,20,436.8130308079506,50,439.6829504327649,14,5.139352367186804,7.635649138371952,366.5,40.22975938555099,12,26,9,375.8906245529946,397.2849741866509,-21.312611578372458,10,11804135.0,387.64088498927566,436.8130308079506,443.19041779736756,40.22975938555099,35.64173728363221,-0.08173805528384648,366.5,364.04998779296875,4518.79,3
RVHL,1565,NSE_EQ,2026-09-28,51.790000915527344,62.150001525878906,51.790000915527344,39.31999969482422,42.14819849944506,20,44.43416415106624,50,44.64290555744347,14,0.5600344637359865,0.8200203329229214,39.31999969482422,40.58059615399487,12,26,9,41.41586534326014,42.62020426384129,-0.7778435879936187,10,427376.0,42.14819849944506,44.43416415106624,44.85363641520703,40.58059615399487,40.91945988992479,-0.42649533258753203,39.31999969482422,39.0,235.0,3
RVNL,9552,NSE_EQ,2026-09-28,311.8500061035156,400.70001220703125,311.8500061035156,207.0,233.9482055434518,20,271.9405984210658,50,274.59123509131337,14,2.6250400361732886,5.487068339392236,207.0,32.35952867789797,12,26,9,221.78051911445291,242.78357898106367,-21.316308203122254,10,199469952.0,233.9482055434518,271.9405984210658,277.052510267035,32.35952867789797,34.57915422747162,0.3132483365114993,207.0,206.0,42897.2,3
RVTH,25157,NSE_EQ,2026-09-28,859.0,1169.699951171875,859.0,654.5999755859375,705.488692201896,20,790.7291081918991,50,796.285399318673,14,11.329321855066869,15.533660747752654,654.5999755859375,42.17447489943931,12,26,9,708.637215443219,707.7986575392238,2.258447172709728,10,51626.0,705.488692201896,790.7291081918991,800.325620197273,42.17447489943931,47.57624216530254,-1.4198892687144764,654.5999755859375,660.0,204.31,3
S&SPOWER,2951,NSE_EQ,2026-09-28,444.95001220703125,444.95001220703125,444.95001220703125,307.8999938964844,336.60939667886305,20,340.3544853692972,50,341.6791584906365,14,9.420888256074402,11.775025602678017,307.8999938964844,44.446718923535535,12,26,9,330.9627645805018,338.3142375729358,-2.7680945687154024,10,215595.0,336.60939667886305,340.3544853692972,342.6048384290298,44.446718923535535,46.173907118717125,-4.583378423718567,307.8999938964844,315.3500061035156,389.73,3
SAATVIKGL,759057,NSE_EQ,2026-09-28,502.79998779296875,567.0,502.79998779296875,427.45001220703125,430.3512369110614,20,429.4175464114409,50,429.49785392998825,14,7.312847557044836,7.569768903903507,427.45001220703125,49.13684079834743,12,26,9,426.1247776011252,432.48721011729845,-2.9262170290754272,10,6429640.0,430.3512369110614,429.4175464114409,430.2202158131319,49.13684079834743,45.006158931010575,-3.436215487097844,427.45001220703125,437.0,5413.25,3
SADBHAV,13236,NSE_EQ,2026-09-28,10.850000381469727,14.699999809265137,10.850000381469727,7.460000038146973,8.462904801995089,20,9.841815303556391,50,9.939032253164939,14,0.21828206785433588,0.31311925301029486,7.460000038146973,41.07668898887459,12,26,9,8.217072084053676,8.656878595197535,-0.3860554111177909,10,12946296.0,8.462904801995089,9.841815303556391,10.029196834148264,41.07668898887459,42.62359210878657,-0.05375110002606781,7.460000038146973,7.550000190734863,128.97,3
SADBHIN,10618,NSE_EQ,2026-09-28,3.319999933242798,4.789999961853027,3.319999933242798,2.6500000953674316,2.7150874610469558,20,3.1577688795422967,50,3.17849413603923,14,0.06994037987644308,0.08153997644597391,2.6500000953674316,46.17125386712131,12,26,9,2.643877315227118,2.7874695914864622,-0.17049955288012097,10,6334474.0,2.7150874610469558,3.1577688795422967,3.2045551227407074,46.17125386712131,43.226460477410455,0.026907276620776743,2.6500000953674316,2.609999895095825,91.3,3
SADHNANIQ,15349,NSE_EQ,2026-09-28,3.319999933242798,10.800000190734863,3.319999933242798,2.819999933242798,2.8905860126516276,20,6.067324694408735,50,6.199868562211426,14,0.09784459681437632,0.12671687218440822,2.819999933242798,43.57140931194475,12,26,9,2.8040759230140915,3.136328863116256,-0.5083989185630391,10,81764518.0,2.8905860126516276,6.067324694408735,6.340679523934342,43.57140931194475,42.286381116756914,0.17614597846087454,2.819999933242798,2.8399999141693115,794.54,3
SAFARI,13035,NSE_EQ,2026-09-28,1702.9000244140625,2507.10009765625,1702.9000244140625,1464.199951171875,1558.31118880186,20,1716.4250557095297,50,1726.7199579355565,14,20.03176885503586,30.11225553690161,1464.199951171875,39.948466637745014,12,26,9,1526.2695734780186,1589.697862926101,-72.7037781426518,10,1768725.0,1558.31118880186,1716.4250557095297,1735.9330174431302,39.948466637745014,42.158432838364426,9.275488694569503,1464.199951171875,1481.0,7063.57,3
SAGARDEEP,8175,NSE_EQ,2026-09-28,28.399999618530273,31.479999542236328,28.399999618530273,23.190000534057617,24.10216218594104,20,25.08641966031457,50,25.16382452261077,14,0.2391453090771134,0.32558277832342836,23.190000534057617,42.34698333810623,12,26,9,23.87442271585595,24.281683547776566,-0.3523397517090535,10,367899.0,24.10216218594104,25.08641966031457,25.226837734177195,42.34698333810623,44.782610128015094,-0.05492108021156328,23.190000534057617,24.170000076293945,39.46,3
SAGCEM,14068,NSE_EQ,2026-09-28,199.38999938964844,258.1000061035156,199.38999938964844,152.63999938964844,168.21005472792697,20,184.99338263015935,50,186.3139288848741,14,1.5932476175644104,3.1432545866431356,152.63999938964844,33.6376412144196,12,26,9,162.22068060109092,172.15849477231149,-8.350160121293193,10,2224798.0,168.21005472792697,184.99338263015935,187.72306911339413,33.6376412144196,32.77593136153813,-1.587654049927373,152.63999938964844,151.72000122070312,1618.67,3
SAGILITY,27052,NSE_EQ,2026-09-28,47.4900016784668,57.88999938964844,47.4900016784668,44.689998626708984,43.650054619586754,20,43.82677467527487,50,43.79154104460409,14,0.6800444874416901,0.5941325974055159,44.689998626708984,53.371269624052154,12,26,9,44.120319648137325,43.6023247424959,-0.044772110648194585,10,1069728375.0,43.650054619586754,43.82677467527487,43.71527741999967,53.371269624052154,56.44031929092789,0.5627670162896177,44.689998626708984,45.20000076293945,20545.2,3
SAHYADRI,14900,NSE_EQ,2026-09-28,408.95001220703125,408.95001220703125,408.95001220703125,362.6000061035156,325.67286007515554,20,297.34281083054066,50,294.67925183980697,14,9.55366408930959,5.832138327131209,362.6000061035156,62.0940255875172,12,26,9,345.13514030800354,315.6002068853151,23.185991087388256,10,1207179.0,325.67286007515554,297.34281083054066,291.7947312576147,62.0940255875172,62.89702384569823,6.348942335300169,362.6000061035156,369.0,393.31,3
SAIL,2963,NSE_EQ,2026-09-28,209.6999969482422,209.6999969482422,209.6999969482422,185.0,177.40126213390192,20,164.76569105180047,50,163.93980089064948,14,4.0019171491567365,3.1922874108386154,185.0,55.62695800186313,12,26,9,180.20077578145944,174.910052985288,5.567202382743839,10,929260377.0,177.40126213390192,164.76569105180047,163.39326207675538,55.62695800186313,51.96929760566172,-0.27647958657238814,185.0,184.63999938964844,76097.21,3
SAILIFE,27839,NSE_EQ,2026-09-28,1697.0,1697.0,1697.0,1592.199951171875,1362.015358393894,20,1154.3938763911278,50,1136.5242406857913,14,27.941246656467765,5.366361346584816,1592.199951171875,83.88848173638587,12,26,9,1455.0565507528675,1306.9257428905455,125.39346006718515,10,30696820.0,1362.015358393894,1154.3938763911278,1117.5864545913337,83.88848173638587,85.40871900474734,22.7373477951368,1592.199951171875,1590.0,33639.09,3
SAKAR,9539,NSE_EQ,2026-09-28,1229.8499755859375,1229.8499755859375,1211.0,1135.8499755859375,896.6792525762263,20,699.8208153543952,50,682.0237067735159,14,37.161911877096905,14.146127288309708,1135.8499755859375,72.42902375842996,12,26,9,981.9045257931314,844.55145878657,115.8092811769993,10,7204418.0,896.6792525762263,699.8208153543952,661.7063050570013,72.42902375842996,77.14942416133815,21.543785829562026,1135.8499755859375,1125.0999755859375,2476.13,3
SAKHTISUG,2969,NSE_EQ,2026-09-28,23.290000915527344,23.290000915527344,23.290000915527344,19.0,18.365919448458957,20,19.025407894797098,50,19.02644495172759,14,0.38692010959180256,0.3334215201755675,19.0,53.71341785657398,12,26,9,18.694149279833347,18.302015562074228,0.15648943889792366,10,14217794.0,18.365919448458957,19.025407894797098,19.053238588972253,53.71341785657398,50.62921107129447,0.23564427886119543,19.0,17.959999084472656,228.08,3
SAKSOFT,11794,NSE_EQ,2026-09-28,217.3300018310547,222.99000549316406,217.3300018310547,141.52000427246094,154.9062739229799,20,163.3641305391567,50,164.25572752963404,14,2.4861958361156415,3.6209425186020936,141.52000427246094,40.709669434540764,12,26,9,153.6306454150646,156.0381601386128,-0.6834269194033585,10,18688367.0,154.9062739229799,163.3641305391567,165.19922663738853,40.709669434540764,40.44497684648266,-1.7240878041448306,141.52000427246094,142.47000122070312,1826.51,3
SAKUMA,13251,NSE_EQ,2026-09-28,2.2899999618530273,3.0999999046325684,2.2899999618530273,1.6699999570846558,1.7064659746529351,20,1.9971905194872999,50,2.010545236320061,14,0.03989201412935269,0.046914697003111114,1.6699999570846558,45.95498851290307,12,26,9,1.6506853379347826,1.7529370763638723,-0.10556315152824054,10,43697468.0,1.7064659746529351,1.9971905194872999,2.0309756545182975,45.95498851290307,37.76087377121603,0.003311413099150798,1.6699999570846558,1.6799999475479126,228.16,3
SALASAR,21362,NSE_EQ,2026-09-28,7.849999904632568,10.989999771118164,7.849999904632568,4.699999809265137,5.982677839724093,20,7.188079324285925,50,7.289633590205141,14,0.055325322223228036,0.17732344511360057,4.699999809265137,23.780621258623782,12,26,9,5.57445710240148,6.244576262854304,-0.5828808240848607,10,227023311.0,5.982677839724093,7.188079324285925,7.387577823826347,23.780621258623782,25.253786433219375,-0.0872383363679633,4.699999809265137,4.929999828338623,765.44,3
SALONA,17351,NSE_EQ,2026-09-28,320.0,320.0,320.0,274.75,263.5813114842315,20,263.70008843120684,50,263.2490716324806,14,4.315212045303855,3.4575253636278456,274.75,55.5172755526929,12,26,9,263.84404818692315,263.6009675444266,-1.1519719444200187,10,54158.0,263.5813114842315,263.70008843120684,263.24291154007227,55.5172755526929,50.337344203735015,1.3950525869165413,274.75,273.75,144.49,3
SALSTEEL,11634,NSE_EQ,2026-09-28,93.72000122070312,93.72000122070312,86.25,93.5999984741211,67.48942807826424,20,54.08454729373457,50,52.47167173535145,14,3.418859535324297,1.1045982271049528,93.5999984741211,75.58066671298494,12,26,9,73.52305098006484,64.03706741990854,7.0793898572105505,10,26579651.0,67.48942807826424,54.08454729373457,51.25582151490741,75.58066671298494,70.25418841512595,2.4065937029457487,93.5999984741211,91.5999984741211,1380.64,3
SALZERELEC,11399,NSE_EQ,2026-09-28,779.7999877929688,952.5,779.7999877929688,541.25,588.5968662154523,20,653.0486455778916,50,657.611855601479,14,6.9983371132552525,11.743796557156141,541.25,37.34013019181309,12,26,9,571.3127645475718,600.8362327124887,-25.94955310815771,10,2391126.0,588.5968662154523,653.0486455778916,661.9858083930891,37.34013019181309,38.69693671910105,-3.5739150567592404,541.25,535.0,941.2,3
SAMBHAAV,4127,NSE_EQ,2026-09-28,7.78000020980835,11.529999732971191,7.78000020980835,5.920000076293945,6.363959467416732,20,6.767036742467612,50,6.801609667617557,14,0.08928985833160154,0.13444367086678663,5.920000076293945,39.90901973947176,12,26,9,6.185937768167949,6.488137337054081,-0.3009226715091686,10,1533029.0,6.363959467416732,6.767036742467612,6.830654953945298,39.90901973947176,42.19933693856276,-0.0012768973769632375,5.920000076293945,5.769999980926514,110.51,3
SAMBHV,757767,NSE_EQ,2026-09-28,161.6300048828125,161.6300048828125,150.99000549316406,159.1199951171875,124.80796738528875,20,116.81656228566167,50,115.0898915578443,14,4.146655656417449,1.212824310842078,159.1199951171875,77.37048522895714,12,26,9,131.1993564211529,121.9729259953542,5.469113161785309,10,177455636.0,124.80796738528875,116.81656228566167,113.76417254697186,77.37048522895714,73.25329284975791,3.757317264013402,159.1199951171875,153.5,4544.8,3
SAMHI,18614,NSE_EQ,2026-09-28,188.22999572753906,217.3000030517578,188.22999572753906,159.19000244140625,163.8181587129097,20,169.85622559098266,50,170.29158163790413,14,2.4899613786880868,2.9420623371442063,159.19000244140625,45.83855868358585,12,26,9,162.496751868959,164.8711885490117,-1.5728758402841114,10,57292017.0,163.8181587129097,169.85622559098266,170.63083004240883,45.83855868358585,47.58428856472501,-0.8015608397685847,159.19000244140625,158.25,2465.38,3
SAMMAANCAP,30125,NSE_EQ,2026-09-28,192.33999633789062,192.9499969482422,192.33999633789062,140.61000061035156,154.63297593797566,20,153.06443626772474,50,153.57278058027057,14,2.479382515604165,3.5732925178478583,140.61000061035156,40.96341703298249,12,26,9,152.48905999333664,154.85150419371305,0.7338871851981563,10,287944737.0,154.63297593797566,153.06443626772474,153.96677169910018,40.96341703298249,42.62856564718679,-3.0963313855745724,140.61000061035156,141.77999877929688,15843.06,3
SAMPANN,27303,NSE_EQ,2026-09-28,33.38999938964844,43.439998626708984,33.38999938964844,24.559999465942383,26.657672453474625,20,28.410046374544496,50,28.567191146324173,14,0.33856181944482094,0.5430988101814702,24.559999465942383,38.40046930396868,12,26,9,25.891986475170107,27.144830117395863,-1.0987046958800093,10,818653.0,26.657672453474625,28.410046374544496,28.726260169590713,38.40046930396868,38.745763946130694,-0.15413894634574632,24.559999465942383,24.5,118.94,3
SANATHAN,28805,NSE_EQ,2026-09-28,544.2999877929688,544.2999877929688,512.0,523.2000122070312,460.1944138540896,20,444.8894721176462,50,441.69312354256925,14,9.319770210789187,4.107394708731564,523.2000122070312,69.40981410930516,12,26,9,470.4465758078452,455.75470799436164,8.964992746794756,10,4983764.0,460.1944138540896,444.8894721176462,440.0948834380408,69.40981410930516,60.51403806174289,5.726875066688798,523.2000122070312,537.0,4442.6,3
SANDESH,2988,NSE_EQ,2026-09-28,1270.0,1270.0,1270.0,1034.4000244140625,1020.1198337811632,20,1050.6814294287315,50,1051.3459765721873,14,16.752107601947323,15.793598534822133,1034.4000244140625,51.4725584123097,12,26,9,1024.892062697978,1021.3741407467045,-1.8007592931907008,10,182778.0,1020.1198337811632,1050.6814294287315,1052.3886675005165,51.4725584123097,50.539006836131286,5.31868124446418,1034.4000244140625,1025.0,779.66,3
SANDHAR,2397,NSE_EQ,2026-09-28,763.2000122070312,763.2000122070312,763.2000122070312,574.0,615.5154157290707,20,576.3554977125613,50,576.4516404763392,14,11.644381581741333,14.08037950794387,574.0,45.26526618126827,12,26,9,621.5008689613262,607.123715354335,26.721024596425178,10,9854744.0,615.5154157290707,576.3554977125613,575.439462536598,45.26526618126827,48.97055574776305,-12.343870989433963,574.0,576.0,3508.48,3
SANDUMA,18359,NSE_EQ,2026-09-28,253.89999389648438,273.0,253.89999389648438,184.7899932861328,200.87297062359335,20,199.33037710952337,50,199.9238621635393,14,2.9328327376376313,4.262453876263847,184.7899932861328,40.76047133371064,12,26,9,197.19067334401836,201.99148906055515,-2.025123436828581,10,28699220.0,200.87297062359335,199.33037710952337,200.516673113215,40.76047133371064,41.00880249722502,-2.775692279708208,184.7899932861328,183.0,8882.77,3
SANGAMIND,4184,NSE_EQ,2026-09-28,672.5,672.5,672.5,619.9000244140625,567.3667890970607,20,516.3991744769027,50,512.1746499896717,14,11.23318222827827,6.057130216839636,619.9000244140625,64.96806962820428,12,26,9,584.993449703057,554.6106901986636,32.67307874198542,10,1496712.0,567.3667890970607,516.3991744769027,509.40626835659714,64.96806962820428,58.05401738126958,-2.2903192375920867,619.9000244140625,584.0,3083.29,3
SANGHVIMOV,14058,NSE_EQ,2026-09-28,528.0,528.0,528.0,456.0,419.5441127664709,20,376.9087164922556,50,373.6805008388783,14,12.81421883446946,8.89885676458091,456.0,59.01613880545737,12,26,9,437.96840382566427,406.97523773937223,34.207287431605494,10,19378588.0,419.5441127664709,376.9087164922556,371.3531738442598,59.01613880545737,55.29545643418325,-3.2141213453134583,456.0,447.0,3927.77,3
SANOFI,1442,NSE_EQ,2026-09-28,3609.0,4898.0,3609.0,3140.199951171875,3299.1655284494527,20,3780.431740302975,50,3806.5636500634278,14,27.75547956669549,47.16422826524895,3140.199951171875,37.046967173116826,12,26,9,3219.2260702845606,3377.9666574289527,-174.75298565291507,10,1030113.0,3299.1655284494527,3780.431740302975,3835.9172724193327,37.046967173116826,33.70994904238465,16.012398508523006,3140.199951171875,3120.199951171875,7159.22,3
SANOFICONR,25222,NSE_EQ,2026-09-28,5255.0,5255.0,5255.0,3945.300048828125,4363.474932892214,20,4512.728553529332,50,4535.888900659994,14,32.97367313683905,68.97312631526141,3945.300048828125,32.344000315901695,12,26,9,4264.241872028277,4407.22079786362,-71.88605252930267,10,353188.0,4363.474932892214,4512.728553529332,4556.39865569331,32.344000315901695,34.4718353827912,-71.09287330604036,3945.300048828125,3980.0,8986.61,3
SANSERA,5751,NSE_EQ,2026-09-28,4743.5,4743.5,4300.0,4662.39990234375,3522.204630363631,20,2781.640634612515,50,2704.874950215322,14,126.2036335557054,21.106965796676644,4662.39990234375,85.67179422969652,12,26,9,3844.8509031312688,3325.8458372176888,441.94218131012695,10,11182403.0,3522.204630363631,2781.640634612515,2641.404544005998,85.67179422969652,82.1973185763483,77.06288460345303,4662.39990234375,4629.60009765625,28119.48,3
SANSTAR,24582,NSE_EQ,2026-09-28,137.49000549316406,137.49000549316406,137.49000549316406,108.41999816894531,108.6466573847898,20,103.59221983101128,50,103.39516765395275,14,1.9132779724975923,1.7880138821699998,108.41999816894531,51.692167157388916,12,26,9,110.53116354346386,107.04975318608096,4.434183822524339,10,11106645.0,108.6466573847898,103.59221983101128,102.89292972357359,51.692167157388916,60.14154021270224,-0.9527734651414406,108.41999816894531,108.9000015258789,1961.73,3
SAPPHIRE,6718,NSE_EQ,2026-09-28,258.7799987792969,310.5,258.7799987792969,223.61000061035156,210.13048476891316,20,220.19972159440067,50,220.06052653252513,14,4.952891830827768,3.854479004804116,223.61000061035156,56.235758925806856,12,26,9,216.78132569535848,209.23007091754423,2.0319660846191,10,98389479.0,210.13048476891316,220.19972159440067,219.65034391710364,56.235758925806856,59.36523191110162,5.519288693195151,223.61000061035156,226.0,6922.21,3
SARDAEN,17758,NSE_EQ,2026-09-28,624.0,624.0,624.0,493.1499938964844,516.143782585722,20,514.4475103294235,50,515.3167967144414,14,7.045537401296888,8.972064821922578,493.1499938964844,43.98621780657983,12,26,9,511.44993298111126,518.0106302922275,-4.679756977901037,10,44187276.0,516.143782585722,514.4475103294235,515.6991144494377,43.98621780657983,46.648946324134734,-1.8809403332151637,493.1499938964844,499.45001220703125,17302.46,3
SAREGAMA,4892,NSE_EQ,2026-09-28,574.5,574.5,574.5,496.8999938964844,474.8388079444042,20,446.53434229840275,50,444.47860141684833,14,7.3519165013991,4.709058816360953,496.8999938964844,60.95623535994838,12,26,9,492.4850566440352,464.0228092650117,30.369594197156406,10,28071491.0,474.8388079444042,446.53434229840275,442.2165037646183,60.95623535994838,62.05882611495929,-1.9073468181329112,496.8999938964844,497.8500061035156,9411.14,3
SARLAPOLY,14043,NSE_EQ,2026-09-28,111.0,111.0,111.0,100.29000091552734,97.78837049774255,20,94.97425984159088,50,94.7572908181649,14,1.3775477081105407,1.1051361484607443,100.29000091552734,55.48623134050605,12,26,9,99.12405475852347,96.87733154266822,2.6412324775364606,10,2505480.0,97.78837049774255,94.97425984159088,94.64615969413352,55.48623134050605,51.57095527824431,-0.3945092616812058,100.29000091552734,99.98999786376953,794.23,3
SARVESHWAR,12913,NSE_EQ,2026-09-28,4.230000019073486,6.639999866485596,4.230000019073486,3.5299999713897705,3.64429052182893,20,4.2610556072265275,50,4.290894612770885,14,0.08323900916436702,0.09985980732141707,3.5299999713897705,45.461249156042335,12,26,9,3.5900902803918107,3.7288309969849203,-0.20099211765716402,10,89897444.0,3.64429052182893,4.2610556072265275,4.313380106780443,45.461249156042335,49.517903964934966,0.06225140106405441,3.5299999713897705,3.690000057220459,409.53,3
SASKEN,11983,NSE_EQ,2026-09-28,2780.199951171875,2780.199951171875,2780.199951171875,1691.0999755859375,1817.1255049236083,20,1678.5737636485328,50,1678.062489691904,14,43.96148494244451,50.55179032230744,1691.0999755859375,46.51355570876046,12,26,9,1840.119060879382,1782.5669367472644,113.69001003538482,10,1094303.0,1817.1255049236083,1678.5737636485328,1676.3670821043925,46.51355570876046,47.53746149556158,-56.13788590326725,1691.0999755859375,1768.0,2545.06,3
SATIA,11045,NSE_EQ,2026-09-28,75.38999938964844,83.80000305175781,75.38999938964844,67.0,62.461659832298814,20,65.999596250257,50,65.95876344414503,14,1.3502759291598598,1.0236592765521324,67.0,56.87922424803015,12,26,9,63.11107787686155,62.68072651446218,-0.9928093517514515,10,5680517.0,62.461659832298814,65.999596250257,65.85667219351942,56.87922424803015,59.4927056074278,1.4231607141508222,67.0,68.38999938964844,667.18,3
SATIN,10453,NSE_EQ,2026-09-28,274.1400146484375,274.1400146484375,274.1400146484375,236.64999389648438,221.82003583819662,20,198.9353330142528,50,197.39595910069232,14,5.105257390037396,3.4619926303775843,236.64999389648438,59.59038638853811,12,26,9,227.41967781917546,216.21350239586292,15.66369171156917,10,15464123.0,221.82003583819662,198.9353330142528,196.50109998952797,59.59038638853811,52.76563509179701,-4.457516288256626,236.64999389648438,224.88999938964844,2526.9,3
SAURASHCEM,3018,NSE_EQ,2026-09-28,72.45999908447266,112.25,72.45999908447266,55.720001220703125,58.9741744068741,20,68.41873902397555,50,68.93705485268053,14,1.0369387768724152,1.4406895346178514,55.720001220703125,41.85207167933545,12,26,9,57.26462164894586,60.6627144690752,-3.7910129543940023,10,13903023.0,58.9741744068741,68.41873902397555,69.56673062946206,41.85207167933545,37.89518195988189,0.3929201342646671,55.720001220703125,53.0,617.43,3
SBC,6792,NSE_EQ,2026-09-28,53.7400016784668,53.7400016784668,49.79999923706055,53.02000045776367,42.23972653776821,20,35.43903437806655,50,34.721443925834016,14,1.287736413160044,0.3136022056401805,53.02000045776367,80.41624663525934,12,26,9,44.7988816013791,40.611957342882654,3.469235462797643,10,422637298.0,42.23972653776821,35.43903437806655,34.128849731849,80.41624663525934,76.44459638794896,0.7176887956988036,53.02000045776367,48.13999938964844,2646.01,3
SBCL,4656,NSE_EQ,2026-09-28,1215.699951171875,1215.699951171875,1215.699951171875,1154.5,888.2225462323703,20,713.1238494899529,50,695.1084964079103,14,35.14570664561096,9.990764414926002,1154.5,77.86542859869039,12,26,9,983.020439072839,835.1226694744811,121.28262413654383,10,31665034.0,888.2225462323703,713.1238494899529,678.7374166216259,77.86542859869039,75.6157374058748,26.615145461814137,1154.5,1166.0,6471.75,3
SBFC,18026,NSE_EQ,2026-09-28,104.38999938964844,123.0,104.38999938964844,88.86000061035156,94.04570886289193,20,95.63164047921089,50,95.90803394324595,14,1.2567931687554754,1.6831140896691785,88.86000061035156,42.749415484246484,12,26,9,93.96706357624157,94.341126392707,-0.5192514429895154,10,91115004.0,94.04570886289193,95.63164047921089,96.05285163030285,42.749415484246484,46.72254646769931,0.14518862652409004,88.86000061035156,89.13999938964844,9605.94,3
SBGLP,14139,NSE_EQ,2026-09-28,34.93000030517578,40.900001525878906,34.93000030517578,23.549999237060547,24.96634557337336,20,30.66434717142332,50,30.954728719764656,14,0.4531700494514482,0.6341846144674879,23.549999237060547,41.67637887514802,12,26,9,24.091883650592706,25.754428441731104,-1.7298337244611515,10,4739927.0,24.96634557337336,30.66434717142332,31.310840114765814,41.67637887514802,36.13891555252989,0.06728893332275354,23.549999237060547,23.690000534057617,405.31,3
SBICARD,17971,NSE_EQ,2026-09-28,700.4000244140625,965.0,711.5499877929688,611.2000122070312,648.471915164005,20,700.3953470520555,50,704.0359729640973,14,7.552654626169359,11.362432927419079,611.2000122070312,39.92926072782847,12,26,9,640.3963714953148,658.8455387092124,-25.470634555263626,10,102348605.0,648.471915164005,700.3953470520555,706.1945831089965,39.92926072782847,47.02330077305828,7.021467341366058,611.2000122070312,617.0,56501.2,3
SBILIFE,21808,NSE_EQ,2026-09-28,1990.9000244140625,2132.0,1990.9000244140625,1742.0,1799.5874494558698,20,1827.6224741973977,50,1831.1172690625976,14,18.799139186315102,24.405626377553478,1742.0,43.51172594265042,12,26,9,1775.5182091507152,1813.068220212882,-30.903558197711085,10,42012943.0,1799.5874494558698,1827.6224741973977,1835.2036882080097,43.51172594265042,42.465412020842834,-6.646452864455647,1742.0,1755.0,173722.51,3
SBIN,3045,NSE_EQ,2026-09-28,1124.5,1234.699951171875,1124.5,983.0,1025.1355285056438,20,999.3187348697985,50,999.9848056808107,14,9.34849435234551,12.469752340931846,983.0,42.84713837810795,12,26,9,1020.5985307909004,1024.0608773410427,4.289868268371205,10,378752601.0,1025.1355285056438,999.3187348697985,1000.1392870470874,42.84713837810795,44.782372660579306,-7.752214818513433,983.0,980.7999877929688,891931.65,3
SCHAEFFLER,1011,NSE_EQ,2026-09-28,4445.0,4467.7001953125,4445.0,4007.699951171875,4058.6779216554105,20,4005.1202170099377,50,4005.0149217380217,14,51.81751656701959,55.162822865149806,4007.699951171875,48.436485472056624,12,26,9,4057.1290052069994,4052.5751176821595,16.42254506416264,10,2622537.0,4058.6779216554105,4005.1202170099377,3996.337975782176,48.436485472056624,56.33105849996105,-11.868657539322776,4007.699951171875,4033.0,62521.57,3
SCHAND,20698,NSE_EQ,2026-09-28,184.5,200.0,184.5,145.17999267578125,145.40051447820213,20,157.96260477837436,50,158.48434404786795,14,2.085746986293321,2.326842539838291,145.17999267578125,47.2680944815149,12,26,9,141.9852712766097,147.8962942607681,-5.891794898409254,10,1445989.0,145.40051447820213,157.96260477837436,159.48901135116103,47.2680944815149,35.45034194302764,-0.019228085749139368,145.17999267578125,137.0,508.49,3
SCHNEIDER,31234,NSE_EQ,2026-09-28,1548.0,1548.0,1548.0,1209.5,1230.398155210773,20,1091.8940579783316,50,1087.093815446835,14,25.491583172411328,24.510687714822037,1209.5,50.980850909553126,12,26,9,1251.7576491079762,1201.776960307976,82.53284609062841,10,16275541.0,1230.398155210773,1091.8940579783316,1081.9343793426242,50.980850909553126,51.273830922619524,-32.55215729062813,1209.5,1218.800048828125,28525.88,3
SCI,3048,NSE_EQ,2026-09-28,368.75,368.75,368.75,274.3999938964844,286.27314013469936,20,268.88548194685023,50,268.66039982645697,14,4.874191491595156,5.517285536532749,274.3999938964844,46.90566584905663,12,26,9,287.21707675943094,283.33342522793487,8.609769943973038,10,105431997.0,286.27314013469936,268.88548194685023,268.3179676645585,46.90566584905663,47.77592512596208,-4.726118412476968,274.3999938964844,276.75,12773.31,3
SCILAL,23127,NSE_EQ,2026-09-28,55.0,55.0,55.0,37.13999938964844,41.24822136604263,20,44.758346726196145,50,45.06929967870829,14,0.3853125557630885,0.7681936178138222,37.13999938964844,33.40359718823798,12,26,9,39.92738563078186,42.00404748015303,-1.5891172690658608,10,10296928.0,41.24822136604263,44.758346726196145,45.405597550041094,33.40359718823798,32.10019378856761,-0.48754458030530246,37.13999938964844,37.25,1725.86,3
SCODATUBES,757478,NSE_EQ,2026-09-28,165.0,181.47999572753906,165.0,136.61000061035156,137.52314886037246,20,148.13696009299935,50,148.6074482351482,14,2.566324304493879,2.7254393659816336,136.61000061035156,48.49657815998559,12,26,9,135.63737592242404,139.08381329247942,-3.1043852433430366,10,11524076.0,137.52314886037246,148.13696009299935,149.42775246895687,48.49657815998559,42.174231853930806,-0.3420521267123413,136.61000061035156,134.4600067138672,790.13,3
SCPL,12081,NSE_EQ,2026-09-28,690.0,690.0,690.0,632.0999755859375,559.3110856317035,20,455.12528269230376,50,447.90182583950235,14,16.18623479142266,7.98357235604295,632.0999755859375,66.96882061435858,12,26,9,604.4136294077946,529.89278381844,74.14777115395171,10,2520790.0,559.3110856317035,455.12528269230376,440.7916972784234,66.96882061435858,65.96292954396023,0.37307443540291274,632.0999755859375,641.0,664.32,3
SDBL,1338,NSE_EQ,2026-09-28,99.1500015258789,136.0,99.1500015258789,74.36000061035156,75.06120285699132,20,87.36558106801833,50,87.8964210866986,14,1.449207016196663,1.7178177223953155,74.36000061035156,45.75925784656053,12,26,9,72.79775818055782,77.42651205271208,-5.7411751918247145,10,47685495.0,75.06120285699132,87.36558106801833,88.70607102662125,45.75925784656053,36.77577403644099,1.1124213196704513,74.36000061035156,72.69999694824219,1537.68,3
SEAMECLTD,2616,NSE_EQ,2026-09-28,1849.0,1849.0,1849.0,1712.199951171875,1577.2544188659767,20,1402.834497765372,50,1390.207336401841,14,32.46626902084221,18.381313289372258,1712.199951171875,63.85017250725853,12,26,9,1638.2861126549772,1535.7643236555386,88.8651664930334,10,4423005.0,1577.2544188659767,1402.834497765372,1376.4892665068908,63.85017250725853,65.14042396284836,13.656622506405114,1712.199951171875,1739.0,4285.72,3
SECMARK,19496,NSE_EQ,2026-09-28,179.5,179.5,179.5,137.1199951171875,132.10491624504576,20,125.7804222957395,50,125.31758258874162,14,3.0203467528974817,2.466475315121801,137.1199951171875,55.04728812880591,12,26,9,135.66443030756722,130.1891632410648,4.383333772422267,10,308375.0,132.10491624504576,125.7804222957395,124.55095305752634,55.04728812880591,60.549227502017246,1.0919332940801585,137.1199951171875,130.0500030517578,148.03,3
SECURKLOUD,11058,NSE_EQ,2026-09-28,27.459999084472656,34.18000030517578,27.459999084472656,17.100000381469727,18.62172340044742,20,20.967600540767407,50,21.12546177175915,14,0.30151927046171617,0.4651839010767436,17.100000381469727,39.32672795088226,12,26,9,17.814543224098248,19.145991154441536,-1.2602048394928955,10,793459.0,18.62172340044742,20.967600540767407,21.300378572541646,39.32672795088226,37.82058900516799,-0.07124309085039204,17.100000381469727,16.309999465942383,56.76,3
SEJALLTD,7091,NSE_EQ,2026-09-28,887.4000244140625,1036.699951171875,887.4000244140625,682.7000122070312,700.9462204213511,20,684.9569335386877,50,685.0490527767146,14,18.605310922311396,20.041773532923255,682.7000122070312,48.141564065103374,12,26,9,695.0944568386914,701.5119814035837,0.9246052268549279,10,627729.0,700.9462204213511,684.9569335386877,683.8510539343738,48.141564065103374,51.13765848710277,-7.342129791747274,682.7000122070312,687.9500122070312,760.87,3
SELMC,6274,NSE_EQ,2026-09-28,34.900001525878906,43.36000061035156,34.900001525878906,26.40999984741211,28.564937772550017,20,31.056466286294665,50,31.246117977677628,14,0.3610920095901495,0.5583578245786892,26.40999984741211,39.27261675092565,12,26,9,28.050317833478157,28.915872995978763,-0.8082660957160168,10,701326.0,28.564937772550017,31.056466286294665,31.387183980214374,39.27261675092565,43.98849338568175,-0.05728906678458867,26.40999984741211,26.40999984741211,83.16,3
SEMAC,11961,NSE_EQ,2026-09-28,411.54998779296875,519.25,411.54998779296875,255.0,297.3200074985295,20,333.39272717481333,50,336.5924303248057,14,7.321721038883526,10.954454455833103,255.0,40.061560149715824,12,26,9,290.14373553151995,301.46521459237505,-5.154739845237351,10,29001.0,297.3200074985295,333.39272717481333,339.1594677990006,40.061560149715824,43.22031924280764,-6.166739215617746,255.0,268.3999938964844,78.23,3
SENCO,17271,NSE_EQ,2026-09-28,430.0,430.0,430.0,331.1000061035156,348.14717117917655,20,346.28937953784873,50,346.9093539637399,14,6.304762284186583,7.447002227052686,331.1000061035156,45.846933162895006,12,26,9,350.2821206269121,346.20472758597913,7.393917516374988,10,71897092.0,348.14717117917655,346.28937953784873,346.8648377989946,45.846933162895006,50.25868646279417,-3.316524475442013,331.1000061035156,336.0,5212.06,3
SENORES,28888,NSE_EQ,2026-09-28,1599.0,1599.0,1599.0,1355.199951171875,1304.9977178950633,20,1075.9744775507493,50,1064.5775194437645,14,30.62556597031239,21.851409071265383,1355.199951171875,58.36000635716445,12,26,9,1379.8830607998914,1249.7805654823233,145.02932986390707,10,11251385.0,1304.9977178950633,1075.9744775507493,1050.780684499186,58.36000635716445,62.38496748031054,-14.926834546338938,1355.199951171875,1344.300048828125,6296.9,3
SEPC,15308,NSE_EQ,2026-09-28,9.199999809265137,12.239999771118164,9.199999809265137,5.119999885559082,6.167789538092958,20,7.9905043910214335,50,8.107667840223979,14,0.09932804955079765,0.20939122766668314,5.119999885559082,32.174229755281814,12,26,9,5.744784232845974,6.494167865948223,-0.7273731381943177,10,661972042.0,6.167789538092958,7.9905043910214335,8.225123669658693,32.174229755281814,33.01447452351701,-0.022010494907931943,5.119999885559082,5.099999904632568,931.96,3
SERVOTECH,5507,NSE_EQ,2026-09-28,115.80000305175781,141.5,115.80000305175781,70.76000213623047,84.71413122206712,20,92.10147434168839,50,92.97255483987034,14,0.9650891951709137,2.164251833350439,70.76000213623047,30.840013484466056,12,26,9,81.80396171400899,86.11879724674108,-1.8465236444541202,10,22497526.0,84.71413122206712,92.10147434168839,93.79592430060963,30.840013484466056,32.34617797451622,-2.4683118882779698,70.76000213623047,70.1500015258789,1581.61,3
SESHAPAPER,3066,NSE_EQ,2026-09-28,280.7900085449219,293.1099853515625,280.7900085449219,246.27000427246094,239.00530116355884,20,247.1786780714009,50,247.21576679788825,14,3.4736631333289503,3.0207701800452313,246.27000427246094,53.48677807154524,12,26,9,238.86976041265652,240.1517921386605,-4.174896743602997,10,6513295.0,239.00530116355884,247.1786780714009,247.11151220708933,53.48677807154524,55.62815645559285,2.8928650175990045,246.27000427246094,244.0,1463.28,3
SETCO,17518,NSE_EQ,2026-09-28,28.6200008392334,28.6200008392334,28.6200008392334,18.469999313354492,18.303015551296607,20,18.197096080699172,50,18.185957173243853,14,0.5973461437317528,0.5934890137810896,18.469999313354492,50.16195062458178,12,26,9,17.920462113050302,18.41235139775513,-0.32098022712131447,10,2365873.0,18.303015551296607,18.197096080699172,18.23191463068473,50.16195062458178,45.55750438314704,-0.1709090575835146,18.469999313354492,18.600000381469727,250.12,3
SETL,29075,NSE_EQ,2026-09-28,468.1499938964844,468.1499938964844,468.1499938964844,402.54998779296875,297.9598568398793,20,227.08902121639224,50,219.92734911122585,14,15.807951980654739,5.767736345437017,402.54998779296875,73.26742832829106,12,26,9,342.3354669115184,275.01894543404137,51.62990262204792,10,45410014.0,297.9598568398793,227.08902121639224,212.4815263768467,73.26742832829106,73.24971802895168,15.686618855429089,402.54998779296875,402.79998779296875,8115.54,3
SEYAIND,10836,NSE_EQ,2026-09-28,16.229999542236328,23.989999771118164,16.229999542236328,13.869999885559082,13.094289499955043,20,14.675486086136939,50,14.708363073915626,14,0.271994174349372,0.23478782149650074,13.869999885559082,53.67084398793311,12,26,9,12.920517997252992,13.339217974651058,-0.6301793285226102,10,382649.0,13.094289499955043,14.675486086136939,14.773194224460791,53.67084398793311,48.19453948117594,0.21147935112454352,13.869999885559082,14.329999923706055,37.02,3
SFL,19184,NSE_EQ,2026-09-28,832.4500122070312,832.4500122070312,832.4500122070312,634.5999755859375,666.2624032755695,20,656.086049796843,50,656.9630324176962,14,13.068491884023214,14.93747529124741,634.5999755859375,46.663240738076496,12,26,9,672.5901662674278,659.8006588931156,24.16201568543344,10,12869639.0,666.2624032755695,656.086049796843,656.9492791370728,46.663240738076496,49.530873031810955,-11.372508311121273,634.5999755859375,638.7999877929688,6942.83,3
SGFIN,758853,NSE_EQ,2026-09-28,727.4500122070312,727.4500122070312,727.4500122070312,609.7000122070312,621.7743914584671,20,519.1223431231192,50,515.4252954054085,14,11.570014625962203,10.78302906713601,609.7000122070312,51.76035436075576,12,26,9,644.5691673570417,602.1867249711487,54.22814949048094,10,9764811.0,621.7743914584671,519.1223431231192,510.71000084207697,51.76035436075576,55.53113046558412,-11.845707104587937,609.7000122070312,603.0,3859.43,3
SGIL,5114,NSE_EQ,2026-09-28,697.9500122070312,697.9500122070312,630.2000122070312,642.5,582.1969927905882,20,551.1043130946555,50,547.3738768944372,14,12.51637206880354,7.212274951039056,642.5,63.4426276480839,12,26,9,594.4936585137194,574.6847121313862,17.46953081720413,10,610710.0,582.1969927905882,551.1043130946555,545.662607061844,63.4426276480839,54.721356202739386,2.33941556512913,642.5,655.0,1015.48,3
SGL,13367,NSE_EQ,2026-09-28,14.0,16.84000015258789,14.0,9.029999732971191,10.166543918728587,20,11.33654643700065,50,11.430691200430424,14,0.1257327107392033,0.23522244601994785,9.029999732971191,34.83333272423616,12,26,9,9.833367106173275,10.412645119686061,-0.5629001371615878,10,451831.0,10.166543918728587,11.33654643700065,11.51561735630637,34.83333272423616,37.18824802139581,-0.01637787635119814,9.029999732971191,10.180000305175781,0.42,3
SGMART,758889,NSE_EQ,2026-09-28,860.5999755859375,860.5999755859375,860.5999755859375,731.0,682.6786372869875,20,531.8529636188077,50,523.7245131542693,14,17.19767853028974,10.914175732305628,731.0,61.175895298989076,12,26,9,724.5428523019449,652.4703943610377,74.63212609088805,10,13622219.0,682.6786372869875,531.8529636188077,515.1602080669754,61.175895298989076,61.574850322450075,-2.5596681499808938,731.0,723.8499755859375,9300.46,3
SHAH,20296,NSE_EQ,2026-09-28,5.880000114440918,5.880000114440918,5.880000114440918,3.2200000286102295,4.041957624659098,20,4.296725438226739,50,4.340673414129453,14,0.08549457825561982,0.158732369550415,3.2200000286102295,35.00620182319915,12,26,9,3.7747242161858394,4.157891710699603,-0.2561145593115002,10,359725202.0,4.041957624659098,4.296725438226739,4.383966207710665,35.00620182319915,35.63146506540684,-0.1270529352022638,3.2200000286102295,3.200000047683716,280.94,3
SHAHALLOYS,11859,NSE_EQ,2026-09-28,116.8499984741211,116.8499984741211,116.8499984741211,92.83000183105469,80.15754891463517,20,73.15276509965757,50,72.34961258000871,14,2.6014613875684085,1.4312711343036468,92.83000183105469,64.50865197379296,12,26,9,84.83954520106464,77.92463476115614,4.466913154497343,10,5481669.0,80.15754891463517,73.15276509965757,71.527147787356,64.50865197379296,64.29998327113269,2.4479972854111534,92.83000183105469,92.30000305175781,184.86,3
SHAILY,8727,NSE_EQ,2026-09-28,3615.199951171875,3615.199951171875,3615.199951171875,3142.300048828125,2990.9500771457733,20,2612.7606472789125,50,2591.1467941544547,14,57.42574742177106,37.769610663787105,3142.300048828125,60.324104637706036,12,26,9,3120.7186173908767,2900.85416760131,229.350862638207,10,7945908.0,2990.9500771457733,2612.7606472789125,2568.3446204943048,60.324104637706036,60.665501280774706,-9.486412848640384,3142.300048828125,3122.0,14179.05,3
SHAKTIPUMP,25574,NSE_EQ,2026-09-28,621.9000244140625,838.6500244140625,621.9000244140625,466.8999938964844,517.780465263032,20,586.8875043756784,50,591.7849537829925,14,6.791442954639849,11.9850449931395,466.8999938964844,36.169932170105625,12,26,9,499.88518842330006,531.9546122226361,-29.79203456062684,10,30817552.0,517.780465263032,586.8875043756784,597.1251554799704,36.169932170105625,34.69170362055007,-2.277389238709212,466.8999938964844,471.5,5677.99,3
SHALBY,714,NSE_EQ,2026-09-28,182.27000427246094,273.0,182.27000427246094,147.1199951171875,157.12538059234623,20,171.06477452120285,50,172.0421124560606,14,2.004977548019959,3.025794070340519,147.1199951171875,39.8542748532357,12,26,9,153.01286499742812,159.92200305362593,-5.477679058792908,10,3949491.0,157.12538059234623,171.06477452120285,173.44546383540558,39.8542748532357,30.52230050795265,-1.4314589974048966,147.1199951171875,143.0,1592.22,3
SHALPAINTS,15346,NSE_EQ,2026-09-28,95.94999694824219,95.94999694824219,95.94999694824219,76.8499984741211,70.39465242098915,20,69.57670337212593,50,69.27983418428938,14,2.7264735651779057,2.069234250972182,76.8499984741211,56.85237027986147,12,26,9,75.27538726546538,68.50066392850692,4.6548551582952165,10,25586632.0,70.39465242098915,69.57670337212593,68.80554163973471,56.85237027986147,60.50195999024881,2.1198681786632427,76.8499984741211,76.0199966430664,631.1,3
SHANKARA,20321,NSE_EQ,2026-09-28,152.0,207.75,152.0,132.97999572753906,139.4166049717587,20,211.59967557689208,50,214.80864210135545,14,2.6948470564868225,3.843013165748568,132.97999572753906,41.21909867882454,12,26,9,139.87744132720547,146.1782064227579,-12.621186364707935,10,7308215.0,139.4166049717587,211.59967557689208,217.48409710521338,41.21909867882454,50.136659886022805,6.320421269155499,132.97999572753906,137.17999267578125,307.04,3
SHANTI,5650,NSE_EQ,2026-09-28,7.75,12.260000228881836,7.75,5.679999828338623,6.530796717329485,20,7.839484556761131,50,7.927626790574294,14,0.08769363511242925,0.17128447318899004,5.679999828338623,33.86140847486786,12,26,9,6.32436721436204,6.729112885198381,-0.4116797350932918,10,1814936.0,6.530796717329485,7.839484556761131,7.998550330711185,33.86140847486786,39.40409977334236,0.006934064256950534,5.679999828338623,5.880000114440918,6.31,3
SHANTIGEAR,3078,NSE_EQ,2026-09-28,743.0,743.0,743.0,666.5499877929688,521.6327014875203,20,492.07954002501714,50,484.9582972589783,14,19.425875092629916,7.130250749065544,666.5499877929688,73.15025997553295,12,26,9,558.2867813315845,508.29212508611494,18.10090074629123,10,23633349.0,521.6327014875203,492.07954002501714,476.1790445841215,73.15025997553295,80.39423529468031,31.89375549917834,666.5499877929688,666.25,4873.06,3
SHANTIGOLD,758002,NSE_EQ,2026-09-28,333.0899963378906,333.0899963378906,280.75,325.67999267578125,240.9155797908381,20,225.16927545503341,50,221.06679720112535,14,10.85623175881452,3.851584509633555,325.67999267578125,73.81266913228879,12,26,9,253.3607638823744,235.52065717589812,10.135156103419764,10,140854120.0,240.9155797908381,225.16927545503341,219.83401323903004,73.81266913228879,58.9943627141108,7.704950603056528,325.67999267578125,289.79998779296875,2242.4,3
SHARDACROP,4992,NSE_EQ,2026-09-28,1238.800048828125,1297.0,1238.800048828125,749.5999755859375,839.8610458296782,20,871.2032119560504,50,876.1666093589121,14,11.321862024971157,19.788771454448636,749.5999755859375,36.392258076200086,12,26,9,802.3103471849627,857.5002853113386,-42.753153839772764,10,7497833.0,839.8610458296782,871.2032119560504,881.5979005333191,36.392258076200086,35.42861418233319,-12.436784286603213,749.5999755859375,740.0,6621.3,3
SHARDAMOTR,10530,NSE_EQ,2026-09-28,1024.949951171875,1189.9000244140625,974.4000244140625,956.3499755859375,894.8107923249501,20,922.1345366065261,50,920.7379880767543,14,18.832739001953396,13.927678334147872,956.3499755859375,57.4862609616396,12,26,9,908.7966143656113,892.4628386999124,2.799987630577625,10,3803930.0,894.8107923249501,922.1345366065261,918.8477023740517,57.4862609616396,58.85942631366836,13.533788035121283,956.3499755859375,974.9000244140625,5514.19,3
SHAREINDIA,104,NSE_EQ,2026-09-28,233.35000610351562,233.35000610351562,233.35000610351562,209.6199951171875,174.23029378973757,20,167.4417908096259,50,165.7202314501336,14,6.9047601344124105,3.8097750932921306,209.6199951171875,64.44292717950839,12,26,9,184.46268547349317,169.90366707012922,8.730229758365269,10,186177678.0,174.23029378973757,167.4417908096259,163.1720778808948,64.44292717950839,73.52557434989347,5.828788644998681,209.6199951171875,213.0,4530.37,3
SHEKHAWATI,21099,NSE_EQ,2026-09-28,27.389999389648438,27.389999389648438,22.190000534057617,27.389999389648438,17.089088491459474,20,17.49810782605909,50,17.09435714999422,14,1.3226704702584222,0.5024796308092515,27.389999389648438,72.46913388025939,12,26,9,18.375911656793914,16.751022683048657,0.30876654280541904,10,3912330.0,17.089088491459474,17.49810782605909,16.91535133806597,72.46913388025939,64.18552868621464,1.316122430939838,27.389999389648438,26.260000228881836,98.95,3
SHEMAROO,5068,NSE_EQ,2026-09-28,143.0,143.0,143.0,124.51000213623047,119.07260502980564,20,115.58379952813716,50,115.21946472780681,14,2.6113072839937277,2.0537377230442897,124.51000213623047,55.97603624518358,12,26,9,121.60529274453158,117.47868085468752,4.571993293076606,10,438989.0,119.07260502980564,115.58379952813716,115.17168780283367,55.97603624518358,49.72545423277369,-0.44538140323254893,124.51000213623047,122.30000305175781,359.51,3
SHILPAMED,17752,NSE_EQ,2026-09-28,1075.0,1075.0,1033.0999755859375,1013.4500122070312,742.4187747975146,20,571.5999306709739,50,553.5652334654205,14,28.465045143762232,3.0172552970963555,1013.4500122070312,90.41602660909595,12,26,9,839.9626556087935,690.059309606563,116.24142863481828,10,93656119.0,742.4187747975146,571.5999306709739,534.4821827666239,90.41602660909595,92.01306126762161,33.6619173674122,1013.4500122070312,1028.0,19804.54,3
SHIVALIK,7016,NSE_EQ,2026-09-28,436.8999938964844,471.0,411.79998779296875,408.45001220703125,298.0608420766554,20,328.7130405346035,50,325.45847026225954,14,13.40621789132479,4.873837931791518,408.45001220703125,73.3379483139858,12,26,9,314.6654939710391,297.0924078798036,-4.962039848603654,10,3631954.0,298.0608420766554,328.7130405346035,323.5547341054735,73.3379483139858,68.92403785771253,22.535125939839148,408.45001220703125,414.79998779296875,649.04,3
SHIVAMAUTO,13756,NSE_EQ,2026-09-28,21.0,32.38999938964844,21.0,17.3700008392334,17.961779355740838,20,20.819076236899736,50,20.95985482455959,14,0.5001021799555333,0.5850581853385821,17.3700008392334,46.085555273665804,12,26,9,17.66609848014151,18.390550146561466,-1.0422290887068069,10,2649838.0,17.961779355740838,20.819076236899736,21.022706038774512,46.085555273665804,53.274231701905194,0.317777422286851,17.3700008392334,17.1299991607666,229.05,3
SHIVAMILLS,1497,NSE_EQ,2026-09-28,70.0,74.0,70.0,58.5099983215332,60.86418626596935,20,62.730330950420495,50,62.90258942506895,14,0.9090631633804381,1.0957355581967843,58.5099983215332,45.344360688002475,12,26,9,60.919859111118924,60.91090001661114,0.1990814532528406,10,85742.0,60.86418626596935,62.730330950420495,62.956572592171575,45.344360688002475,50.91328303392716,-0.1901223587450533,58.5099983215332,62.869998931884766,52.06,3
SHIVATEX,804,NSE_EQ,2026-09-28,192.3000030517578,217.9199981689453,192.3000030517578,167.72999572753906,164.7765217839987,20,167.61503135039567,50,167.6103389268388,14,3.0517844058008423,2.7997148683445476,167.72999572753906,52.15388847923175,12,26,9,167.14242517415505,164.42902322952762,0.5386898026123449,10,364817.0,164.7765217839987,167.61503135039567,167.57361829092056,52.15388847923175,52.655237659449895,2.1747121420150903,167.72999572753906,170.92999267578125,218.17,3
SHIVAUM,759747,NSE_EQ,2026-09-28,519.5,519.5,484.8999938964844,510.1499938964844,420.46584026030513,20,368.7767998676494,50,363.00646541749285,14,12.279217172063756,4.1097400284536185,510.1499938964844,74.92372468747504,12,26,9,444.92596420701886,406.07910928133276,32.75441573730649,10,2324552.0,420.46584026030513,368.7767998676494,358.7087706266571,74.92372468747504,69.3295453818476,6.092439188379615,510.1499938964844,513.0,697.63,3
SHK,11212,NSE_EQ,2026-09-28,177.05999755859375,243.50999450683594,177.05999755859375,142.36000061035156,146.27082839603557,20,158.57987556111826,50,159.24191127339444,14,3.463782976064466,3.8993320204018533,142.36000061035156,47.04235880774363,12,26,9,146.22639370201216,147.68604228739653,-2.2752452324703425,10,40112231.0,146.27082839603557,158.57987556111826,160.1481120075684,47.04235880774363,44.160559943466374,0.8155966470859708,142.36000061035156,140.9600067138672,1931.44,3
SHOPERSTOP,11813,NSE_EQ,2026-09-28,442.0,558.0,442.0,423.54998779296875,383.48699044681297,20,399.991610406115,50,399.03004398216177,14,9.358826976746753,6.154384186536437,423.54998779296875,60.32810923696643,12,26,9,392.0806364249636,381.8144170151413,5.305642763256937,10,8883254.0,383.48699044681297,399.991610406115,399.00065802225,60.32810923696643,55.44566918362595,4.9605766465653325,423.54998779296875,382.5,4041.17,3
SHRADHA,708,NSE_EQ,2026-09-28,42.88999938964844,51.810001373291016,42.88999938964844,29.75,33.41265492356164,20,38.39028280123237,50,38.742947405364305,14,0.48140383999435876,0.844675181626019,29.75,36.30280188024664,12,26,9,32.29987121236821,34.31140393726582,-1.8489122852810076,10,921788.0,33.41265492356164,38.39028280123237,39.09980240150162,36.30280188024664,36.798332745318994,-0.16262043961660533,29.75,31.399999618530273,238.54,3
SHREDIGCEM,3099,NSE_EQ,2026-09-28,80.0,97.1500015258789,80.0,67.8499984741211,72.54139620871209,20,75.56745545765483,50,75.88245370188069,14,0.9645024096694728,1.3771282277701646,67.8499984741211,41.18934874904393,12,26,9,71.77183379362111,73.11399450874639,-0.9428335547580924,10,4238169.0,72.54139620871209,75.56745545765483,76.1833700923154,41.18934874904393,42.03563548729013,-0.39932716036718197,67.8499984741211,68.5,994.32,3
SHREECEM,3103,NSE_EQ,2026-09-28,27550.0,30285.0,27550.0,22520.0,24527.864805162826,20,25577.9328981289,50,25702.746485807627,14,170.63361970525352,347.94670814887684,22520.0,32.903990093748874,12,26,9,24055.140967029787,24784.996956347273,-417.53250826111434,10,1076843.0,24527.864805162826,25577.9328981289,25829.38919951406,32.903990093748874,33.270602006191396,-312.32348105637175,22520.0,22350.0,79899.86,3
SHREEJISPG,759448,NSE_EQ,2026-09-28,754.0,754.0,721.5,752.4500122070312,596.3090754817623,20,453.1166705907529,50,440.89898317784355,14,19.09126634573966,4.243438205729658,752.4500122070312,81.81490493539391,12,26,9,649.0683006223423,563.2248352287335,76.89227684645272,10,46816417.0,596.3090754817623,453.1166705907529,429.99486054049146,81.81490493539391,78.95461740972793,8.951188547156164,752.4500122070312,723.8499755859375,12365.07,3
SHREEPUSHK,10588,NSE_EQ,2026-09-28,545.2000122070312,545.2000122070312,545.2000122070312,506.04998779296875,425.9733544322299,20,387.6780044555244,50,382.84649493154706,14,12.769901443839075,5.6373770768231335,506.04998779296875,69.37419580795083,12,26,9,448.50913637417693,414.88279335876086,22.049696168729483,10,4211373.0,425.9733544322299,387.6780044555244,377.48104624332575,69.37419580795083,71.66857447191882,11.576646846686586,506.04998779296875,486.5,1613.91,3
SHREERAMA,7627,NSE_EQ,2026-09-28,56.0,71.98999786376953,56.29999923706055,45.040000915527344,44.58014802504114,20,46.34556598628948,50,46.398854356524666,14,1.189745151427999,1.2089069411602218,45.040000915527344,49.60057171710245,12,26,9,44.054387921659355,45.19230603160129,-1.8893425317988783,10,5380295.0,44.58014802504114,46.34556598628948,46.47513417600335,49.60057171710245,48.82334341264485,0.7514244218569428,45.040000915527344,43.90999984741211,622.25,3
SHREYANIND,3126,NSE_EQ,2026-09-28,182.97000122070312,235.5,182.97000122070312,130.14999389648438,138.6015062598558,20,157.9075032561256,50,159.04046282182523,14,1.4861747956118159,2.493470317422769,130.14999389648438,37.3444051768367,12,26,9,133.73326215259198,142.57290143579633,-9.545345558038425,10,296168.0,138.6015062598558,157.9075032561256,160.17966518668288,37.3444051768367,38.013043407946796,0.7057062748340766,130.14999389648438,129.97999572753906,179.41,3
SHRINGARMS,759093,NSE_EQ,2026-09-28,242.0,266.5,242.0,214.05999755859375,217.79641261981973,20,214.8190885935056,50,214.850071901053,14,3.31866537316169,3.476147494226671,214.05999755859375,48.84115924795505,12,26,9,218.5018093906411,217.09514518132696,2.744146624749025,10,18983513.0,217.79641261981973,214.8190885935056,215.02068715542475,48.84115924795505,46.95067101404728,-1.337482415434867,214.05999755859375,210.25999450683594,2111.88,3
SHRIPISTON,17186,NSE_EQ,2026-09-28,4789.10009765625,4789.10009765625,4785.7998046875,4746.7998046875,4175.113737123208,20,3595.3394799561897,50,3548.341099354912,14,91.26807890220661,34.521031861883614,4746.7998046875,72.55642268858574,12,26,9,4392.754199392529,4031.3714839299128,346.7953194480358,10,3071624.0,4175.113737123208,3595.3394799561897,3506.371344322204,72.55642268858574,69.62032239660032,14.587396014580236,4746.7998046875,4593.2998046875,20745.5,3
SHRIRAMFIN,4306,NSE_EQ,2026-09-28,1153.699951171875,1153.699951171875,1153.699951171875,994.0999755859375,1027.162810927934,20,951.0268244001848,50,949.2687365966847,14,14.253313121130239,15.63293732043322,994.0999755859375,47.691874726806965,12,26,9,1038.009711935707,1014.399683128785,34.63019576042807,10,191514553.0,1027.162810927934,951.0268244001848,946.7899095189983,47.691874726806965,49.57581976350083,-11.020166953506127,994.0999755859375,990.0,226590.94,3
SHRIRAMPPS,7200,NSE_EQ,2026-09-28,98.88999938964844,99.44000244140625,98.88999938964844,71.19999694824219,79.65320619838621,20,82.78366676829125,50,83.25646961808917,14,0.9443129659727275,1.6659552231892165,71.19999694824219,36.1768560753104,12,26,9,77.60734841789876,80.46895875453953,-1.105714699726612,10,19044008.0,79.65320619838621,82.78366676829125,83.74775404247227,36.1768560753104,36.196670351726816,-1.7558956369141536,71.19999694824219,70.8499984741211,1194.87,3
SHYAMCENT,10192,NSE_EQ,2026-09-28,6.389999866485596,7.329999923706055,6.389999866485596,5.0,5.151102898973879,20,5.885975371233357,50,5.9221376312836975,14,0.07467927859857189,0.09369649882012857,5.0,44.35274464263749,12,26,9,5.079976227392219,5.230782870957495,-0.16377053782623277,10,3358505.0,5.151102898973879,5.885975371233357,5.95732692469203,44.35274464263749,45.51115120111061,0.012963894260956815,5.0,4.929999828338623,100.18,3
SHYAMMETL,4693,NSE_EQ,2026-09-28,1148.0,1148.0,1111.0,1085.5999755859375,1007.0016635126018,20,938.0975223105045,50,932.077014013548,14,17.639125950999844,9.868899586520488,1085.5999755859375,64.12356251065881,12,26,9,1040.385790961484,987.4336458301868,46.51247542873595,10,24220374.0,1007.0016635126018,938.0975223105045,925.2230145855295,64.12356251065881,66.6143910674555,6.439669702561183,1085.5999755859375,1093.0,29577.43,3
SHYAMTEL,13740,NSE_EQ,2026-09-28,25.420000076293945,25.420000076293945,25.420000076293945,11.069999694824219,14.275960511742504,20,14.39312634690352,50,14.528764169437368,14,0.43356588606980423,0.6910410885818784,11.069999694824219,38.55265847022599,12,26,9,13.593712510311901,14.4084476334444,0.021187809417704956,10,370932.0,14.275960511742504,14.39312634690352,14.656468844984596,38.55265847022599,39.378009680740185,-0.8359229325502036,11.069999694824219,11.449999809265137,12.65,3
SICALLOG,19440,NSE_EQ,2026-09-28,122.5,122.5,122.5,91.87999725341797,94.0923398451853,20,92.2464283777886,50,92.26138475021189,14,2.732400784426623,2.751712316648455,91.87999725341797,49.82393203909265,12,26,9,97.45161652440015,92.33800420076577,5.66674313139329,10,2170985.0,94.0923398451853,92.2464283777886,92.31001271165628,49.82393203909265,49.2889342227218,-0.5531308077589054,91.87999725341797,93.0999984741211,638.91,3
SIEMENS,3150,NSE_EQ,2026-09-28,4149.39990234375,4149.39990234375,4149.39990234375,3877.0,3780.5021050373894,20,3567.991723788815,50,3555.3791410863173,14,51.82322503384501,39.2802991540824,3877.0,56.88388621162952,12,26,9,3863.5572479156704,3722.8266556361796,142.99720441747093,10,16078186.0,3780.5021050373894,3567.991723788815,3540.74564062683,56.88388621162952,58.57861860150833,-2.2666121379801325,3877.0,3841.10009765625,135502.55,3
SIGACHI,6663,NSE_EQ,2026-09-28,38.77000045776367,40.849998474121094,38.77000045776367,29.43000030517578,27.791963118138785,20,28.734214411598916,50,28.70581498737129,14,1.0984429018697284,0.9381092439525521,29.43000030517578,53.93639952323537,12,26,9,29.343824092638737,27.3689158243361,0.9923618322624398,10,196387084.0,27.791963118138785,28.734214411598916,28.669317624346867,53.93639952323537,54.259922189114405,0.9825464360401982,29.43000030517578,30.68000030517578,1088.64,3
SIGIND,4517,NSE_EQ,2026-09-28,74.98999786376953,74.98999786376953,74.98999786376953,68.0199966430664,60.263389134659285,20,56.254495170226974,50,55.77427062031516,14,1.6194201411774107,0.8754552363579178,68.0199966430664,64.90986105996306,12,26,9,64.08192948968517,58.5638459037209,3.707576731859956,10,2954447.0,60.263389134659285,56.254495170226974,55.1940368552762,64.90986105996306,68.78969356785069,1.8105068541043066,68.0199966430664,73.0,211.92,3
SIGMA,16658,NSE_EQ,2026-09-28,57.20000076293945,65.5,57.20000076293945,45.61000061035156,44.65332280737108,20,52.99616755229567,50,53.297643754007666,14,1.319501198727125,1.2621865874470235,45.61000061035156,51.11002212558469,12,26,9,45.19973784978365,44.78767318932981,-0.2700465324044341,10,18096346.0,44.65332280737108,52.99616755229567,53.55346599787342,51.11002212558469,53.200130103426716,0.6821111928582777,45.61000061035156,45.25,463.03,3
SIGMAADV,14797,NSE_EQ,2026-09-28,980.0,980.0,888.2999877929688,946.0,632.4126951632356,20,431.7945723645023,50,410.8065957263187,14,36.96293190984032,7.856480887104568,946.0,82.47080807885973,12,26,9,729.3719643662117,575.9385406149081,128.50277857049207,10,13411306.0,632.4126951632356,431.7945723645023,392.22319246674243,82.47080807885973,79.91300108767403,24.930645180811553,946.0,974.9000244140625,16222.39,3
SIGNATURE,18743,NSE_EQ,2026-09-28,928.0,1153.9000244140625,928.0,788.8499755859375,805.5195461924401,20,888.9476980423608,50,893.0333193671128,14,14.18849877850992,16.899993465131875,788.8499755859375,45.639070133456684,12,26,9,789.3686680648335,821.2846430576213,-37.103533421257076,10,10555135.0,805.5195461924401,888.9476980423608,898.5877400675242,45.639070133456684,41.33967934455643,5.187558428469252,788.8499755859375,785.0,10682.92,3
SIGNPOST,22656,NSE_EQ,2026-09-28,336.79998779296875,336.79998779296875,336.79998779296875,271.20001220703125,270.21058443404206,20,261.34077682155856,50,260.9383590507229,14,6.35656505008425,6.0787967480611504,271.20001220703125,51.11684849436598,12,26,9,271.49007600461965,267.9775331398769,6.82306309641476,10,8323281.0,270.21058443404206,261.34077682155856,260.5072716650381,51.11684849436598,51.205081318876424,-3.310520231672033,271.20001220703125,272.1000061035156,1434.13,3
SIKKO,6226,NSE_EQ,2026-09-28,6.650000095367432,6.831500053405762,6.25,6.510000228881836,5.15225667515063,20,4.794151057591402,50,4.724116397538731,14,0.20711653354265253,0.0922437380795289,6.510000228881836,69.18637948192789,12,26,9,5.433136259076177,5.032497627278337,0.2143155007770619,10,38198379.0,5.15225667515063,4.794151057591402,4.675304818814028,69.18637948192789,64.13783173471336,0.18632313102077774,6.510000228881836,6.420000076293945,292.01,3
SIL,11297,NSE_EQ,2026-09-28,22.299999237060547,22.299999237060547,22.299999237060547,16.739999771118164,17.11699992128171,20,17.128672224384076,50,17.144536406150028,14,0.43795197289986126,0.45300068400814403,16.739999771118164,49.15547077661184,12,26,9,17.476922136744896,16.952491665369827,0.5322818513271179,10,5706444.0,17.11699992128171,17.128672224384076,17.185946089635063,49.15547077661184,46.541097186726226,-0.007851379952048543,16.739999771118164,16.899999618530273,106.05,3
SILGO,2492,NSE_EQ,2026-09-28,86.19999694824219,86.19999694824219,86.19999694824219,69.79000091552734,72.5978388319985,20,70.31639230068345,50,70.33787766334288,14,0.8815976285466701,1.0992268142235593,69.79000091552734,44.506600863312,12,26,9,71.88810249960146,72.64541087331789,-0.09431032076875673,10,6628347.0,72.5978388319985,70.31639230068345,70.31901540259125,44.506600863312,46.188830324753,-0.66299805294767,69.79000091552734,70.0999984741211,169.63,3
SILINV,4105,NSE_EQ,2026-09-28,498.0,767.0,498.0,452.95001220703125,449.18787236155936,20,471.6838153382925,50,472.44846036405823,14,5.779609857313118,5.71533895520752,452.95001220703125,50.27956149763621,12,26,9,451.57438982861845,451.4974502696439,-5.750543686388471,10,104488.0,449.18787236155936,471.6838153382925,473.49125491375514,50.27956149763621,48.337341774279594,5.827483245363044,452.95001220703125,451.6000061035156,470.33,3
SILVERTUC,9422,NSE_EQ,2026-09-28,216.8000030517578,1117.449951171875,216.8000030517578,147.7899932861328,182.43996333387156,20,285.2151815652876,50,290.82437292362044,14,4.914902774760637,9.075210462501943,147.7899932861328,35.13125799203557,12,26,9,170.6227215891778,198.66395299089265,-33.603982205620326,10,25394938.0,182.43996333387156,285.2151815652876,296.72414329685813,35.13125799203557,34.62726703581693,5.562750803905459,147.7899932861328,147.89999389648438,1913.75,3
SIMPLEXINF,3162,NSE_EQ,2026-09-28,292.0,318.0,292.0,250.6999969482422,249.0131243067923,20,245.59306369171486,50,245.3846174363464,14,6.005770452593279,5.705651897419341,250.6999969482422,51.28130702746628,12,26,9,253.4070571016233,247.0119293456753,6.272257826427104,10,5238419.0,249.0131243067923,245.59306369171486,245.13909186654485,51.28130702746628,51.501181931920286,0.12286992952090614,250.6999969482422,250.10000610351562,1946.03,3
SINCLAIR,23480,NSE_EQ,2026-09-28,86.9000015258789,101.12999725341797,86.9000015258789,78.95999908447266,78.25504800990014,20,81.34293913030636,50,81.44020198931997,14,1.194083132645386,1.1640040873717143,78.95999908447266,50.637784832942984,12,26,9,78.63255908257109,78.4986050291172,-0.7612243447314264,10,1479547.0,78.25504800990014,81.34293913030636,81.42021022132586,50.637784832942984,55.643715737509616,0.8951783981853176,78.95999908447266,79.62999725341797,405.0,3
SINDHUTRAD,16859,NSE_EQ,2026-09-28,28.639999389648438,29.3799991607666,28.639999389648438,23.75,24.467788075298103,20,24.089454815316003,50,24.10331011390033,14,0.44081704680011924,0.4890068027166446,23.75,47.408662084674965,12,26,9,24.490176641608013,24.390486654820602,0.2660979328776576,10,79891147.0,24.467788075298103,24.089454815316003,24.078139126167507,47.408662084674965,51.225739293649205,-0.166407946090247,23.75,23.700000762939453,3580.36,3
SINTERCOM,381,NSE_EQ,2026-09-28,98.6500015258789,130.0,98.6500015258789,77.93000030517578,79.81355944301221,20,89.18591903428255,50,89.6453442885318,14,1.104638374602166,1.3775209260648542,77.93000030517578,44.50312170960668,12,26,9,78.93103929218483,81.1991839975641,-3.0254964055148332,10,626241.0,79.81355944301221,89.18591903428255,90.15739921973224,44.50312170960668,43.1451558938949,0.7573517001355623,77.93000030517578,77.91000366210938,213.89,3
SIRCA,11050,NSE_EQ,2026-09-28,464.25,539.0,464.25,410.29998779296875,424.2392252746267,20,427.0008748711118,50,427.6825437314442,14,5.585005393228221,6.835998266120954,410.29998779296875,44.96420375035023,12,26,9,422.1432306982816,426.26927498870856,-5.169614957041519,10,17144832.0,424.2392252746267,427.0008748711118,428.55734143476843,44.96420375035023,43.65185701019544,1.0435706666145865,410.29998779296875,410.70001220703125,2329.65,3
SIS,21501,NSE_EQ,2026-09-28,480.95001220703125,480.95001220703125,480.95001220703125,418.3999938964844,411.62115380558737,20,383.9511151173185,50,382.5450384324546,14,5.3168381129278135,4.087328754126443,418.3999938964844,56.537045631914125,12,26,9,421.93664050958705,403.63955411289345,22.177108725765706,10,10660454.0,411.62115380558737,383.9511151173185,380.67952979704455,56.537045631914125,61.10890245310168,-3.880022329072105,418.3999938964844,418.45001220703125,5437.89,3
SIYSIL,14096,NSE_EQ,2026-09-28,668.0999755859375,848.7999877929688,668.0999755859375,538.0499877929688,581.6575214604333,20,599.8032212415644,50,602.3237613823234,14,7.418821028075422,11.112585507446854,538.0499877929688,40.03377193120509,12,26,9,573.2703245497594,585.4468689886047,-2.2017335386360624,10,2168597.0,581.6575214604333,599.8032212415644,605.3818730953136,40.03377193120509,37.46679242713223,-9.974810900209263,538.0499877929688,543.5499877929688,2425.82,3
SJS,6643,NSE_EQ,2026-09-28,2590.0,2590.0,2590.0,2317.60009765625,2244.065887784148,20,1951.2287413212039,50,1936.2748084095692,14,46.038106326096845,34.37830735450148,2317.60009765625,57.249638747822246,12,26,9,2335.0680982621147,2176.796721281677,173.47637486459035,10,7578098.0,2244.065887784148,1951.2287413212039,1916.4166353312607,57.249638747822246,63.150562826991525,-15.204997884152647,2317.60009765625,2262.699951171875,7294.62,3
SJVN,18883,NSE_EQ,2026-09-28,83.0,92.16000366210938,83.0,61.7599983215332,68.45750092285598,20,74.8321286039332,50,75.36568494199034,14,0.47060723024205403,1.1012154981883113,61.7599983215332,29.940223011790025,12,26,9,66.51794289099469,69.74561466044815,-2.781851033824735,10,82891459.0,68.45750092285598,74.8321286039332,75.83163123501282,29.940223011790025,33.249203827500864,-0.44582073562873026,61.7599983215332,62.5,20775.35,3
SKFINDIA,3186,NSE_EQ,2026-09-28,1777.0999755859375,5074.0,1777.0999755859375,1539.800048828125,1600.412384263432,20,2040.6535040965177,50,2061.096502270738,14,15.663686729898307,25.827385724044184,1539.800048828125,37.75194470397436,12,26,9,1559.5411442087313,1659.7761254269578,-131.84387604455316,10,3923750.0,1600.412384263432,2040.6535040965177,2081.851462543587,37.75194470397436,38.60257543523842,31.60889482632666,1539.800048828125,1532.5999755859375,7526.0,3
SKIPPER,9428,NSE_EQ,2026-09-28,616.7999877929688,616.7999877929688,616.7999877929688,551.1500244140625,528.4702937808597,20,492.70152388262534,50,490.3158707997095,14,11.064102769014621,8.367557499273476,551.1500244140625,56.93853544295911,12,26,9,545.3764376374353,517.6570464095852,28.497303828375117,10,50580473.0,528.4702937808597,492.70152388262534,487.2185589055331,56.93853544295911,60.27295859797455,-0.7779126005250063,551.1500244140625,552.9500122070312,6110.61,3
SKMEGGPROD,4732,NSE_EQ,2026-09-28,372.0,372.0,372.0,220.39999389648438,242.3622906789452,20,214.70296846617356,50,214.4704368159568,14,6.267434015717913,7.428803416930244,220.39999389648438,45.76026114134113,12,26,9,247.12413965326022,236.50054402985523,18.85045517704644,10,19594350.0,242.3622906789452,214.70296846617356,213.84678117579176,45.76026114134113,48.106012305724754,-8.22685955364146,220.39999389648438,224.5500030517578,1122.74,3
SKYGOLD,13631,NSE_EQ,2026-09-28,868.7999877929688,868.7999877929688,868.7999877929688,793.5499877929688,665.7830077612489,20,525.9567815394845,50,515.0346098556688,14,22.010081221562228,8.719213288853885,793.5499877929688,71.62572903878939,12,26,9,730.7535915721683,626.5688805769273,94.52678799621658,10,47053154.0,665.7830077612489,525.9567815394845,504.0686750658173,71.62572903878939,70.96085660057406,9.657922999024365,793.5499877929688,782.7000122070312,12574.86,3
SMARTLINK,9893,NSE_EQ,2026-09-28,241.80999755859375,241.80999755859375,241.80999755859375,215.42999267578125,197.07850678603822,20,173.4028978245068,50,171.68750619792417,14,5.080007596293842,2.9790578293404475,215.42999267578125,63.03469854128923,12,26,9,210.1536837839697,189.23771578556483,20.015008624469637,10,251276.0,197.07850678603822,173.4028978245068,169.69720045301324,63.03469854128923,65.969894912659,0.900959373935244,215.42999267578125,220.0,209.5,3
SMARTWORKS,757965,NSE_EQ,2026-09-28,567.9000244140625,619.0,567.9000244140625,529.9000244140625,494.93513327975035,20,486.076288058509,50,484.28756412562933,14,9.584335360185648,6.214871536181633,529.9000244140625,60.663395466954604,12,26,9,511.0798565690091,488.36943170326236,15.207838549271287,10,4608325.0,494.93513327975035,486.076288058509,481.71358814765756,60.663395466954604,65.85912908999032,7.502586316475458,529.9000244140625,538.9500122070312,5921.17,3
SMCGLOBAL,2320,NSE_EQ,2026-09-28,95.0,95.0,95.0,85.5999984741211,77.41389774789276,20,73.6171765419105,50,73.1280817691672,14,2.092790843831321,1.3587984894897487,85.5999984741211,60.632672132454054,12,26,9,79.91164967821412,76.22058709522457,2.6554811546935144,10,71751612.0,77.41389774789276,73.6171765419105,72.80922786417784,60.632672132454054,56.431066117829744,1.0355814282960307,85.5999984741211,84.95999908447266,2063.41,3
SMLMAH,3387,NSE_EQ,2026-09-28,6898.5,6898.5,6654.0,6825.5,5164.368449102771,20,4329.087883400812,50,4227.193511294722,14,248.87524866002113,101.06161303712904,6825.5,71.12004361387,12,26,9,5613.322946705897,4936.803758707765,453.9989320236409,10,8857499.0,5164.368449102771,4329.087883400812,4142.895287265936,71.12004361387,67.59448072708068,222.5202559744912,6825.5,6675.0,9485.11,3
SMLT,6843,NSE_EQ,2026-09-28,83.97000122070312,121.0,83.97000122070312,59.349998474121094,67.95028335626816,20,79.8793512902611,50,80.71728405826681,14,0.8521567652691894,1.6798457461554253,59.349998474121094,33.65544707891024,12,26,9,65.75762573899392,69.77571840086684,-3.71267676209827,10,307782.0,67.95028335626816,79.8793512902611,81.50492838027994,33.65544707891024,35.74265096049632,-0.30541589977464323,59.349998474121094,59.79999923706055,83.42,3
SMSPHARMA,14329,NSE_EQ,2026-09-28,494.45001220703125,494.45001220703125,482.0,475.0,398.44988482884384,20,363.43082664772055,50,358.87698283742344,14,12.677359594863619,6.1339731396639365,475.0,67.39213948193452,12,26,9,410.2107564869615,391.1398901573747,11.984598283873016,10,35093691.0,398.44988482884384,363.43082664772055,355.4454306182558,67.39213948193452,62.874014288689246,7.0862680457137905,475.0,475.8999938964844,4388.08,3
SNOWMAN,4843,NSE_EQ,2026-09-28,44.13999938964844,55.189998626708984,44.13999938964844,34.90999984741211,37.42959385622186,20,40.98399205242846,50,41.2319101016128,14,0.4339429393356916,0.6784214683297295,34.90999984741211,39.01086157965364,12,26,9,36.79492978005952,37.98499031252074,-1.1180264904650314,10,9245865.0,37.42959385622186,40.98399205242846,41.47606969759699,39.01086157965364,39.88157716190161,-0.0720340419961929,34.90999984741211,34.689998626708984,577.55,3
SOBHA,13826,NSE_EQ,2026-09-28,1577.0,1732.0,1577.0,1226.5999755859375,1324.2319091944737,20,1380.3899249613,50,1386.667065752131,14,13.66599003347113,22.598042450062998,1226.5999755859375,37.6846949926935,12,26,9,1293.163863166937,1340.3647039754703,-30.602818581081443,10,3718586.0,1324.2319091944737,1380.3899249613,1393.6657234901006,37.6846949926935,36.25330045708439,-16.598022227451814,1226.5999755859375,1236.0,12924.52,3
SOFTTECH,8266,NSE_EQ,2026-09-28,545.0,545.0,525.7000122070312,479.79998779296875,426.50565805882815,20,389.92580251347283,50,386.25746842043213,14,12.751187746116068,7.670116044692201,479.79998779296875,62.44061533355888,12,26,9,445.05789266551454,415.3623945061934,25.659935008892273,10,262673.0,426.50565805882815,389.92580251347283,380.5659360209791,62.44061533355888,74.38247750593546,4.035563150428846,479.79998779296875,482.6000061035156,684.05,3
SOLARA,3672,NSE_EQ,2026-09-28,774.0,774.0,774.0,739.1500244140625,604.230698778739,20,570.6466980133791,50,563.7690112215146,14,20.036591706905075,8.470929170567219,739.1500244140625,70.28528293647146,12,26,9,637.4026976230612,590.5107316958417,23.855390782564356,10,24774122.0,604.230698778739,570.6466980133791,556.4922366675776,70.28528293647146,70.79972515044871,23.03657514465506,739.1500244140625,734.5499877929688,3369.03,3
SOLARINDS,13332,NSE_EQ,2026-09-28,22700.0,22700.0,22700.0,19745.0,18705.882003460487,20,16590.745223067588,50,16462.00013013157,14,485.9680410037413,357.86725013146224,19745.0,57.59039069697751,12,26,9,19512.144981097736,18162.83461582375,1372.7365915704122,10,8474003.0,18705.882003460487,16590.745223067588,16376.571564014492,57.59039069697751,52.83993057359003,-23.426226296427558,19745.0,19570.0,175331.52,3
SOLEX,759397,NSE_EQ,2026-09-28,1464.0,1985.0,1464.0,705.2000122070312,904.0630303121353,20,1055.4064162008362,50,1069.7005551393588,14,11.375096924878774,30.635616566621536,705.2000122070312,27.076657308332088,12,26,9,823.4698827008646,949.035785003289,-99.83652923651593,10,2902934.0,904.0630303121353,1055.4064162008362,1084.9903747129679,27.076657308332088,25.802496781479817,-25.729373065908504,705.2000122070312,732.0999755859375,753.69,3
SOMANYCERA,3880,NSE_EQ,2026-09-28,623.0,623.0,579.25,618.0499877929688,525.5803773805691,20,495.84193670482034,50,490.8538529869367,14,12.997902339396006,4.872235577873123,618.0499877929688,72.73532190725427,12,26,9,547.1255310045646,514.0026004388772,25.744447944206467,10,9201505.0,525.5803773805691,495.84193670482034,487.51727655432444,72.73532190725427,66.68262645849575,7.378482621480931,618.0499877929688,601.0,2550.8,3
SOMATEX,4201,NSE_EQ,2026-09-28,125.88999938964844,161.25,125.88999938964844,80.04000091552734,92.82983407889039,20,93.98063800612509,50,94.5496436016597,14,2.6831323885311127,3.8103055336172202,80.04000091552734,41.32067512926045,12,26,9,88.91104581760938,94.50668063300627,-3.666573790907152,10,511909.0,92.82983407889039,93.98063800612509,95.10473122016653,41.32067512926045,41.73847990363677,-1.92906102448974,80.04000091552734,79.5,263.51,3
SOMICONVEY,17794,NSE_EQ,2026-09-28,120.0,169.39999389648438,120.0,89.58999633789062,97.77326725068846,20,110.90878665314334,50,111.77894135988835,14,2.0359547045177977,2.8965679417254067,89.58999633789062,41.27613496247114,12,26,9,94.67693253473432,100.3326881583292,-5.8863100674242315,10,1693788.0,97.77326725068846,110.90878665314334,112.4944083541695,41.27613496247114,44.26310606286737,0.2305544438293463,89.58999633789062,89.70999908447266,104.46,3
SONACOMS,4684,NSE_EQ,2026-09-28,844.0,844.0,844.0,824.5,724.043766184417,20,631.8424461458409,50,623.9788725191404,14,15.397176964276552,5.288301007940476,824.5,74.43471688184691,12,26,9,767.938370942262,697.0755755762184,65.6247366024739,10,97268188.0,724.043766184417,631.8424461458409,616.4678060913502,74.43471688184691,72.89010947938772,5.238058763569754,824.5,818.0,50966.65,3
SONAMLTD,8817,NSE_EQ,2026-09-28,80.31999969482422,80.31999969482422,80.31999969482422,69.37000274658203,60.688915899867055,20,54.78726595538741,50,54.19205220880804,14,1.9708619351467027,1.1438404580327826,69.37000274658203,63.276091464226496,12,26,9,64.04121027400504,58.878350785495726,3.8227157136497967,10,6748556.0,60.688915899867055,54.78726595538741,53.53580957883831,63.276091464226496,64.60958816242712,1.3401437748595155,69.37000274658203,66.5,275.42,3
SONATSOFTW,6596,NSE_EQ,2026-09-28,359.5,400.5,359.5,279.8999938964844,288.5542309469757,20,310.57767894018997,50,311.8298293501372,14,6.754650851224299,7.592845527214984,279.8999938964844,47.07895142859111,12,26,9,288.11239877030124,290.33642067972403,-1.3891937360095215,10,69043679.0,288.5542309469757,310.57767894018997,313.3739040174897,47.07895142859111,45.47746431556814,-0.8348281734132668,279.8999938964844,275.8500061035156,7584.29,3
SOTL,3021,NSE_EQ,2026-09-28,850.0999755859375,850.0999755859375,850.0999755859375,713.2000122070312,618.185586523274,20,519.5105202132454,50,511.6048266624786,14,22.49883876999318,12.524124719856383,713.2000122070312,64.24024847729932,12,26,9,668.4942201189277,587.9130638652748,75.71061579321076,10,38585800.0,618.185586523274,519.5105202132454,503.5866568204178,64.24024847729932,63.8606639244571,4.870540460442157,713.2000122070312,726.9000244140625,4754.86,3
SOUTHBANK,5948,NSE_EQ,2026-09-28,50.68000030517578,50.68000030517578,49.900001525878906,49.95000076293945,45.18726850771669,20,41.25832052306527,50,40.9035580642949,14,0.9184657089610829,0.4772539069090805,49.95000076293945,65.80588955815915,12,26,9,46.32155613753845,44.35179696720748,1.9627461670241977,10,431295711.0,45.18726850771669,41.25832052306527,40.692682895701864,65.80588955815915,57.33382302670047,0.007013003306776344,49.95000076293945,50.04999923706055,12680.46,3
SOUTHWEST,9678,NSE_EQ,2026-09-28,275.0,275.0,275.0,186.7100067138672,217.18602263829,20,204.9391534711288,50,205.68320027754766,14,3.364916566271024,5.6301737411095285,186.7100067138672,37.40836891331797,12,26,9,213.57094945997397,216.44725876467655,3.808393017137502,10,11288481.0,217.18602263829,204.9391534711288,206.07394312110665,37.40836891331797,40.425914660780904,-6.684702321840075,186.7100067138672,188.6999969482422,559.07,3
SPAL,18252,NSE_EQ,2026-09-28,1221.9000244140625,1221.9000244140625,1221.9000244140625,965.5999755859375,956.9775036841032,20,873.2438543108728,50,869.474216707809,14,23.697503847726285,20.976395067900174,965.5999755859375,53.045524171692904,12,26,9,988.2247748445767,933.7688578682315,63.73520720529237,10,4098403.0,956.9775036841032,873.2438543108728,864.3792872757616,53.045524171692904,55.59675425141295,-9.27929022894719,965.5999755859375,980.0,2419.24,3
SPANDANA,11435,NSE_EQ,2026-09-28,319.3999938964844,319.3999938964844,319.3999938964844,225.52999877929688,247.93780946700412,20,260.9464915693364,50,262.3920627036237,14,4.4016240770661055,6.230398568276449,225.52999877929688,41.39968681306632,12,26,9,244.45195719588492,249.10459068229926,0.10818226524302366,10,6452712.0,247.93780946700412,260.9464915693364,263.7447999568328,41.39968681306632,42.46086418990995,-4.760815751657368,225.52999877929688,226.72999572753906,1765.26,3
SPARC,14788,NSE_EQ,2026-09-28,289.0,289.0,289.0,209.0500030517578,199.8420920793088,20,181.57781885975675,50,180.4565052192669,14,5.925221258914682,4.77264255838097,209.0500030517578,55.38695724781191,12,26,9,204.52263091311252,194.87461776440978,14.529993731964113,10,41959556.0,199.8420920793088,181.57781885975675,179.9069748947902,55.38695724781191,50.373624577726034,-4.8819805832613685,209.0500030517578,204.39999389648438,6637.91,3
SPCENET,19372,NSE_EQ,2026-09-28,4.989999771118164,11.239999771118164,4.989999771118164,3.3499999046325684,3.669424456352899,20,5.137742358148434,50,5.210711437883775,14,0.11226644257773156,0.15611490095184882,3.3499999046325684,41.830941413913074,12,26,9,3.4632813865916976,3.8806146272753903,-0.49042077609080703,10,33804415.0,3.669424456352899,5.137742358148434,5.295638430677362,41.830941413913074,38.21319920287733,0.07308753540711432,3.3499999046325684,3.359999895095825,182.83,3
SPECIALITY,27111,NSE_EQ,2026-09-28,167.4600067138672,167.4600067138672,167.4600067138672,152.75999450683594,132.29929018636943,20,125.74257702988244,50,124.63982529612923,14,3.44714179131536,1.6046306417662046,152.75999450683594,68.23628413547945,12,26,9,138.65667494090297,129.2025329999181,7.487841173133623,10,3343273.0,132.29929018636943,125.74257702988244,123.8132875780264,68.23628413547945,64.2591779573127,1.9663007678512452,152.75999450683594,152.5,734.07,3
SPECTRUM,30457,NSE_EQ,2026-09-28,3524.10009765625,3524.10009765625,3173.60009765625,3518.800048828125,2261.7834943354724,20,1859.8442219830285,50,1792.131739254657,14,137.98159484943838,29.486398558782366,3518.800048828125,82.39281551137584,12,26,9,2533.3718701629286,2126.8747517803536,276.05082615637895,10,937547.0,2261.7834943354724,1859.8442219830285,1741.2146634015307,82.39281551137584,77.86961445131497,130.44629222619614,3518.800048828125,3340.0,5655.21,3
SPENCERS,8163,NSE_EQ,2026-09-28,41.95000076293945,61.400001525878906,41.95000076293945,28.06999969482422,32.13581070677188,20,38.61175511330056,50,39.04203084466694,14,0.37387602396247244,0.7850685215709569,28.06999969482422,32.26004431388803,12,26,9,30.650489101585816,33.22367373689478,-2.2330972245844185,10,2008623.0,32.13581070677188,38.61175511330056,39.47721581135675,32.26004431388803,32.88841098977031,-0.3400874107245473,28.06999969482422,28.459999084472656,248.46,3
SPIC,3252,NSE_EQ,2026-09-28,76.44000244140625,96.83000183105469,76.44000244140625,64.7300033569336,68.5857655703353,20,72.3799457434222,50,72.6921882898095,14,0.8576214087200925,1.215384219169842,64.7300033569336,41.370915601085265,12,26,9,68.07062105205809,69.25336598947821,-1.4530316304444673,10,18505353.0,68.5857655703353,72.3799457434222,72.85513487517959,41.370915601085265,47.92694750410812,0.27028669302434216,64.7300033569336,65.3499984741211,1297.94,3
SPLIL,11935,NSE_EQ,2026-09-28,37.290000915527344,45.20000076293945,37.290000915527344,30.989999771118164,31.0277498905139,20,32.93958224581516,50,33.019157040700755,14,0.6985000889196475,0.7162424075853951,30.989999771118164,49.37294883310645,12,26,9,30.98748480971893,31.181615107719765,-0.2128229693678093,10,412331.0,31.0277498905139,32.93958224581516,33.130143073502396,49.37294883310645,47.54558057626457,0.01869267136697339,30.989999771118164,29.649999618530273,89.16,3
SPLPETRO,9617,NSE_EQ,2026-09-28,899.0,979.0,872.0,880.0,753.2591708462085,20,725.456819042116,50,719.1489341050594,14,20.680228128038834,10.076965379408348,880.0,67.23704528838618,12,26,9,775.4713610862435,743.4528426505702,15.662551498329222,10,12589852.0,753.2591708462085,725.456819042116,713.167257447836,67.23704528838618,66.11163322817661,16.355966937344064,880.0,876.0,16354.87,3
SPMLINFRA,3321,NSE_EQ,2026-09-28,234.8000030517578,251.0,234.8000030517578,165.86000061035156,186.22583052435277,20,193.6363000579202,50,194.7700265659842,14,2.441391282032962,4.1888225891748005,165.86000061035156,36.822210104486985,12,26,9,181.94768493133842,188.26967745382595,-3.0369155288646246,10,7925765.0,186.22583052435277,193.6363000579202,195.85329313081868,36.822210104486985,37.78700352250036,-3.2850769936229094,165.86000061035156,166.1999969482422,1358.99,3
SPORTKING,10733,NSE_EQ,2026-09-28,241.50999450683594,241.50999450683594,241.50999450683594,213.6199951171875,192.85814559125313,20,159.0637474340029,50,156.83696181428107,14,5.675357580393209,3.2905906510090257,213.6199951171875,63.299022411437775,12,26,9,205.45073878872822,183.98864411375337,22.614132976602225,10,31009096.0,192.85814559125313,159.0637474340029,154.91806204737355,63.299022411437775,60.201329382392196,-1.1520383016273748,213.6199951171875,210.85000610351562,2675.48,3
SRD,25737,NSE_EQ,2026-09-28,48.79999923706055,75.79000091552734,48.79999923706055,39.189998626708984,40.840423051889566,20,48.35480143894836,50,48.72887502312139,14,0.5653676231364857,0.8285670736551162,39.189998626708984,40.55911833156773,12,26,9,39.455476431111514,42.3210920123731,-3.6715408464610118,10,1508393.0,40.840423051889566,48.35480143894836,49.119849451580265,40.55911833156773,40.43704120115108,0.8059252651994253,39.189998626708984,39.97999954223633,251.95,3
SREEL,31841,NSE_EQ,2026-09-28,400.0,400.0,400.0,298.510009765625,242.52445557320365,20,227.5948041796852,50,224.70030599250398,14,9.727532349178201,4.837714704208378,298.510009765625,66.78590698478021,12,26,9,258.7881936854392,235.77267195437662,13.042160195601301,10,2114745.0,242.52445557320365,227.5948041796852,222.30154292196522,66.78590698478021,64.14106599614374,9.973361535461262,298.510009765625,299.57000732421875,655.02,3
SRF,3273,NSE_EQ,2026-09-28,2970.0,3210.0,2970.0,2540.0,2620.028137763467,20,2692.2132360857995,50,2698.4260212321587,14,23.225617636334793,31.119138741194707,2540.0,42.7375503811038,12,26,9,2588.0073424088214,2639.555707407168,-37.43306087668799,10,11796108.0,2620.028137763467,2692.2132360857995,2706.0352465885735,42.7375503811038,40.54965407279363,-14.115304121658653,2540.0,2535.0,73903.86,3
SRGHFL,18119,NSE_EQ,2026-09-28,335.0,335.0,335.0,146.8000030517578,243.85523277853815,20,268.57335467971745,50,273.54369556249134,14,3.777672260293827,11.943952838257681,146.8000030517578,24.0285100084334,12,26,9,223.46506835637263,251.9015881213669,-10.5017703158463,10,1081688.0,243.85523277853815,268.57335467971745,279.4781323651855,24.0285100084334,16.99525263880234,-17.934749449147972,146.8000030517578,155.25,227.83,3
SRHHYPOLTD,14582,NSE_EQ,2026-09-28,670.0,670.0,563.9500122070312,594.7999877929688,508.8432530610836,20,513.5757397656038,50,510.26046433591534,14,14.064049420923572,7.271073034329037,594.7999877929688,65.91970329873156,12,26,9,517.5855636619691,506.61305368550376,2.114545324617887,10,1339970.0,508.8432530610836,513.5757397656038,509.736402652241,65.91970329873156,55.15473847324306,8.85796465184746,594.7999877929688,619.0,983.55,3
SRM,23402,NSE_EQ,2026-09-28,568.4500122070312,649.9500122070312,568.4500122070312,416.25,470.21856404063647,20,469.03092710681136,50,471.18525066219144,14,6.153420199657021,10.555216960480665,416.25,36.82778039095508,12,26,9,460.92714522830323,473.1630503138906,-2.4367499232422825,10,3553009.0,470.21856404063647,469.03092710681136,473.11730146050473,36.82778039095508,38.064481633594184,-9.799155162345095,416.25,413.45001220703125,939.5,3
SSDL,24856,NSE_EQ,2026-09-28,74.0,90.69000244140625,72.69999694824219,73.30999755859375,60.56694378725546,20,68.2733560410899,50,68.06777883629383,14,2.1472067346962285,1.2425335838901919,73.30999755859375,63.344284012636415,12,26,9,60.91340912111588,61.34795988393412,-2.5608808263359943,10,4060149.0,60.56694378725546,68.2733560410899,68.34197395311719,63.344284012636415,50.993658110266736,2.126330063517761,73.30999755859375,69.91999816894531,321.39,3
SSWL,11829,NSE_EQ,2026-09-28,394.29998779296875,394.29998779296875,384.1499938964844,378.75,296.20355443857136,20,254.83434771963005,50,249.77656599390065,14,9.993794887874284,2.4648268850851123,378.75,80.21589442232805,12,26,9,322.8196655324912,282.73487654723834,29.196845306134847,10,72470687.0,296.20355443857136,254.83434771963005,244.7715281203258,80.21589442232805,79.4684161757976,10.887943679117981,378.75,378.8999938964844,5997.65,3
STALLION,29205,NSE_EQ,2026-09-28,279.0,423.79998779296875,279.0,225.75999450683594,208.98862410976918,20,181.9507254887709,50,180.16259205946213,14,7.346338826320857,5.577913186702,225.75999450683594,56.841500915631094,12,26,9,218.16739919691162,203.41272411030505,15.013186537152789,10,42209020.0,208.98862410976918,181.9507254887709,178.51657518461712,56.841500915631094,55.546769813713425,-0.25851145054622116,225.75999450683594,220.0,2582.73,3
STANLEY,24226,NSE_EQ,2026-09-28,189.0,304.0,189.0,144.32000732421875,147.3963618496108,20,185.1420621928417,50,186.80826851400997,14,2.4165710241860965,3.1325300053176437,144.32000732421875,43.548874157049035,12,26,9,142.82993907524724,152.6447282235816,-11.623727533622382,10,4459749.0,147.3963618496108,185.1420621928417,188.82289184322497,43.548874157049035,38.07253927087342,1.8089383852880125,144.32000732421875,135.88999938964844,831.66,3
STAR,7374,NSE_EQ,2026-09-28,1260.9000244140625,1260.9000244140625,1231.0,1184.9000244140625,1072.4519283907866,20,1004.7817149708914,50,997.429947238517,14,24.488103107395084,14.385992853100044,1184.9000244140625,62.993370012464176,12,26,9,1097.5643217607883,1056.1655425280385,30.764845546026276,10,19738162.0,1072.4519283907866,1004.7817149708914,988.35361656139,62.993370012464176,67.3097043339577,10.633933686723527,1184.9000244140625,1202.800048828125,10676.97,3
STARCEMENT,21091,NSE_EQ,2026-09-28,242.97999572753906,273.0,242.97999572753906,186.61000061035156,202.1200886995085,20,212.23562668412086,50,213.28157060549918,14,1.5695487358873714,3.0229111703078506,186.61000061035156,34.1766453697299,12,26,9,197.19703720752267,205.06333811768192,-6.652832856817515,10,11626372.0,202.1200886995085,212.23562668412086,214.05836940572362,34.1766453697299,38.785455429534046,-1.2134680533417388,186.61000061035156,187.6999969482422,7430.87,3
STARHEALTH,7083,NSE_EQ,2026-09-28,624.9000244140625,624.9000244140625,624.9000244140625,558.1500244140625,554.2810096866675,20,521.3821979330367,50,519.8814703215662,14,7.2991143152516145,6.274881023091572,558.1500244140625,53.772777530233995,12,26,9,563.0406507679818,546.1621650477881,23.104793425281663,10,31851220.0,554.2810096866675,521.3821979330367,518.7725512411008,53.772777530233995,50.90513684041538,-6.226307705087983,558.1500244140625,550.2999877929688,32880.8,3
STARPAPER,3291,NSE_EQ,2026-09-28,172.5,177.8000030517578,172.5,155.05999755859375,149.17148594329961,20,152.18137156166028,50,152.06387662300992,14,2.5783568129640093,2.082900373491203,155.05999755859375,55.314622425388954,12,26,9,151.8634311868986,148.6230720685489,0.9456913426349975,10,774444.0,149.17148594329961,152.18137156166028,151.78811618622586,55.314622425388954,58.69660077030301,2.2946677757146894,155.05999755859375,155.22999572753906,241.94,3
STARTECK,9305,NSE_EQ,2026-09-28,292.79998779296875,349.95001220703125,292.79998779296875,262.5,257.7765440480611,20,266.4925783303022,50,266.6555407111308,14,3.4242043653251235,3.2335349779392493,262.5,51.43193791131801,12,26,9,254.9598949863256,259.69828022889436,-3.7693633763744336,10,188959.0,257.7765440480611,266.4925783303022,267.74352196464633,51.43193791131801,35.977166522317745,-0.9690218661943342,262.5,242.0500030517578,267.8,3
STCINDIA,10948,NSE_EQ,2026-09-28,150.0,150.0,150.0,109.3499984741211,117.26095872102599,20,120.62093778833304,50,121.08097612768863,14,1.5748320106752571,2.2387411535316195,109.3499984741211,41.29544505547152,12,26,9,115.92805119447854,117.88106069785087,-0.7063378773710051,10,1412228.0,117.26095872102599,120.62093778833304,121.47040368736869,41.29544505547152,43.061794408644886,-1.2466716260013233,109.3499984741211,111.69999694824219,642.6,3
STEELCAS,6803,NSE_EQ,2026-09-28,390.8999938964844,390.8999938964844,364.0,376.5,315.9065122383288,20,276.7088786346938,50,272.63577164019154,14,8.781071111085271,3.2596979077613457,376.5,72.92782626542244,12,26,9,330.2702935257277,306.2288574152626,23.014566301133332,10,7866681.0,315.9065122383288,276.7088786346938,270.70661971136326,72.92782626542244,59.2431357585583,1.0268698093317674,376.5,358.95001220703125,3783.83,3
STEELCITY,10406,NSE_EQ,2026-09-28,93.0,103.79000091552734,93.0,80.81999969482422,82.28671283787146,20,85.43891091747693,50,85.62743790615664,14,1.3081033837466267,1.4541094543940798,80.81999969482422,47.35708145600879,12,26,9,82.71810776587904,82.62778554881476,-1.000435705249576,10,1303278.0,82.28671283787146,85.43891091747693,85.63712927417738,47.35708145600879,53.70358081037597,1.0907579223138595,80.81999969482422,85.19000244140625,122.48,3
STEELXIND,21339,NSE_EQ,2026-09-28,13.949999809265137,13.949999809265137,13.949999809265137,11.289999961853027,11.165429045596786,20,10.47876875211234,50,10.44565727416374,14,0.2643433718882129,0.2375771261929705,11.289999961853027,52.66638300264368,12,26,9,11.384780395970962,10.972553270549707,0.5247153575667207,10,268456859.0,11.165429045596786,10.47876875211234,10.392826968165599,52.66638300264368,56.26989051544759,-0.11248823214546544,11.289999961853027,11.550000190734863,1392.37,3
STEL,21484,NSE_EQ,2026-09-28,689.9500122070312,689.9500122070312,689.9500122070312,619.2999877929688,573.4165802409963,20,522.0432590301747,50,518.0735966316932,14,14.205130038407844,9.438191279744927,619.2999877929688,60.08094145174725,12,26,9,597.1207528585376,559.4065377504768,32.92306996160856,10,218044.0,573.4165802409963,522.0432590301747,512.5174164041284,60.08094145174725,67.16226694550207,4.791145146452223,619.2999877929688,628.0499877929688,1144.8,3
STERTOOLS,4299,NSE_EQ,2026-09-28,290.3800048828125,335.0,290.3800048828125,239.4600067138672,231.49381439253642,20,253.58483264152386,50,254.16135614877516,14,5.3234296226236575,4.976312130536523,239.4600067138672,51.68507861850338,12,26,9,228.6845183210193,234.36866849802357,-5.630346281832985,10,981262.0,231.49381439253642,253.58483264152386,255.83283979917954,51.68507861850338,40.9321700731079,-0.05380389517127071,239.4600067138672,244.0,820.55,3
STLNETWORK,758958,NSE_EQ,2026-09-28,54.61000061035156,54.61000061035156,42.95000076293945,54.61000061035156,30.910101737612713,20,26.817446156732363,50,25.683056179033617,14,2.349090369020039,0.3952785038756198,54.61000061035156,85.59674292404611,12,26,9,33.978652288311395,29.66277432952115,1.7595146647824982,10,159301965.0,30.910101737612713,26.817446156732363,24.97828293071093,85.59674292404611,79.32115741639522,2.5563632940077476,54.61000061035156,54.5,2578.44,3
STLTECH,9313,NSE_EQ,2026-09-28,912.0,912.0,912.0,837.2000122070312,622.3450951485439,20,429.281095051734,50,412.6313433311096,14,32.89535507572362,11.726147245171948,837.2000122070312,73.72085959624724,12,26,9,705.8562681874992,569.9260429258112,121.2069480621642,10,84462087.0,622.3450951485439,429.281095051734,396.05303131225816,73.72085959624724,72.92334018168765,14.72327719952375,837.2000122070312,839.0,39595.53,3
STOVEKRAFT,2107,NSE_EQ,2026-09-28,877.0,877.0,877.0,814.4000244140625,744.7918473186708,20,678.3808062011982,50,672.8290013761833,14,14.964865306332197,7.655265958796159,814.4000244140625,66.15728764316381,12,26,9,782.990842719347,722.5011133170517,57.15302954556628,10,10838216.0,744.7918473186708,678.3808062011982,666.4424305020287,66.15728764316381,69.4236904558243,3.336699856729048,814.4000244140625,824.9000244140625,2677.46,3
STYLAMIND,5186,NSE_EQ,2026-09-28,4150.0,4150.0,4150.0,3369.39990234375,3199.3108567770364,20,2753.2183984206386,50,2728.068132954389,14,50.32807652788874,27.437324925895584,3369.39990234375,64.71782513435429,12,26,9,3340.2881445793855,3089.3262444928064,293.05706160822353,10,1979950.0,3199.3108567770364,2753.2183984206386,2704.9076485851806,64.71782513435429,62.148541637089195,-42.0951615216444,3369.39990234375,3314.60009765625,5573.74,3
STYLEBAAZA,25114,NSE_EQ,2026-09-28,447.1000061035156,447.1000061035156,447.1000061035156,375.79998779296875,353.3499706437576,20,333.39000279205885,50,331.65898299610336,14,11.615616163567585,9.34758474372222,375.79998779296875,55.40955417513715,12,26,9,365.56141407456323,347.18189025887403,12.461096490439546,10,52901704.0,353.3499706437576,333.39000279205885,329.4103700571688,55.40955417513715,57.557025189471865,5.918427325249651,375.79998779296875,370.1000061035156,2927.95,3
STYRENIX,19,NSE_EQ,2026-09-28,2653.0,2653.0,2653.0,2067.0,2165.555662144062,20,2220.704060991224,50,2226.977696133723,14,32.38674835059897,40.74222107312314,2067.0,44.287166366237784,12,26,9,2144.6586522546722,2174.0671607361096,-2.0007239471579936,10,2575239.0,2165.555662144062,2220.704060991224,2233.4706673088235,44.287166366237784,44.32612804764782,-27.407784534279372,2067.0,2097.0,3605.23,3
SUBEXLTD,967,NSE_EQ,2026-09-28,22.799999237060547,22.799999237060547,21.850000381469727,21.40999984741211,15.287579461379027,20,13.644388564625837,50,13.327424838797826,14,0.8068297609486771,0.2687240436004002,21.40999984741211,75.0152858495943,12,26,9,17.012550846340808,14.512866715182057,1.596393796548331,10,444022204.0,15.287579461379027,13.644388564625837,13.050585011387469,75.0152858495943,72.65442743688814,0.9032903346104206,21.40999984741211,20.700000762939453,1141.43,3
SUBROS,3324,NSE_EQ,2026-09-28,897.9000244140625,1213.699951171875,897.9000244140625,720.9000244140625,755.0695350437571,20,775.001789104188,50,777.2100243976624,14,10.75160938118996,13.964243383155614,720.9000244140625,43.50086352958027,12,26,9,744.0094413600917,761.6579255182338,-11.444080442462642,10,2082036.0,755.0695350437571,775.001789104188,779.5328830345886,43.50086352958027,43.402718186918705,-6.20440371567944,720.9000244140625,715.0,4622.04,3
SUDARCOLOR,715,NSE_EQ,2026-09-28,437.95001220703125,594.0999755859375,437.95001220703125,394.54998779296875,381.4705417120595,20,406.38987436469694,50,406.873135041094,14,6.746394629875691,5.938559754111431,394.54998779296875,53.18422459912048,12,26,9,384.0931749127978,383.4433558875255,-3.297079794641288,10,608515.0,381.4705417120595,406.38987436469694,407.98632397732166,53.18422459912048,48.88086961602613,3.9468988199135673,394.54998779296875,397.0,900.16,3
SUDARSCHEM,3327,NSE_EQ,2026-09-28,1347.0,1406.199951171875,1347.0,1218.9000244140625,1096.1571680003801,20,1042.132946982634,50,1034.9179642303307,14,27.002066703114018,15.480747791942047,1218.9000244140625,63.55997601396297,12,26,9,1153.7119232444586,1071.9982064540825,55.00971785486763,10,19733741.0,1096.1571680003801,1042.132946982634,1025.5880852193236,63.55997601396297,68.71261584446913,26.70399893550848,1218.9000244140625,1220.0,9484.77,3
SUKHJITS,11804,NSE_EQ,2026-09-28,226.8000030517578,231.10000610351562,226.8000030517578,159.86000061035156,165.5427223835166,20,172.54005806867082,50,173.0576114343165,14,2.028182398590996,2.5928605414544754,159.86000061035156,43.89014395462507,12,26,9,162.822524914203,166.98343633898298,-3.3804047348011967,10,1072245.0,165.5427223835166,172.54005806867082,173.51098345415627,43.89014395462507,45.35537547224868,-0.7805066899787856,159.86000061035156,161.10000610351562,496.06,3
SULA,13218,NSE_EQ,2026-09-28,183.9499969482422,267.7900085449219,183.9499969482422,135.1300048828125,152.48331367138732,20,185.21915260712913,50,187.2636076162849,14,1.8124313682658606,3.6372690252231545,135.1300048828125,33.25744972019467,12,26,9,146.2319131044066,157.88120865769324,-11.751079809707873,10,23541467.0,152.48331367138732,185.21915260712913,189.4176321927388,33.25744972019467,32.69285073389405,0.10178425642123834,135.1300048828125,135.77999877929688,1090.33,3
SUMEETINDS,20790,NSE_EQ,2026-09-28,35.66999816894531,40.5,35.66999816894531,12.180000305175781,19.532963905475224,20,23.53198643516897,50,23.995332807821754,14,0.6709050991587363,1.3683947332476802,12.180000305175781,32.89879636615545,12,26,9,16.332708617454212,21.046656673467712,-3.2219169518665174,10,179167836.0,19.532963905475224,23.53198643516897,24.584530048156655,32.89879636615545,26.118857878465974,-1.4920311041469825,12.180000305175781,11.989999771118164,726.58,3
SUMICHEM,17105,NSE_EQ,2026-09-28,572.0499877929688,572.0499877929688,572.0499877929688,446.3500061035156,485.89261065702533,20,479.85079270233837,50,481.21817174718825,14,8.851227747870007,11.615031935161241,446.3500061035156,43.24790110627119,12,26,9,489.3041774298228,482.6940228978504,14.289224687920631,10,18820894.0,485.89261065702533,479.85079270233837,482.04952544693,43.24790110627119,45.55316161682325,-7.679070155948233,446.3500061035156,452.54998779296875,21697.83,3
SUMIT,11140,NSE_EQ,2026-09-28,61.0,104.0,61.0,49.189998626708984,50.03371260384821,20,57.74255244390386,50,58.091636273177116,14,1.1518005267165972,1.3006640545221362,49.189998626708984,46.96502186118528,12,26,9,49.97998488286788,50.91826904949498,-1.7883309774879246,10,1379837.0,50.03371260384821,57.74255244390386,58.44517243513635,46.96502186118528,47.295623080238414,0.8500468108608255,49.189998626708984,50.900001525878906,236.88,3
SUMMITSEC,21275,NSE_EQ,2026-09-28,1725.0,2495.0,1725.0,1384.300048828125,1491.7413138005818,20,1650.6649652445806,50,1661.5370026493338,14,13.196084974027082,24.54227823059745,1384.300048828125,34.967295487818106,12,26,9,1449.3502470185945,1526.005690433242,-78.79617737438389,10,167092.0,1491.7413138005818,1650.6649652445806,1671.722186430939,34.967295487818106,36.90201489322941,2.1407339597362807,1384.300048828125,1394.699951171875,1460.16,3
SUNCLAY,20956,NSE_EQ,2026-09-28,1573.4000244140625,1728.0,1573.4000244140625,1236.699951171875,1306.3675134930556,20,1402.5552722885473,50,1409.3248772320846,14,14.433502685925678,21.133956031608164,1236.699951171875,40.58064086206512,12,26,9,1287.9265954739822,1321.034710270655,-29.525924927616458,10,392689.0,1306.3675134930556,1402.5552722885473,1415.6401793400905,40.58064086206512,42.0938226963983,-3.5821898690564495,1236.699951171875,1268.699951171875,2722.43,3
SUNDARAM,18931,NSE_EQ,2026-09-28,1.6699999570846558,2.200000047683716,1.6699999570846558,1.1399999856948853,1.2679332614997256,20,1.4774959493031703,50,1.4912712947565696,14,0.017635630563026743,0.031039183235516948,1.1399999856948853,36.2315316418414,12,26,9,1.2190729509135054,1.307451591847418,-0.09125483381115566,10,30038822.0,1.2679332614997256,1.4774959493031703,1.5047925734559644,36.2315316418414,37.32705326359344,0.0028761928772429862,1.1399999856948853,1.1799999475479126,53.55,3
SUNDARMFIN,3339,NSE_EQ,2026-09-28,5050.0,5642.0,5050.0,4508.0,4602.37293364149,20,4675.417646380959,50,4682.25101970263,14,57.062802591279286,66.12767427988506,4508.0,46.32079040570399,12,26,9,4589.847691777205,4622.442308410898,-61.32636692122572,10,2412590.0,4602.37293364149,4675.417646380959,4680.277587949421,46.32079040570399,53.18534129521669,28.731750287533153,4508.0,4590.2998046875,48465.53,3
SUNDRMBRAK,4179,NSE_EQ,2026-09-28,920.0,920.0,920.0,670.0999755859375,735.2479054191625,20,724.492410180232,50,726.7125095514276,14,13.992616429180798,18.470208150122907,670.0999755859375,43.103508738120176,12,26,9,740.8056504959372,729.127591666629,26.837380225390376,10,77879.0,735.2479054191625,724.492410180232,727.9620007336924,43.103508738120176,45.71901569194283,-15.159321396082106,670.0999755859375,693.5499877929688,272.41,3
SUNDRMFAST,3345,NSE_EQ,2026-09-28,1347.199951171875,1347.199951171875,1347.199951171875,1178.9000244140625,1069.087292337955,20,997.122118247713,50,989.7026118735763,14,23.016237553462563,12.026307046885623,1178.9000244140625,65.68083972199288,12,26,9,1131.718649630892,1039.8132822511961,67.20337462964471,10,10402657.0,1069.087292337955,997.122118247713,979.9680265960948,65.68083972199288,73.01846074334169,24.701992750051204,1178.9000244140625,1172.0,24714.02,3
SUNDROP,1663,NSE_EQ,2026-09-28,775.0,823.9500122070312,723.0,745.75,668.8808932645983,20,689.9792106627261,50,687.7028519142659,14,13.002106116306223,7.209587311361267,745.75,64.32962266540136,12,26,9,673.2465556599687,669.9973785246165,-4.5956120559473606,10,1451463.0,668.8808932645983,689.9792106627261,688.6948040571313,64.32962266540136,49.68728154805535,7.844789191299644,745.75,760.0,2799.13,3
SUNFLAG,3348,NSE_EQ,2026-09-28,428.0,428.0,428.0,410.6499938964844,346.9683481164318,20,314.11718741069353,50,310.17707286025313,14,11.093455385318075,5.468962213698048,410.6499938964844,66.97968650408303,12,26,9,357.6523890956629,338.8210447897732,20.09560049743547,10,12620988.0,346.9683481164318,314.11718741069353,308.7516470135893,66.97968650408303,53.96603251069792,-1.2642561915457975,410.6499938964844,400.0,8021.65,3
SUNPHARMA,3351,NSE_EQ,2026-09-28,2046.9000244140625,2046.9000244140625,2046.9000244140625,1852.199951171875,1865.7527116641893,20,1807.368681126638,50,1805.5388333696894,14,15.319621617545133,15.152969518056365,1852.199951171875,50.27344589560364,12,26,9,1879.1989341673627,1852.2529537599235,40.88258299096604,10,83560925.0,1865.7527116641893,1807.368681126638,1804.2424572285286,50.27344589560364,48.47385557654552,-13.936602583526778,1852.199951171875,1858.699951171875,441036.81,3
SUNTECK,17641,NSE_EQ,2026-09-28,382.3999938964844,472.5,382.3999938964844,283.0,307.8799536997338,20,342.3184049951132,50,344.7395643826688,14,4.013157472022354,6.571369937346043,283.0,37.91532032379921,12,26,9,299.27300280923,315.0448917292216,-16.72532747363044,10,6435152.0,307.8799536997338,342.3184049951132,346.80852669245246,37.91532032379921,40.97047566271698,0.953438553638815,283.0,285.3500061035156,4045.21,3
SUNTV,13404,NSE_EQ,2026-09-28,660.7000122070312,660.7000122070312,660.7000122070312,513.2000122070312,502.37219791804864,20,537.0937094621528,50,538.0689624113414,14,9.008896761250828,8.93645373392889,513.2000122070312,50.201843445023265,12,26,9,489.52668531511216,510.9433977646462,-22.388300663063607,10,30163293.0,502.37219791804864,537.0937094621528,541.5942256849867,50.201843445023265,34.06044554600432,0.971588213529575,513.2000122070312,511.3500061035156,20573.5,3
SUPERHOUSE,20616,NSE_EQ,2026-09-28,189.0,189.0,189.0,164.7100067138672,162.49086268958362,20,160.86908850303274,50,160.71231633116193,14,2.8843573973377414,2.6039004476467853,164.7100067138672,52.555063533934124,12,26,9,165.02351261964094,161.21998570067993,3.3820993412907994,10,384368.0,162.49086268958362,160.86908850303274,160.5332269526985,52.555063533934124,52.8231815145894,0.42142757767021255,164.7100067138672,167.0,142.19,3
SUPERSPIN,8931,NSE_EQ,2026-09-28,8.029999732971191,9.979999542236328,7.679999828338623,7.929999828338623,6.314299042901988,20,6.816293070328278,50,6.770835651633979,14,0.23564140949923998,0.11171840521567437,7.929999828338623,67.83784407895195,12,26,9,6.574342885965139,6.3099191522664775,-0.08320962674545507,10,1347239.0,6.314299042901988,6.816293070328278,6.750869750521821,67.83784407895195,62.69869852889342,0.34763336044411675,7.929999828338623,7.989999771118164,44.15,3
SUPRAJIT,11689,NSE_EQ,2026-09-28,559.25,559.25,559.25,488.0,483.3303950912975,20,465.60718292967414,50,464.6931903961914,14,7.42494893521881,6.597780920101044,488.0,52.949382979106446,12,26,9,491.5143741083545,478.0210163074984,14.905702467969833,10,5438326.0,483.3303950912975,465.60718292967414,463.2908721350984,52.949382979106446,56.10745295684163,-1.412344667113759,488.0,489.1000061035156,6634.46,3
SUPREME,29439,NSE_EQ,2026-09-28,59.2400016784668,97.83999633789062,59.2400016784668,31.389999389648438,42.81727940567575,20,55.157476636528926,50,56.127577748646495,14,0.4240339652107697,1.5402192710185834,31.389999389648438,21.587540617968372,12,26,9,39.06908470521347,45.45366350655232,-5.712601777061217,10,1540436.0,42.81727940567575,55.157476636528926,57.11237684042798,21.587540617968372,22.077263039876385,-0.6719770242776297,31.389999389648438,32.5,118.76,3
SUPREMEIND,3363,NSE_EQ,2026-09-28,3941.39990234375,4293.89990234375,3941.39990234375,3550.0,3530.2142550937924,20,3652.3756411134996,50,3656.554238709969,14,43.71179588234236,44.013304543701395,3550.0,49.828151429924425,12,26,9,3515.1602970019094,3550.186941509459,-53.808238553869785,10,8506737.0,3530.2142550937924,3652.3756411134996,3659.6666546235138,49.828151429924425,51.08857110749707,18.781594046320322,3550.0,3430.0,44639.56,3
SUPREMEINF,15002,NSE_EQ,2026-09-28,99.45999908447266,110.87999725341797,99.45999908447266,81.29000091552734,82.72049826669483,20,85.0550099213763,50,85.20868375834972,14,1.6902292874576599,1.8108753106103816,81.29000091552734,48.277029152181065,12,26,9,83.13247578694664,82.80880627773463,0.2705861879476541,10,4032652.0,82.72049826669483,85.0550099213763,85.42618116671429,48.277029152181065,46.74507090155982,0.053083321264356,81.29000091552734,82.5,782.2,3
SUPRIYA,7390,NSE_EQ,2026-09-28,1085.0,1085.0,1085.0,985.2000122070312,852.5834156218249,20,786.759309988721,50,778.6596894900146,14,26.42805210752022,14.73449400692792,985.2000122070312,64.20412389952699,12,26,9,878.1389066591701,835.7502506679766,39.28768888601369,10,14877145.0,852.5834156218249,786.759309988721,773.4498813960164,64.20412389952699,58.52572838126067,3.1009671051797554,985.2000122070312,964.7999877929688,8012.19,3
SURAJEST,20822,NSE_EQ,2026-09-28,267.0799865722656,319.0,267.0799865722656,221.75,202.4825022107592,20,231.6237607626829,50,232.02677140605772,14,6.517924874525099,5.43399024581597,221.75,54.53456461912272,12,26,9,198.6606547107739,206.8237620311915,-10.76939394141321,10,9812981.0,202.4825022107592,231.6237607626829,233.6503130961009,54.53456461912272,44.803291528343976,2.606286620995615,221.75,221.9499969482422,1004.8,3
SURAJLTD,24966,NSE_EQ,2026-09-28,308.989990234375,348.6499938964844,308.989990234375,198.0800018310547,217.89126987976266,20,248.24513950681597,50,250.29269614664295,14,2.0862780604488775,4.070676190412313,198.0800018310547,33.88490437714499,12,26,9,210.83992862345582,223.07213783945159,-10.904683297217133,10,98737.0,217.89126987976266,248.24513950681597,252.3132146307454,33.88490437714499,34.9848049184524,-1.3275259187786332,198.0800018310547,200.5,363.12,3
SURAKSHA,27334,NSE_EQ,2026-09-28,360.0,360.0,349.0,343.29998779296875,300.2073577293413,20,293.20035590754776,50,291.1554729734489,14,7.2884064284032615,3.6403800284905588,343.29998779296875,66.6899884735672,12,26,9,310.9701858945567,296.1871633880559,6.718568417559094,10,9477478.0,300.2073577293413,293.20035590754776,289.36181855997677,66.6899884735672,64.80369170870605,8.064454088941705,343.29998779296875,354.29998779296875,1750.62,3
SURANASOL,21077,NSE_EQ,2026-09-28,32.5,34.5099983215332,32.5,25.299999237060547,25.9484750007723,20,27.280019903727457,50,27.36083707379549,14,0.2373417712148134,0.29964720422098623,25.299999237060547,44.19863015291811,12,26,9,25.8394358644666,26.079648620920146,-0.17943356797553517,10,3034364.0,25.9484750007723,27.280019903727457,27.436789607419797,44.19863015291811,45.40660324889378,-0.060779188478009616,25.299999237060547,25.59000015258789,124.2,3
SURANAT&P,10700,NSE_EQ,2026-09-28,21.479999542236328,24.1200008392334,21.479999542236328,15.920000076293945,17.365810302688345,20,18.250177419785484,50,18.345286699111668,14,0.18079756458452315,0.3131462479690007,15.920000076293945,36.602860485256485,12,26,9,16.927220071069208,17.604818821130554,-0.48192891338803123,10,2883453.0,17.365810302688345,18.250177419785484,18.42509434439588,36.602860485256485,39.27202230491661,-0.19566983667331483,15.920000076293945,16.0,213.41,3
SURYALAXMI,11852,NSE_EQ,2026-09-28,67.69999694824219,67.69999694824219,67.69999694824219,57.0,58.08462278130151,20,59.496561165445776,50,59.59846162117825,14,0.961221941553308,1.0540536001764746,57.0,47.696799849426895,12,26,9,58.01684160248318,58.18036774724427,-0.03232877815622963,10,266859.0,58.08462278130151,59.496561165445776,59.67350093953111,47.696799849426895,49.0171784337719,-0.1311973666048562,57.0,59.380001068115234,106.25,3
SURYAROSNI,3375,NSE_EQ,2026-09-28,282.54998779296875,314.5,282.54998779296875,227.4499969482422,233.3838145333707,20,246.68500408449412,50,247.47010641658605,14,4.085918335904231,4.8081623890850675,227.4499969482422,45.93974871876539,12,26,9,228.1258652746181,236.36575101624342,-5.67309179134395,10,27123607.0,233.3838145333707,246.68500408449412,248.9741925920717,45.93974871876539,37.49088261698772,-2.5667939502813795,227.4499969482422,219.27000427246094,4850.66,3
SURYODAY,2970,NSE_EQ,2026-09-28,218.0,218.0,218.0,149.1199951171875,157.67440727087796,20,152.31750212292437,50,152.44801261295441,14,2.9151254719633717,3.4906161699980784,149.1199951171875,45.5080088286351,12,26,9,156.68027103900437,156.7956360262004,3.8479966784005537,10,36159581.0,157.67440727087796,152.31750212292437,152.6854823162255,45.5080088286351,43.95182217109138,-3.963361665596599,149.1199951171875,145.0,1550.49,3
SUTLEJTEX,13804,NSE_EQ,2026-09-28,42.93000030517578,42.93000030517578,42.93000030517578,37.310001373291016,37.625932913671335,20,37.204595180151905,50,37.200292886554394,14,0.6098869992613549,0.5982189305002369,37.310001373291016,50.482907519683344,12,26,9,38.27188390936314,37.211543031687896,1.2203033818568991,10,1480552.0,37.625932913671335,37.204595180151905,37.162753864296015,50.482907519683344,53.02217344122142,-0.15996250418165459,37.310001373291016,38.0,632.4,3
SUVEN,11233,NSE_EQ,2026-09-28,403.3500061035156,403.3500061035156,403.3500061035156,335.0,310.28387349308747,20,255.12878090786904,50,251.86873114900655,14,10.102306348494489,6.845795413840721,335.0,59.60730287179095,12,26,9,333.7177275555765,294.95266542517913,39.98605555570385,10,32034742.0,310.28387349308747,255.12878090786904,248.20827169415094,59.60730287179095,61.29948946307145,-1.2209934253064674,335.0,337.0,8530.64,3
SUVIDHAA,2998,NSE_EQ,2026-09-28,3.5,4.25,3.5,2.2100000381469727,2.5330118463553837,20,3.0008978366152195,50,3.033179379409842,14,0.032383454116949796,0.0656475396571257,2.2100000381469727,33.0338935373658,12,26,9,2.406271391569585,2.626752812516597,-0.21192403981117003,10,7774380.0,2.5330118463553837,3.0008978366152195,3.06637037332003,33.0338935373658,33.27635565968461,-0.008557381135841813,2.2100000381469727,2.2100000381469727,46.69,3
SUYOG,24851,NSE_EQ,2026-09-28,921.1500244140625,921.1500244140625,921.1500244140625,650.4000244140625,751.6360078011257,20,795.8563418309377,50,801.7933343785652,14,12.39842054240187,20.42520184895673,650.4000244140625,37.772858810568,12,26,9,737.3831572258204,754.3628965230666,8.027854691920195,10,1144568.0,751.6360078011257,795.8563418309377,808.0134694791572,37.772858810568,37.63714894564469,-25.00759398916648,650.4000244140625,674.0,747.7,3
SUZLON,12018,NSE_EQ,2026-09-28,60.45000076293945,61.5,60.45000076293945,40.79999923706055,48.239955078595706,20,50.746792851961224,50,51.15278442807961,14,0.4654491004808866,1.097972367402434,40.79999923706055,29.77118518853699,12,26,9,46.651017624785815,48.92508696766674,-1.0480981094759996,10,2495574793.0,48.239955078595706,50.746792851961224,51.47983687862782,29.77118518853699,33.33497344539833,-1.2259712334049284,40.79999923706055,40.7400016784668,55466.8,3
SVLL,15121,NSE_EQ,2026-09-28,897.4500122070312,897.4500122070312,897.4500122070312,834.7000122070312,737.5241116582619,20,680.985846407442,50,674.7117988237852,14,18.474766093022204,9.585105759894729,834.7000122070312,65.84052197338058,12,26,9,769.7584369896261,721.3518349783589,38.11123503037464,10,150473.0,737.5241116582619,680.985846407442,668.951056915126,65.84052197338058,64.11878993856664,10.29536698089266,834.7000122070312,804.0,962.02,3
SVPGLOB,5020,NSE_EQ,2026-09-28,4.480000019073486,6.889999866485596,4.480000019073486,3.2699999809265137,3.650226978939038,20,3.730587329789778,50,3.7493868134168498,14,0.06846129108854253,0.09749753277850783,3.2699999809265137,41.25197413027396,12,26,9,3.627914510983422,3.6478062423353386,0.05096765102509192,10,1497644.0,3.650226978939038,3.730587329789778,3.759974029901752,41.25197413027396,45.56657623728452,-0.0708593823770086,3.2699999809265137,3.3499999046325684,40.78,3
SWANCORP,27095,NSE_EQ,2026-09-28,382.1499938964844,493.6000061035156,382.1499938964844,294.8500061035156,312.3241481401649,20,355.9203930902268,50,358.41306194682727,14,3.05773126493527,5.193631020126518,294.8500061035156,37.05729016978162,12,26,9,302.14163923646754,321.1144017180677,-21.11192168493458,10,97432656.0,312.3241481401649,355.9203930902268,361.00339050763523,37.05729016978162,37.089398861428315,2.1391592033344082,294.8500061035156,296.0,9127.86,3
SWANDEF,29164,NSE_EQ,2026-09-28,2804.89990234375,2804.89990234375,2764.0,2679.699951171875,2352.1547404484063,20,1878.9156578483362,50,1846.2305846514569,14,71.76987908125892,37.28643039832756,2679.699951171875,65.80992830560899,12,26,9,2496.1750209671227,2248.454258942001,236.83786813677386,10,1044018.0,2352.1547404484063,1878.9156578483362,1809.4889798476897,65.80992830560899,68.81626618220515,10.882893888347667,2679.699951171875,2709.0,13832.59,3
SWARAJ,764496,NSE_EQ,2026-09-28,386.75,386.75,386.75,338.6000061035156,321.792035686479,20,288.126215189537,50,286.0660604583542,14,10.640321254749898,8.647168245974205,338.6000061035156,55.16695811733524,12,26,9,331.5544758880358,313.9589604026826,21.623325500144425,10,7774956.0,321.792035686479,288.126215189537,286.5973287304107,55.16695811733524,40.794496485840035,-4.027810014791179,338.6000061035156,338.0,925.54,3
SWARAJENG,3384,NSE_EQ,2026-09-28,4394.0,4437.39990234375,4394.0,3545.699951171875,3657.939778635597,20,3692.685542113689,50,3698.684953988865,14,32.97304895240249,43.09539069345091,3545.699951171875,43.346556214262904,12,26,9,3622.8766444929843,3674.9601077123716,-35.368213593044786,10,314670.0,3657.939778635597,3692.685542113689,3701.6884175126447,43.346556214262904,46.83871282312944,-16.715249626342555,3545.699951171875,3525.0,4277.39,3
SWELECTES,11909,NSE_EQ,2026-09-28,712.5,977.0,712.5,587.0,604.3460020243451,20,632.6108773090947,50,634.4725457706904,14,11.402009010592073,13.14519761715256,587.0,46.44931369789702,12,26,9,596.1920783168605,608.880952088133,-6.725932034684874,10,1201393.0,604.3460020243451,632.6108773090947,637.642854259577,46.44931369789702,41.290037117614204,-5.962941736587609,587.0,573.9500122070312,897.01,3
SWIGGY,27066,NSE_EQ,2026-09-28,305.0,459.95001220703125,305.0,264.8500061035156,275.21230016419315,20,303.2780254691988,50,304.8465160555532,14,4.167654576669427,5.388625588105881,264.8500061035156,43.6116826297277,12,26,9,272.56963683340905,279.98247552163116,-11.367546410932045,10,1033174605.0,275.21230016419315,303.2780254691988,306.1443335356587,43.6116826297277,46.45920920952463,3.9547077227099354,264.8500061035156,268.8999938964844,69185.78,3
SWSOLAR,12489,NSE_EQ,2026-09-28,260.79998779296875,260.79998779296875,260.79998779296875,176.64999389648438,198.5493428029343,20,219.77600541846192,50,221.5362507867059,14,2.96972116561784,4.907901185809182,176.64999389648438,37.69819157527752,12,26,9,193.4524352940247,201.3434275823901,-3.7616075724371214,10,39741254.0,198.5493428029343,219.77600541846192,223.3924243878533,37.69819157527752,37.36310553113833,-4.129384715928275,176.64999389648438,176.0,4055.98,3
SYMPHONY,24190,NSE_EQ,2026-09-28,894.25,970.4500122070312,894.25,588.7999877929688,661.2349164136917,20,770.2645077995504,50,777.6712229018599,14,7.062477293849681,14.725553860912882,588.7999877929688,32.41448134383597,12,26,9,628.1468306109261,684.5993282406165,-54.1363779626373,10,8391732.0,661.2349164136917,770.2645077995504,784.9782105952394,32.41448134383597,33.49613061825771,-2.3161196670530586,588.7999877929688,577.0999755859375,4140.03,3
SYNCOMF,11992,NSE_EQ,2026-09-28,22.59000015258789,22.59000015258789,22.59000015258789,20.049999237060547,16.37519990803905,20,15.522987128816155,50,15.338211124398015,14,0.5389023633355879,0.2199251364267451,20.049999237060547,71.01776932232605,12,26,9,17.451930366387767,15.952946238451549,0.7710671767517248,10,445168283.0,16.37519990803905,15.522987128816155,15.146301337004981,71.01776932232605,70.99046717933385,0.7279169511844934,20.049999237060547,20.1299991607666,2105.29,3
SYNGENE,10243,NSE_EQ,2026-09-28,518.5499877929688,678.9500122070312,518.5499877929688,378.70001220703125,413.1959481199414,20,478.0554896118056,50,482.1108152201638,14,4.617110771705463,8.400179857851473,378.70001220703125,35.469061136438754,12,26,9,398.1320495630234,425.71030138341723,-28.169641891187965,10,49309092.0,413.1959481199414,478.0554896118056,486.7255428702534,35.469061136438754,31.860985586597835,0.5913900707941053,378.70001220703125,380.3500061035156,15379.77,3
SYRMA,10793,NSE_EQ,2026-09-28,1803.9000244140625,1803.9000244140625,1764.0,1732.5999755859375,1387.9056144019467,20,1125.4075769765218,50,1100.6242137679744,14,46.998175537260636,14.382932456774409,1732.5999755859375,76.56781878526513,12,26,9,1498.492250450864,1319.0501293353752,158.20475297357072,10,92165332.0,1387.9056144019467,1125.4075769765218,1074.9803031293586,76.56781878526513,76.46649302191139,21.237368141918097,1732.5999755859375,1703.0,34000.09,3
TAINWALCHM,3396,NSE_EQ,2026-09-28,257.0,257.0,257.0,209.1999969482422,205.16071300297202,20,202.35466018150262,50,202.0752586808194,14,3.3705158149315255,2.934667511134536,209.1999969482422,53.45626987557335,12,26,9,208.0083131316294,203.7128150854462,3.7284666871119203,10,282476.0,205.16071300297202,202.35466018150262,201.62486105104256,53.45626987557335,55.933840539434996,0.5670313590712635,209.1999969482422,213.0500030517578,173.91,3
TAJGVK,9354,NSE_EQ,2026-09-28,374.3999938964844,438.25,374.3999938964844,324.3500061035156,341.9063627517114,20,354.5204587895068,50,355.7519058379146,14,3.9136410478599934,5.474418106449363,324.3500061035156,41.687434895034016,12,26,9,339.58710603407275,344.20198448189564,-3.5521838587373336,10,3841577.0,341.9063627517114,354.5204587895068,356.61116680244044,41.687434895034016,45.25082397264451,-1.0626945890855555,324.3500061035156,324.6499938964844,2493.91,3
TAKE,14917,NSE_EQ,2026-09-28,50.13999938964844,50.13999938964844,50.13999938964844,15.510000228881836,22.816147124861224,20,25.892675666853126,50,26.316458337790728,14,0.9109853096647471,1.604976550797821,15.510000228881836,36.20823208732025,12,26,9,19.70148490418914,24.34268509909895,-3.8683393057174245,10,28998775.0,22.816147124861224,25.892675666853126,26.739170921449656,36.20823208732025,36.676799052200096,-0.772860889192386,15.510000228881836,15.710000038146973,223.75,3
TALBROAUTO,13648,NSE_EQ,2026-09-28,485.79998779296875,485.79998779296875,480.79998779296875,457.3500061035156,396.97634589455316,20,347.5189076397608,50,343.03600566164835,14,11.155626514655738,5.261378253383683,457.3500061035156,67.95165544675653,12,26,9,419.72852803419755,382.8235849941041,34.08858547613029,10,12415855.0,396.97634589455316,347.5189076397608,337.5803319251021,67.95165544675653,74.19839905579718,2.8163575639631375,457.3500061035156,466.0,2667.69,3
TANLA,13976,NSE_EQ,2026-09-28,656.0,748.4500122070312,656.0,494.75,531.7385976813805,20,543.7062426784411,50,545.7044566653162,14,8.018870031913115,10.856784603182694,494.75,42.48260622973839,12,26,9,530.6485544503568,531.5590161019954,7.711988335308349,10,27643670.0,531.7385976813805,543.7062426784411,548.0087202026762,42.48260622973839,41.26005758737714,-8.622449986947032,494.75,490.3999938964844,6571.1,3
TARACHAND,23512,NSE_EQ,2026-09-28,70.0,103.66999816894531,70.0,48.459999084472656,52.8253045724916,20,58.99214056726559,50,59.422023893093865,14,0.5155069255464146,0.9988102267796545,48.459999084472656,34.042203428427754,12,26,9,50.37298842202105,54.48614315452036,-3.974211540801456,10,5070494.0,52.8253045724916,58.99214056726559,59.900882067232025,34.042203428427754,31.556327727189924,-0.13894319169785474,48.459999084472656,47.900001525878906,376.41,3
TARAPUR,18827,NSE_EQ,2026-09-28,27.739999771118164,39.9900016784668,27.969999313354492,12.1899995803833,16.801193089455573,20,21.283789594847317,50,21.6549646974785,14,0.2875632830296308,0.7529964530619095,12.1899995803833,27.63544206599333,12,26,9,14.868723402895395,18.05069935718928,-2.975986345404195,10,2109500.0,16.801193089455573,21.283789594847317,22.026595901835385,27.63544206599333,28.335673700473947,-0.2059896088896913,12.1899995803833,12.220000267028809,23.2,3
TARC,1581,NSE_EQ,2026-09-28,142.6999969482422,186.3000030517578,142.6999969482422,129.36000061035156,129.42008414010945,20,137.68114498157178,50,138.02078352733585,14,2.378958417063935,2.5180200463554767,129.36000061035156,48.580128232844636,12,26,9,128.35796051872993,130.89383704489472,-3.9001029726405494,10,25637575.0,129.42008414010945,137.68114498157178,138.2220401473132,48.580128232844636,51.375286213711526,1.3642264464757505,129.36000061035156,129.35000610351562,3729.46,3
TARIL,15174,NSE_EQ,2026-09-28,372.0,502.45001220703125,372.0,277.6499938964844,303.33867721357996,20,327.2950754409787,50,329.3214052999376,14,4.293424536964828,6.64552992388237,277.6499938964844,39.24894789837448,12,26,9,297.52935847755924,307.465893103628,-6.829781135199868,10,60721180.0,303.33867721357996,327.2950754409787,331.34064608346506,39.24894789837448,39.820997082728304,-3.106753490868881,277.6499938964844,280.3999938964844,8149.15,3
TARMAT,14771,NSE_EQ,2026-09-28,69.6500015258789,73.9000015258789,69.6500015258789,55.84000015258789,54.59396405415163,20,54.703300009912645,50,54.65690408572181,14,1.4577974418944089,1.3366801495321483,55.84000015258789,52.16708290547485,12,26,9,55.50824427540235,54.29498267855494,0.44376636656149265,10,3188319.0,54.59396405415163,54.703300009912645,54.53024717813767,52.16708290547485,54.859380391044,0.7694952302859173,55.84000015258789,55.29999923706055,145.94,3
TARSONS,6943,NSE_EQ,2026-09-28,375.0,375.0,375.0,332.75,293.77454086839225,20,278.87456397589335,50,276.67556658715426,14,9.509584298002864,5.753756365169856,332.75,62.30342693554316,12,26,9,311.2465098381649,285.0063035143922,23.65261629044019,10,26236964.0,293.77454086839225,278.87456397589335,275.4745690558742,62.30342693554316,56.9322188402235,2.5875900333325355,332.75,341.0,1780.4,3
TASTYBITE,20092,NSE_EQ,2026-09-28,10544.0,10544.0,10544.0,9856.0,9183.872015286193,20,8798.207676761614,50,8755.032479894742,14,156.86811777445726,88.34614577013842,9856.0,63.97185690053816,12,26,9,9580.202785126512,8989.624410849301,493.35404379965655,10,434970.0,9183.872015286193,8798.207676761614,8708.25829540065,63.97185690053816,64.82154220875712,97.22433047755442,9856.0,9900.0,2453.62,3
TATACHEM,3405,NSE_EQ,2026-09-28,854.8499755859375,944.5,854.8499755859375,643.75,680.8641117299151,20,735.3995197852449,50,739.1403165111733,14,12.68738483165541,16.518941293798473,643.75,43.44053674247685,12,26,9,665.303764735254,691.7457955127603,-24.46210774516871,10,85712146.0,680.8641117299151,735.3995197852449,741.0133906544866,43.44053674247685,49.42377264267072,-1.9799230323375525,643.75,654.6500244140625,16443.06,3
TATACOMM,3721,NSE_EQ,2026-09-28,2110.0,2110.0,2110.0,1666.5,1749.7523523888974,20,1728.2789312443397,50,1730.8005202747208,14,20.265357417280622,26.23272068196996,1666.5,43.58321514713797,12,26,9,1748.1583732581269,1744.9619739399589,20.57194911985532,10,11190478.0,1749.7523523888974,1728.2789312443397,1728.7882976089568,43.58321514713797,52.796649933210254,-17.375549801687313,1666.5,1671.9000244140625,46806.66,3
TATACONSUM,3432,NSE_EQ,2026-09-28,1282.699951171875,1282.699951171875,1282.699951171875,983.2000122070312,1065.7797172558862,20,1094.6367375612963,50,1099.185175330858,14,5.419413273447248,12.748003720238119,983.2000122070312,29.830400630595577,12,26,9,1041.5139296247298,1076.9988795846573,-22.83650505856569,10,55679702.0,1065.7797172558862,1094.6367375612963,1103.396815140281,29.830400630595577,31.41118508751083,-12.64844490136177,983.2000122070312,988.0,95104.59,3
TATAELXSI,3411,NSE_EQ,2026-09-28,4753.60009765625,5950.0,4753.60009765625,3186.89990234375,3760.11240313078,20,4368.374568602156,50,4416.598024367804,14,29.703605791965693,85.78779014768438,3186.89990234375,25.719323548125857,12,26,9,3571.9996663575157,3894.2390342788967,-307.1284059205237,10,10522404.0,3760.11240313078,4368.374568602156,4463.532639600291,25.719323548125857,27.05458518068407,-15.110962000857342,3186.89990234375,3190.0,19776.49,3
TATAINVEST,1621,NSE_EQ,2026-09-28,762.25,1184.699951171875,762.25,651.5999755859375,665.74938880048,20,672.8496886721921,50,673.7170239002024,14,12.302714193957929,13.587280319563302,651.5999755859375,47.519184245221645,12,26,9,663.0511895482535,667.9395037361888,-5.118350875970572,10,56997189.0,665.74938880048,672.8496886721921,672.5483319946621,47.519184245221645,55.25585998454505,0.23003668803527866,651.5999755859375,659.6500244140625,32878.44,3
TATAPOWER,3426,NSE_EQ,2026-09-28,464.8999938964844,464.8999938964844,464.8999938964844,367.5,379.9352848845945,20,386.0396391495764,50,386.79635911486514,14,4.065183647879085,5.227090530637044,367.5,43.74799505246894,12,26,9,374.6189114186031,382.30318493372175,-5.624009063986349,10,189200429.0,379.9352848845945,386.0396391495764,387.2860069239221,43.74799505246894,46.348817729324374,-2.060264451132313,367.5,363.0,115819.52,3
TATASTEEL,3499,NSE_EQ,2026-09-28,224.39999389648438,224.39999389648438,224.39999389648438,187.97000122070312,189.97602330350287,20,186.8587861849829,50,186.81343046923922,14,1.8913390406554453,2.0751723067951096,187.97000122070312,47.68268321912375,12,26,9,187.98248170632715,190.3732179468884,-1.4009729890947533,10,1128943701.0,189.97602330350287,186.8587861849829,186.8654074971211,47.68268321912375,45.28854500051573,-0.9897632514664856,187.97000122070312,188.57000732421875,233330.71,3
TATATECH,20293,NSE_EQ,2026-09-28,891.0,891.0,891.0,703.0499877929688,742.0907198918163,20,713.7914935755487,50,714.2299223830009,14,14.250527333754357,16.207893065218187,703.0499877929688,46.78682330563364,12,26,9,759.0442755902917,730.1688424566328,37.8502226611087,10,72348419.0,742.0907198918163,713.7914935755487,713.8944085126324,46.78682330563364,49.01686183950317,-8.974789527449772,703.0499877929688,715.0,28554.44,3
TATVA,5162,NSE_EQ,2026-09-28,1838.0999755859375,1838.0999755859375,1838.0999755859375,1793.199951171875,1536.973901292473,20,1365.5423130836703,50,1348.0868992841515,14,45.6211846391555,21.672867633010533,1793.199951171875,67.79378429262047,12,26,9,1624.2305580575883,1488.8805131316474,110.8805194682813,10,3103378.0,1536.973901292473,1365.5423130836703,1330.857795125469,67.79378429262047,66.98785514822252,24.469525457659586,1793.199951171875,1749.5,4094.93,3
TBOTEK,23740,NSE_EQ,2026-09-28,1750.0,1764.800048828125,1750.0,1696.9000244140625,1547.1786928640126,20,1475.6127067611183,50,1466.5805713467125,14,29.259061527157687,15.131394685219826,1696.9000244140625,65.91295522436938,12,26,9,1612.4894895421737,1517.1407416325924,70.72802133066153,10,11262175.0,1547.1786928640126,1475.6127067611183,1456.6205956634788,65.91295522436938,67.39873037576801,24.6207265789198,1696.9000244140625,1686.0,18050.17,3
TBZ,27041,NSE_EQ,2026-09-28,698.5999755859375,698.5999755859375,603.5499877929688,655.5999755859375,337.9257641998923,20,249.47522525581525,50,232.89870483417758,14,29.444989305420204,2.307599266747097,655.5999755859375,92.73256332628634,12,26,9,407.6295089564251,306.91868462268155,56.14942799550139,10,120944103.0,337.9257641998923,249.47522525581525,217.7700810399412,92.73256332628634,91.76878437093208,44.56139633824218,655.5999755859375,662.5,4205.75,3
TCI,10580,NSE_EQ,2026-09-28,1080.800048828125,1242.0,1080.800048828125,883.7000122070312,911.4144239062748,20,969.4496236043694,50,972.9496077430362,14,8.600565107936594,12.007890679657637,883.7000122070312,41.733185623320296,12,26,9,891.5172972806549,925.694262691912,-32.33972325950615,10,7117987.0,911.4144239062748,969.4496236043694,978.7924493736512,41.733185623320296,28.347264918816393,-1.8372421517508641,883.7000122070312,877.0,6666.7,3
TCIEXP,19223,NSE_EQ,2026-09-28,625.0,746.75,625.0,501.54998779296875,533.841001415837,20,572.2867081807984,50,575.1739212578527,14,8.8447809153643,11.73095913303321,501.54998779296875,42.98645343768889,12,26,9,529.1828143987693,538.1776508663676,-5.82307594895853,10,3233773.0,533.841001415837,572.2867081807984,578.8402035090502,42.98645343768889,39.58905358928872,-3.1717605186397178,501.54998779296875,499.1499938964844,1930.59,3
TCIFINANCE,4771,NSE_EQ,2026-09-28,27.8799991607666,38.459999084472656,27.8799991607666,14.859999656677246,15.719568746089323,20,15.594059479851968,50,15.624021105287671,14,0.5131370504146846,0.5844094092651339,14.859999656677246,46.753105154599055,12,26,9,15.506185901482043,15.7820986246396,-0.10935549583527909,10,639819.0,15.719568746089323,15.594059479851968,15.625817888209369,46.753105154599055,49.051551984099625,-0.1665572273222778,14.859999656677246,15.640000343322754,18.98,3
TCPLPACK,184,NSE_EQ,2026-09-28,4410.89990234375,4410.89990234375,4410.89990234375,4106.7998046875,3450.8460392944544,20,3208.382349473661,50,3171.7122492608514,14,113.42164916640857,54.28141342772759,4106.7998046875,67.6324256766283,12,26,9,3672.865985779462,3350.549413974053,229.49713813274764,10,1015489.0,3450.8460392944544,3208.382349473661,3144.26377163183,67.6324256766283,63.556296331977116,92.81943367266115,4106.7998046875,4098.7998046875,3639.76,3
TCS,11536,NSE_EQ,2026-09-28,2614.0,3350.0,2614.0,2082.0,2288.9941043392646,20,2565.192361112421,50,2584.914498300683,14,23.417766723027317,44.00460458080829,2082.0,34.73293251211278,12,26,9,2234.2437865421193,2340.5187760093445,-116.9487181710718,10,140693028.0,2288.9941043392646,2565.192361112421,2604.5028451700987,34.73293251211278,35.600394775975914,10.673728703846635,2082.0,2054.0,743709.33,3
TDPOWERSYS,25178,NSE_EQ,2026-09-28,817.5499877929688,817.5499877929688,817.5499877929688,751.5499877929688,660.9181277103119,20,537.0770166149595,50,528.3230177913672,14,20.838943458934036,11.202783420590853,751.5499877929688,65.03689247863358,12,26,9,706.2397689919347,630.9819407882695,68.34039840729544,10,130420075.0,660.9181277103119,537.0770166149595,518.713753211423,65.03689247863358,66.85513188191632,6.917429796369774,751.5499877929688,743.0,11182.93,3
TEAMGTY,10717,NSE_EQ,2026-09-28,311.0,332.54998779296875,311.0,241.4499969482422,238.3461299227068,20,239.27778397192077,50,239.18912221778518,14,3.187473513657924,3.1066638886687032,241.4499969482422,50.64194360421294,12,26,9,235.82310932882436,240.1692498748576,-6.088682847975474,10,170503.0,238.3461299227068,239.27778397192077,239.2172496552458,50.64194360421294,48.93230804764459,1.7425423019422341,241.4499969482422,242.60000610351562,218.9,3
TEAMLEASE,12716,NSE_EQ,2026-09-28,1480.0,1872.199951171875,1480.0,1173.0,1290.6521134844634,20,1438.8273513167435,50,1449.6774472888553,14,11.91880906814429,22.993542766018606,1173.0,34.13923279863758,12,26,9,1262.0874226789697,1312.8823586209755,-42.6575209758726,10,1082279.0,1290.6521134844634,1438.8273513167435,1459.0928533006454,34.13923279863758,37.685982425055315,-8.13741496613325,1173.0,1190.0,1949.63,3
TECHM,13538,NSE_EQ,2026-09-28,1686.5999755859375,1854.0,1686.5999755859375,1548.0,1539.10605791489,20,1516.596860547206,50,1515.3150997532143,14,21.649725671319093,20.194921464655046,1548.0,51.73833967572562,12,26,9,1556.940089287245,1530.2206638143928,25.592263516883506,10,101851220.0,1539.10605791489,1516.596860547206,1514.425921147797,51.73833967572562,50.8233451228274,1.1271619559687025,1548.0,1540.0,135599.3,3
TECHNOE,6445,NSE_EQ,2026-09-28,1383.9000244140625,1389.5999755859375,1383.9000244140625,1006.2000122070312,1041.7268468536797,20,1107.9620946291757,50,1112.115649013753,14,21.13945969712023,25.27303402478646,1006.2000122070312,45.5469163621829,12,26,9,1019.1092214166147,1057.4159887684189,-38.371962122625675,10,8441204.0,1041.7268468536797,1107.9620946291757,1115.4489428032175,45.5469163621829,47.31264912944894,0.06519477082149194,1006.2000122070312,986.3499755859375,11526.48,3
TECILCHEM,3453,NSE_EQ,2026-09-28,15.220000267028809,22.079999923706055,15.220000267028809,8.8100004196167,10.406287397880117,20,13.404275445767036,50,13.591796875405825,14,0.1889013338618737,0.3650763976501844,8.8100004196167,34.09908433436047,12,26,9,9.727541989923113,10.998031355839295,-1.435419576347613,10,1614477.0,10.406287397880117,13.404275445767036,13.74778856592183,34.09908433436047,38.916127330418846,0.16493021043143075,8.8100004196167,9.4399995803833,17.2,3
TEGA,7105,NSE_EQ,2026-09-28,2175.0,2175.0,1970.0,2091.60009765625,1737.727353221097,20,1731.534714375425,50,1716.8381681190647,14,58.682368587106915,31.174452314149445,2091.60009765625,65.30652653691472,12,26,9,1763.53794806613,1734.1348205495224,-14.939011984912632,10,22411711.0,1737.727353221097,1731.534714375425,1707.6070729402509,65.30652653691472,60.65944257743186,44.342139501520215,2091.60009765625,2056.0,15331.42,3
TEJASNET,21131,NSE_EQ,2026-09-28,644.75,644.75,644.75,503.8500061035156,527.6188291232793,20,539.5913969180579,50,541.0502291962024,14,15.447992292391211,16.89305286416402,503.8500061035156,47.76590310427876,12,26,9,535.2711218307599,523.0496926679039,16.862319770902513,10,148978524.0,527.6188291232793,539.5913969180579,541.978810477967,47.76590310427876,49.3405725289758,-4.640890608046515,503.8500061035156,513.0,8785.97,3
TEMBO,3275,NSE_EQ,2026-09-28,68.8499984741211,83.69999694824219,68.8499984741211,58.279998779296875,57.45397941829313,20,57.330452471327284,50,57.291695479165256,14,1.0113161548685925,0.9527842831277459,58.279998779296875,51.49004273428495,12,26,9,57.46769265657879,57.50923266780533,-0.13363690385955096,10,109308694.0,57.45397941829313,57.330452471327284,57.33666269763286,51.49004273428495,47.49963859110973,0.09209689263301357,58.279998779296875,59.81999969482422,1100.44,3
TERASOFT,19292,NSE_EQ,2026-09-28,474.1499938964844,598.0,474.1499938964844,218.89999389648438,328.92470145682404,20,347.10539090184074,50,352.33826424899814,14,6.827747992972696,16.162825822882272,218.89999389648438,29.698032105071178,12,26,9,304.5610871851195,339.00824015081866,-16.220721402532774,10,1249077.0,328.92470145682404,347.10539090184074,357.0622747855484,29.698032105071178,31.42620697593675,-18.226431563166386,218.89999389648438,221.4499969482422,266.89,3
TEXINFRA,11549,NSE_EQ,2026-09-28,126.58999633789062,126.58999633789062,121.80000305175781,118.25,109.59218492616627,20,105.1980519237931,50,104.66531934925403,14,1.684753934873651,0.8859525551479407,118.25,65.53661187744154,12,26,9,112.24873760055469,108.07800698720672,3.6793678071037785,10,10697891.0,109.59218492616627,105.1980519237931,104.30308744858982,65.53661187744154,60.34725484039115,0.49136280624419193,118.25,118.0,1494.08,3
TEXMOPIPES,18214,NSE_EQ,2026-09-28,64.5,64.5,64.5,56.90999984741211,48.696417595891816,20,49.12999325807321,50,48.81244196871244,14,1.4960328162384637,0.8245519291382397,56.90999984741211,64.46792426861407,12,26,9,50.5548839440799,48.21526057350336,0.4008906433688506,10,9291009.0,48.696417595891816,49.12999325807321,48.29499055198777,64.46792426861407,75.04773142489572,1.938732727207689,56.90999984741211,57.5,163.58,3
TEXRAIL,21828,NSE_EQ,2026-09-28,130.75,143.10000610351562,130.75,125.66999816894531,112.49298046591244,20,118.6058772374875,50,118.31754577089738,14,2.6148706380349234,1.627467184311096,125.66999816894531,61.637492051231696,12,26,9,113.79825363977133,112.71976693546857,-0.9214001990878363,10,101723911.0,112.49298046591244,118.6058772374875,118.46683320390913,61.637492051231696,52.90770441661496,1.999886903390598,125.66999816894531,127.0,5049.33,3
TFCILTD,3466,NSE_EQ,2026-09-28,147.64999389648438,147.64999389648438,147.64999389648438,138.30999755859375,109.59377555872463,20,87.20671307649815,50,85.12086473029015,14,3.71622965414999,0.937506981029083,138.30999755859375,79.85474781829788,12,26,9,121.94297265696817,103.11223059984226,14.303053566908705,10,670493742.0,109.59377555872463,87.20671307649815,82.89641042878414,79.85474781829788,81.49330876548396,4.527688490217198,138.30999755859375,142.0,6486.33,3
TFL,14319,NSE_EQ,2026-09-28,14.699999809265137,18.5,14.699999809265137,11.760000228881836,11.993313088355002,20,13.049190281539778,50,13.10181028368908,14,0.2144093625473022,0.24787275442643658,11.760000228881836,46.380630933963275,12,26,9,11.850012359543976,12.163295830539388,-0.43846164422556266,10,463506.0,11.993313088355002,13.049190281539778,13.14719030461034,46.380630933963275,48.08963592766098,0.1251781732301509,11.760000228881836,12.199999809265137,71.09,3
TGBHOTELS,14607,NSE_EQ,2026-09-28,11.380000114440918,12.800000190734863,11.380000114440918,9.579999923706055,9.353386548462826,20,9.772663498038447,50,9.780527317398954,14,0.13473594952853105,0.12036691681150762,9.579999923706055,52.81632129877174,12,26,9,9.397395742690325,9.384070099905896,-0.08168649566647611,10,1665798.0,9.353386548462826,9.772663498038447,9.795650887602498,52.81632129877174,50.458135102539615,0.09501213845090449,9.579999923706055,9.579999923706055,26.3,3
THANGAMAYL,18118,NSE_EQ,2026-09-28,7430.0,7430.0,7430.0,5134.5,5161.524145640492,20,4343.236326774529,50,4310.939850316347,14,138.47668973338344,125.30600122469983,5134.5,52.49650355390008,12,26,9,5313.2081457198665,4992.530971096541,480.2166528307722,10,8235466.0,5161.524145640492,4343.236326774529,4280.998619717014,52.49650355390008,51.309891035052786,-159.5394782074469,5134.5,5179.5,15706.53,3
THEINVEST,21427,NSE_EQ,2026-09-28,137.8000030517578,152.99000549316406,137.8000030517578,93.86000061035156,98.40025539219847,20,108.87381573344138,50,109.48662451397566,14,1.197615768291977,1.7083466168681576,93.86000061035156,41.21236305080328,12,26,9,96.57896671753696,100.17239487183237,-3.9667303532021903,10,260162.0,98.40025539219847,108.87381573344138,110.1077113658495,41.21236305080328,41.631917220382235,0.3733021989067806,93.86000061035156,93.01000213623047,481.66,3
THEJO,19279,NSE_EQ,2026-09-28,2286.60009765625,2286.60009765625,2286.60009765625,2185.0,1990.2718559794832,20,1894.116034505614,50,1882.2432195874756,14,39.90016341715727,21.46312024480946,2185.0,65.02286226557916,12,26,9,2071.0035944471474,1950.5196258899323,93.7074009922627,10,463581.0,1990.2718559794832,1894.116034505614,1869.2858019717855,65.02286226557916,66.15484796597161,26.776567564952416,2185.0,2161.39990234375,2359.14,3
THELEELA,757014,NSE_EQ,2026-09-28,582.8499755859375,582.8499755859375,582.8499755859375,546.1500244140625,503.378033615939,20,467.39014471476634,50,464.1754557474481,14,8.79122385638708,4.5501506171868416,546.1500244140625,65.89443894105811,12,26,9,523.2797211940521,492.3723503975187,26.182302593662012,10,23897721.0,503.378033615939,467.39014471476634,461.0581279088554,65.89443894105811,64.84027607590238,4.725068202871359,546.1500244140625,525.0,18221.1,3
THEMISMED,14485,NSE_EQ,2026-09-28,140.60000610351562,147.0,140.60000610351562,116.93000030517578,111.67258760303514,20,112.38760639656039,50,112.20220256355567,14,3.0336629232544245,2.4833276690745927,116.93000030517578,54.98763995487897,12,26,9,115.64959057657973,109.95056036148166,4.402565243389014,10,12282233.0,111.67258760303514,112.38760639656039,111.72188425101903,54.98763995487897,60.50223819111309,1.2964649717090486,116.93000030517578,119.9000015258789,1110.55,3
THERMAX,3475,NSE_EQ,2026-09-28,5277.7998046875,5277.7998046875,5277.7998046875,3447.199951171875,3993.4247655888357,20,3857.4081340278026,50,3874.1513251647793,14,51.011079141490164,91.54410094403235,3447.199951171875,35.78339216497591,12,26,9,3916.817181972976,3978.861405849688,100.30292759363996,10,10835537.0,3993.4247655888357,3857.4081340278026,3887.3044444635966,35.78339216497591,37.76455326467218,-162.3471514703518,3447.199951171875,3402.0,38023.38,3
THOMASCOOK,3481,NSE_EQ,2026-09-28,120.87000274658203,169.0,120.87000274658203,103.47000122070312,106.36530289601262,20,116.88555882131598,50,117.43313260093282,14,1.9124034644184458,2.262281473367428,103.47000122070312,45.80952797440869,12,26,9,106.13655771865726,107.72026005998684,-2.973536819465388,10,80619951.0,106.36530289601262,116.88555882131598,117.89815838401059,45.80952797440869,47.91653881951054,1.3898344781358043,103.47000122070312,104.0,4768.28,3
THOMASCOTT,31017,NSE_EQ,2026-09-28,367.8999938964844,459.79998779296875,367.8999938964844,248.64999389648438,282.4778922515815,20,298.05246961162084,50,300.06889719183044,14,8.364180024028085,11.339888855697811,248.64999389648438,42.44899911324528,12,26,9,274.3092776476493,286.68939945505656,-5.75950694683962,10,4143937.0,282.4778922515815,298.05246961162084,302.661505115915,42.44899911324528,39.80881646833031,-6.620614860567629,248.64999389648438,235.0500030517578,347.74,3
THYROCARE,17032,NSE_EQ,2026-09-28,662.0,662.0,662.0,566.8499755859375,538.4876232110449,20,480.3808965825352,50,476.85154641913095,14,12.232533930096706,8.800874289302852,566.8499755859375,58.15764046653352,12,26,9,558.3107831475277,524.4285629315096,37.45202504425837,10,26994971.0,538.4876232110449,480.3808965825352,473.62916105693347,58.15764046653352,56.52627616722392,-3.5698048282403434,566.8499755859375,566.2000122070312,9024.99,3
TI,19196,NSE_EQ,2026-09-28,607.7999877929688,607.7999877929688,594.5499877929688,581.7000122070312,505.0133057106692,20,465.9267287938736,50,461.20128865456104,14,13.266969211186426,6.438458070129147,581.7000122070312,67.32647316795811,12,26,9,526.7391218610217,494.42748552464303,21.775574559434624,10,50178781.0,505.0133057106692,465.9267287938736,456.8135856524194,67.32647316795811,65.71066998318466,10.536061776944003,581.7000122070312,590.0,14148.21,3
TICL,19503,NSE_EQ,2026-09-28,25.780000686645508,33.9900016784668,25.780000686645508,6.420000076293945,12.399064990545345,20,18.828320776628438,50,19.334782846029846,14,0.24099633262901343,0.8479139056164499,6.420000076293945,22.131882331947352,12,26,9,9.712519220827161,14.058426779404227,-3.9627366666539965,10,18283373.0,12.399064990545345,18.828320776628438,19.885182149760347,22.131882331947352,19.107308753903197,-0.3831708919230694,6.420000076293945,6.420000076293945,114.58,3
TIGERLOGS,759176,NSE_EQ,2026-09-28,47.79999923706055,49.689998626708984,47.79999923706055,26.329999923706055,30.279074671184443,20,33.88092203936867,50,34.189122942048776,14,0.7197869512844173,1.119888202920402,26.329999923706055,39.1257635696851,12,26,9,28.90033792311455,31.201554631698862,-1.918435293651017,10,9124703.0,30.279074671184443,33.88092203936867,34.51806676985621,39.1257635696851,38.64935274286012,-0.3827814149332962,26.329999923706055,27.0,247.27,3
TIIL,14223,NSE_EQ,2026-09-28,3565.300048828125,3565.300048828125,3565.300048828125,3003.39990234375,2830.346604650565,20,2643.1355931053236,50,2628.4309274221223,14,60.43809590243435,41.230320453693196,3003.39990234375,59.44628437088049,12,26,9,2960.6805238715124,2762.815278089571,161.76924625496179,10,2493095.0,2830.346604650565,2643.1355931053236,2611.0566755758314,59.44628437088049,61.641979899226214,36.095999526979426,3003.39990234375,3033.199951171875,6693.33,3
TIINDIA,312,NSE_EQ,2026-09-28,3335.199951171875,3335.199951171875,3335.199951171875,2511.10009765625,2777.947344871258,20,2835.2674137696367,50,2848.498732794673,14,31.254509915370537,52.94654401300688,2511.10009765625,37.11890582979645,12,26,9,2732.85597299423,2791.4056916760446,-8.796209838953878,10,15183985.0,2777.947344871258,2835.2674137696367,2858.6415382148634,37.11890582979645,40.14654335151828,-49.75350884286086,2511.10009765625,2530.0,47894.52,3
TIJARIA,25486,NSE_EQ,2026-09-28,9.800000190734863,9.800000190734863,9.800000190734863,6.929999828338623,5.9168882045823255,20,5.829017851984788,50,5.784079812133611,14,0.3362305477642211,0.24433134012069463,6.929999828338623,57.91467796640344,12,26,9,6.389590389917893,5.751909998030964,0.31368934343201627,10,8279848.0,5.9168882045823255,5.829017851984788,5.718123882205701,57.91467796640344,61.469181731347,0.32399104845491244,6.929999828338623,6.710000038146973,19.28,3
TIL,9802,NSE_EQ,2026-09-28,271.94000244140625,334.70001220703125,271.94000244140625,251.11000061035156,232.86663832655017,20,238.75248732284265,50,238.2480990253933,14,6.148065220801496,4.6501509219337365,251.11000061035156,56.93593404256646,12,26,9,239.79291987971902,231.6228641844707,2.3613942864042006,10,59094792.0,232.86663832655017,238.75248732284265,237.4618985870165,56.93593404256646,59.452877276851005,5.808661408844122,251.11000061035156,253.0500030517578,1950.94,3
TIMETECHNO,14707,NSE_EQ,2026-09-28,217.19000244140625,227.5,217.19000244140625,181.22000122070312,186.67572983482768,20,188.75251216437564,50,189.059961590648,14,2.591348868592188,3.0371217691325585,181.22000122070312,46.040017535557666,12,26,9,186.44063788601733,186.94526024326947,0.5248225738865189,10,135709716.0,186.67572983482768,188.75251216437564,189.46077612523916,46.040017535557666,44.649201454629576,-1.0294449311386644,181.22000122070312,179.30999755859375,9067.14,3
TIMKEN,14198,NSE_EQ,2026-09-28,3925.0,3925.0,3925.0,3206.10009765625,3274.670334294738,20,3262.6194387096343,50,3264.926350589364,14,50.38224861186186,56.30170634061073,3206.10009765625,47.22570384113245,12,26,9,3237.5910066441156,3282.767896556653,-18.870676849469206,10,1718450.0,3274.670334294738,3262.6194387096343,3270.6702852594653,47.22570384113245,44.16393544280761,-26.306213063068057,3206.10009765625,3268.5,23655.78,3
TINNARUBR,756020,NSE_EQ,2026-09-28,1322.0,1322.0,1322.0,978.0999755859375,962.1508024819838,20,907.4309189610294,50,904.5464676702169,14,19.608320906001236,16.30211425104046,978.0999755859375,54.60340655926646,12,26,9,1001.444744659121,938.0062111708967,68.8706294305002,10,2781738.0,962.1508024819838,907.4309189610294,899.885099003695,54.60340655926646,59.406801274064584,-5.432095942275822,978.0999755859375,980.0,1728.33,3
TIPSFILMS,11374,NSE_EQ,2026-09-28,434.8999938964844,479.25,434.8999938964844,341.45001220703125,349.6824978778978,20,380.8221854611517,50,382.4292129409117,14,7.2938184681830425,8.391778245136898,341.45001220703125,46.5001019820257,12,26,9,343.49531128852584,354.7927931467869,-10.319737030221244,10,630166.0,349.6824978778978,380.8221854611517,384.9630581179483,46.5001019820257,40.81316208173846,-0.9777448280398069,341.45001220703125,312.0,153.54,3
TIPSMUSIC,9117,NSE_EQ,2026-09-28,741.0,741.0,741.0,668.9500122070312,650.4797417881153,20,623.6981237826119,50,621.8511079285539,14,10.969341751938412,8.867981955695377,668.9500122070312,55.29648007768908,12,26,9,659.3227227013182,642.8187889285216,21.19521137864277,10,10665572.0,650.4797417881153,623.6981237826119,620.3878873457588,55.29648007768908,53.409176363767244,-4.691277605846185,668.9500122070312,665.0499877929688,8497.13,3
TIRUMALCHM,3496,NSE_EQ,2026-09-28,225.7100067138672,293.8999938964844,225.7100067138672,160.92999267578125,170.37066410259644,20,196.37542700801825,50,197.8221794297422,14,2.8339178074052476,4.04498009429867,160.92999267578125,41.19726514189548,12,26,9,163.7403085498172,175.75962282177477,-12.85074373482472,10,27687973.0,170.37066410259644,196.37542700801825,199.42553396621605,41.19726514189548,39.70081471281297,0.8314294628671508,160.92999267578125,163.14999389648438,1875.28,3
TIRUPATIFL,22284,NSE_EQ,2026-09-28,83.9000015258789,83.9000015258789,83.9000015258789,78.27999877929688,62.8955768748596,20,52.43795569266615,50,51.383178423824084,14,2.300033020788955,0.8553167867996134,78.27999877929688,72.89312314144728,12,26,9,67.66620922674258,59.9367025245472,7.294425830894345,10,12064341.0,62.8955768748596,52.43795569266615,50.718002020503604,72.89312314144728,64.3351568233485,0.435080871301035,78.27999877929688,78.27999877929688,934.91,3
TITAGARH,15414,NSE_EQ,2026-09-28,971.0,971.0,971.0,822.5999755859375,829.2528045031443,20,827.2527893560826,50,827.4427001222109,14,13.034746189611743,13.14056928407013,822.5999755859375,49.797857079192056,12,26,9,837.3752474889169,824.5205201585973,15.597480683959658,10,22035621.0,829.2528045031443,827.2527893560826,827.0260746409109,49.797857079192056,51.93061423660191,-2.7427533536400244,822.5999755859375,816.0,11097.61,3
TITAN,3506,NSE_EQ,2026-09-28,5186.7001953125,5186.7001953125,5186.7001953125,4884.0,4716.772700432523,20,4359.891580312153,50,4338.49939991673,14,64.91399699064364,44.33049735120422,4884.0,59.42084073135509,12,26,9,4845.85869796023,4629.998935078938,215.2426359578465,10,32540305.0,4716.772700432523,4359.891580312153,4319.723865219454,59.42084073135509,57.01799909242549,0.6171269234448289,4884.0,4855.0,428591.46,3
TMB,10945,NSE_EQ,2026-09-28,954.2000122070312,954.2000122070312,954.2000122070312,881.9000244140625,818.8878914329475,20,705.494662124623,50,698.2944432556662,14,16.25705615235037,8.91553396306846,881.9000244140625,64.5823734379742,12,26,9,859.6007180065917,790.8651860007574,67.84494732622414,10,17830402.0,818.8878914329475,705.494662124623,690.2350327763056,64.5823734379742,67.22429123164011,0.8905846796101855,881.9000244140625,894.9500122070312,13625.43,3
TMPV,3456,NSE_EQ,2026-09-28,408.0,739.7000122070312,408.0,290.45001220703125,331.6195082371366,20,392.9981823973341,50,397.18382199693826,14,3.6259743029992046,7.661749724886543,290.45001220703125,32.12316578648999,12,26,9,319.7641122030892,341.15868945267977,-19.185432489412513,10,410670460.0,331.6195082371366,392.9981823973341,400.99540706648804,32.12316578648999,35.08728612509631,-2.2091447601780416,290.45001220703125,297.0,104883.33,3
TNPETRO,3509,NSE_EQ,2026-09-28,146.99000549316406,146.99000549316406,146.99000549316406,132.92999267578125,108.93912374963743,20,100.92022763360555,50,99.61370661147592,14,3.3220719962496723,1.2320031226690358,132.92999267578125,72.94723757298155,12,26,9,115.51149571676237,106.12355272571865,5.4489213123031774,10,89727399.0,108.93912374963743,100.92022763360555,98.54773531574295,72.94723757298155,69.50328924114989,3.939021678740538,132.92999267578125,127.0,1152.68,3
TNPL,3980,NSE_EQ,2026-09-28,166.0,175.75,166.0,151.60000610351562,147.3302524768016,20,148.46467252134158,50,148.33669972206917,14,2.320707501653609,1.9511799424382208,151.60000610351562,54.325108796188644,12,26,9,148.5090926382266,146.8412720913263,1.2135626409655327,10,14964088.0,147.3302524768016,148.46467252134158,148.33656516632135,54.325108796188644,51.69186329667826,0.4542579059347833,151.60000610351562,148.49000549316406,1019.99,3
TNTELE,3512,NSE_EQ,2026-09-28,11.989999771118164,15.739999771118164,11.989999771118164,9.90999984741211,9.215818850898916,20,9.812658246843904,50,9.8086851202901,14,0.14931723723782125,0.10540693081281662,9.90999984741211,58.61918732742224,12,26,9,9.153702939061692,9.31902913011418,-0.2643112710599295,10,1174649.0,9.215818850898916,9.812658246843904,9.847406975947766,58.61918732742224,41.350715406595306,0.0989850800074416,9.90999984741211,9.460000038146973,54.11,3
TOKYOPLAST,3837,NSE_EQ,2026-09-28,113.80000305175781,135.0,113.80000305175781,74.0,80.86781079911378,20,91.00356129815148,50,91.6975842082801,14,1.3809032755342814,2.094439263550796,74.0,39.73430705043019,12,26,9,78.41451892883157,82.92092985368487,-4.620026837995096,10,59196.0,80.86781079911378,91.00356129815148,92.35177139355908,39.73430705043019,41.146598338702354,0.11361591314179709,74.0,75.62999725341797,69.81,3
TOLINS,25262,NSE_EQ,2026-09-28,122.0,197.69000244140625,122.0,88.11000061035156,99.20762144938621,20,114.53622061980937,50,115.6148418446852,14,1.0317711441838708,2.1626263288186895,88.11000061035156,32.29939770813999,12,26,9,95.16873417359507,102.30533315632785,-6.728416095232745,10,1687855.0,99.20762144938621,114.53622061980937,116.74116205699617,32.29939770813999,32.16287273109522,-0.4081828875000326,88.11000061035156,91.0999984741211,346.4,3
TORNTPHARM,3518,NSE_EQ,2026-09-28,5250.0,5250.0,5250.0,4988.5,4748.688538691107,20,4363.499429275827,50,4337.9892018993305,14,75.09824822637633,48.9181740577518,4988.5,60.55508362781366,12,26,9,4863.281903325284,4662.187772246273,216.121806159817,10,17854558.0,4748.688538691107,4363.499429275827,4317.49896524216,60.55508362781366,56.865810006979096,-15.027675080806631,4988.5,4911.5,186738.13,3
TORNTPOWER,13786,NSE_EQ,2026-09-28,1824.0999755859375,1824.0999755859375,1824.0999755859375,1254.5999755859375,1350.3660086531727,20,1385.0460998862873,50,1390.370431490383,14,19.161022703343654,27.77038449061616,1254.5999755859375,40.82771825731602,12,26,9,1315.7839938861737,1364.7605890755676,-32.291085500165465,10,15822269.0,1350.3660086531727,1385.0460998862873,1395.7406511908832,40.82771825731602,41.09038522754241,-16.685509689228482,1254.5999755859375,1244.0,62328.18,3
TOTAL,22425,NSE_EQ,2026-09-28,79.0,87.88999938964844,79.0,70.86000061035156,63.48660957603037,20,64.1036498765843,50,63.827880458879505,14,2.232866222730014,1.608071682790719,70.86000061035156,58.133359029851185,12,26,9,66.16207287441375,62.78681300638584,1.136420646707743,10,1190187.0,63.48660957603037,64.1036498765843,63.60330407634174,58.133359029851185,56.90724743871113,2.238839221320168,70.86000061035156,71.93000030517578,112.71,3
TOUCHWOOD,16908,NSE_EQ,2026-09-28,85.8499984741211,113.0,85.8499984741211,60.13999938964844,66.91633214284309,20,78.15228004905069,50,78.88747517800589,14,0.6052591126575664,1.3333175696805537,60.13999938964844,31.221829818336744,12,26,9,63.974955917299226,69.21983382309021,-5.3704390852208235,10,77661.0,66.91633214284309,78.15228004905069,79.62043333608058,31.221829818336744,32.157890772722794,0.12556117942983747,60.13999938964844,61.15999984741211,63.75,3
TPHQ,17000,NSE_EQ,2026-09-28,0.7200000286102295,0.8600000143051147,0.7200000286102295,0.5099999904632568,0.5112733990114854,20,0.592309098856693,50,0.5956686543013231,14,0.019235097588712176,0.02014799982780461,0.5099999904632568,48.84099740881532,12,26,9,0.5097421302600524,0.5199256589479411,-0.023300438189335092,10,135861046.0,0.5112733990114854,0.592309098856693,0.597532680520931,48.84099740881532,52.66145300756557,0.01311690950144646,0.5099999904632568,0.5099999904632568,56.05,3
TPLPLASTEH,9219,NSE_EQ,2026-09-28,90.33000183105469,90.33000183105469,90.33000183105469,65.8499984741211,71.93159824174349,20,71.86971024028168,50,72.11541276134946,14,1.5434655215468962,1.9884167813114562,65.8499984741211,43.70093307746324,12,26,9,71.87341789326294,71.66943904106503,1.6887202354222128,10,5961659.0,71.93159824174349,71.86971024028168,72.39196037047022,43.70093307746324,43.11419858791957,-1.4847413832243066,65.8499984741211,65.05999755859375,505.68,3
TRACXN,11582,NSE_EQ,2026-09-28,37.0,55.900001525878906,37.0,32.630001068115234,31.265721194915287,20,36.60319312091033,50,36.76536422510605,14,0.5947748691482121,0.5567595118626,32.630001068115234,51.65063926498844,12,26,9,30.813539327829904,31.990436805560755,-1.8311375554869922,10,7578976.0,31.265721194915287,36.60319312091033,37.00068521388588,51.65063926498844,46.212305278814206,0.6542400777561415,32.630001068115234,31.600000381469727,342.06,3
TRANSRAILL,28714,NSE_EQ,2026-09-28,624.4000244140625,766.7999877929688,624.4000244140625,469.25,477.2164702107576,20,519.8273489313456,50,521.8917305203801,14,9.451037548388172,11.12195602741498,469.25,45.93904875129098,12,26,9,459.46458896611875,489.02487787784605,-27.02835544381135,10,51087679.0,477.2164702107576,519.8273489313456,526.5097603375384,45.93904875129098,31.563784629842218,-2.531933467915948,469.25,466.0,6114.54,3
TRANSWORLD,8619,NSE_EQ,2026-09-28,196.49000549316406,258.0,196.49000549316406,166.10000610351562,166.18053866534493,20,183.4367141604072,50,184.1443348974232,14,3.5187195289697004,3.6704154296650704,166.10000610351562,48.94496416072166,12,26,9,166.5791107338142,167.67816005527246,-2.793290833685627,10,349399.0,166.18053866534493,183.4367141604072,184.86900165284257,48.94496416072166,49.0863950948413,1.69424151222736,166.10000610351562,166.10000610351562,357.9,3
TRAVELFOOD,757545,NSE_EQ,2026-09-28,1470.9000244140625,1470.9000244140625,1470.9000244140625,1213.300048828125,1277.8463080543027,20,1258.7888734298278,50,1260.6455601482646,14,17.19446839610819,21.53517530530132,1213.300048828125,44.39614401999371,12,26,9,1280.6291401200283,1273.3954552627292,19.6299186826141,10,3605520.0,1277.8463080543027,1258.7888734298278,1260.831094212033,44.39614401999371,48.200898360062226,-12.396233825315033,1213.300048828125,1214.0,15848.65,3
TREEHOUSE,25082,NSE_EQ,2026-09-28,8.600000381469727,11.0,9.239999771118164,6.050000190734863,6.565999318695303,20,7.597235110320496,50,7.660387556017869,14,0.09354402121210532,0.14998057694274114,6.050000190734863,38.41255541365264,12,26,9,6.295490953409271,6.753088894890548,-0.45788147886793573,10,847072.0,6.565999318695303,7.597235110320496,7.733464603791697,38.41255541365264,34.97973482107979,0.0002835373866580948,6.050000190734863,6.139999866485596,25.75,3
TREJHARA,7518,NSE_EQ,2026-09-28,186.3000030517578,284.8500061035156,186.3000030517578,144.7899932861328,150.63244889195818,20,169.87778323607927,50,170.9017746626077,14,4.565366557903006,5.380166473144355,144.7899932861328,45.903689059712754,12,26,9,146.61549711945347,154.6769618992457,-9.702035854939437,10,1452231.0,150.63244889195818,169.87778323607927,172.47450035833913,45.903689059712754,40.60571147661508,1.6405710751472053,144.7899932861328,134.14999389648438,336.37,3
TREL,17795,NSE_EQ,2026-09-28,31.510000228881836,32.11000061035156,31.510000228881836,28.31999969482422,26.64014817846253,20,27.507407908538973,50,27.474240896853857,14,0.5317995497108126,0.4003344669647214,28.31999969482422,57.051833770371495,12,26,9,27.016511792329975,26.602478760021334,-0.03851705808992291,10,7487331.0,26.64014817846253,27.507407908538973,27.38502624581066,57.051833770371495,63.58046528019697,0.45255009039856386,28.31999969482422,27.799999237060547,686.98,3
TRENT,1964,NSE_EQ,2026-09-28,3399.699951171875,4908.0,3399.699951171875,2669.300048828125,2894.751251992745,20,3282.7973138002435,50,3307.838018492983,14,39.70617528408052,61.69373217770919,2669.300048828125,39.15799952681703,12,26,9,2860.1445054315486,2944.4965392557665,-86.95510049668077,10,37203010.0,2894.751251992745,3282.7973138002435,3327.586509043717,39.15799952681703,43.94711059125242,2.6030666724629015,2669.300048828125,2720.0,140164.7,3
TRF,17987,NSE_EQ,2026-09-28,283.70001220703125,404.8999938964844,283.70001220703125,215.64999389648438,233.80389268434556,20,263.3897783603964,50,265.33834099157644,14,2.3768413863419573,4.262433727299821,215.64999389648438,35.79971225259577,12,26,9,227.44578820950042,239.2096733225352,-12.074381083664143,10,780353.0,233.80389268434556,263.3897783603964,267.38276307286526,35.79971225259577,35.522243179263754,0.3104959706293684,215.64999389648438,215.0,233.09,3
TRIDENT,9685,NSE_EQ,2026-09-28,27.34000015258789,30.940000534057617,27.34000015258789,23.1200008392334,24.552258712409063,20,25.80562313527643,50,25.915240371849617,14,0.18264335916596844,0.3144149769681465,23.1200008392334,36.744853850854255,12,26,9,24.17310772947562,24.793199504437233,-0.46247142837517535,10,131531668.0,24.552258712409063,25.80562313527643,26.025250210971866,36.744853850854255,37.280577235368995,-0.15762034658643637,23.1200008392334,23.149999618530273,11678.26,3
TRIGYN,5428,NSE_EQ,2026-09-28,64.81999969482422,91.5999984741211,64.81999969482422,56.619998931884766,56.148046804702936,20,61.40242863800889,50,61.59762985050375,14,1.423894122235194,1.4407994819863092,56.619998931884766,49.704935988159384,12,26,9,56.03017707585272,56.711604191734914,-1.2467738376403852,10,2250199.0,56.148046804702936,61.40242863800889,61.925696318961414,49.704935988159384,45.55053427644495,0.5653467217581913,56.619998931884766,55.470001220703125,164.44,3
TRITURBINE,25584,NSE_EQ,2026-09-28,787.5999755859375,787.5999755859375,787.5999755859375,554.2000122070312,589.9106999274044,20,577.2868517511662,50,578.2291717325594,14,7.5253613816285965,10.027473809049848,554.2000122070312,42.872625988222076,12,26,9,587.1020503845577,587.2641842837095,11.915451514804234,10,28799012.0,589.9106999274044,577.2868517511662,578.6548527096855,42.872625988222076,45.38433175779088,-12.077585413955974,554.2000122070312,552.0,17679.0,3
TRIVENI,13081,NSE_EQ,2026-09-28,490.1000061035156,490.1000061035156,490.1000061035156,247.5500030517578,312.03498801190875,20,345.90705900844546,50,349.9216327209633,14,8.719364004440331,14.678021134784439,247.5500030517578,37.266403713732394,12,26,9,287.6500228266874,323.47912635172827,-24.922987921528108,10,47178942.0,312.03498801190875,345.90705900844546,354.4572094421554,37.266403713732394,35.54464740936612,-10.906115603512756,247.5500030517578,240.39999389648438,5210.91,3
TRU,9378,NSE_EQ,2026-09-28,6.929999828338623,11.289999961853027,6.929999828338623,4.199999809265137,4.92526409316376,20,7.31701066952832,50,7.444235602600286,14,0.07441031376622088,0.16164849498637687,4.199999809265137,31.52193902842528,12,26,9,4.512648344691081,5.272040305809992,-0.8074448849877669,10,5893194.0,4.92526409316376,7.31701066952832,7.576245217475932,31.52193902842528,31.617612330488328,0.0480529238688554,4.199999809265137,4.360000133514404,50.52,3
TSFINV,2183,NSE_EQ,2026-09-28,493.45001220703125,701.5,493.45001220703125,456.8500061035156,429.6747239001497,20,428.5715179898208,50,427.41729398518015,14,8.994460635054246,6.882299951212912,456.8500061035156,56.65173689672023,12,26,9,433.37622789392793,429.343172498385,0.28877161985843314,10,3034535.0,429.6747239001497,428.5715179898208,426.2649388867595,56.65173689672023,56.41643878284084,3.7442837756844978,456.8500061035156,458.0,9814.46,3
TTKHLTCARE,11369,NSE_EQ,2026-09-28,1247.0,1247.0,1247.0,1031.0999755859375,1024.9887845370638,20,1030.443189574045,50,1030.4163819817227,14,17.337327912455713,16.07390846438296,1031.0999755859375,51.89071040925109,12,26,9,1051.390619623598,1015.4844584783485,27.59636126412246,10,1985480.0,1024.9887845370638,1030.443189574045,1029.617050634038,51.89071040925109,54.075671479672664,8.309799881127024,1031.0999755859375,1045.4000244140625,1442.63,3
TTKPRESTIG,3546,NSE_EQ,2026-09-28,742.9000244140625,771.2000122070312,742.9000244140625,524.4000244140625,569.5468022904768,20,583.8730744172746,50,586.300545845977,14,6.883162564044876,10.423466044921039,524.4000244140625,39.77182800628753,12,26,9,567.4629870195017,570.2020692065264,6.014136777702588,10,16777294.0,569.5468022904768,583.8730744172746,588.5638344280194,39.77182800628753,40.859528351495385,-8.753218964727267,524.4000244140625,518.9000244140625,7048.35,3
TTL,14314,NSE_EQ,2026-09-28,9.0,10.729999542236328,9.25,7.130000114440918,7.015483720278038,20,8.176746630465708,50,8.219470978058556,14,0.13772777617455687,0.14869255192477276,7.130000114440918,48.08589428289228,12,26,9,6.810665267908647,7.233677223538343,-0.5923723924572105,10,13152968.0,7.015483720278038,8.176746630465708,8.259449394668367,48.08589428289228,49.44219887853355,0.16936043682751445,7.130000114440918,7.28000020980835,162.13,3
TTML,8954,NSE_EQ,2026-09-28,49.7400016784668,60.08000183105469,49.7400016784668,34.439998626708984,39.44312110901579,20,44.704135574407736,50,45.12307993961993,14,0.40297010444443987,0.8756990930488542,34.439998626708984,31.514805020283845,12,26,9,38.01489761857332,40.42004450827414,-2.005304585646777,10,119480922.0,39.44312110901579,44.704135574407736,45.506470976247826,31.514805020283845,33.962172852810184,-0.3998423040540393,34.439998626708984,35.25,7127.25,3
TVSELECT,11265,NSE_EQ,2026-09-28,548.0,739.3499755859375,548.0,383.29998779296875,446.72083132473375,20,448.5831607892215,50,451.247780095191,14,6.8291491891236875,11.919430933395676,383.29998779296875,36.42488734878133,12,26,9,437.3167696492017,449.2236795116451,0.3218034317969556,10,1799480.0,446.72083132473375,448.5831607892215,453.21095504207693,36.42488734878133,39.40487288920015,-12.228713294240354,383.29998779296875,389.3500061035156,710.11,3
TVSHLTD,29008,NSE_EQ,2026-09-28,15700.0,16297.0,15700.0,12601.0,13658.447723456862,20,13565.062572655052,50,13604.412065416482,14,108.49563927235954,194.59685375499546,12601.0,35.79621461049102,12,26,9,13472.945278369933,13715.88684014614,-76.1432519505563,10,288138.0,13658.447723456862,13565.062572655052,13636.755415025318,35.79621461049102,37.66934181613018,-166.7983098256516,12601.0,12470.0,25405.84,3
TVSMOTOR,8479,NSE_EQ,2026-09-28,4484.5,4484.5,4484.5,4157.2998046875,3966.9582779866264,20,3683.596455909571,50,3664.2616253472065,14,64.36127529513433,43.7424237092883,4157.2998046875,59.53660780146038,12,26,9,4082.8327315914303,3899.4869634363463,162.1397228530775,10,43972996.0,3966.9582779866264,3683.596455909571,3643.566189455766,59.53660780146038,60.09248596771309,21.206045302006487,4157.2998046875,4075.0,195050.31,3
TVSSCS,18151,NSE_EQ,2026-09-28,146.5,146.5,146.5,130.25999450683594,128.2690637393646,20,125.94300135190754,50,125.76679754966555,14,2.62541134184712,2.356132825939772,130.25999450683594,52.702761501630704,12,26,9,130.17708981228628,126.94206903931263,3.813489945920575,10,80266433.0,128.2690637393646,125.94300135190754,125.43687066991657,52.702761501630704,55.56291160616637,-0.5784691729469196,130.25999450683594,130.0,5690.72,3
TVSSRICHAK,14245,NSE_EQ,2026-09-28,5760.0,5760.0,5760.0,4609.5,4446.97846417289,20,4109.440554131522,50,4089.029964504237,14,100.1306470309154,79.12699038091026,4609.5,55.85851095475264,12,26,9,4630.849107804042,4350.377958283174,216.31215310329657,10,2074070.0,4446.97846417289,4109.440554131522,4058.1944528513486,55.85851095475264,61.62950810472871,64.15899641757193,4609.5,4420.0,3431.1,3
TVTODAY,11275,NSE_EQ,2026-09-28,133.6999969482422,153.00999450683594,133.6999969482422,106.36000061035156,114.09656597464203,20,124.89917664673608,50,125.65587770944565,14,1.4361633587723515,2.178509636127463,106.36000061035156,39.73148776663147,12,26,9,112.22916689851144,115.70915220089783,-3.1234207884740237,10,1559149.0,114.09656597464203,124.89917664673608,126.32387268062598,39.73148776663147,42.17327574285207,-0.3565645139123723,106.36000061035156,108.5,631.17,3
TVVISION,18508,NSE_EQ,2026-09-28,5.880000114440918,12.399999618530273,5.880000114440918,2.9200000762939453,4.1684136039879975,20,5.3411257702741555,50,5.439947227171307,14,0.06564112740820235,0.18714668660273318,2.9200000762939453,25.96688755153471,12,26,9,3.6771588800416772,4.455701354461484,-0.6187891205192824,10,2411331.0,4.1684136039879975,5.3411257702741555,5.558720584550144,25.96688755153471,16.798055206430405,-0.15975335390052403,2.9200000762939453,3.049999952316284,11.85,3
UBL,16713,NSE_EQ,2026-09-28,1599.0,1844.0,1631.699951171875,1251.300048828125,1352.118476820144,20,1489.3566656673338,50,1499.0732622730156,14,8.222086965584383,18.53154668069907,1251.300048828125,30.73259907155294,12,26,9,1315.8254475647836,1380.518216161622,-63.43434384930228,10,5607956.0,1352.118476820144,1489.3566656673338,1509.1782933862,30.73259907155294,30.749014202043753,-1.2584247475359973,1251.300048828125,1270.199951171875,32258.5,3
UCAL,7739,NSE_EQ,2026-09-28,163.8000030517578,163.8000030517578,163.8000030517578,142.55999755859375,127.2929238165362,20,123.19686005899955,50,122.40652791615896,14,3.877033489070662,2.4650939184483356,142.55999755859375,61.13143492630235,12,26,9,133.96534109808172,124.5207494787855,6.514248793042351,10,1716472.0,127.2929238165362,123.19686005899955,121.76393746798242,61.13143492630235,59.10001798935045,2.9303428262538675,142.55999755859375,142.39999389648438,308.63,3
UCOBANK,11223,NSE_EQ,2026-09-28,30.040000915527344,34.20000076293945,30.040000915527344,23.899999618530273,25.579553968075007,20,27.516759868582607,50,27.66438273593168,14,0.18950182617042682,0.3487769406684279,23.899999618530273,35.20514607761935,12,26,9,25.101510482310488,25.913133024408083,-0.656013853014636,10,176071329.0,25.579553968075007,27.516759868582607,27.82415345984726,35.20514607761935,33.889233423900635,-0.1556086890829591,23.899999618530273,23.739999771118164,29723.72,3
UDS,19113,NSE_EQ,2026-09-28,240.3000030517578,262.8500061035156,240.3000030517578,207.89999389648438,199.01352597878704,20,202.4138374077252,50,202.18991265308196,14,5.508329311669961,4.622141109766993,207.89999389648438,54.37387487962907,12,26,9,205.16809389671522,196.5772410682688,7.712409744218738,10,15480507.0,199.01352597878704,202.4138374077252,202.69480674813758,54.37387487962907,47.70767367489703,0.8784430842276914,207.89999389648438,203.0,1387.74,3
UEL,23507,NSE_EQ,2026-09-28,284.20001220703125,284.20001220703125,284.20001220703125,183.72999572753906,178.25268292258414,20,157.09649425078743,50,156.0094125578588,14,10.409680487151617,9.476664497487446,183.72999572753906,52.34587097424104,12,26,9,188.89299107327616,172.45489621292265,13.134141548660848,10,1514903.0,178.25268292258414,157.09649425078743,154.0616336529739,52.34587097424104,56.397270534991684,3.303953311692668,183.72999572753906,186.0,2522.68,3
UFBL,3133,NSE_EQ,2026-09-28,850.0,850.0,850.0,698.25,641.1365024222413,20,497.1459493171278,50,488.9376207178269,14,22.443484648494046,14.43011700717605,698.25,60.86599529406937,12,26,9,696.0908576925823,600.331588113631,110.94110788709133,10,4101994.0,641.1365024222413,497.1459493171278,480.63099249377774,60.86599529406937,60.42131814739306,-15.181838308140073,698.25,723.0,2705.59,3
UFLEX,1053,NSE_EQ,2026-09-28,723.5,723.5,723.5,664.2000122070312,541.4313905878835,20,506.5558036213478,50,500.1213461280546,14,16.162548510746564,5.341176294721561,664.2000122070312,75.16162272796866,12,26,9,581.3518571543673,525.4411661573189,31.293977167270626,10,20556628.0,541.4313905878835,506.5558036213478,493.6181352676882,75.16162272796866,74.76344035525696,24.616713829777765,664.2000122070312,662.7999877929688,4717.87,3
UFO,9039,NSE_EQ,2026-09-28,80.98999786376953,92.97000122070312,80.98999786376953,59.72999954223633,66.9222007693574,20,71.40889509445918,50,71.88558470883562,14,0.7202678582746344,1.3621898036760278,59.72999954223633,34.587395049364474,12,26,9,65.08093270148805,67.92375467514161,-2.0205727221924317,10,1558408.0,66.9222007693574,71.40889509445918,72.33193507397424,34.587395049364474,36.09795747588481,-0.822249251461125,59.72999954223633,59.54999923706055,233.3,3
UGARSUGAR,19578,NSE_EQ,2026-09-28,66.66000366210938,66.66000366210938,62.099998474121094,64.02999877929688,48.45967691375725,20,45.773297518505615,50,45.02812603847332,14,1.7332701334586604,0.41634504031706265,64.02999877929688,80.63164768297726,12,26,9,51.69238768926178,47.081599653855605,2.570671576328583,10,59841470.0,48.45967691375725,45.773297518505615,44.548049512879274,80.63164768297726,74.4960452217733,2.0401164590775904,64.02999877929688,55.97999954223633,744.12,3
UGROCAP,5313,NSE_EQ,2026-09-28,119.88999938964844,192.5,119.88999938964844,82.0199966430664,94.37071835408416,20,117.49538050138092,50,118.9433553527407,14,0.8368464839845432,2.1895069827067863,82.0199966430664,27.651974337930056,12,26,9,89.21625882328094,98.83159844897207,-10.255878426511586,10,15593280.0,94.37071835408416,117.49538050138092,120.38022708698442,27.651974337930056,28.8220275068324,0.6405388008204511,82.0199966430664,82.2300033569336,1244.11,3
UJJIVANSFB,15228,NSE_EQ,2026-09-28,73.94000244140625,73.94000244140625,73.94000244140625,64.70999908447266,64.1054858042705,20,58.990109740492954,50,58.75664486931011,14,1.161769249082136,1.0119909146651391,64.70999908447266,53.44514397022528,12,26,9,65.66196240273032,62.94926567418067,3.102562388960547,10,648923250.0,64.1054858042705,58.990109740492954,58.50099785813638,53.44514397022528,53.99515756617071,-0.3898656604108952,64.70999908447266,63.290000915527344,12533.43,3
ULTRACEMCO,11532,NSE_EQ,2026-09-28,12282.0,13110.0,12282.0,11155.0,11493.15110087144,20,11622.562000118533,50,11641.646163388676,14,89.30604191342714,119.35185059599696,11155.0,42.80022233493689,12,26,9,11406.760606015645,11538.950202721117,-76.00532173606227,10,11028214.0,11493.15110087144,11622.562000118533,11667.264374139233,42.80022233493689,39.89930218342471,-56.18427496940929,11155.0,11100.0,323733.32,3
UMAEXPORTS,8845,NSE_EQ,2026-09-28,31.049999237060547,55.900001525878906,31.049999237060547,21.219999313354492,23.192457117303107,20,31.41928282506372,50,31.835580111255933,14,0.6200724803691398,0.8807474511549584,21.219999313354492,41.31558139286235,12,26,9,22.21673238800696,24.37732272198838,-2.7265748144596875,10,1179714.0,23.192457117303107,31.41928282506372,32.31784866854133,41.31558139286235,37.76101431814965,0.5659844804782663,21.219999313354492,21.219999313354492,69.75,3
UMESLTD,19142,NSE_EQ,2026-09-28,7.079999923706055,7.139999866485596,7.079999923706055,4.550000190734863,5.2890978410133345,20,5.447410833210423,50,5.484039839025752,14,0.09381561085943686,0.15507750111507115,4.550000190734863,37.69313265247998,12,26,9,5.142381177516896,5.340084146075296,-0.06108486913369916,10,2135800.0,5.2890978410133345,5.447410833210423,5.528694531782493,37.69313265247998,34.69445337660049,-0.13661809942470104,4.550000190734863,4.510000228881836,9.03,3
UMIYA-MRO,8998,NSE_EQ,2026-09-28,109.0,110.9000015258789,109.0,97.25,92.0261088938458,20,88.20970299728351,50,87.84071128288691,14,1.7195436905882995,1.2234421329502982,97.25,58.428541409715265,12,26,9,94.09782848688891,90.95466797520301,2.2742646395861894,10,930368.0,92.0261088938458,88.20970299728351,87.42563818683207,58.428541409715265,59.526559226785,0.8688958720997166,97.25,98.0,177.74,3
UNICHEMLAB,3579,NSE_EQ,2026-09-28,687.2000122070312,687.2000122070312,687.2000122070312,549.7000122070312,501.09768215357104,20,477.29758341701773,50,474.3423822419152,14,15.494123699530352,10.655093693578847,549.7000122070312,59.25272434200397,12,26,9,526.2528847522519,488.3672925421582,34.29595046940932,10,9177859.0,501.09768215357104,477.29758341701773,471.4298259168084,59.25272434200397,58.80258892488414,3.5896417406843852,549.7000122070312,554.0,3828.76,3
UNIDT,201,NSE_EQ,2026-09-28,272.0,272.0,254.97000122070312,241.7100067138672,222.40134832852027,20,214.5828501592785,50,213.47561927949937,14,5.0233951329627775,3.2931019986011014,241.7100067138672,60.40277599444264,12,26,9,226.65767002112582,219.61792116061702,6.978886942730145,10,1671577.0,222.40134832852027,214.5828501592785,213.0456447804244,60.40277599444264,53.30397501002435,0.06086191777866379,241.7100067138672,257.7300109863281,470.89,3
UNIECOM,24809,NSE_EQ,2026-09-28,109.23999786376953,147.0,109.23999786376953,83.77999877929688,88.19233419217994,20,101.136142317866,50,101.84455633984842,14,0.8637533292975486,1.3972372213844386,83.77999877929688,38.202429861416846,12,26,9,85.94937678766289,90.35656124782284,-5.115127939859203,10,29895572.0,88.19233419217994,101.136142317866,102.60515051353724,38.202429861416846,37.06921838004053,0.7079434796992494,83.77999877929688,83.3499984741211,965.97,3
UNIENTER,11293,NSE_EQ,2026-09-28,122.98999786376953,158.0,122.98999786376953,90.0999984741211,98.98629333835618,20,112.47559476842497,50,113.38888441309042,14,0.6816311388277054,1.6171911535303125,90.0999984741211,29.65131933397609,12,26,9,95.3870111578147,101.78849424551328,-6.276781728991534,10,244372.0,98.98629333835618,112.47559476842497,114.3145532020136,29.65131933397609,30.224183169580428,-0.12470135870704535,90.0999984741211,90.5,1275.47,3
UNIINFO,7791,NSE_EQ,2026-09-28,16.299999237060547,18.979999542236328,16.299999237060547,10.970000267028809,11.825311356003775,20,13.934716859277005,50,14.055725699776932,14,0.1599193151331817,0.2559048304470523,10.970000267028809,38.458400463982905,12,26,9,11.453164610922931,12.157363480603742,-0.7446611027427403,10,118411.0,11.825311356003775,13.934716859277005,14.171061461309202,38.458400463982905,40.25631227805679,0.04046223306192953,10.970000267028809,11.289999961853027,11.4,3
UNIMECH,28960,NSE_EQ,2026-09-28,1868.199951171875,1868.199951171875,1652.800048828125,1665.0999755859375,1345.163198687243,20,1178.4849476704871,50,1158.623109796387,14,41.4750086117361,11.941205072495364,1665.0999755859375,77.64498033670922,12,26,9,1454.2707092606483,1287.768240245527,131.74041283039682,10,12182256.0,1345.163198687243,1178.4849476704871,1140.962826570602,77.64498033670922,75.19730590355066,34.76205618472446,1665.0999755859375,1699.9000244140625,8270.61,3
UNIONBANK,10753,NSE_EQ,2026-09-28,197.1300048828125,205.49000549316406,197.1300048828125,180.1999969482422,176.66294767144453,20,168.06946355667316,50,167.57433974477237,14,2.5168501973744006,2.1073769261515585,180.1999969482422,54.42747793614666,12,26,9,178.64873108434904,175.14446667692766,3.3303963740357827,10,418409389.0,176.66294767144453,168.06946355667316,167.20757820135108,54.42747793614666,51.71248320831493,0.17386803338559131,180.1999969482422,178.77999877929688,133518.52,3
UNIPARTS,13057,NSE_EQ,2026-09-28,915.9500122070312,915.9500122070312,915.9500122070312,847.2000122070312,741.9872106907724,20,619.2743278518534,50,609.9712386944992,14,19.236649963449945,8.12748810093802,847.2000122070312,70.29876080213454,12,26,9,797.867452613779,707.8721199837684,82.06662431030179,10,9077733.0,741.9872106907724,619.2743278518534,600.9292484371318,70.29876080213454,69.02953800117504,7.928708319708903,847.2000122070312,850.3499755859375,3812.76,3
UNITDSPR,10447,NSE_EQ,2026-09-28,1563.4000244140625,1563.4000244140625,1563.4000244140625,1423.800048828125,1416.8270238532598,20,1390.3903342959334,50,1389.0266724782928,14,19.226192416171468,17.842928974875793,1423.800048828125,51.865789354303054,12,26,9,1433.8414989606847,1407.1079986346904,30.454144213680475,10,26396185.0,1416.8270238532598,1390.3903342959334,1389.7624550284272,51.865789354303054,46.41391239786644,-3.7206438876861476,1423.800048828125,1423.300048828125,100539.17,3
UNITECH,3594,NSE_EQ,2026-09-28,5.679999828338623,7.929999828338623,5.679999828338623,4.090000152587891,4.404240901819262,20,5.105920281053881,50,5.14738640874637,14,0.0823984349883876,0.1182479574350861,4.090000152587891,41.06649214728058,12,26,9,4.248874991615193,4.5334440298621725,-0.3011477974220135,10,229120218.0,4.404240901819262,5.105920281053881,5.181565448173587,41.06649214728058,44.55604263496276,0.016578759175034263,4.090000152587891,4.050000190734863,1046.91,3
UNITEDPOLY,7560,NSE_EQ,2026-09-28,47.099998474121094,50.0,46.04999923706055,46.810001373291016,36.35056196144064,20,32.468929793567526,50,31.883579933170644,14,1.3489851290481796,0.4490970549782082,46.810001373291016,75.02355237330924,12,26,9,38.78603903418011,35.26123578549083,1.9119130884004845,10,7320486.0,36.35056196144064,32.468929793567526,31.313522033540014,75.02355237330924,74.03328615710937,1.6128901602887895,46.810001373291016,44.400001525878906,1058.22,3
UNITEDTEA,17999,NSE_EQ,2026-09-28,590.0,590.0,590.0,425.1000061035156,466.0882278559482,20,474.10248562098417,50,476.1025868257788,14,2.515399993787287,6.095837156281954,425.1000061035156,29.21066915184261,12,26,9,453.6100989375741,471.07521237173984,-10.881612093060033,10,111311.0,466.0882278559482,474.10248562098417,477.91697837391325,29.21066915184261,30.888890389860222,-6.583501341105711,425.1000061035156,430.0,214.78,3
UNIVAFOODS,10366,NSE_EQ,2026-09-28,9.479999542236328,14.239999771118164,10.0,9.479999542236328,9.092614480362482,20,9.719494122062613,50,9.729269411035114,14,0.08895148793551177,0.07064973117081265,9.479999542236328,55.733589275563965,12,26,9,9.067580055813652,9.217710721220945,-0.3514822457743707,10,38137.0,9.092614480362482,9.719494122062613,9.739443691394248,55.733589275563965,55.733589275563965,0.201351580367078,9.479999542236328,9.479999542236328,13.57,3
UNIVASTU,18979,NSE_EQ,2026-09-28,178.97999572753906,178.97999572753906,178.97999572753906,138.0800018310547,125.51051489684964,20,100.75294075883211,50,99.22938724568017,14,4.786605562057397,3.1360649240926586,138.0800018310547,60.41656749987341,12,26,9,139.36396684269533,117.72250201941031,19.626064139594625,10,5995237.0,125.51051489684964,100.75294075883211,97.06487266359218,60.41656749987341,69.27256876335522,2.0154006836903946,138.0800018310547,140.0,493.09,3
UNIVCABLES,3607,NSE_EQ,2026-09-28,1774.9000244140625,1774.9000244140625,1774.9000244140625,1494.0,1332.2934026538721,20,1086.6667815238254,50,1070.0409358717368,14,45.72572479565323,27.357321868693504,1494.0,62.56680158075612,12,26,9,1437.68102156132,1265.2697271462976,168.4265013689395,10,8848089.0,1332.2934026538721,1086.6667815238254,1053.4303618256852,62.56680158075612,61.93433488062622,3.9847930460829275,1494.0,1510.300048828125,4994.92,3
UNIVPHOTO,17661,NSE_EQ,2026-09-28,624.75,624.75,624.75,547.25,460.03090579375316,20,394.1839631786922,50,387.93636983904696,14,17.549734051181357,9.293637406321372,547.25,65.37827813084262,12,26,9,489.2562604760487,442.5860168161398,36.12205226274375,10,108402.0,460.03090579375316,394.1839631786922,379.9337726896203,65.37827813084262,72.46455064898485,10.548191397165112,547.25,548.25,604.97,3
UNOMINDA,14154,NSE_EQ,2026-09-28,1307.5,1382.0,1307.5,1218.0,1197.1790783513375,20,1163.7197567516869,50,1161.5042366191026,14,22.22080563813459,19.823788162991757,1218.0,52.850565623824174,12,26,9,1217.8819702409567,1188.0532759488906,21.17671641798287,10,32457048.0,1197.1790783513375,1163.7197567516869,1156.5044095423314,52.850565623824174,59.52483860150001,8.651977874083205,1218.0,1224.4000244140625,68855.59,3
UPL,11287,NSE_EQ,2026-09-28,682.5999755859375,812.2000122070312,682.5999755859375,550.0499877929688,595.7389687645068,20,628.1499947830845,50,631.3377501704362,14,5.588328271573589,9.968823608380422,550.0499877929688,35.921281187556986,12,26,9,581.2429765907076,605.5210386842058,-23.7432301386541,10,93821035.0,595.7389687645068,628.1499947830845,633.4331685447396,35.921281187556986,41.648415371868616,-0.5348319548440941,550.0499877929688,548.0,45508.33,3
URAVIDEF,17081,NSE_EQ,2026-09-28,162.0,263.0,162.0,103.0,119.31963629277307,20,171.68909033814316,50,174.49272667847555,14,2.045836701424315,4.054973536634112,103.0,33.53385241622266,12,26,9,112.26354161655439,127.53916537712239,-18.81890536513264,10,308918.0,119.31963629277307,171.68909033814316,177.20671552249493,33.53385241622266,35.618996814160894,3.543281604564644,103.0,103.0,117.1,3
URBANCO,759084,NSE_EQ,2026-09-28,183.97000122070312,183.97000122070312,183.97000122070312,168.99000549316406,148.85458583786942,20,140.33674022357428,50,139.16721919216246,14,3.7332630335814123,2.0464204984765617,168.99000549316406,64.59286244435788,12,26,9,156.1507913075719,146.2377037531362,5.454486008121004,10,535604362.0,148.85458583786942,140.33674022357428,137.9450648485629,64.59286244435788,64.68879378914508,4.4586015463146875,168.99000549316406,171.58999633789062,25311.51,3
URJA,20203,NSE_EQ,2026-09-28,13.1899995803833,13.75,13.1899995803833,8.949999809265137,9.591082096381848,20,10.627085661099704,50,10.695538144848054,14,0.1022246068845166,0.16808850802936384,8.949999809265137,37.81710958311605,12,26,9,9.348652561297788,9.774354155078713,-0.40524156594136035,10,32099797.0,9.591082096381848,10.627085661099704,10.758621350003882,37.81710958311605,39.92721138208508,-0.020460027839564632,8.949999809265137,8.979999542236328,485.88,3
USHAMART,8840,NSE_EQ,2026-09-28,542.5999755859375,542.5999755859375,529.2999877929688,518.7999877929688,490.21031062814836,20,458.6078426398361,50,456.1510203886878,14,8.205079714067503,5.386534810546623,518.7999877929688,60.368690557021594,12,26,9,499.33023559985884,483.29063145040294,16.777875838847613,10,39360479.0,490.21031062814836,458.6078426398361,454.06738806957173,60.368690557021594,57.79584826259209,-0.7382716893917163,518.7999877929688,525.9000244140625,15492.88,3
USK,14871,NSE_EQ,2026-09-28,27.239999771118164,31.579999923706055,27.239999771118164,19.860000610351562,21.917864430144604,20,24.964444272144682,50,25.172788911401543,14,0.26239094321811357,0.46372016204531397,19.860000610351562,36.13647296069382,12,26,9,21.28593485476236,22.391750695245918,-0.973035161192222,10,867339.0,21.917864430144604,24.964444272144682,25.381066022282248,36.13647296069382,36.8987233002165,-0.13278067929133608,19.860000610351562,19.610000610351562,105.73,3
UTIAMC,527,NSE_EQ,2026-09-28,1083.0,1409.0,1083.0,901.8499755859375,925.9444135666004,20,995.9031158125896,50,999.74201949531,14,9.79883171289172,13.02720806856794,901.8499755859375,42.928303843800244,12,26,9,908.7029739200104,941.2056500720926,-36.535757396752025,10,5285593.0,925.9444135666004,995.9031158125896,1004.0172039645063,42.928303843800244,41.67815515030253,4.033081244669894,901.8499755859375,907.9000244140625,11462.6,3
UTKARSHBNK,17358,NSE_EQ,2026-09-28,16.489999771118164,22.56999969482422,16.489999771118164,13.800000190734863,14.27365007396204,20,16.04644706266064,50,16.138138771718832,14,0.2103723656920526,0.25853588480172573,13.800000190734863,44.86429178213914,12,26,9,14.272271134483873,14.393574027125908,-0.1806757324014972,10,448369720.0,14.27365007396204,16.04644706266064,16.218470963368826,44.86429178213914,47.54396004130177,0.059372839759462226,13.800000190734863,13.859999656677246,2436.86,3
UTTAMSUGAR,13376,NSE_EQ,2026-09-28,359.29998779296875,359.29998779296875,359.29998779296875,293.1499938964844,260.8415436306925,20,252.9541772583177,50,251.31353168124969,14,9.120504103264443,6.295510955236461,293.1499938964844,59.162527207283006,12,26,9,269.5297296591135,256.9156678234283,8.640146452225283,10,18943675.0,260.8415436306925,252.9541772583177,250.94877787232107,59.162527207283006,51.81766807254497,3.9739153834599374,293.1499938964844,261.79998779296875,1139.67,3
UYFINCORP,25629,NSE_EQ,2026-09-28,22.34000015258789,22.34000015258789,22.34000015258789,19.31999969482422,17.926105437886463,20,16.978996587972645,50,16.883445440754215,14,0.3467511746112995,0.1970090734802728,19.31999969482422,63.76912910207895,12,26,9,18.847534153900078,17.43577341875151,1.2729810071613656,10,13593594.0,17.926105437886463,16.978996587972645,16.785218686681844,63.76912910207895,63.625790999917506,0.13877972798720317,19.31999969482422,19.399999618530273,377.66,3
V2RETAIL,14766,NSE_EQ,2026-09-28,259.25,259.25,259.25,214.72000122070312,217.95922130800375,20,210.07882078783464,50,209.8893848517992,14,2.771941890273326,2.940925223369284,214.72000122070312,48.52102867321719,12,26,9,218.14538827561017,217.0985710566922,2.65306448795111,10,42271086.0,217.95922130800375,210.07882078783464,209.72038020169725,48.52102867321719,48.073045895364906,-1.6062472690331444,214.72000122070312,214.94000244140625,7690.87,3
VADILALIND,24196,NSE_EQ,2026-09-28,8447.0,8447.0,8447.0,7534.5,6693.895089828203,20,5883.680364590845,50,5816.299971308838,14,190.01652875628227,104.05121987637145,7534.5,64.61658228072092,12,26,9,7107.983924748092,6451.674555820893,617.0391738599848,10,1288873.0,6693.895089828203,5883.680364590845,5753.210174219403,64.61658228072092,63.06918228647654,39.27019506721433,7534.5,7415.0,5383.6,3
VAIBHAVGBL,11364,NSE_EQ,2026-09-28,282.29998779296875,293.25,282.29998779296875,206.3800048828125,226.95909744663635,20,231.67287704648595,50,232.70523917561545,14,3.449236959800845,5.101230365110335,206.3800048828125,40.33974786093548,12,26,9,224.0194145023135,227.75004031241446,0.694964858690832,10,15649931.0,226.95909744663635,231.67287704648595,233.63606551353917,40.33974786093548,41.56188127452287,-4.425590668791778,206.3800048828125,205.0,3364.22,3
VAISHALI,16589,NSE_EQ,2026-09-28,9.420000076293945,12.0,9.420000076293945,8.619999885559082,8.01402981443939,20,8.591233142158796,50,8.590058989366947,14,0.1781563751453141,0.13127517035105127,8.619999885559082,57.575375794193796,12,26,9,8.209098459190585,8.003073416467778,0.01989015901270005,10,7527698.0,8.01402981443939,8.591233142158796,8.581898133347106,57.575375794193796,59.92706261303583,0.18613488371010692,8.619999885559082,8.75,111.68,3
VAKRANGEE,13342,NSE_EQ,2026-09-28,7.559999942779541,9.640000343322754,7.559999942779541,5.269999980926514,5.9541329425958365,20,7.290499939486649,50,7.372969325550328,14,0.053429669530665434,0.12273406249839942,5.269999980926514,30.329551330037773,12,26,9,5.732017663364875,6.136869236550984,-0.38455865994231253,10,45176984.0,5.9541329425958365,7.290499939486649,7.457580310644837,30.329551330037773,30.703025810468972,-0.020292913243796562,5.269999980926514,5.349999904632568,558.93,3
VALIANTLAB,19220,NSE_EQ,2026-09-28,132.25,132.25,129.89999389648438,124.87000274658203,89.16559854008054,20,82.18978906590303,50,80.44773952791613,14,4.279170596991376,1.2139627313045793,124.87000274658203,77.90035925304645,12,26,9,98.46497105967612,85.4673680798589,6.356283340229382,10,6431181.0,89.16559854008054,82.18978906590303,78.70030023778085,77.90035925304645,77.42780502003814,6.6413196395878344,124.87000274658203,123.1500015258789,662.55,3
VALIANTORG,330,NSE_EQ,2026-09-28,442.1000061035156,442.1000061035156,428.8500061035156,410.45001220703125,319.3350921709293,20,303.9848014976559,50,299.6392826931916,14,13.979191439842056,6.265969264690967,410.45001220703125,69.04954543883676,12,26,9,340.05296656889163,311.1515104323115,13.665412511075406,10,2508579.0,319.3350921709293,303.9848014976559,294.4551720318327,69.04954543883676,73.23542231447604,15.236043625504717,410.45001220703125,406.04998779296875,1107.54,3
VARDHACRLC,13403,NSE_EQ,2026-09-28,48.54999923706055,48.54999923706055,48.54999923706055,44.189998626708984,43.11439452032223,20,42.20639569942737,50,42.12543231464036,14,0.5066595247090525,0.381646990901587,44.189998626708984,57.03656517263804,12,26,9,43.89492571404006,42.62923323228432,1.3821392654560278,10,1759759.0,43.11439452032223,42.20639569942737,42.028511184625685,57.03656517263804,58.49467097061505,-0.11644678370028538,44.189998626708984,43.20000076293945,353.31,3
VARDMNPOLY,3646,NSE_EQ,2026-09-28,8.039999961853027,9.489999771118164,8.039999961853027,5.849999904632568,6.340850032037478,20,7.094860007051846,50,7.145670623477122,14,0.0984014417077638,0.14976734769483677,5.849999904632568,39.65101411206411,12,26,9,6.12016099800118,6.492400921692145,-0.3363517726381303,10,9601409.0,6.340850032037478,7.094860007051846,7.205085748630455,39.65101411206411,36.737685687092906,-0.035888151052834716,5.849999904632568,5.949999809265137,282.68,3
VARROC,3857,NSE_EQ,2026-09-28,912.2000122070312,912.2000122070312,896.0,834.8499755859375,732.4359900282984,20,649.4167972284313,50,641.848096070982,14,17.71001288910021,7.545151048332563,834.8499755859375,70.12432361545962,12,26,9,782.8012037727875,706.3396720322776,60.3623858936544,10,32206280.0,732.4359900282984,649.4167972284313,632.8806719190642,70.12432361545962,75.85231094994354,16.099145846855542,834.8499755859375,830.0,13075.16,3
VASCONEQ,18110,NSE_EQ,2026-09-28,43.5,74.58999633789062,43.5,34.7599983215332,33.45132169009068,20,38.49141261828701,50,38.643715242644305,14,0.8253395388488721,0.8159820331012956,34.7599983215332,50.285060097530376,12,26,9,32.37914706194394,34.46284322786533,-2.502588294278793,10,24509665.0,33.45132169009068,38.49141261828701,38.9822342165698,50.285060097530376,38.47782017306662,0.41889212835740475,34.7599983215332,37.0,774.07,3
VASWANI,25340,NSE_EQ,2026-09-28,63.400001525878906,69.98999786376953,63.400001525878906,45.349998474121094,51.01147651966793,20,52.79330960282858,50,53.09711822032684,14,0.6970673266485033,1.2044596545093949,45.349998474121094,36.658292706635045,12,26,9,49.21825322979262,51.84013321450311,-1.7638802008568488,10,1509892.0,51.01147651966793,52.79330960282858,53.36761279174005,36.658292706635045,38.26829956050616,-0.8579997838536402,45.349998474121094,45.08000183105469,150.99,3
VBL,18921,NSE_EQ,2026-09-28,555.7999877929688,555.7999877929688,555.7999877929688,434.79998779296875,450.4543136474777,20,466.83273400445626,50,468.1401930334966,14,5.09165127985578,6.710000337174952,434.79998779296875,43.143548420867795,12,26,9,439.4575998437873,455.1987983774214,-9.805871604750834,10,300711581.0,450.4543136474777,466.83273400445626,470.0255065366176,43.143548420867795,38.348713971178356,-5.935326928883242,434.79998779296875,428.29998779296875,145117.83,3
VCL,9027,NSE_EQ,2026-09-28,2.450000047683716,2.6600000858306885,2.450000047683716,1.3799999952316284,1.5295204111950336,20,1.4850185180728745,50,1.4893049883929255,14,0.07697640568068607,0.08809433776178204,1.3799999952316284,46.63237353596493,12,26,9,1.5472259276891174,1.5253413403420784,-0.0010184639102310293,10,43195780.0,1.5295204111950336,1.4850185180728745,1.4843786608046727,46.63237353596493,51.78638426988471,0.02290305125727005,1.3799999952316284,1.3799999952316284,22.7,3
VEDL,3063,NSE_EQ,2026-09-28,795.0,795.0,795.0,266.3500061035156,320.3104637114614,20,405.9379016876614,50,411.6353668135449,14,7.199691853836636,13.634973227354857,266.3500061035156,34.55631192428508,12,26,9,284.4058133524566,346.14618708463485,-70.15358608132789,10,459931323.0,320.3104637114614,405.9379016876614,417.51436112824,34.55631192428508,34.70503829552521,8.41321234914966,266.3500061035156,266.25,102101.51,3
VEEDOL,14019,NSE_EQ,2026-09-28,1565.0,1963.800048828125,1565.0,1393.4000244140625,1445.096402769967,20,1491.8663774367037,50,1495.8854122539542,14,14.528347015638088,19.125140710778243,1393.4000244140625,43.17040520062962,12,26,9,1439.4295787097674,1451.7964502432103,-9.911152573546985,10,578789.0,1445.096402769967,1491.8663774367037,1500.7093086246512,43.17040520062962,41.21139490359697,-2.4557189598959326,1393.4000244140625,1364.300048828125,2343.04,3
VENKEYS,3757,NSE_EQ,2026-09-28,1814.9000244140625,1814.9000244140625,1814.9000244140625,1652.800048828125,1552.9466969658051,20,1521.3436627289636,50,1515.978095949406,14,34.318426177282035,25.169513503673166,1652.800048828125,57.68972057418375,12,26,9,1591.4754871482114,1535.9686316310683,34.38614620456924,10,4861513.0,1552.9466969658051,1521.3436627289636,1510.6384244033356,57.68972057418375,57.38269092870415,21.12070931257385,1652.800048828125,1667.0,2341.88,3
VENTIVE,28847,NSE_EQ,2026-09-28,697.9000244140625,793.9500122070312,697.9000244140625,565.0499877929688,604.2379520645928,20,644.7834151126315,50,648.0378407175157,14,6.11859407242261,10.05919657181006,565.0499877929688,37.82094976364321,12,26,9,588.7751580024968,614.5117892636688,-23.203605835698788,10,1272642.0,604.2379520645928,644.7834151126315,651.7393862330903,37.82094976364321,35.63263443920509,-2.533025425473177,565.0499877929688,572.7000122070312,13073.22,3
VENUSPIPES,9592,NSE_EQ,2026-09-28,2347.89990234375,2347.89990234375,2309.10009765625,2163.199951171875,1696.9150390758523,20,1506.0884550861422,50,1479.2675776948877,14,67.93595945323486,26.40288597962959,2163.199951171875,72.01271029077941,12,26,9,1819.58601744316,1632.2777995529357,136.36038396701738,10,9732645.0,1696.9150390758523,1506.0884550861422,1446.4662583214647,72.01271029077941,79.18973189175352,50.94783392320696,2163.199951171875,2215.800048828125,4433.85,3
VENUSREM,13859,NSE_EQ,2026-09-28,2044.300048828125,2044.300048828125,2044.300048828125,1668.4000244140625,1535.0171820186692,20,1201.8794205521178,50,1182.8377632516303,14,54.790905669113464,37.68433040646301,1668.4000244140625,59.249273637252415,12,26,9,1624.038263746524,1458.568460054946,202.60940850220362,10,1587853.0,1535.0171820186692,1201.8794205521178,1166.5372657854978,59.249273637252415,56.34248709007028,-37.139604810625485,1668.4000244140625,1618.0,2239.24,3
VERANDA,8890,NSE_EQ,2026-09-28,267.45001220703125,272.5,267.45001220703125,232.58999633789062,230.61137165565455,20,220.61216984528173,50,220.1232789680324,14,5.68427994547084,5.224693884683084,232.58999633789062,52.10645871895575,12,26,9,235.232092537882,227.11857596558187,11.03595227667344,10,29659877.0,230.61137165565455,220.61216984528173,220.05647425216287,52.10645871895575,48.45104570008976,-2.9224357043732976,232.58999633789062,232.35000610351562,2292.06,3
VERTOZ,18863,NSE_EQ,2026-09-28,56.0,77.30000305175781,56.0,36.290000915527344,39.89310940663711,20,54.696651684362415,50,55.44794355247813,14,0.8200763531331366,1.2836373083056312,36.290000915527344,38.98231818166126,12,26,9,37.94316817644999,41.93046744342215,-4.838491685843483,10,1994190.0,39.89310940663711,54.696651684362415,56.19928814990469,38.98231818166126,40.000949201762154,0.8511924188713174,36.290000915527344,37.290000915527344,283.0,3
VESUVIUS,3676,NSE_EQ,2026-09-28,541.5,607.9000244140625,541.5,389.1000061035156,441.21889256595927,20,463.55440107449243,50,466.593355971267,14,3.1737252093376944,7.800328850885554,389.1000061035156,28.920262210491885,12,26,9,427.7885874566952,448.24574363643984,-14.731270219794377,10,3117017.0,441.21889256595927,463.55440107449243,469.0685944922562,28.920262210491885,32.48278995625074,-5.7258859599502525,389.1000061035156,392.0,7834.85,3
VETO,8652,NSE_EQ,2026-09-28,153.9499969482422,153.9499969482422,153.9499969482422,150.32000732421875,126.41464390154773,20,120.25545488811697,50,119.02833029888832,14,3.508809575194281,1.4802541521157342,150.32000732421875,70.33002116182925,12,26,9,130.41205393199803,124.2495893457558,4.651389634066129,10,2318480.0,126.41464390154773,120.25545488811697,118.20703790714971,70.33002116182925,64.68190099836627,1.5110749521761075,150.32000732421875,146.5,284.0,3
VGL,13771,NSE_EQ,2026-09-28,81.0,84.8499984741211,81.0,67.27999877929688,62.79608257767382,20,64.13879173813,50,64.01057920583746,14,1.6116746425985866,1.303337712440998,67.27999877929688,55.288775699775755,12,26,9,62.616404556240944,63.1978862882545,-1.2919849274256396,10,5767216.0,62.79608257767382,64.13879173813,63.91835808595056,55.288775699775755,54.15414659869256,0.7105031954120822,67.27999877929688,66.5199966430664,340.88,3
VGUARD,15362,NSE_EQ,2026-09-28,350.0,384.0,350.0,304.3500061035156,318.7478082890056,20,327.7564368889569,50,328.71180141081163,14,3.2897151124866797,4.490269609194894,304.3500061035156,42.28433898229606,12,26,9,319.1046034745391,319.7194370451125,-2.108014187353109,10,74193063.0,318.7478082890056,327.7564368889569,328.84697722772296,42.28433898229606,52.41392658263522,1.493180616779699,304.3500061035156,310.0,13296.9,3
VHL,11892,NSE_EQ,2026-09-28,3799.800048828125,4275.0,3799.800048828125,3358.10009765625,3463.7626233418628,20,3513.4788358777364,50,3519.820825192899,14,37.39535078576709,45.98535521835703,3358.10009765625,44.84892558227735,12,26,9,3459.8059102007987,3468.543461615026,2.079066833164789,10,35966.0,3463.7626233418628,3513.4788358777364,3525.6461610107217,44.84892558227735,45.59098550590503,-10.816618247392043,3358.10009765625,3375.0,1066.76,3
VHLTD,23386,NSE_EQ,2026-09-28,146.0,155.36000061035156,149.99000549316406,125.36000061035156,127.53511583334378,20,130.06569263029238,50,130.25776169233077,14,1.6736832937171644,1.9370022919857044,125.36000061035156,46.35361495734775,12,26,9,124.99197719139967,128.6547899359076,-3.0155510448866227,10,2205456.0,127.53511583334378,130.06569263029238,130.4188949222792,46.35361495734775,47.24144049703503,-0.6472616996212945,125.36000061035156,130.0,945.46,3
VIDHIING,13536,NSE_EQ,2026-09-28,365.0,387.8500061035156,365.0,345.75,322.6226391321325,20,331.0880424268072,50,330.4895951789218,14,6.199809917197441,4.3258276156893,345.75,58.90198952630182,12,26,9,329.4122744146722,321.36628542252464,1.9911523359538628,10,2603045.0,322.6226391321325,331.0880424268072,329.91570160283817,58.90198952630182,58.564561495705846,6.054836656193694,345.75,354.20001220703125,1713.85,3
VIJAYA,5585,NSE_EQ,2026-09-28,1593.5999755859375,1593.5999755859375,1578.0,1513.5999755859375,1379.9195062780466,20,1226.954449590047,50,1215.2546322024598,14,29.15618005390623,15.192933761987666,1513.5999755859375,65.74241860827712,12,26,9,1445.1678265488952,1338.3288812032397,100.62850891184196,10,8192581.0,1379.9195062780466,1226.954449590047,1201.2282896632107,65.74241860827712,70.91649647184981,6.210436433813513,1513.5999755859375,1528.0,15324.2,3
VIJIFIN,17695,NSE_EQ,2026-09-28,17.239999771118164,17.239999771118164,17.239999771118164,16.40999984741211,10.717917199140228,20,7.0768745789806315,50,6.695930690473224,14,0.6661719291357543,0.1291166883717062,16.40999984741211,83.76480116408871,12,26,9,12.8457637391517,9.58771266830978,2.5640776567245607,10,12554435.0,10.717917199140228,7.0768745789806315,6.356989086002743,83.76480116408871,81.41067407252275,0.6939734141173584,16.40999984741211,16.40999984741211,261.37,3
VIKASECO,25756,NSE_EQ,2026-09-28,1.5499999523162842,2.0399999618530273,1.5499999523162842,1.0399999618530273,1.1667993988795944,20,1.4450230654462501,50,1.4615546206949532,14,0.011748122602016188,0.025909436732921627,1.0399999618530273,31.19724913004798,12,26,9,1.1074752856772074,1.2155540623202126,-0.11245442415092863,10,86757086.0,1.1667993988795944,1.4450230654462501,1.478760933300746,31.19724913004798,31.19724913004798,0.004375647507923491,1.0399999618530273,1.0399999618530273,110.53,3
VIKASLIFE,9931,NSE_EQ,2026-09-28,1.7000000476837158,2.2300000190734863,1.7000000476837158,1.2300000190734863,1.3446667200884832,20,1.6528800608384964,50,1.670140470706456,14,0.020838830866136897,0.03401598501436219,1.2300000190734863,37.98906355192983,12,26,9,1.2879119715173544,1.3926335780932273,-0.10859877607367063,10,99149120.0,1.3446667200884832,1.6528800608384964,1.6889217128517409,37.98906355192983,36.33094653031924,0.0038771694977977056,1.2300000190734863,1.25,232.44,3
VIKRAMSOLR,759453,NSE_EQ,2026-09-28,234.0,354.3999938964844,234.0,160.30999755859375,182.52015359796206,20,221.24107350511397,50,223.7280561968087,14,2.7020878089935905,5.027233598174414,160.30999755859375,34.95892674986621,12,26,9,173.50499034954345,190.3382321899967,-17.371036071258228,10,182242044.0,182.52015359796206,221.24107350511397,226.10797693263984,34.95892674986621,36.69160640327031,0.5377942308049874,160.30999755859375,161.39999389648438,5757.26,3
VIKRAN,758973,NSE_EQ,2026-09-28,81.0,118.4000015258789,81.0,59.18000030517578,66.00278114122953,20,77.49672065466818,50,78.24434189342297,14,1.2309781827739266,1.9096722174226914,59.18000030517578,39.19500822813205,12,26,9,63.08207017209018,68.2990723903129,-4.6464495281169365,10,92607517.0,66.00278114122953,77.49672065466818,79.13962109832632,39.19500822813205,34.94892417486915,-0.5705526901057878,59.18000030517578,60.5,1530.3,3
VIMTALABS,13101,NSE_EQ,2026-09-28,675.0,774.7000122070312,675.0,599.2999877929688,582.7933263739378,20,554.3379933361557,50,552.5028098889388,14,11.949805645234818,9.885198511048106,599.2999877929688,54.727746144240214,12,26,9,601.1559922529227,573.6475252545887,25.27714973408517,10,10918974.0,582.7933263739378,554.3379933361557,550.4376194523265,54.727746144240214,55.41662195593121,2.231317264248858,599.2999877929688,602.3499755859375,2653.26,3
VINATIORGA,17364,NSE_EQ,2026-09-28,1426.699951171875,1849.9000244140625,1426.699951171875,1206.4000244140625,1314.3684532383327,20,1414.5616152878542,50,1423.0580067520907,14,7.220381804384355,17.277653736033216,1206.4000244140625,29.47330936993687,12,26,9,1291.3440772412541,1333.7580850895667,-40.881607962134716,10,2655984.0,1314.3684532383327,1414.5616152878542,1430.7379243985408,29.47330936993687,32.144415185374086,-1.532399886177906,1206.4000244140625,1194.0999755859375,12363.39,3
VINCOFE,25835,NSE_EQ,2026-09-28,191.35000610351562,191.35000610351562,189.39999389648438,184.14999389648438,160.1914586642752,20,149.78079488500373,50,148.3779704355555,14,4.015297868271895,1.9314596034215217,184.14999389648438,67.52079410308431,12,26,9,165.98335188852832,157.4349497720012,5.561377833396119,10,128004155.0,160.1914586642752,149.78079488500373,147.3244181087861,67.52079410308431,63.10720080742136,2.987024283130996,184.14999389648438,184.10000610351562,2638.95,3
VINDHYATEL,3694,NSE_EQ,2026-09-28,2952.60009765625,2952.60009765625,2952.60009765625,2719.800048828125,2234.618405853282,20,1884.0624648909527,50,1849.950726771068,14,90.03011326760684,42.73776026408291,2719.800048828125,67.81016436639544,12,26,9,2436.0624001892775,2121.1345633699166,265.16670944989926,10,4335365.0,2234.618405853282,1884.0624648909527,1816.887491129071,67.81016436639544,66.74012153619309,49.76112736946163,2719.800048828125,2745.0,3102.72,3
VINEETLAB,3807,NSE_EQ,2026-09-28,43.5,49.9900016784668,43.5,34.849998474121094,36.25420048429999,20,36.41833815784877,50,36.48235202249072,14,0.6986821445500032,0.7926005181490641,34.849998474121094,46.851087458192595,12,26,9,36.58107455064522,36.08847746902263,0.5679342084119399,10,3694102.0,36.25420048429999,36.41833815784877,36.47020317527414,46.851087458192595,51.62324380321875,-0.07533712678934856,34.849998474121094,35.84000015258789,58.23,3
VINNY,12490,NSE_EQ,2026-09-28,1.3799999952316284,1.5299999713897705,1.3799999952316284,0.9300000071525574,1.0542160837618542,20,1.186106814462189,50,1.1965601535360515,14,0.011924891502274071,0.02325779387284835,0.9300000071525574,33.894204990691605,12,26,9,1.0230627829315733,1.0739894201156657,-0.0397541016306967,10,13104059.0,1.0542160837618542,1.186106814462189,1.206215670882734,33.894204990691605,36.092472033639,-0.011172535553395702,0.9300000071525574,0.9100000262260437,39.12,3
VINYLINDIA,16821,NSE_EQ,2026-09-28,293.70001220703125,309.0,293.70001220703125,219.85000610351562,237.0157018882647,20,247.87322490964868,50,249.0170297588786,14,2.7452236435551987,4.21580975272751,219.85000610351562,39.437012973119586,12,26,9,233.35022819071946,238.68907053511336,-1.947738243691655,10,404554.0,237.0157018882647,247.87322490964868,250.09201086431113,39.437012973119586,40.61647748392482,-3.391104100702241,219.85000610351562,220.8000030517578,407.1,3
VIPCLOTHNG,14843,NSE_EQ,2026-09-28,28.0,37.54999923706055,28.0,21.6299991607666,22.1740577538969,20,25.53210614887505,50,25.69137582185907,14,0.4126068748071395,0.508905567531,21.6299991607666,44.774965138857844,12,26,9,21.492350683325988,22.774536332141228,-1.3784429543483614,10,2583522.0,22.1740577538969,25.53210614887505,25.891023845728398,44.774965138857844,40.97775587819629,0.0962573055331215,21.6299991607666,22.0,193.98,3
VIPIND,3703,NSE_EQ,2026-09-28,345.0,447.29998779296875,345.0,301.20001220703125,309.8756592402344,20,335.33479050544145,50,336.7280467625194,14,3.6396036149009166,4.7445490458998245,301.20001220703125,43.41051221452009,12,26,9,305.0396391393584,314.715272704495,-11.833582958023614,10,14785893.0,309.8756592402344,335.33479050544145,338.26388515676445,43.41051221452009,42.379629179193344,2.157949392887021,301.20001220703125,300.95001220703125,4254.26,3
VIPULLTD,8437,NSE_EQ,2026-09-28,18.600000381469727,18.600000381469727,18.600000381469727,10.359999656677246,12.596549402735446,20,12.33587194593473,50,12.416519794475851,14,0.4760422101329632,0.6300412280778429,10.359999656677246,43.03854426235748,12,26,9,12.84476001545911,12.390619938510698,0.7293487002035678,10,7867557.0,12.596549402735446,12.33587194593473,12.423316520780988,43.03854426235748,49.021763055880236,-0.27520862325515505,10.359999656677246,10.520000457763672,140.61,3
VIRINCHI,15295,NSE_EQ,2026-09-28,19.68000030517578,29.469999313354492,19.68000030517578,13.8100004196167,15.694426292493251,20,18.555686045392857,50,18.74938749950617,14,0.21983207894561604,0.4173253846661448,13.8100004196167,34.502001702920694,12,26,9,14.97711919507385,16.278578783473357,-1.3504205524556074,10,2664223.0,15.694426292493251,18.555686045392857,18.93630127188218,34.502001702920694,35.952984361485036,0.048960964056101064,13.8100004196167,14.0,167.91,3
VISACHROME,13295,NSE_EQ,2026-09-28,56.689998626708984,73.68000030517578,56.689998626708984,34.540000915527344,38.17772541203644,20,39.6702796624928,50,39.879678795022,14,1.1053514741095654,1.4420576815352428,34.540000915527344,43.39120284859679,12,26,9,36.81701633354173,38.83007661280354,-1.2799446329034092,10,5466712.0,38.17772541203644,39.6702796624928,40.27925751512135,43.39120284859679,35.32074118425251,-0.7331156463583985,34.540000915527344,35.5,479.74,3
VISAKAIND,8150,NSE_EQ,2026-09-28,104.41000366210938,104.41000366210938,104.41000366210938,90.9800033569336,85.0945177722142,20,79.31780668035329,50,78.84179865273776,14,2.1599170111622703,1.5134818437527204,90.9800033569336,58.79886983337819,12,26,9,89.18468187997779,82.87657210308387,5.616032710972951,10,32708826.0,85.0945177722142,79.31780668035329,78.08595367487598,58.79886983337819,67.12643309245186,0.6920770659209632,90.9800033569336,96.0,772.92,3
VISHAL,11773,NSE_EQ,2026-09-28,26.100000381469727,26.100000381469727,26.100000381469727,18.030000686645508,20.048498965217068,20,20.54031536272152,50,20.642777186234824,14,0.3057506749741919,0.46257668031088894,18.030000686645508,39.794323717752555,12,26,9,19.752408376689004,20.066020024350824,0.2943608586253136,10,6836011.0,20.048498965217068,20.54031536272152,20.741666079005448,39.794323717752555,40.5098687423972,-0.6079725062871327,18.030000686645508,17.799999237060547,,3
VISHNU,6908,NSE_EQ,2026-09-28,744.0,744.0,744.0,697.6500244140625,633.8291526509305,20,578.2010332443875,50,573.3255642170539,14,12.980078442187374,6.7847682076560645,697.6500244140625,65.67254819702936,12,26,9,658.9417399860308,619.2886973902995,31.330307658591003,10,5936879.0,633.8291526509305,578.2010332443875,567.2510964539107,65.67254819702936,72.05211731458274,8.322734937140332,697.6500244140625,706.75,4620.44,3
VISHWARAJ,13702,NSE_EQ,2026-09-28,7.090000152587891,8.5,7.090000152587891,5.480000019073486,5.562046163337151,20,6.415926705420501,50,6.454127794659155,14,0.10052696749851428,0.11594283749863817,5.480000019073486,46.43925627402707,12,26,9,5.507540121445159,5.65961821401763,-0.21847734960894166,10,31528500.0,5.562046163337151,6.415926705420501,6.500826890654241,46.43925627402707,43.25621666232331,0.0663992570364707,5.480000019073486,5.349999904632568,117.67,3
VITAL,761148,NSE_EQ,2026-09-28,69.4000015258789,69.4000015258789,69.4000015258789,53.0,53.467951180671946,20,55.29567805516165,50,55.38937920027029,14,1.2592022467895592,1.308019559994795,53.0,49.0492190219749,12,26,9,53.561716639374545,53.59912854424398,-0.43254415940148677,10,399634.0,53.467951180671946,55.29567805516165,55.38894563595973,49.0492190219749,52.55888886785367,0.39513225453205,53.0,56.939998626708984,126.25,3
VIVIANA,763636,NSE_EQ,2026-09-28,1038.0,1860.0,1038.0,719.5499877929688,758.274544961158,20,822.4315762497101,50,826.6308247581485,14,16.53681336505907,20.751236823160962,719.5499877929688,44.34882832860848,12,26,9,743.3721548837683,771.9107170943286,-30.480995608631105,10,921555.0,758.274544961158,822.4315762497101,831.0320834097885,44.34882832860848,44.26875972371796,1.9424333980708468,719.5499877929688,702.7999877929688,732.36,3
VIVIDHA,29877,NSE_EQ,2026-09-28,0.6600000262260437,0.9100000262260437,0.6600000262260437,0.5299999713897705,0.5348912516336709,20,0.6008573080745692,50,0.6037494442657854,14,0.008817854885937301,0.010133182913714152,0.5299999713897705,46.52966755255735,12,26,9,0.5255799829010196,0.5451598287279054,-0.023851858366642085,10,10749256.0,0.5348912516336709,0.6008573080745692,0.6075759525842559,46.52966755255735,42.1703434251018,0.004272012539756318,0.5299999713897705,0.5299999713897705,15.51,3
VIVIMEDLAB,11968,NSE_EQ,2026-09-28,8.100000381469727,29.399999618530273,8.100000381469727,5.550000190734863,6.033367711847119,20,6.351704281444411,50,6.384426897391739,14,0.2342760833723421,0.28247640120119094,5.550000190734863,45.33622776205636,12,26,9,5.872801981926765,6.158664007750109,-0.36108954042569896,10,3359102.0,6.033367711847119,6.351704281444411,6.417260651419726,45.33622776205636,45.525008122918514,0.07522751460235477,5.550000190734863,5.5,45.12,3
VIYASH,14296,NSE_EQ,2026-09-28,298.0,298.0,298.0,244.35000610351562,252.6115362772916,20,231.68004567899692,50,231.16290443717983,14,5.1329291748441355,5.364313009086375,244.35000610351562,48.89788274773517,12,26,9,257.1710189540382,248.11245376482856,13.062700574420361,10,251080050.0,252.6115362772916,231.68004567899692,230.4083293572082,48.89788274773517,50.72730259375859,-4.004135385210745,244.35000610351562,244.39999389648438,10449.77,3
VLEGOV,18012,NSE_EQ,2026-09-28,16.489999771118164,29.56999969482422,16.489999771118164,10.59000015258789,11.745963237245427,20,19.821124363817187,50,20.197904943867364,14,0.2958576403229046,0.47898093235558753,10.59000015258789,38.183132687905875,12,26,9,10.861735013740848,12.764359791290714,-2.2791851525579516,10,3172957.0,11.745963237245427,19.821124363817187,20.606390877070794,38.183132687905875,35.81642145566224,0.3765603750080859,10.59000015258789,10.149999618530273,120.23,3
VLSFINANCE,3715,NSE_EQ,2026-09-28,277.0,339.0,277.0,239.74000549316406,246.7708166768578,20,249.16725853320924,50,249.5520443715784,14,2.9054879935898796,3.4718655131554974,239.74000549316406,45.55946272253407,12,26,9,246.21105365256403,247.04918509904135,0.3305593382521511,10,521215.0,246.7708166768578,249.16725853320924,250.0153932460003,45.55946272253407,44.60395687702249,-1.168690784729471,239.74000549316406,243.0,741.5,3
VMART,29284,NSE_EQ,2026-09-28,868.9000244140625,888.0,868.9000244140625,760.0999755859375,760.1941994345933,20,732.4510685263351,50,731.3225417075759,14,13.548496128169537,12.464897135759758,760.0999755859375,52.082771327476756,12,26,9,783.7092515431304,747.6142520800846,35.80485091569809,10,4798870.0,760.1941994345933,732.4510685263351,728.1867260869029,52.082771327476756,59.99888392669679,0.29014854734774786,760.0999755859375,773.5,6015.7,3
VMM,27969,NSE_EQ,2026-09-28,129.39999389648438,152.17999267578125,129.39999389648438,103.5,110.0384359150939,20,115.81892171589278,50,116.3217348471537,14,0.9764936233498637,1.6467889457872646,103.5,37.22411130384097,12,26,9,107.03204743851627,111.92310056784885,-4.315061714808634,10,582394168.0,110.0384359150939,115.81892171589278,116.87976477863431,37.22411130384097,35.736780697750405,-0.5759914145239424,103.5,105.44999694824219,47891.27,3
VMSTMT,759152,NSE_EQ,2026-09-28,53.04999923706055,85.41999816894531,53.04999923706055,46.47999954223633,46.93967745534433,20,51.406690661548716,50,51.607780094990034,14,1.0689864278961,1.2470889822935993,46.47999954223633,46.15507868150736,12,26,9,46.622344198825985,47.784985497624234,-1.8673470395823508,10,3290401.0,46.93967745534433,51.406690661548716,51.6880976747999,46.15507868150736,51.13883959120585,0.7047057407841018,46.47999954223633,46.0,231.81,3
VOLTAMP,13577,NSE_EQ,2026-09-28,12863.0,12863.0,12863.0,10709.0,10232.235998454675,20,9491.042567193801,50,9441.330018915996,14,204.9528107768038,150.15771072510728,10709.0,57.71521776093047,12,26,9,10546.012806447285,10027.895172415321,472.0176556042497,10,2129540.0,10232.235998454675,9491.042567193801,9382.649611524814,57.71521776093047,59.75863968395518,46.09997842771378,10709.0,10600.0,10818.86,3
VOLTAS,3718,NSE_EQ,2026-09-28,1537.9000244140625,1582.5,1537.9000244140625,1118.199951171875,1250.5986792162196,20,1311.9266918543647,50,1319.8339057597723,14,13.498064461490229,25.33473584646261,1118.199951171875,34.759441385755196,12,26,9,1213.7299619156358,1269.4186639865445,-37.764512776813504,10,35061365.0,1250.5986792162196,1311.9266918543647,1328.361819284087,34.759441385755196,33.871508018227615,-17.92418929409517,1118.199951171875,1109.9000244140625,37159.83,3
VPRPL,18341,NSE_EQ,2026-09-28,50.540000915527344,100.41999816894531,50.540000915527344,32.5,34.70025280623343,20,56.83002402585907,50,57.823086230996175,14,1.0529775456807022,1.488059661066466,32.5,41.43888735217063,12,26,9,33.05702383336988,37.56233685728173,-6.787484199661231,10,32837928.0,34.70025280623343,56.83002402585907,58.766069292640786,41.43888735217063,44.196965759720825,2.2821711757493848,32.5,32.900001525878906,389.17,3
VRAJ,24321,NSE_EQ,2026-09-28,148.5,155.75,148.5,126.23999786376953,124.5133061263003,20,132.48557527702494,50,132.74049680409658,14,2.053449981073821,1.9793941315861243,126.23999786376953,50.91815908846091,12,26,9,124.60317032654049,125.11376919683342,-1.3646136147616832,10,815365.0,124.5133061263003,132.48557527702494,132.94459880166096,50.91815908846091,52.307851449163394,0.8540147444687594,126.23999786376953,127.27999877929688,422.88,3
VRLLOG,8696,NSE_EQ,2026-09-28,310.20001220703125,310.20001220703125,310.20001220703125,289.70001220703125,271.56733017533463,20,265.9446553664188,50,264.97504896476113,14,4.931556986995475,3.294667756203758,289.70001220703125,59.94921292507212,12,26,9,279.2317102817569,268.74477522265096,5.516750677208355,10,18614814.0,271.56733017533463,265.9446553664188,263.806683367261,59.94921292507212,62.050476049329504,4.970184381897562,289.70001220703125,292.95001220703125,5027.87,3
VSSL,27067,NSE_EQ,2026-09-28,428.25,428.25,428.25,411.5,332.10433011840996,20,297.2272743600014,50,292.56308147673616,14,8.81459732482944,1.7273978050054695,411.5,83.61412822021934,12,26,9,355.20412308884556,320.90302363322604,23.132301726801604,10,17244394.0,332.10433011840996,297.2272743600014,287.9860638959078,83.61412822021934,82.8226987490986,11.168797728817918,411.5,405.0,3963.4,3
VSTIND,3724,NSE_EQ,2026-09-28,286.7799987792969,286.7799987792969,286.7799987792969,204.5399932861328,225.89669100335976,20,242.40901196472646,50,243.95468619650578,14,1.666143658269252,3.65815502636357,204.5399932861328,31.29320417500496,12,26,9,218.20011891676012,229.8494627612129,-8.172511056699474,10,7406855.0,225.89669100335976,242.40901196472646,245.3846734629368,31.29320417500496,33.24679656214286,-3.476832787753299,204.5399932861328,205.82000732421875,3470.47,3
VSTL,22730,NSE_EQ,2026-09-28,138.52000427246094,158.8000030517578,138.52000427246094,113.76000213623047,115.22289458715802,20,126.26865289270039,50,126.77921006643385,14,1.4544638901237956,1.6998960650653656,113.76000213623047,46.10963589399784,12,26,9,114.05554499473384,116.66072982358436,-3.574795576685989,10,597628.0,115.22289458715802,126.26865289270039,127.31958595014432,46.10963589399784,45.83982101510355,0.9696107478354636,113.76000213623047,113.0,210.34,3
VSTTILLERS,24292,NSE_EQ,2026-09-28,5440.0,6374.0,5440.0,4473.2998046875,4530.833011988951,20,4759.312814517447,50,4770.986814918669,14,60.074890743480275,71.85906448620277,4473.2998046875,45.5340633416896,12,26,9,4401.7916463477395,4614.538209663304,-218.35421038519638,10,456900.0,4530.833011988951,4759.312814517447,4792.659746139839,45.5340633416896,37.660048743677294,5.607647069632037,4473.2998046875,4492.0,3774.29,3
VTL,2073,NSE_EQ,2026-09-28,688.0,688.0,688.0,554.0,588.1038146173275,20,552.1417933449162,50,552.065948175321,14,8.47355271790983,10.515641327351675,554.0,44.62302453549517,12,26,9,589.138986912426,581.7839565865105,19.530366319748083,10,41343262.0,588.1038146173275,552.1417933449162,551.0053751297027,44.62302453549517,49.06135719551119,-12.175335993832533,554.0,564.0,15663.79,3
WAAREEENER,25907,NSE_EQ,2026-09-28,3557.0,3718.800048828125,3557.0,2495.0,2768.737085333334,20,2865.928426289555,50,2881.068362056475,14,27.54573032431611,52.27800885060447,2495.0,34.50819343848849,12,26,9,2684.7095890490364,2810.830664093752,-93.97175307019542,10,29797319.0,2768.737085333334,2865.928426289555,2894.144623725234,34.50819343848849,36.66365720800881,-32.14932197452036,2495.0,2494.39990234375,70735.66,3
WAAREEINDO,19955,NSE_EQ,2026-09-28,540.8499755859375,725.0,540.8499755859375,230.85000610351562,325.39172546218066,20,370.4616732364332,50,376.16010862961355,14,6.795876535810043,15.42019702652796,230.85000610351562,30.589908323542886,12,26,9,296.3466225245241,340.8146185859526,-34.03994888178591,10,5417719.0,325.39172546218066,370.4616732364332,380.57684725910667,30.589908323542886,34.73296093660234,-10.428047179642583,230.85000610351562,230.85000610351562,912.78,3
WAAREERTL,756038,NSE_EQ,2026-09-28,1202.0,1358.0,1202.0,832.9000244140625,905.9006150241172,20,954.1407984602757,50,959.0894014825701,14,9.437802266611964,15.956582359032103,832.9000244140625,37.16491817282065,12,26,9,882.6457198046362,916.9518655265978,-20.046340348786536,10,5382057.0,905.9006150241172,954.1407984602757,964.7808046282234,37.16491817282065,34.7324482928267,-14.259805373175034,832.9000244140625,830.0,8635.65,3
WABAG,20188,NSE_EQ,2026-09-28,2319.0,2319.0,2319.0,2008.4000244140625,1913.0790400869246,20,1683.229633156497,50,1669.9573722888413,14,56.917096446905454,43.7757369247858,2008.4000244140625,56.525469133245295,12,26,9,2013.6049937198738,1847.3161047158524,170.36543857278636,10,29698549.0,1913.0790400869246,1683.229633156497,1651.073995743233,56.525469133245295,61.986744608847175,-4.076549568764875,2008.4000244140625,2029.5999755859375,12455.78,3
WALCHANNAG,3736,NSE_EQ,2026-09-28,315.79998779296875,315.79998779296875,315.79998779296875,210.99000549316406,222.749363626194,20,213.98218066058297,50,214.1043102592531,14,5.706967021100395,6.439424883075147,210.99000549316406,46.98487473583428,12,26,9,221.5544836436287,220.88174042583813,7.559330781336121,10,28316426.0,222.749363626194,213.98218066058297,214.5693838733505,46.98487473583428,44.2713520670881,-6.886587563545539,210.99000549316406,208.07000732421875,1421.69,3
WANBURY,14063,NSE_EQ,2026-09-28,358.8500061035156,358.8500061035156,358.8500061035156,224.14999389648438,259.62350273925375,20,257.4949758067481,50,258.85599547655477,14,5.35402549872798,8.139869241488242,224.14999389648438,39.67739190058474,12,26,9,254.14826746863173,260.3564521392579,2.3698905240944157,10,12818729.0,259.62350273925375,257.4949758067481,260.32970957763865,39.67739190058474,39.22701996381622,-8.578075194720583,224.14999389648438,226.4499969482422,778.3,3
WATERBASE,3745,NSE_EQ,2026-09-28,93.1500015258789,93.1500015258789,93.1500015258789,45.43000030517578,64.00505515241255,20,71.72531186235338,50,72.79858988509532,14,0.4020783919294053,2.0484796240021095,45.43000030517578,16.40762590868782,12,26,9,58.196226173505046,66.50642470318279,-4.826430907909527,10,727349.0,64.00505515241255,71.72531186235338,73.89404257083503,16.40762590868782,16.665073647785775,-3.483767621768214,45.43000030517578,45.91999816894531,182.59,3
WCIL,25403,NSE_EQ,2026-09-28,112.75,138.2899932861328,112.75,94.7699966430664,93.46082966618995,20,100.47904784406049,50,100.71207034206024,14,1.6822152254539382,1.736370071773909,94.7699966430664,49.20793483836888,12,26,9,91.45421802118904,95.18004779197359,-4.609720067912803,10,5059721.0,93.46082966618995,100.47904784406049,100.86929767804835,49.20793483836888,51.45491652226401,0.8838902971282456,94.7699966430664,94.30000305175781,957.76,3
WEALTH,1923,NSE_EQ,2026-09-28,1073.0,1244.0,1073.0,834.9500122070312,899.465330851741,20,948.5059424347073,50,953.1408783623675,14,7.501091494556581,13.478792761059838,834.9500122070312,35.7537315419102,12,26,9,879.7842871843457,910.8403334798166,-21.0851126236805,10,127416.0,899.465330851741,948.5059424347073,957.6956085896899,35.7537315419102,36.57560068022144,-9.97093367179049,834.9500122070312,840.0499877929688,883.51,3
WEBELSOLAR,14602,NSE_EQ,2026-09-28,128.30999755859375,137.89999389648438,128.30999755859375,73.2300033569336,87.5541417530477,20,94.3676811310611,50,95.23044348918874,14,1.579207124413227,2.835100701282326,73.2300033569336,35.774739478309826,12,26,9,83.61108068236692,89.29717947969519,-2.530590608685004,10,92419326.0,87.5541417530477,94.3676811310611,96.14025740950639,35.774739478309826,35.47193845581771,-3.1555081886432665,73.2300033569336,74.0199966430664,3129.42,3
WEIZMANIND,3748,NSE_EQ,2026-09-28,94.0,114.5,94.0,73.0,77.97783032915595,20,86.38982593954533,50,86.93634944728188,14,0.8095469102367724,1.344397135361427,73.0,37.584398345498464,12,26,9,75.71497098731095,79.66674784353575,-3.6954431379829096,10,46809.0,77.97783032915595,86.38982593954533,87.5672207162757,37.584398345498464,34.27129284097097,-0.256333718241887,73.0,71.5999984741211,112.64,3
WEL,7835,NSE_EQ,2026-09-28,179.1999969482422,183.52999877929688,179.1999969482422,74.62000274658203,101.27276099578435,20,116.64931428592867,50,118.36479638957547,14,3.065601392262071,5.450085463927786,74.62000274658203,35.999461276969754,12,26,9,95.30928218208912,105.01801446483447,-6.511391168870822,10,215927025.0,101.27276099578435,116.64931428592867,120.21886961194971,35.999461276969754,35.08469799513742,-3.197341113874523,74.62000274658203,75.0,976.91,3
WELCORP,11821,NSE_EQ,2026-09-28,2837.5,2837.5,2784.800048828125,2832.39990234375,1959.6233155174348,20,1466.448608880164,50,1410.6954948612422,14,85.15296804273179,5.039974610525812,2832.39990234375,94.41200778878925,12,26,9,2235.7147947443636,1812.0188612480765,319.04683058417925,10,97339965.0,1959.6233155174348,1466.448608880164,1359.6993886247112,94.41200778878925,93.52902105266962,104.64910291210788,2832.39990234375,2752.89990234375,72447.28,3
WELENT,11626,NSE_EQ,2026-09-28,841.9000244140625,841.9000244140625,837.75,754.5,645.3973508713966,20,574.6156848933474,50,567.2734679502187,14,21.508427914274087,11.133994649687528,754.5,65.8910283761235,12,26,9,690.821772734895,622.7579927364208,47.527773647111374,10,33759552.0,645.3973508713966,574.6156848933474,556.8213655977403,65.8910283761235,77.57894933506134,20.5360063513629,754.5,748.0999755859375,10030.28,3
WELINV,19804,NSE_EQ,2026-09-28,2499.89990234375,2499.89990234375,2367.10009765625,2499.89990234375,1974.870042537664,20,1644.9959013188181,50,1610.1018604606577,14,57.8638050496014,9.806025063015667,2499.89990234375,85.50901480512609,12,26,9,2121.651788345444,1888.2037354178337,188.50734745393572,10,162436.0,1974.870042537664,1644.9959013188181,1581.1264261937456,85.50901480512609,82.1122688721911,44.940705473674484,2499.89990234375,2499.89990234375,889.53,3
WELSPUNLIV,11253,NSE_EQ,2026-09-28,233.0,233.0,216.0,224.67999267578125,176.55919045847384,20,155.1381942397716,50,152.29975348728138,14,5.533545894660927,1.2241314516644983,224.67999267578125,81.88532259045876,12,26,9,190.06490678387252,169.6249198173203,14.70793247944426,10,303658583.0,176.55919045847384,155.1381942397716,149.75443715361493,81.88532259045876,79.7395104804071,5.732054487107966,224.67999267578125,222.39999389648438,21354.26,3
WENDT,4235,NSE_EQ,2026-09-28,9100.0,9270.5,9100.0,8646.0,8021.533588359155,20,8125.28821059098,50,8104.034668166122,14,153.93215915636665,99.17773405227192,8646.0,60.816334440740455,12,26,9,8249.127545437424,7940.8887106552265,193.82170692492502,10,541997.0,8021.533588359155,8125.28821059098,8076.954450540249,60.816334440740455,62.9756276877113,114.41712785727293,8646.0,8532.0,1708.7,3
WESTLIFE,11580,NSE_EQ,2026-09-28,612.0,763.7999877929688,608.9500122070312,578.0999755859375,530.5155055610459,20,544.1570472304004,50,542.7716215832356,14,12.718167043956393,8.781489123269077,578.0999755859375,59.15521134400389,12,26,9,544.9532214646939,527.0279049553853,7.94559785218018,10,14477722.0,530.5155055610459,544.1570472304004,541.8888296309569,59.15521134400389,57.20748809031684,9.979718657128393,578.0999755859375,574.7000122070312,8513.0,3
WEWIN,9862,NSE_EQ,2026-09-28,78.0,78.0,78.0,48.2599983215332,47.19306966396327,20,49.084265933755994,50,49.117909509765084,14,1.289477564259793,1.2468575193417717,48.2599983215332,50.8401895552677,12,26,9,46.18597065466318,47.64382338063065,-1.0547566815216034,10,91732.0,47.19306966396327,49.084265933755994,49.367620102000394,50.8401895552677,42.2917037837352,-0.40309604444586666,48.2599983215332,48.90999984741211,48.77,3
WHEELS,3766,NSE_EQ,2026-09-28,2498.0,2498.0,2498.0,2296.39990234375,1639.33025322771,20,1321.7121561781266,50,1281.928982865244,14,80.95401447459983,22.750707715187207,2296.39990234375,78.06203301566944,12,26,9,1792.8902724947334,1552.6590005997384,173.06248379450835,10,20069713.0,1639.33025322771,1321.7121561781266,1245.4485351792591,78.06203301566944,76.07286620508657,67.16878810048661,2296.39990234375,2260.0,5688.6,3
WHIRLPOOL,18011,NSE_EQ,2026-09-28,1029.949951171875,1437.0,1029.949951171875,918.9000244140625,817.5325885715365,20,921.7599106490536,50,921.8766406994614,14,23.8820152157837,17.52809638251342,918.9000244140625,57.671941209561446,12,26,9,805.9492473705589,833.2623914441157,-40.52382175411662,10,65478165.0,817.5325885715365,921.7599106490536,930.210380637928,57.671941209561446,35.173998932072664,13.21067768055979,918.9000244140625,855.0,11583.83,3
WILLAMAGOR,3772,NSE_EQ,2026-09-28,30.549999237060547,37.0,30.549999237060547,22.440000534057617,25.498245921987206,20,27.485092528332707,50,27.691014650548016,14,0.393692597436366,0.6687529944535334,22.440000534057617,37.05531845033662,12,26,9,24.828306455976335,25.943695221750556,-0.9358033068157203,10,136998.0,25.498245921987206,27.485092528332707,27.826974407290727,37.05531845033662,42.547437176076684,-0.17958545895849998,22.440000534057617,23.399999618530273,25.15,3
WINDLAS,5366,NSE_EQ,2026-09-28,1181.9000244140625,1181.9000244140625,1181.9000244140625,1102.550048828125,953.5612959335305,20,894.260843448401,50,885.7592432288204,14,21.02459294460305,7.61402683574786,1102.550048828125,73.41342950831772,12,26,9,1004.5293568390576,931.0846812982765,45.32680866485496,10,8240158.0,953.5612959335305,894.260843448401,876.6290102515528,73.41342950831772,74.69894493464787,28.117866875926232,1102.550048828125,1090.4000244140625,2345.6,3
WINDMACHIN,24969,NSE_EQ,2026-09-28,343.8999938964844,343.8999938964844,343.8999938964844,299.5,297.3173384172232,20,289.8879694654277,50,289.4956416885064,14,4.866669239996426,4.503842826721216,299.5,51.93600099275206,12,26,9,300.6256971677836,295.08965976399145,6.679207531078618,10,7346483.0,297.3173384172232,289.8879694654277,289.0648520515895,51.93600099275206,52.154653648237485,-1.1431701272864823,299.5,298.5,2734.84,3
WIPL,20481,NSE_EQ,2026-09-28,179.88999938964844,193.1999969482422,179.88999938964844,168.4600067138672,164.69821636115677,20,162.1180312670415,50,161.85917512635473,14,1.9058231117080464,1.5156864977868403,168.4600067138672,55.701235104507006,12,26,9,166.63022228384855,163.54277469472365,3.2077868420070335,10,79342.0,164.69821636115677,162.1180312670415,161.72240649012974,55.701235104507006,52.476882858671466,-0.12033925288212721,168.4600067138672,166.60000610351562,175.86,3
WIPRO,3787,NSE_EQ,2026-09-28,212.97999572753906,273.1000061035156,212.97999572753906,164.02000427246094,182.12375220873378,20,203.19898888544455,50,204.79813111454592,14,1.2353503931571272,3.048808220278906,164.02000427246094,28.83530944169074,12,26,9,176.0276611700217,186.81948944466615,-10.82579657584677,10,503029028.0,182.12375220873378,203.19898888544455,206.3478506771374,28.83530944169074,30.252655387367923,0.03396830120232508,164.02000427246094,163.0500030517578,168583.67,3
WOCKPHARMA,7506,NSE_EQ,2026-09-28,2422.300048828125,2422.300048828125,2422.300048828125,2265.60009765625,1922.6105509920046,20,1696.9087531579244,50,1673.6968615457479,14,60.02805596008836,28.207708796399228,2265.60009765625,68.03143388143498,12,26,9,2022.5057316861353,1861.0826326625827,145.1342014010162,10,43574195.0,1922.6105509920046,1696.9087531579244,1656.8640763983803,68.03143388143498,62.596357372714365,16.288897622536382,2265.60009765625,2290.0,35640.27,3
WONDERLA,3002,NSE_EQ,2026-09-28,572.9000244140625,616.5999755859375,572.9000244140625,510.1499938964844,505.6303868229817,20,530.108209592691,50,530.9228306415157,14,7.270940165751021,7.091692773033517,510.1499938964844,50.624006035249536,12,26,9,508.53018429377704,507.3062373138531,-5.304715449017342,10,6141387.0,505.6303868229817,530.108209592691,531.0482532968454,50.624006035249536,55.51035802542912,6.52866242894128,510.1499938964844,508.0,3208.95,3
WORTHPERI,22277,NSE_EQ,2026-09-28,169.8000030517578,169.8000030517578,169.8000030517578,144.94000244140625,145.17732620800393,20,142.6414257348948,50,142.54760627748615,14,2.4156204973290896,2.3358901906274494,144.94000244140625,50.83899955127671,12,26,9,147.69988456356293,144.0387752494569,3.2540453610961477,10,785378.0,145.17732620800393,142.6414257348948,142.34465125728312,50.83899955127671,52.89033451230772,0.4070639530098803,144.94000244140625,144.0500030517578,230.75,3
WSI,14828,NSE_EQ,2026-09-28,81.98999786376953,95.0,81.98999786376953,55.939998626708984,63.42374759053157,20,70.65400961268209,50,71.25458148966058,14,0.6650084949947316,1.3778484459470977,55.939998626708984,32.5528666088649,12,26,9,61.17094473848051,64.96061953209515,-3.5841897585702314,10,2780628.0,63.42374759053157,70.65400961268209,71.77150317688803,32.5528666088649,35.877150256449156,-0.20548503504441262,55.939998626708984,56.0099983215332,447.2,3
WSTCSTPAPR,3799,NSE_EQ,2026-09-28,777.0,777.0,772.0,731.9000244140625,598.6566454811162,20,533.6706460875704,50,525.579651053836,14,19.990230286986925,7.797524989171734,731.9000244140625,71.9389892717896,12,26,9,642.3939117659172,576.4554541248406,47.087741167704294,10,13923415.0,598.6566454811162,533.6706460875704,515.6726985338713,71.9389892717896,79.36486595091081,18.850716473372344,731.9000244140625,735.0,4752.13,3
XCHANGING,11705,NSE_EQ,2026-09-28,71.4000015258789,103.0,71.4000015258789,61.41999816894531,63.82134993545163,20,70.04295053447258,50,70.39490777388187,14,0.6541744178341943,0.9277866835595938,61.41999816894531,41.35211777696894,12,26,9,62.896038591529276,64.7927157665327,-2.083493650334189,10,4756400.0,63.82134993545163,70.04295053447258,70.73102646475817,41.35211777696894,42.781556183482486,0.18681647533077061,61.41999816894531,62.0,671.17,3
XELPMOC,8477,NSE_EQ,2026-09-28,113.0,155.5,113.0,89.5,86.42847124293029,20,97.08101846548702,50,97.39044779060893,14,2.048540424968284,2.0672675842009496,89.5,49.77249717198974,12,26,9,82.59458292627123,89.30099216419288,-7.708240360178897,10,609074.0,86.42847124293029,97.08101846548702,98.32924160289302,49.77249717198974,31.91989344636704,1.0018311222572498,89.5,75.30000305175781,136.08,3
XPROINDIA,11407,NSE_EQ,2026-09-28,1574.800048828125,1574.800048828125,1574.800048828125,1197.0999755859375,1222.5436087558332,20,1165.61618071548,50,1164.3311278636243,14,36.2126982081571,36.73723242707175,1197.0999755859375,49.64048340118548,12,26,9,1238.4914330942784,1206.4447262253545,49.482138353738335,10,5721988.0,1222.5436087558332,1165.61618071548,1161.9364800213232,49.64048340118548,50.932115928675636,-17.435431484814515,1197.0999755859375,1220.0,2722.01,3
XTGLOBAL,25235,NSE_EQ,2026-09-28,35.0,43.70000076293945,35.0,29.440000534057617,30.403796051119745,20,32.08235996369732,50,32.190211368988734,14,0.7833253811764024,0.8805220726437966,29.440000534057617,47.079158571772,12,26,9,30.176806077132724,30.66214929998358,-0.5862673509655922,10,4652394.0,30.403796051119745,32.08235996369732,32.298383224232055,47.079158571772,47.28214043896463,0.10092412811473772,29.440000534057617,29.850000381469727,396.79,3
YASHO,18131,NSE_EQ,2026-09-28,4994.0,4994.0,4994.0,4234.10009765625,3426.157242037324,20,2636.3792305944135,50,2571.166133979644,14,118.52659222476242,35.32945273759676,4234.10009765625,77.0373320422736,12,26,9,3827.746304663223,3187.127035462906,597.5436915240471,10,3176930.0,3426.157242037324,2636.3792305944135,2512.764751693099,77.0373320422736,74.26420109335122,43.07557767626986,4234.10009765625,4055.39990234375,4998.5,3
YATHARTH,17738,NSE_EQ,2026-09-28,1184.0,1184.0,1184.0,1121.4000244140625,905.1956634081062,20,800.824449771768,50,787.7397324394294,14,30.158315772835106,11.038970334683034,1121.4000244140625,73.20461763944077,12,26,9,958.0899642563971,876.9793680590492,56.06092300809415,10,27433110.0,905.1956634081062,800.824449771768,773.3821704981817,73.20461763944077,75.57635890892193,25.049673189253795,1121.4000244140625,1162.300048828125,10746.88,3
YATRA,18760,NSE_EQ,2026-09-28,129.0,202.0,129.0,103.83999633789062,111.17017560748276,20,117.80287251829422,50,118.37278583178008,14,2.409846839147409,3.125543730237385,103.83999633789062,43.5352629401766,12,26,9,109.6128665092945,112.86147927895848,-4.082649853692368,10,80179196.0,111.17017560748276,117.80287251829422,118.92555252568724,43.5352629401766,44.09862335995558,0.8340370840283899,103.83999633789062,105.98999786376953,1750.26,3
YESBANK,11915,NSE_EQ,2026-09-28,25.780000686645508,25.780000686645508,25.780000686645508,22.5,22.64683520848431,20,21.985892425623785,50,21.964908442996183,14,0.286096894976431,0.2837328594787226,22.5,50.207433490373695,12,26,9,22.796519166015642,22.494541878573045,0.4493104446668451,10,2577985453.0,22.64683520848431,21.985892425623785,21.934088407471354,50.207433490373695,51.631272865095646,-0.14733315722424833,22.5,22.479999542236328,68122.35,3
YUKEN,5501,NSE_EQ,2026-09-28,1153.8499755859375,1153.8499755859375,1153.8499755859375,1127.5999755859375,894.1629686687838,20,853.8680802780248,50,842.6953498572936,14,29.270969465082846,9.31472260212603,1127.5999755859375,75.85964614577452,12,26,9,958.514111493417,870.7790642349025,40.87129707692128,10,1019605.0,894.1629686687838,853.8680802780248,830.5931212322087,75.85964614577452,77.52436525366758,46.86375018159316,1127.5999755859375,1127.0999755859375,1489.71,3
ZAGGLE,18608,NSE_EQ,2026-09-28,296.0,405.3999938964844,296.0,178.83999633789062,204.88580788934092,20,249.1359472411266,50,252.00516972697292,14,2.78331161873503,5.621738829740699,178.83999633789062,33.11475208622679,12,26,9,193.7370127146666,214.15775038002363,-21.39546055548776,10,144255696.0,204.88580788934092,249.1359472411266,255.0029318562945,33.11475208622679,32.955218268195,0.9747228901307352,178.83999633789062,179.47999572753906,2366.01,3
ZEEL,3812,NSE_EQ,2026-09-28,118.3499984741211,118.3499984741211,118.3499984741211,76.87000274658203,94.1759398446855,20,98.29898148408746,50,99.17363367745503,14,2.477624470866624,3.8657136158025693,76.87000274658203,39.058685458898395,12,26,9,92.02171870119719,94.81743703304187,0.5966543072584293,10,1294820648.0,94.1759398446855,98.29898148408746,100.01255738891923,39.058685458898395,39.84383667041406,-3.3923726391031117,76.87000274658203,78.37000274658203,7399.17,3
ZEELEARN,20852,NSE_EQ,2026-09-28,10.100000381469727,10.100000381469727,10.100000381469727,6.940000057220459,7.359061062654957,20,7.30765651582831,50,7.322662901893937,14,0.16235307957334436,0.19046595968354782,6.940000057220459,46.015963286814845,12,26,9,7.397901938472367,7.3111935231202585,0.253764337104829,10,12685424.0,7.359061062654957,7.30765651582831,7.341547096521672,46.015963286814845,45.127240480202644,-0.16705592175272005,6.940000057220459,6.889999866485596,219.93,3
ZEEMEDIA,14003,NSE_EQ,2026-09-28,10.09000015258789,11.890000343322754,10.09000015258789,7.519999980926514,8.173378267125232,20,9.064272942093824,50,9.127304491529223,14,0.19218652275936116,0.2533867545775402,7.519999980926514,43.13241671673399,12,26,9,8.050322967143037,8.291828379211182,-0.19846320978921478,10,189294486.0,8.173378267125232,9.064272942093824,9.201072014789135,43.13241671673399,41.24877036084453,-0.04304220227893024,7.519999980926514,7.489999771118164,469.49,3
ZENITHEXPO,4176,NSE_EQ,2026-09-28,257.79998779296875,262.0,257.79998779296875,203.0,206.09001437882722,20,212.99935649233103,50,213.407493492018,14,3.0072025416507233,3.329304416293229,203.0,47.45836407361083,12,26,9,205.7446183807859,206.9887979550465,-1.6895821042508619,10,33722.0,206.09001437882722,212.99935649233103,213.79351375911088,47.45836407361083,47.97209169097952,0.4454025299902771,203.0,197.49000549316406,109.73,3
ZENITHSTL,14562,NSE_EQ,2026-09-28,7.389999866485596,10.329999923706055,7.389999866485596,5.260000228881836,5.680034314493573,20,6.154241420367106,50,6.190741060835892,14,0.10942338842793833,0.1494875679094886,5.260000228881836,42.262942432351835,12,26,9,5.593527155366881,5.765318615703843,-0.1931930550871869,10,4459700.0,5.680034314493573,6.154241420367106,6.215669270514661,42.262942432351835,46.355268194991964,0.021401594750224767,5.260000228881836,5.369999885559082,76.26,3
ZENSARTECH,1076,NSE_EQ,2026-09-28,611.0,822.0,611.0,434.8999938964844,486.9932006879135,20,560.6130631398288,50,565.7442088232307,14,5.347750379773008,10.80911794593524,434.8999938964844,33.09892902490178,12,26,9,467.0529340771951,503.17203025131795,-36.51281049779683,10,99902116.0,486.9932006879135,560.6130631398288,571.0215229708307,33.09892902490178,33.32730573526008,0.39371432367399706,434.8999938964844,422.3999938964844,9868.77,3
ZENTEC,7508,NSE_EQ,2026-09-28,2043.699951171875,2043.699951171875,2043.699951171875,1682.4000244140625,1723.9524450318434,20,1636.1848828114366,50,1634.2985505011254,14,35.99112057486534,37.109694091442144,1682.4000244140625,49.23491036202339,12,26,9,1748.292684387433,1700.6196780196633,70.63291631344207,10,19715625.0,1723.9524450318434,1636.1848828114366,1632.1311434026381,49.23491036202339,49.47663443396734,-22.959909945672436,1682.4000244140625,1649.0,14763.08,3
ZFCVINDIA,16915,NSE_EQ,2026-09-28,3044.0,3044.0,3044.0,2354.199951171875,2476.146449027798,20,2417.3450411449185,50,2419.922391756063,14,32.41838070399866,40.79348689955849,2354.199951171875,44.28022636923354,12,26,9,2483.5834405877795,2465.099800388613,35.349256212581025,10,4749837.0,2476.146449027798,2417.3450411449185,2421.2661628481474,44.28022636923354,45.74408770304934,-16.865616013414495,2354.199951171875,2340.0,26540.58,3
ZIMLAB,12384,NSE_EQ,2026-09-28,144.49000549316406,144.49000549316406,144.49000549316406,138.47999572753906,117.1565228238276,20,102.10728809189389,50,100.62268778023491,14,3.537575623563246,1.4867845090519742,138.47999572753906,70.40848048688558,12,26,9,124.7796983382758,112.49959478763431,11.042518302157283,10,4437170.0,117.1565228238276,102.10728809189389,99.19871607710834,70.40848048688558,69.10396079642433,1.2375852484842014,138.47999572753906,140.0,730.15,3
ZODIAC,7129,NSE_EQ,2026-09-28,391.4100036621094,415.0,391.4100036621094,223.0399932861328,255.72748173403363,20,292.77906732160153,50,295.6255601393758,14,3.39622792500218,6.5564962922588705,223.0399932861328,34.12360124589897,12,26,9,245.0301279974768,262.91276183804587,-14.87957565773477,10,700451.0,255.72748173403363,292.77906732160153,298.62048096139114,34.12360124589897,33.747977938589045,-3.0030581828343,223.0399932861328,225.0,,3
ZODIACLOTH,3821,NSE_EQ,2026-09-28,91.9000015258789,104.0,91.9000015258789,70.2699966430664,74.78897361733611,20,81.11750170963602,50,81.5602570184756,14,0.8015473068231113,1.2500006955889287,70.2699966430664,39.07036568877348,12,26,9,73.28661335511765,75.90375872627577,-2.177069994047053,10,162765.0,74.78897361733611,81.11750170963602,82.05169621747189,39.07036568877348,37.436669080352914,-0.4400753771110635,70.2699966430664,68.5999984741211,191.0,3
ZOTA,11394,NSE_EQ,2026-09-28,1478.0,1740.0,1478.0,1336.5999755859375,1225.5309851536688,20,1237.4125221863317,50,1233.3640547006335,14,36.27438005621324,28.706531588771558,1336.5999755859375,55.82313195972664,12,26,9,1205.7005219483767,1236.7607338673215,-29.23882557937058,10,4618469.0,1225.5309851536688,1237.4125221863317,1236.9911589741287,55.82313195972664,43.99761977510715,-1.8213863395742074,1336.5999755859375,1333.5,4580.56,3
ZUARI,29050,NSE_EQ,2026-09-28,257.0,345.6000061035156,257.0,221.10000610351562,227.90378313129395,20,234.91692440583975,50,235.48088025491418,14,4.157470972746296,4.854268754968999,221.10000610351562,46.13394414798884,12,26,9,225.8081785424232,229.83564142016402,-4.231624458749352,10,5345527.0,227.90378313129395,234.91692440583975,236.08132417256533,46.13394414798884,45.99267988709843,0.20416158100853554,221.10000610351562,219.3000030517578,910.44,3
ZUARIIND,3827,NSE_EQ,2026-09-28,297.0,395.8500061035156,297.0,290.20001220703125,267.7599906636874,20,272.9952885631906,50,272.29305494507463,14,5.728961617952917,4.026498836350301,290.20001220703125,58.72569157333647,12,26,9,270.0417138765979,267.94358420854223,-1.1529645212774489,10,3420231.0,267.7599906636874,272.9952885631906,272.6948117915254,58.72569157333647,48.201025031819036,3.251094189333111,290.20001220703125,284.95001220703125,837.01,3
ZYDUSLIFE,7929,NSE_EQ,2026-09-28,1208.5999755859375,1208.5999755859375,1205.0,1203.9000244140625,1104.8205619603293,20,1036.2869422709182,50,1029.445591979361,14,19.37630452846928,10.01706457102411,1203.9000244140625,65.92066551773149,12,26,9,1135.3441637302171,1085.150852179977,49.109087716494166,10,63691194.0,1104.8205619603293,1036.2869422709182,1024.1168406315799,65.92066551773149,61.85087622130128,1.0842238337460302,1203.9000244140625,1185.5,123108.77,3
ZYDUSWELL,17635,NSE_EQ,2026-09-28,611.8499755859375,611.8499755859375,611.8499755859375,520.5999755859375,522.870048314614,20,488.32537569791,50,487.0080450902353,14,9.628758061675237,9.139821074825948,520.5999755859375,51.30254129333212,12,26,9,530.0225464176459,515.4939863419933,20.708477832137113,10,20167649.0,522.870048314614,488.32537569791,485.5695979510612,51.30254129333212,51.626735765271896,-6.179917756484464,520.5999755859375,520.1500244140625,16458.43,3
